seed_id,omega,v_f0,d0,thw0,t_crash_orig,t_lead_onset,t_anchor,schedule,glance_end,d_max,prob,no_response,abnormal,crashed,t_onset,rt_vs_anchor,t_impact,v_rel_impact,dv_lead,p_inj,a_f_min,min_gap,a_l_min,t_nr
3456,2.981746817,0.0,4.021037145,40.21037145,5.05,,0.45,attentive,,3.75,0.13333313333313335,False,False,False,1.85,1.4000000000000001,,0.0,0.0,0.0,-3.75,2.54023885525,0.0,
3456,2.981746817,0.0,4.021037145,40.21037145,5.05,,0.45,attentive,,5.25,0.24444424444424445,False,False,False,1.85,1.4000000000000001,,0.0,0.0,0.0,-5.087092940000001,2.5478715876000004,0.0,
3456,2.981746817,0.0,4.021037145,40.21037145,5.05,,0.45,attentive,,6.75,0.26666726666726664,False,False,False,1.85,1.4000000000000001,,0.0,0.0,0.0,-5.087092940000001,2.5478715876000004,0.0,
3456,2.981746817,0.0,4.021037145,40.21037145,5.05,,0.45,attentive,,8.25,0.24444424444424445,False,False,False,1.85,1.4000000000000001,,0.0,0.0,0.0,-5.087092940000001,2.5478715876000004,0.0,
3456,2.981746817,0.0,4.021037145,40.21037145,5.05,,0.45,attentive,,9.75,0.08888908888908889,False,False,False,1.85,1.4000000000000001,,0.0,0.0,0.0,-5.087092940000001,2.5478715876000004,0.0,
3456,2.981746817,0.0,4.021037145,40.21037145,5.05,,0.45,attentive,,11.25,0.02222202222202222,False,False,False,1.85,1.4000000000000001,,0.0,0.0,0.0,-5.087092940000001,2.5478715876000004,0.0,
1989,8.522252513,3.43,18.21,5.309037900874635,5.05,,0.1,attentive,,3.75,0.13333313333313335,False,False,False,0.7,0.6,,0.0,0.0,0.0,-3.75,12.228113343099999,0.0,
1989,8.522252513,3.43,18.21,5.309037900874635,5.05,,0.1,attentive,,5.25,0.24444424444424445,False,False,False,0.7,0.6,,0.0,0.0,0.0,-5.2500000000000036,12.898740208150002,0.0,
1989,8.522252513,3.43,18.21,5.309037900874635,5.05,,0.1,attentive,,6.75,0.26666726666726664,False,False,False,0.7,0.6,,0.0,0.0,0.0,-6.75,13.214814203700001,0.0,
1989,8.522252513,3.43,18.21,5.309037900874635,5.05,,0.1,attentive,,8.25,0.24444424444424445,False,False,False,0.7,0.6,,0.0,0.0,0.0,-8.250000000000002,13.3758939158,0.0,
1989,8.522252513,3.43,18.21,5.309037900874635,5.05,,0.1,attentive,,9.75,0.08888908888908889,False,False,False,0.7,0.6,,0.0,0.0,0.0,-9.75,13.453489117350001,0.0,
1989,8.522252513,3.43,18.21,5.309037900874635,5.05,,0.1,attentive,,11.25,0.02222202222202222,False,False,False,0.7,0.6,,0.0,0.0,0.0,-11.25,13.485557660750002,0.0,
137,5.614050536,4.96,3.94,0.7943548387096774,4.9,2.4000000000000004,3.3000000000000003,attentive,,3.75,0.13333313333313335,False,False,False,3.3500000000000005,0.050000000000000266,,0.0,0.0,0.0,-3.75,3.646049999999999,-2.680000000000027,
137,5.614050536,4.96,3.94,0.7943548387096774,4.9,2.4000000000000004,3.3000000000000003,attentive,,5.25,0.24444424444424445,False,False,False,3.3500000000000005,0.050000000000000266,,0.0,0.0,0.0,-5.2500000000000036,3.646049999999999,-2.680000000000027,
137,5.614050536,4.96,3.94,0.7943548387096774,4.9,2.4000000000000004,3.3000000000000003,attentive,,6.75,0.26666726666726664,False,False,False,3.3500000000000005,0.050000000000000266,,0.0,0.0,0.0,-6.75,3.646049999999999,-2.680000000000027,
137,5.614050536,4.96,3.94,0.7943548387096774,4.9,2.4000000000000004,3.3000000000000003,attentive,,8.25,0.24444424444424445,False,False,False,3.3500000000000005,0.050000000000000266,,0.0,0.0,0.0,-8.250000000000002,3.646049999999999,-2.680000000000027,
137,5.614050536,4.96,3.94,0.7943548387096774,4.9,2.4000000000000004,3.3000000000000003,attentive,,9.75,0.08888908888908889,False,False,False,3.3500000000000005,0.050000000000000266,,0.0,0.0,0.0,-9.75,3.646049999999999,-2.680000000000027,
137,5.614050536,4.96,3.94,0.7943548387096774,4.9,2.4000000000000004,3.3000000000000003,attentive,,11.25,0.02222202222202222,False,False,False,3.3500000000000005,0.050000000000000266,,0.0,0.0,0.0,-11.25,3.646049999999999,-2.680000000000027,
97,3.931568437,4.67,16.05,3.436830835117773,4.85,,0.0,attentive,,3.75,0.13333313333313335,False,False,False,1.75,1.75,,0.0,0.0,0.0,-3.75,8.160607499999996,0.0,
97,3.931568437,4.67,16.05,3.436830835117773,4.85,,0.0,attentive,,5.25,0.24444424444424445,False,False,False,1.75,1.75,,0.0,0.0,0.0,-5.2500000000000036,8.531062499999997,0.0,
97,3.931568437,4.67,16.05,3.436830835117773,4.85,,0.0,attentive,,6.75,0.26666726666726664,False,False,False,1.75,1.75,,0.0,0.0,0.0,-6.75,8.695799999999998,0.0,
97,3.931568437,4.67,16.05,3.436830835117773,4.85,,0.0,attentive,,8.25,0.24444424444424445,False,False,False,1.75,1.75,,0.0,0.0,0.0,-8.250000000000002,8.770612499999999,0.0,
97,3.931568437,4.67,16.05,3.436830835117773,4.85,,0.0,attentive,,9.75,0.08888908888908889,False,False,False,1.75,1.75,,0.0,0.0,0.0,-9.750000000000005,8.799487499999998,0.0,
97,3.931568437,4.67,16.05,3.436830835117773,4.85,,0.0,attentive,,11.25,0.02222202222202222,False,False,False,1.75,1.75,,0.0,0.0,0.0,-11.25,8.810849999999997,0.0,
3992,1.947109029,3.25,9.88,3.04,5.15,0.0,2.3000000000000003,attentive,,3.75,0.13333313333313335,False,False,False,1.5,-0.8000000000000003,,0.0,0.0,0.0,-3.75,9.88,-1.3500000000000068,
3992,1.947109029,3.25,9.88,3.04,5.15,0.0,2.3000000000000003,attentive,,5.25,0.24444424444424445,False,False,False,1.5,-0.8000000000000003,,0.0,0.0,0.0,-5.2500000000000036,9.88,-1.3500000000000068,
3992,1.947109029,3.25,9.88,3.04,5.15,0.0,2.3000000000000003,attentive,,6.75,0.26666726666726664,False,False,False,1.5,-0.8000000000000003,,0.0,0.0,0.0,-6.75,9.88,-1.3500000000000068,
3992,1.947109029,3.25,9.88,3.04,5.15,0.0,2.3000000000000003,attentive,,8.25,0.24444424444424445,False,False,False,1.5,-0.8000000000000003,,0.0,0.0,0.0,-8.250000000000002,9.88,-1.3500000000000068,
3992,1.947109029,3.25,9.88,3.04,5.15,0.0,2.3000000000000003,attentive,,9.75,0.08888908888908889,False,False,False,1.5,-0.8000000000000003,,0.0,0.0,0.0,-9.75,9.88,-1.3500000000000068,
3992,1.947109029,3.25,9.88,3.04,5.15,0.0,2.3000000000000003,attentive,,11.25,0.02222202222202222,False,False,False,1.5,-0.8000000000000003,,0.0,0.0,0.0,-11.25,9.88,-1.3500000000000068,
4538,7.794144616,7.55,4.21,0.5576158940397351,4.85,2.75,3.4000000000000004,attentive,,3.75,0.13333313333313335,False,False,False,3.45,0.04999999999999982,,0.0,0.0,0.0,-3.75,2.561112499999993,-4.890000000000043,
4538,7.794144616,7.55,4.21,0.5576158940397351,4.85,2.75,3.4000000000000004,attentive,,5.25,0.24444424444424445,False,False,False,3.45,0.04999999999999982,,0.0,0.0,0.0,-5.2500000000000036,4.21,-4.890000000000043,
4538,7.794144616,7.55,4.21,0.5576158940397351,4.85,2.75,3.4000000000000004,attentive,,6.75,0.26666726666726664,False,False,False,3.45,0.04999999999999982,,0.0,0.0,0.0,-6.750000000000007,4.21,-4.890000000000043,
4538,7.794144616,7.55,4.21,0.5576158940397351,4.85,2.75,3.4000000000000004,attentive,,8.25,0.24444424444424445,False,False,False,3.45,0.04999999999999982,,0.0,0.0,0.0,-8.250000000000002,4.21,-4.890000000000043,
4538,7.794144616,7.55,4.21,0.5576158940397351,4.85,2.75,3.4000000000000004,attentive,,9.75,0.08888908888908889,False,False,False,3.45,0.04999999999999982,,0.0,0.0,0.0,-9.75,4.21,-4.890000000000043,
4538,7.794144616,7.55,4.21,0.5576158940397351,4.85,2.75,3.4000000000000004,attentive,,11.25,0.02222202222202222,False,False,False,3.45,0.04999999999999982,,0.0,0.0,0.0,-11.25,4.21,-4.890000000000043,
3367,70.2971636,0.0,2.877707809,28.777078089999996,5.15,,0.45,attentive,,3.75,0.13333313333313335,False,False,False,2.2500000000000004,1.8000000000000005,,0.0,0.0,0.0,-3.75,1.6051952572499997,0.0,
3367,70.2971636,0.0,2.877707809,28.777078089999996,5.15,,0.45,attentive,,5.25,0.24444424444424445,False,False,False,2.2500000000000004,1.8000000000000005,,0.0,0.0,0.0,-4.608,1.6073402572499995,0.0,
3367,70.2971636,0.0,2.877707809,28.777078089999996,5.15,,0.45,attentive,,6.75,0.26666726666726664,False,False,False,2.2500000000000004,1.8000000000000005,,0.0,0.0,0.0,-4.608,1.6073402572499995,0.0,
3367,70.2971636,0.0,2.877707809,28.777078089999996,5.15,,0.45,attentive,,8.25,0.24444424444424445,False,False,False,2.2500000000000004,1.8000000000000005,,0.0,0.0,0.0,-4.608,1.6073402572499995,0.0,
3367,70.2971636,0.0,2.877707809,28.777078089999996,5.15,,0.45,attentive,,9.75,0.08888908888908889,False,False,False,2.2500000000000004,1.8000000000000005,,0.0,0.0,0.0,-4.608,1.6073402572499995,0.0,
3367,70.2971636,0.0,2.877707809,28.777078089999996,5.15,,0.45,attentive,,11.25,0.02222202222202222,False,False,False,2.2500000000000004,1.8000000000000005,,0.0,0.0,0.0,-4.608,1.6073402572499995,0.0,
3749,9.663026566,0.35,3.77,10.771428571428572,4.85,,0.5,attentive,,3.75,0.13333313333313335,False,False,False,1.35,0.8500000000000001,,0.0,0.0,0.0,-3.75,2.7493577452750007,0.0,
3749,9.663026566,0.35,3.77,10.771428571428572,4.85,,0.5,attentive,,5.25,0.24444424444424445,False,False,False,1.35,0.8500000000000001,,0.0,0.0,0.0,-5.25,2.7581151822250005,0.0,
3749,9.663026566,0.35,3.77,10.771428571428572,4.85,,0.5,attentive,,6.75,0.26666726666726664,False,False,False,1.35,0.8500000000000001,,0.0,0.0,0.0,-6.75,2.758752682225001,0.0,
3749,9.663026566,0.35,3.77,10.771428571428572,4.85,,0.5,attentive,,8.25,0.24444424444424445,False,False,False,1.35,0.8500000000000001,,0.0,0.0,0.0,-6.912,2.758752682225001,0.0,
3749,9.663026566,0.35,3.77,10.771428571428572,4.85,,0.5,attentive,,9.75,0.08888908888908889,False,False,False,1.35,0.8500000000000001,,0.0,0.0,0.0,-6.912,2.758752682225001,0.0,
3749,9.663026566,0.35,3.77,10.771428571428572,4.85,,0.5,attentive,,11.25,0.02222202222202222,False,False,False,1.35,0.8500000000000001,,0.0,0.0,0.0,-6.912,2.758752682225001,0.0,
3164,1.82206599,0.0,3.327863282,33.27863282,5.05,,3.5,attentive,,3.75,0.13333313333313335,False,False,False,4.1000000000000005,0.6000000000000005,,0.0,0.0,0.0,-3.75,1.8830632820000002,0.0,
3164,1.82206599,0.0,3.327863282,33.27863282,5.05,,3.5,attentive,,5.25,0.24444424444424445,False,False,False,4.1000000000000005,0.6000000000000005,,0.0,0.0,0.0,-5.25,1.9493332820000002,0.0,
3164,1.82206599,0.0,3.327863282,33.27863282,5.05,,3.5,attentive,,6.75,0.26666726666726664,False,False,False,4.1000000000000005,0.6000000000000005,,0.0,0.0,0.0,-6.75,1.9681882820000005,0.0,
3164,1.82206599,0.0,3.327863282,33.27863282,5.05,,3.5,attentive,,8.25,0.24444424444424445,False,False,False,4.1000000000000005,0.6000000000000005,,0.0,0.0,0.0,-7.416000000000003,1.9724632820000003,0.0,
3164,1.82206599,0.0,3.327863282,33.27863282,5.05,,3.5,attentive,,9.75,0.08888908888908889,False,False,False,4.1000000000000005,0.6000000000000005,,0.0,0.0,0.0,-7.416000000000003,1.9724632820000003,0.0,
3164,1.82206599,0.0,3.327863282,33.27863282,5.05,,3.5,attentive,,11.25,0.02222202222202222,False,False,False,4.1000000000000005,0.6000000000000005,,0.0,0.0,0.0,-7.416000000000003,1.9724632820000003,0.0,
4609,7.557810166,6.44,9.57,1.486024844720497,5.05,0.4,1.55,attentive,,3.75,0.13333313333313335,False,False,False,1.5,-0.050000000000000044,,0.0,0.0,0.0,-3.75,7.94988,-1.5900000000000114,
4609,7.557810166,6.44,9.57,1.486024844720497,5.05,0.4,1.55,attentive,,5.25,0.24444424444424445,False,False,False,1.5,-0.050000000000000044,,0.0,0.0,0.0,-5.2500000000000036,8.1607125,-1.5900000000000114,
4609,7.557810166,6.44,9.57,1.486024844720497,5.05,0.4,1.55,attentive,,6.75,0.26666726666726664,False,False,False,1.5,-0.050000000000000044,,0.0,0.0,0.0,-6.750000000000007,8.224650000000002,-1.5900000000000114,
4609,7.557810166,6.44,9.57,1.486024844720497,5.05,0.4,1.55,attentive,,8.25,0.24444424444424445,False,False,False,1.5,-0.050000000000000044,,0.0,0.0,0.0,-8.250000000000002,8.24238,-1.5900000000000114,
4609,7.557810166,6.44,9.57,1.486024844720497,5.05,0.4,1.55,attentive,,9.75,0.08888908888908889,False,False,False,1.5,-0.050000000000000044,,0.0,0.0,0.0,-9.75,8.247772500000002,-1.5900000000000114,
4609,7.557810166,6.44,9.57,1.486024844720497,5.05,0.4,1.55,attentive,,11.25,0.02222202222202222,False,False,False,1.5,-0.050000000000000044,,0.0,0.0,0.0,-11.25,8.247772500000002,-1.5900000000000114,
4014,3.179482823,7.69,29.97,3.897269180754226,5.2,0.0,1.85,attentive,,3.75,0.13333313333313335,False,False,False,0.7,-1.1500000000000001,,0.0,0.0,0.0,-3.75,27.360649074125007,-2.300000000000013,
4014,3.179482823,7.69,29.97,3.897269180754226,5.2,0.0,1.85,attentive,,5.25,0.24444424444424445,False,False,False,0.7,-1.1500000000000001,,0.0,0.0,0.0,-5.2500000000000036,28.15029597082501,-2.300000000000013,
4014,3.179482823,7.69,29.97,3.897269180754226,5.2,0.0,1.85,attentive,,6.75,0.26666726666726664,False,False,False,0.7,-1.1500000000000001,,0.0,0.0,0.0,-6.750000000000007,28.365257802575005,-2.300000000000013,
4014,3.179482823,7.69,29.97,3.897269180754226,5.2,0.0,1.85,attentive,,8.25,0.24444424444424445,False,False,False,0.7,-1.1500000000000001,,0.0,0.0,0.0,-8.250000000000002,28.444659666175003,-2.300000000000013,
4014,3.179482823,7.69,29.97,3.897269180754226,5.2,0.0,1.85,attentive,,9.75,0.08888908888908889,False,False,False,0.7,-1.1500000000000001,,0.0,0.0,0.0,-9.75,28.472806043225006,-2.300000000000013,
4014,3.179482823,7.69,29.97,3.897269180754226,5.2,0.0,1.85,attentive,,11.25,0.02222202222202222,False,False,False,0.7,-1.1500000000000001,,0.0,0.0,0.0,-11.25,28.478118006725005,-2.300000000000013,
7,0.48163867,3.6,12.11,3.3638888888888885,4.9,,0.0,attentive,,3.75,0.13333313333313335,False,False,False,1.55,1.55,,0.0,0.0,0.0,-3.75,6.626281537774998,0.0,
7,0.48163867,3.6,12.11,3.3638888888888885,4.9,,0.0,attentive,,5.25,0.24444424444424445,False,False,False,1.55,1.55,,0.0,0.0,0.0,-5.2500000000000036,6.850220796724998,0.0,
7,0.48163867,3.6,12.11,3.3638888888888885,4.9,,0.0,attentive,,6.75,0.26666726666726664,False,False,False,1.55,1.55,,0.0,0.0,0.0,-6.75,6.943051136024997,0.0,
7,0.48163867,3.6,12.11,3.3638888888888885,4.9,,0.0,attentive,,8.25,0.24444424444424445,False,False,False,1.55,1.55,,0.0,0.0,0.0,-8.250000000000002,6.979555055674998,0.0,
7,0.48163867,3.6,12.11,3.3638888888888885,4.9,,0.0,attentive,,9.75,0.08888908888908889,False,False,False,1.55,1.55,,0.0,0.0,0.0,-9.75,6.993092555674998,0.0,
7,0.48163867,3.6,12.11,3.3638888888888885,4.9,,0.0,attentive,,11.25,0.02222202222202222,False,False,False,1.55,1.55,,0.0,0.0,0.0,-11.25,6.995943975324998,0.0,
4191,4.261058731,4.98,13.28,2.6666666666666665,5.15,1.0,2.8000000000000003,attentive,,3.75,0.13333313333313335,False,False,False,3.0000000000000004,0.20000000000000018,,0.0,0.0,0.0,-3.75,7.169229528300015,-2.8500000000000147,
4191,4.261058731,4.98,13.28,2.6666666666666665,5.15,1.0,2.8000000000000003,attentive,,5.25,0.24444424444424445,False,False,False,3.0000000000000004,0.20000000000000018,,0.0,0.0,0.0,-5.2500000000000036,8.227528077500018,-2.8500000000000147,
4191,4.261058731,4.98,13.28,2.6666666666666665,5.15,1.0,2.8000000000000003,attentive,,6.75,0.26666726666726664,False,False,False,3.0000000000000004,0.20000000000000018,,0.0,0.0,0.0,-6.750000000000007,8.741899761425014,-2.8500000000000147,
4191,4.261058731,4.98,13.28,2.6666666666666665,5.15,1.0,2.8000000000000003,attentive,,8.25,0.24444424444424445,False,False,False,3.0000000000000004,0.20000000000000018,,0.0,0.0,0.0,-8.250000000000002,8.956689036025015,-2.8500000000000147,
4191,4.261058731,4.98,13.28,2.6666666666666665,5.15,1.0,2.8000000000000003,attentive,,9.75,0.08888908888908889,False,False,False,3.0000000000000004,0.20000000000000018,,0.0,0.0,0.0,-9.75,9.046976173325014,-2.8500000000000147,
4191,4.261058731,4.98,13.28,2.6666666666666665,5.15,1.0,2.8000000000000003,attentive,,11.25,0.02222202222202222,False,False,False,3.0000000000000004,0.20000000000000018,,0.0,0.0,0.0,-11.25,9.083928673325012,-2.8500000000000147,
118,6.059074369,2.7,2.25,0.8333333333333333,4.85,2.6,3.1500000000000004,attentive,,3.75,0.13333313333313335,False,False,False,3.7500000000000004,0.6000000000000001,,0.0,0.0,0.0,-3.75,1.694845000000015,-4.030000000000018,
118,6.059074369,2.7,2.25,0.8333333333333333,4.85,2.6,3.1500000000000004,attentive,,5.25,0.24444424444424445,False,False,False,3.7500000000000004,0.6000000000000001,,0.0,0.0,0.0,-5.25,1.8772750000000133,-4.030000000000018,
118,6.059074369,2.7,2.25,0.8333333333333333,4.85,2.6,3.1500000000000004,attentive,,6.75,0.26666726666726664,False,False,False,3.7500000000000004,0.6000000000000001,,0.0,0.0,0.0,-6.750000000000003,1.950712500000014,-4.030000000000018,
118,6.059074369,2.7,2.25,0.8333333333333333,4.85,2.6,3.1500000000000004,attentive,,8.25,0.24444424444424445,False,False,False,3.7500000000000004,0.6000000000000001,,0.0,0.0,0.0,-8.250000000000002,1.9771500000000142,-4.030000000000018,
118,6.059074369,2.7,2.25,0.8333333333333333,4.85,2.6,3.1500000000000004,attentive,,9.75,0.08888908888908889,False,False,False,3.7500000000000004,0.6000000000000001,,0.0,0.0,0.0,-9.75,1.9846525000000153,-4.030000000000018,
118,6.059074369,2.7,2.25,0.8333333333333333,4.85,2.6,3.1500000000000004,attentive,,11.25,0.02222202222202222,False,False,False,3.7500000000000004,0.6000000000000001,,0.0,0.0,0.0,-10.367999999999999,1.9854250000000153,-4.030000000000018,
843,7.558013462,4.63,10.69,2.308855291576674,5.1,0.0,0.1,attentive,,3.75,0.13333313333313335,False,False,False,1.8,1.7,,0.0,0.0,0.0,-3.75,5.8112700000000075,-0.17000000000000348,
843,7.558013462,4.63,10.69,2.308855291576674,5.1,0.0,0.1,attentive,,5.25,0.24444424444424445,False,False,False,1.8,1.7,,0.0,0.0,0.0,-5.2500000000000036,5.976712500000007,-0.17000000000000348,
843,7.558013462,4.63,10.69,2.308855291576674,5.1,0.0,0.1,attentive,,6.75,0.26666726666726664,False,False,False,1.8,1.7,,0.0,0.0,0.0,-6.75,6.040825000000007,-0.17000000000000348,
843,7.558013462,4.63,10.69,2.308855291576674,5.1,0.0,0.1,attentive,,8.25,0.24444424444424445,False,False,False,1.8,1.7,,0.0,0.0,0.0,-8.250000000000002,6.0627300000000055,-0.17000000000000348,
843,7.558013462,4.63,10.69,2.308855291576674,5.1,0.0,0.1,attentive,,9.75,0.08888908888908889,False,False,False,1.8,1.7,,0.0,0.0,0.0,-9.750000000000005,6.068227500000004,-0.17000000000000348,
843,7.558013462,4.63,10.69,2.308855291576674,5.1,0.0,0.1,attentive,,11.25,0.02222202222202222,False,False,False,1.8,1.7,,0.0,0.0,0.0,-11.25,6.069000000000004,-0.17000000000000348,
4222,1.311170693,9.96,22.86,2.295180722891566,5.2,0.0,2.25,attentive,,3.75,0.13333313333313335,False,False,False,1.3,-0.95,,0.0,0.0,0.0,-3.75,21.066562499999993,-2.180000000000022,
4222,1.311170693,9.96,22.86,2.295180722891566,5.2,0.0,2.25,attentive,,5.25,0.24444424444424445,False,False,False,1.3,-0.95,,0.0,0.0,0.0,-5.2500000000000036,21.534062499999994,-2.180000000000022,
4222,1.311170693,9.96,22.86,2.295180722891566,5.2,0.0,2.25,attentive,,6.75,0.26666726666726664,False,False,False,1.3,-0.95,,0.0,0.0,0.0,-6.750000000000007,21.66255,-2.180000000000022,
4222,1.311170693,9.96,22.86,2.295180722891566,5.2,0.0,2.25,attentive,,8.25,0.24444424444424445,False,False,False,1.3,-0.95,,0.0,0.0,0.0,-8.250000000000002,21.703207499999998,-2.180000000000022,
4222,1.311170693,9.96,22.86,2.295180722891566,5.2,0.0,2.25,attentive,,9.75,0.08888908888908889,False,False,False,1.3,-0.95,,0.0,0.0,0.0,-9.75,21.716744999999996,-2.180000000000022,
4222,1.311170693,9.96,22.86,2.295180722891566,5.2,0.0,2.25,attentive,,11.25,0.02222202222202222,False,False,False,1.3,-0.95,,0.0,0.0,0.0,-11.25,21.718300000000006,-2.180000000000022,
3153,4.949789697,0.0,6.171795243,61.71795243,4.9,,0.5,attentive,,3.75,0.13333313333313335,False,False,False,1.0,0.5,,0.0,0.0,0.0,-3.75,4.91364699765,0.0,
3153,4.949789697,0.0,6.171795243,61.71795243,4.9,,0.5,attentive,,5.25,0.24444424444424445,False,False,False,1.0,0.5,,0.0,0.0,0.0,-5.25,4.9453769115499995,0.0,
3153,4.949789697,0.0,6.171795243,61.71795243,4.9,,0.5,attentive,,6.75,0.26666726666726664,False,False,False,1.0,0.5,,0.0,0.0,0.0,-6.75,4.95167691155,0.0,
3153,4.949789697,0.0,6.171795243,61.71795243,4.9,,0.5,attentive,,8.25,0.24444424444424445,False,False,False,1.0,0.5,,0.0,0.0,0.0,-6.912,4.95208191155,0.0,
3153,4.949789697,0.0,6.171795243,61.71795243,4.9,,0.5,attentive,,9.75,0.08888908888908889,False,False,False,1.0,0.5,,0.0,0.0,0.0,-6.912,4.95208191155,0.0,
3153,4.949789697,0.0,6.171795243,61.71795243,4.9,,0.5,attentive,,11.25,0.02222202222202222,False,False,False,1.0,0.5,,0.0,0.0,0.0,-6.912,4.95208191155,0.0,
2173,13.2862839,3.15,20.03,6.358730158730159,4.85,,0.35000000000000003,attentive,,3.75,0.13333313333313335,False,False,False,0.8,0.45,,0.0,0.0,0.0,-3.75,14.504384161800001,0.0,
2173,13.2862839,3.15,20.03,6.358730158730159,4.85,,0.35000000000000003,attentive,,5.25,0.24444424444424445,False,False,False,0.8,0.45,,0.0,0.0,0.0,-5.2500000000000036,15.0517843413,0.0,
2173,13.2862839,3.15,20.03,6.358730158730159,4.85,,0.35000000000000003,attentive,,6.75,0.26666726666726664,False,False,False,0.8,0.45,,0.0,0.0,0.0,-6.75,15.30139331445,0.0,
2173,13.2862839,3.15,20.03,6.358730158730159,4.85,,0.35000000000000003,attentive,,8.25,0.24444424444424445,False,False,False,0.8,0.45,,0.0,0.0,0.0,-8.250000000000002,15.420073461,0.0,
2173,13.2862839,3.15,20.03,6.358730158730159,4.85,,0.35000000000000003,attentive,,9.75,0.08888908888908889,False,False,False,0.8,0.45,,0.0,0.0,0.0,-9.75,15.477231526799999,0.0,
2173,13.2862839,3.15,20.03,6.358730158730159,4.85,,0.35000000000000003,attentive,,11.25,0.02222202222202222,False,False,False,0.8,0.45,,0.0,0.0,0.0,-11.25,15.50216842215,0.0,
2672,1.489869613,0.0,5.189970077,51.899700769999995,4.95,,0.45,attentive,,3.75,0.13333313333313335,False,False,False,1.35,0.9000000000000001,,0.0,0.0,0.0,-3.75,3.76470835305,0.0,
2672,1.489869613,0.0,5.189970077,51.899700769999995,4.95,,0.45,attentive,,5.25,0.24444424444424445,False,False,False,1.35,0.9000000000000001,,0.0,0.0,0.0,-5.25,3.78277706015,0.0,
2672,1.489869613,0.0,5.189970077,51.899700769999995,4.95,,0.45,attentive,,6.75,0.26666726666726664,False,False,False,1.35,0.9000000000000001,,0.0,0.0,0.0,-5.759999999999999,3.78416576725,0.0,
2672,1.489869613,0.0,5.189970077,51.899700769999995,4.95,,0.45,attentive,,8.25,0.24444424444424445,False,False,False,1.35,0.9000000000000001,,0.0,0.0,0.0,-5.759999999999999,3.78416576725,0.0,
2672,1.489869613,0.0,5.189970077,51.899700769999995,4.95,,0.45,attentive,,9.75,0.08888908888908889,False,False,False,1.35,0.9000000000000001,,0.0,0.0,0.0,-5.759999999999999,3.78416576725,0.0,
2672,1.489869613,0.0,5.189970077,51.899700769999995,4.95,,0.45,attentive,,11.25,0.02222202222202222,False,False,False,1.35,0.9000000000000001,,0.0,0.0,0.0,-5.759999999999999,3.78416576725,0.0,
115,12.904755,1.48,1.41,0.9527027027027026,5.15,2.6,0.0,attentive,,3.75,0.13333313333313335,False,False,False,3.5500000000000003,3.5500000000000003,,0.0,0.0,0.0,-3.75,1.0054499999999997,-6.2900000000000285,
115,12.904755,1.48,1.41,0.9527027027027026,5.15,2.6,0.0,attentive,,5.25,0.24444424444424445,False,False,False,3.5500000000000003,3.5500000000000003,,0.0,0.0,0.0,-5.25,1.0054499999999997,-6.2900000000000285,
115,12.904755,1.48,1.41,0.9527027027027026,5.15,2.6,0.0,attentive,,6.75,0.26666726666726664,False,False,False,3.5500000000000003,3.5500000000000003,,0.0,0.0,0.0,-6.75,1.0054499999999997,-6.2900000000000285,
115,12.904755,1.48,1.41,0.9527027027027026,5.15,2.6,0.0,attentive,,8.25,0.24444424444424445,False,False,False,3.5500000000000003,3.5500000000000003,,0.0,0.0,0.0,-8.064,1.0054499999999997,-6.2900000000000285,
115,12.904755,1.48,1.41,0.9527027027027026,5.15,2.6,0.0,attentive,,9.75,0.08888908888908889,False,False,False,3.5500000000000003,3.5500000000000003,,0.0,0.0,0.0,-8.064,1.0054499999999997,-6.2900000000000285,
115,12.904755,1.48,1.41,0.9527027027027026,5.15,2.6,0.0,attentive,,11.25,0.02222202222202222,False,False,False,3.5500000000000003,3.5500000000000003,,0.0,0.0,0.0,-8.064,1.0054499999999997,-6.2900000000000285,
450,4.948212379,4.27,5.54,1.2974238875878221,4.85,2.35,0.0,attentive,,3.75,0.13333313333313335,False,False,False,2.9000000000000004,2.9000000000000004,,0.0,0.0,0.0,-3.75,1.8201477064749945,-1.3300000000000123,
450,4.948212379,4.27,5.54,1.2974238875878221,4.85,2.35,0.0,attentive,,5.25,0.24444424444424445,False,False,False,2.9000000000000004,2.9000000000000004,,0.0,0.0,0.0,-5.2500000000000036,1.8288467622249929,-1.3300000000000123,
450,4.948212379,4.27,5.54,1.2974238875878221,4.85,2.35,0.0,attentive,,6.75,0.26666726666726664,False,False,False,2.9000000000000004,2.9000000000000004,,0.0,0.0,0.0,-6.75,1.8294842622249927,-1.3300000000000123,
450,4.948212379,4.27,5.54,1.2974238875878221,4.85,2.35,0.0,attentive,,8.25,0.24444424444424445,False,False,False,2.9000000000000004,2.9000000000000004,,0.0,0.0,0.0,-8.250000000000002,1.8294842622249927,-1.3300000000000123,
450,4.948212379,4.27,5.54,1.2974238875878221,4.85,2.35,0.0,attentive,,9.75,0.08888908888908889,False,False,False,2.9000000000000004,2.9000000000000004,,0.0,0.0,0.0,-9.75,1.8294842622249927,-1.3300000000000123,
450,4.948212379,4.27,5.54,1.2974238875878221,4.85,2.35,0.0,attentive,,11.25,0.02222202222202222,False,False,False,2.9000000000000004,2.9000000000000004,,0.0,0.0,0.0,-11.25,1.8294842622249927,-1.3300000000000123,
3574,5.339682977,2.67,1.93,0.7228464419475655,5.1,0.8,3.1,attentive,,3.75,0.13333313333313335,False,False,False,3.5500000000000003,0.4500000000000002,,0.0,0.0,0.0,-3.75,1.93,-2.0900000000000096,
3574,5.339682977,2.67,1.93,0.7228464419475655,5.1,0.8,3.1,attentive,,5.25,0.24444424444424445,False,False,False,3.5500000000000003,0.4500000000000002,,0.0,0.0,0.0,-5.25,1.93,-2.0900000000000096,
3574,5.339682977,2.67,1.93,0.7228464419475655,5.1,0.8,3.1,attentive,,6.75,0.26666726666726664,False,False,False,3.5500000000000003,0.4500000000000002,,0.0,0.0,0.0,-6.750000000000003,1.93,-2.0900000000000096,
3574,5.339682977,2.67,1.93,0.7228464419475655,5.1,0.8,3.1,attentive,,8.25,0.24444424444424445,False,False,False,3.5500000000000003,0.4500000000000002,,0.0,0.0,0.0,-8.250000000000002,1.93,-2.0900000000000096,
3574,5.339682977,2.67,1.93,0.7228464419475655,5.1,0.8,3.1,attentive,,9.75,0.08888908888908889,False,False,False,3.5500000000000003,0.4500000000000002,,0.0,0.0,0.0,-9.75,1.93,-2.0900000000000096,
3574,5.339682977,2.67,1.93,0.7228464419475655,5.1,0.8,3.1,attentive,,11.25,0.02222202222202222,False,False,False,3.5500000000000003,0.4500000000000002,,0.0,0.0,0.0,-10.367999999999999,1.93,-2.0900000000000096,
3499,5.89408179,0.7,1.24,1.7714285714285716,5.2,1.9000000000000001,3.0,attentive,,3.75,0.13333313333313335,False,False,False,3.0500000000000003,0.050000000000000266,,0.0,0.0,0.0,-3.75,1.24,-1.7000000000000082,
3499,5.89408179,0.7,1.24,1.7714285714285716,5.2,1.9000000000000001,3.0,attentive,,5.25,0.24444424444424445,False,False,False,3.0500000000000003,0.050000000000000266,,0.0,0.0,0.0,-5.25,1.24,-1.7000000000000082,
3499,5.89408179,0.7,1.24,1.7714285714285716,5.2,1.9000000000000001,3.0,attentive,,6.75,0.26666726666726664,False,False,False,3.0500000000000003,0.050000000000000266,,0.0,0.0,0.0,-6.75,1.24,-1.7000000000000082,
3499,5.89408179,0.7,1.24,1.7714285714285716,5.2,1.9000000000000001,3.0,attentive,,8.25,0.24444424444424445,False,False,False,3.0500000000000003,0.050000000000000266,,0.0,0.0,0.0,-8.064,1.24,-1.7000000000000082,
3499,5.89408179,0.7,1.24,1.7714285714285716,5.2,1.9000000000000001,3.0,attentive,,9.75,0.08888908888908889,False,False,False,3.0500000000000003,0.050000000000000266,,0.0,0.0,0.0,-8.064,1.24,-1.7000000000000082,
3499,5.89408179,0.7,1.24,1.7714285714285716,5.2,1.9000000000000001,3.0,attentive,,11.25,0.02222202222202222,False,False,False,3.0500000000000003,0.050000000000000266,,0.0,0.0,0.0,-8.064,1.24,-1.7000000000000082,
3386,2.702966226,0.0,2.096635945,20.96635945,5.05,,3.75,attentive,,3.75,0.13333313333313335,False,False,False,4.5,0.75,,0.0,0.0,0.0,-3.75,0.6518359450000002,0.0,
3386,2.702966226,0.0,2.096635945,20.96635945,5.05,,3.75,attentive,,5.25,0.24444424444424445,False,False,False,4.5,0.75,,0.0,0.0,0.0,-5.25,0.7181059450000002,0.0,
3386,2.702966226,0.0,2.096635945,20.96635945,5.05,,3.75,attentive,,6.75,0.26666726666726664,False,False,False,4.5,0.75,,0.0,0.0,0.0,-6.75,0.7369609450000005,0.0,
3386,2.702966226,0.0,2.096635945,20.96635945,5.05,,3.75,attentive,,8.25,0.24444424444424445,False,False,False,4.5,0.75,,0.0,0.0,0.0,-7.416000000000003,0.7412359450000003,0.0,
3386,2.702966226,0.0,2.096635945,20.96635945,5.05,,3.75,attentive,,9.75,0.08888908888908889,False,False,False,4.5,0.75,,0.0,0.0,0.0,-7.416000000000003,0.7412359450000003,0.0,
3386,2.702966226,0.0,2.096635945,20.96635945,5.05,,3.75,attentive,,11.25,0.02222202222202222,False,False,False,4.5,0.75,,0.0,0.0,0.0,-7.416000000000003,0.7412359450000003,0.0,
2533,2.657947679,0.0,2.270284988,22.702849879999995,5.05,,3.7,attentive,,3.75,0.13333313333313335,False,False,False,4.45,0.75,,0.0,0.0,0.0,-3.75,0.8254849880000028,0.0,
2533,2.657947679,0.0,2.270284988,22.702849879999995,5.05,,3.7,attentive,,5.25,0.24444424444424445,False,False,False,4.45,0.75,,0.0,0.0,0.0,-5.25,0.8917549880000026,0.0,
2533,2.657947679,0.0,2.270284988,22.702849879999995,5.05,,3.7,attentive,,6.75,0.26666726666726664,False,False,False,4.45,0.75,,0.0,0.0,0.0,-6.75,0.9106099880000029,0.0,
2533,2.657947679,0.0,2.270284988,22.702849879999995,5.05,,3.7,attentive,,8.25,0.24444424444424445,False,False,False,4.45,0.75,,0.0,0.0,0.0,-7.416000000000034,0.9148849880000023,0.0,
2533,2.657947679,0.0,2.270284988,22.702849879999995,5.05,,3.7,attentive,,9.75,0.08888908888908889,False,False,False,4.45,0.75,,0.0,0.0,0.0,-7.416000000000034,0.9148849880000023,0.0,
2533,2.657947679,0.0,2.270284988,22.702849879999995,5.05,,3.7,attentive,,11.25,0.02222202222202222,False,False,False,4.45,0.75,,0.0,0.0,0.0,-7.416000000000034,0.9148849880000023,0.0,
4989,5.801031547,6.72,6.29,0.9360119047619048,4.85,1.9000000000000001,2.45,attentive,,3.75,0.13333313333313335,False,False,False,2.6500000000000004,0.20000000000000018,,0.0,0.0,0.0,-3.75,3.7964149999999997,-3.160000000000023,
4989,5.801031547,6.72,6.29,0.9360119047619048,4.85,1.9000000000000001,2.45,attentive,,5.25,0.24444424444424445,False,False,False,2.6500000000000004,0.20000000000000018,,0.0,0.0,0.0,-5.2500000000000036,5.190649999999998,-3.160000000000023,
4989,5.801031547,6.72,6.29,0.9360119047619048,4.85,1.9000000000000001,2.45,attentive,,6.75,0.26666726666726664,False,False,False,2.6500000000000004,0.20000000000000018,,0.0,0.0,0.0,-6.750000000000007,5.528999999999993,-3.160000000000023,
4989,5.801031547,6.72,6.29,0.9360119047619048,4.85,1.9000000000000001,2.45,attentive,,8.25,0.24444424444424445,False,False,False,2.6500000000000004,0.20000000000000018,,0.0,0.0,0.0,-8.250000000000002,5.634412499999996,-3.160000000000023,
4989,5.801031547,6.72,6.29,0.9360119047619048,4.85,1.9000000000000001,2.45,attentive,,9.75,0.08888908888908889,False,False,False,2.6500000000000004,0.20000000000000018,,0.0,0.0,0.0,-9.75,5.6697375,-3.160000000000023,
4989,5.801031547,6.72,6.29,0.9360119047619048,4.85,1.9000000000000001,2.45,attentive,,11.25,0.02222202222202222,False,False,False,2.6500000000000004,0.20000000000000018,,0.0,0.0,0.0,-11.25,5.681099999999997,-3.160000000000023,
4935,7.024650249,6.75,13.1,1.9407407407407407,4.85,0.0,1.5,attentive,,3.75,0.13333313333313335,False,False,False,1.1500000000000001,-0.34999999999999987,,0.0,0.0,0.0,-3.75,11.474047499999994,-1.7000000000000126,
4935,7.024650249,6.75,13.1,1.9407407407407407,4.85,0.0,1.5,attentive,,5.25,0.24444424444424445,False,False,False,1.1500000000000001,-0.34999999999999987,,0.0,0.0,0.0,-5.2500000000000036,11.711099999999997,-1.7000000000000126,
4935,7.024650249,6.75,13.1,1.9407407407407407,4.85,0.0,1.5,attentive,,6.75,0.26666726666726664,False,False,False,1.1500000000000001,-0.34999999999999987,,0.0,0.0,0.0,-6.750000000000007,11.782137499999996,-1.7000000000000126,
4935,7.024650249,6.75,13.1,1.9407407407407407,4.85,0.0,1.5,attentive,,8.25,0.24444424444424445,False,False,False,1.1500000000000001,-0.34999999999999987,,0.0,0.0,0.0,-8.250000000000002,11.803004999999997,-1.7000000000000126,
4935,7.024650249,6.75,13.1,1.9407407407407407,4.85,0.0,1.5,attentive,,9.75,0.08888908888908889,False,False,False,1.1500000000000001,-0.34999999999999987,,0.0,0.0,0.0,-9.75,11.808502499999996,-1.7000000000000126,
4935,7.024650249,6.75,13.1,1.9407407407407407,4.85,0.0,1.5,attentive,,11.25,0.02222202222202222,False,False,False,1.1500000000000001,-0.34999999999999987,,0.0,0.0,0.0,-11.25,11.809274999999996,-1.7000000000000126,
3621,0.192323998,1.53,2.8,1.8300653594771241,4.95,0.0,2.1,attentive,,3.75,0.13333313333313335,False,False,False,2.45,0.3500000000000001,,0.0,0.0,0.0,-3.75,2.8,-2.26,
3621,0.192323998,1.53,2.8,1.8300653594771241,4.95,0.0,2.1,attentive,,5.25,0.24444424444424445,False,False,False,2.45,0.3500000000000001,,0.0,0.0,0.0,-5.25,2.8,-2.26,
3621,0.192323998,1.53,2.8,1.8300653594771241,4.95,0.0,2.1,attentive,,6.75,0.26666726666726664,False,False,False,2.45,0.3500000000000001,,0.0,0.0,0.0,-6.75,2.8,-2.26,
3621,0.192323998,1.53,2.8,1.8300653594771241,4.95,0.0,2.1,attentive,,8.25,0.24444424444424445,False,False,False,2.45,0.3500000000000001,,0.0,0.0,0.0,-6.912,2.8,-2.26,
3621,0.192323998,1.53,2.8,1.8300653594771241,4.95,0.0,2.1,attentive,,9.75,0.08888908888908889,False,False,False,2.45,0.3500000000000001,,0.0,0.0,0.0,-6.912,2.8,-2.26,
3621,0.192323998,1.53,2.8,1.8300653594771241,4.95,0.0,2.1,attentive,,11.25,0.02222202222202222,False,False,False,2.45,0.3500000000000001,,0.0,0.0,0.0,-6.912,2.8,-2.26,
3508,4.890128532,2.81,4.52,1.6085409252669038,5.1,0.0,2.7,attentive,,3.75,0.13333313333313335,False,False,False,2.2500000000000004,-0.44999999999999973,,0.0,0.0,0.0,-3.75,4.52,-1.1300000000000099,
3508,4.890128532,2.81,4.52,1.6085409252669038,5.1,0.0,2.7,attentive,,5.25,0.24444424444424445,False,False,False,2.2500000000000004,-0.44999999999999973,,0.0,0.0,0.0,-5.25,4.52,-1.1300000000000099,
3508,4.890128532,2.81,4.52,1.6085409252669038,5.1,0.0,2.7,attentive,,6.75,0.26666726666726664,False,False,False,2.2500000000000004,-0.44999999999999973,,0.0,0.0,0.0,-6.750000000000003,4.52,-1.1300000000000099,
3508,4.890128532,2.81,4.52,1.6085409252669038,5.1,0.0,2.7,attentive,,8.25,0.24444424444424445,False,False,False,2.2500000000000004,-0.44999999999999973,,0.0,0.0,0.0,-8.250000000000002,4.52,-1.1300000000000099,
3508,4.890128532,2.81,4.52,1.6085409252669038,5.1,0.0,2.7,attentive,,9.75,0.08888908888908889,False,False,False,2.2500000000000004,-0.44999999999999973,,0.0,0.0,0.0,-9.75,4.52,-1.1300000000000099,
3508,4.890128532,2.81,4.52,1.6085409252669038,5.1,0.0,2.7,attentive,,11.25,0.02222202222202222,False,False,False,2.2500000000000004,-0.44999999999999973,,0.0,0.0,0.0,-10.367999999999999,4.52,-1.1300000000000099,
3627,0.05093154,0.85,4.24,4.988235294117647,5.05,0.0,2.3000000000000003,attentive,,3.75,0.13333313333313335,False,False,False,1.1500000000000001,-1.1500000000000001,,0.0,0.0,0.0,-3.75,4.24,-0.47000000000000597,
3627,0.05093154,0.85,4.24,4.988235294117647,5.05,0.0,2.3000000000000003,attentive,,5.25,0.24444424444424445,False,False,False,1.1500000000000001,-1.1500000000000001,,0.0,0.0,0.0,-5.25,4.24,-0.47000000000000597,
3627,0.05093154,0.85,4.24,4.988235294117647,5.05,0.0,2.3000000000000003,attentive,,6.75,0.26666726666726664,False,False,False,1.1500000000000001,-1.1500000000000001,,0.0,0.0,0.0,-6.75,4.24,-0.47000000000000597,
3627,0.05093154,0.85,4.24,4.988235294117647,5.05,0.0,2.3000000000000003,attentive,,8.25,0.24444424444424445,False,False,False,1.1500000000000001,-1.1500000000000001,,0.0,0.0,0.0,-8.25,4.24,-0.47000000000000597,
3627,0.05093154,0.85,4.24,4.988235294117647,5.05,0.0,2.3000000000000003,attentive,,9.75,0.08888908888908889,False,False,False,1.1500000000000001,-1.1500000000000001,,0.0,0.0,0.0,-9.091382699999999,4.24,-0.47000000000000597,
3627,0.05093154,0.85,4.24,4.988235294117647,5.05,0.0,2.3000000000000003,attentive,,11.25,0.02222202222202222,False,False,False,1.1500000000000001,-1.1500000000000001,,0.0,0.0,0.0,-9.091382699999999,4.24,-0.47000000000000597,
2555,2.184378528,0.0,3.329599274,33.295992739999996,5.05,,3.5,attentive,,3.75,0.13333313333313335,False,False,False,4.1000000000000005,0.6000000000000005,,0.0,0.0,0.0,-3.75,1.8847992740000001,0.0,
2555,2.184378528,0.0,3.329599274,33.295992739999996,5.05,,3.5,attentive,,5.25,0.24444424444424445,False,False,False,4.1000000000000005,0.6000000000000005,,0.0,0.0,0.0,-5.25,1.9510692740000002,0.0,
2555,2.184378528,0.0,3.329599274,33.295992739999996,5.05,,3.5,attentive,,6.75,0.26666726666726664,False,False,False,4.1000000000000005,0.6000000000000005,,0.0,0.0,0.0,-6.75,1.9699242740000005,0.0,
2555,2.184378528,0.0,3.329599274,33.295992739999996,5.05,,3.5,attentive,,8.25,0.24444424444424445,False,False,False,4.1000000000000005,0.6000000000000005,,0.0,0.0,0.0,-7.416000000000003,1.9741992740000003,0.0,
2555,2.184378528,0.0,3.329599274,33.295992739999996,5.05,,3.5,attentive,,9.75,0.08888908888908889,False,False,False,4.1000000000000005,0.6000000000000005,,0.0,0.0,0.0,-7.416000000000003,1.9741992740000003,0.0,
2555,2.184378528,0.0,3.329599274,33.295992739999996,5.05,,3.5,attentive,,11.25,0.02222202222202222,False,False,False,4.1000000000000005,0.6000000000000005,,0.0,0.0,0.0,-7.416000000000003,1.9741992740000003,0.0,
488,3.984342493,1.3,3.35,2.576923076923077,5.15,3.1,0.8,attentive,,3.75,0.13333313333313335,False,False,False,3.8000000000000003,3.0,,0.0,0.0,0.0,-3.75,0.944160488625001,-0.5500000000000049,
488,3.984342493,1.3,3.35,2.576923076923077,5.15,3.1,0.8,attentive,,5.25,0.24444424444424445,False,False,False,3.8000000000000003,3.0,,0.0,0.0,0.0,-5.25,0.959413310575,-0.5500000000000049,
488,3.984342493,1.3,3.35,2.576923076923077,5.15,3.1,0.8,attentive,,6.75,0.26666726666726664,False,False,False,3.8000000000000003,3.0,,0.0,0.0,0.0,-6.75,0.9626711325250001,-0.5500000000000049,
488,3.984342493,1.3,3.35,2.576923076923077,5.15,3.1,0.8,attentive,,8.25,0.24444424444424445,False,False,False,3.8000000000000003,3.0,,0.0,0.0,0.0,-6.912,0.9626711325250001,-0.5500000000000049,
488,3.984342493,1.3,3.35,2.576923076923077,5.15,3.1,0.8,attentive,,9.75,0.08888908888908889,False,False,False,3.8000000000000003,3.0,,0.0,0.0,0.0,-6.912,0.9626711325250001,-0.5500000000000049,
488,3.984342493,1.3,3.35,2.576923076923077,5.15,3.1,0.8,attentive,,11.25,0.02222202222202222,False,False,False,3.8000000000000003,3.0,,0.0,0.0,0.0,-6.912,0.9626711325250001,-0.5500000000000049,
3731,2.271158943,3.83,8.37,2.185378590078329,4.95,0.0,2.3000000000000003,attentive,,3.75,0.13333313333313335,False,False,False,1.9000000000000001,-0.40000000000000013,,0.0,0.0,0.0,-3.75,8.37,-1.8700000000000117,
3731,2.271158943,3.83,8.37,2.185378590078329,4.95,0.0,2.3000000000000003,attentive,,5.25,0.24444424444424445,False,False,False,1.9000000000000001,-0.40000000000000013,,0.0,0.0,0.0,-5.2500000000000036,8.37,-1.8700000000000117,
3731,2.271158943,3.83,8.37,2.185378590078329,4.95,0.0,2.3000000000000003,attentive,,6.75,0.26666726666726664,False,False,False,1.9000000000000001,-0.40000000000000013,,0.0,0.0,0.0,-6.75,8.37,-1.8700000000000117,
3731,2.271158943,3.83,8.37,2.185378590078329,4.95,0.0,2.3000000000000003,attentive,,8.25,0.24444424444424445,False,False,False,1.9000000000000001,-0.40000000000000013,,0.0,0.0,0.0,-8.250000000000002,8.37,-1.8700000000000117,
3731,2.271158943,3.83,8.37,2.185378590078329,4.95,0.0,2.3000000000000003,attentive,,9.75,0.08888908888908889,False,False,False,1.9000000000000001,-0.40000000000000013,,0.0,0.0,0.0,-9.75,8.37,-1.8700000000000117,
3731,2.271158943,3.83,8.37,2.185378590078329,4.95,0.0,2.3000000000000003,attentive,,11.25,0.02222202222202222,False,False,False,1.9000000000000001,-0.40000000000000013,,0.0,0.0,0.0,-11.25,8.37,-1.8700000000000117,
3098,1.692418966,0.0,4.567844866,45.678448659999994,4.85,,0.4,attentive,,3.75,0.13333313333313335,False,False,False,1.5,1.1,,0.0,0.0,0.0,-3.75,3.14237115435,0.0,
3098,1.692418966,0.0,4.567844866,45.678448659999994,4.85,,0.4,attentive,,5.25,0.24444424444424445,False,False,False,1.5,1.1,,0.0,0.0,0.0,-5.25,3.15458438835,0.0,
3098,1.692418966,0.0,4.567844866,45.678448659999994,4.85,,0.4,attentive,,6.75,0.26666726666726664,False,False,False,1.5,1.1,,0.0,0.0,0.0,-5.759999999999999,3.1558593883500006,0.0,
3098,1.692418966,0.0,4.567844866,45.678448659999994,4.85,,0.4,attentive,,8.25,0.24444424444424445,False,False,False,1.5,1.1,,0.0,0.0,0.0,-5.759999999999999,3.1558593883500006,0.0,
3098,1.692418966,0.0,4.567844866,45.678448659999994,4.85,,0.4,attentive,,9.75,0.08888908888908889,False,False,False,1.5,1.1,,0.0,0.0,0.0,-5.759999999999999,3.1558593883500006,0.0,
3098,1.692418966,0.0,4.567844866,45.678448659999994,4.85,,0.4,attentive,,11.25,0.02222202222202222,False,False,False,1.5,1.1,,0.0,0.0,0.0,-5.759999999999999,3.1558593883500006,0.0,
2231,6.005935602,8.83,42.87,4.855039637599094,4.9,,0.0,attentive,,3.75,0.13333313333313335,False,False,False,1.3,1.3,,0.0,0.0,0.0,-3.75,20.92927500000001,0.0,
2231,6.005935602,8.83,42.87,4.855039637599094,4.9,,0.0,attentive,,5.25,0.24444424444424445,False,False,False,1.3,1.3,,0.0,0.0,0.0,-5.2500000000000036,23.619650000000007,0.0,
2231,6.005935602,8.83,42.87,4.855039637599094,4.9,,0.0,attentive,,6.75,0.26666726666726664,False,False,False,1.3,1.3,,0.0,0.0,0.0,-6.750000000000007,25.001650000000005,0.0,
2231,6.005935602,8.83,42.87,4.855039637599094,4.9,,0.0,attentive,,8.25,0.24444424444424445,False,False,False,1.3,1.3,,0.0,0.0,0.0,-8.250000000000002,25.784175000000005,0.0,
2231,6.005935602,8.83,42.87,4.855039637599094,4.9,,0.0,attentive,,9.75,0.08888908888908889,False,False,False,1.3,1.3,,0.0,0.0,0.0,-9.75,26.251815000000004,0.0,
2231,6.005935602,8.83,42.87,4.855039637599094,4.9,,0.0,attentive,,11.25,0.02222202222202222,False,False,False,1.3,1.3,,0.0,0.0,0.0,-11.25,26.538800000000005,0.0,
2983,10.03195587,0.0,6.925781188,69.25781187999999,4.9,,0.5,attentive,,3.75,0.13333313333313335,False,False,False,0.8500000000000001,0.3500000000000001,,0.0,0.0,0.0,-3.75,5.72335158255,0.0,
2983,10.03195587,0.0,6.925781188,69.25781187999999,4.9,,0.5,attentive,,5.25,0.24444424444424445,False,False,False,0.8500000000000001,0.3500000000000001,,0.0,0.0,0.0,-5.25,5.76709292535,0.0,
2983,10.03195587,0.0,6.925781188,69.25781187999999,4.9,,0.5,attentive,,6.75,0.26666726666726664,False,False,False,0.8500000000000001,0.3500000000000001,,0.0,0.0,0.0,-6.75,5.7807627356,0.0,
2983,10.03195587,0.0,6.925781188,69.25781187999999,4.9,,0.5,attentive,,8.25,0.24444424444424445,False,False,False,0.8500000000000001,0.3500000000000001,,0.0,0.0,0.0,-6.76334446,5.7807960967500005,0.0,
2983,10.03195587,0.0,6.925781188,69.25781187999999,4.9,,0.5,attentive,,9.75,0.08888908888908889,False,False,False,0.8500000000000001,0.3500000000000001,,0.0,0.0,0.0,-6.76334446,5.7807960967500005,0.0,
2983,10.03195587,0.0,6.925781188,69.25781187999999,4.9,,0.5,attentive,,11.25,0.02222202222202222,False,False,False,0.8500000000000001,0.3500000000000001,,0.0,0.0,0.0,-6.76334446,5.7807960967500005,0.0,
4392,1.176931206,8.86,5.82,0.6568848758465012,5.1,0.0,2.75,attentive,,3.75,0.13333313333313335,False,False,False,2.4000000000000004,-0.34999999999999964,,0.0,0.0,0.0,-3.75,5.82,-2.910000000000026,
4392,1.176931206,8.86,5.82,0.6568848758465012,5.1,0.0,2.75,attentive,,5.25,0.24444424444424445,False,False,False,2.4000000000000004,-0.34999999999999964,,0.0,0.0,0.0,-5.2500000000000036,5.82,-2.910000000000026,
4392,1.176931206,8.86,5.82,0.6568848758465012,5.1,0.0,2.75,attentive,,6.75,0.26666726666726664,False,False,False,2.4000000000000004,-0.34999999999999964,,0.0,0.0,0.0,-6.750000000000007,5.82,-2.910000000000026,
4392,1.176931206,8.86,5.82,0.6568848758465012,5.1,0.0,2.75,attentive,,8.25,0.24444424444424445,False,False,False,2.4000000000000004,-0.34999999999999964,,0.0,0.0,0.0,-8.250000000000002,5.82,-2.910000000000026,
4392,1.176931206,8.86,5.82,0.6568848758465012,5.1,0.0,2.75,attentive,,9.75,0.08888908888908889,False,False,False,2.4000000000000004,-0.34999999999999964,,0.0,0.0,0.0,-9.75,5.82,-2.910000000000026,
4392,1.176931206,8.86,5.82,0.6568848758465012,5.1,0.0,2.75,attentive,,11.25,0.02222202222202222,False,False,False,2.4000000000000004,-0.34999999999999964,,0.0,0.0,0.0,-11.25,5.82,-2.910000000000026,
2467,2.097498311,6.17,33.32,5.40032414910859,4.85,,0.2,attentive,,3.75,0.13333313333313335,False,False,False,0.8,0.6000000000000001,,0.0,0.0,0.0,-3.75,21.358602502700002,0.0,
2467,2.097498311,6.17,33.32,5.40032414910859,4.85,,0.2,attentive,,5.25,0.24444424444424445,False,False,False,0.8,0.6000000000000001,,0.0,0.0,0.0,-5.2500000000000036,22.99366743645,0.0,
2467,2.097498311,6.17,33.32,5.40032414910859,4.85,,0.2,attentive,,6.75,0.26666726666726664,False,False,False,0.8,0.6000000000000001,,0.0,0.0,0.0,-6.750000000000007,23.811368696,0.0,
2467,2.097498311,6.17,33.32,5.40032414910859,4.85,,0.2,attentive,,8.25,0.24444424444424445,False,False,False,0.8,0.6000000000000001,,0.0,0.0,0.0,-8.250000000000002,24.255243074499997,0.0,
2467,2.097498311,6.17,33.32,5.40032414910859,4.85,,0.2,attentive,,9.75,0.08888908888908889,False,False,False,0.8,0.6000000000000001,,0.0,0.0,0.0,-9.75,24.510067979949994,0.0,
2467,2.097498311,6.17,33.32,5.40032414910859,4.85,,0.2,attentive,,11.25,0.02222202222202222,False,False,False,0.8,0.6000000000000001,,0.0,0.0,0.0,-11.25,24.658837682149997,0.0,
3292,0.112617183,0.0,1.833635172,18.33635172,5.05,,3.8000000000000003,attentive,,3.75,0.13333313333313335,False,False,False,4.6000000000000005,0.8000000000000003,,0.0,0.0,0.0,-3.75,0.3888351719999996,0.0,
3292,0.112617183,0.0,1.833635172,18.33635172,5.05,,3.8000000000000003,attentive,,5.25,0.24444424444424445,False,False,False,4.6000000000000005,0.8000000000000003,,0.0,0.0,0.0,-5.25,0.45510517199999967,0.0,
3292,0.112617183,0.0,1.833635172,18.33635172,5.05,,3.8000000000000003,attentive,,6.75,0.26666726666726664,False,False,False,4.6000000000000005,0.8000000000000003,,0.0,0.0,0.0,-6.75,0.47396017199999996,0.0,
3292,0.112617183,0.0,1.833635172,18.33635172,5.05,,3.8000000000000003,attentive,,8.25,0.24444424444424445,False,False,False,4.6000000000000005,0.8000000000000003,,0.0,0.0,0.0,-7.416000000000003,0.47823517199999976,0.0,
3292,0.112617183,0.0,1.833635172,18.33635172,5.05,,3.8000000000000003,attentive,,9.75,0.08888908888908889,False,False,False,4.6000000000000005,0.8000000000000003,,0.0,0.0,0.0,-7.416000000000003,0.47823517199999976,0.0,
3292,0.112617183,0.0,1.833635172,18.33635172,5.05,,3.8000000000000003,attentive,,11.25,0.02222202222202222,False,False,False,4.6000000000000005,0.8000000000000003,,0.0,0.0,0.0,-7.416000000000003,0.47823517199999976,0.0,
2317,9.531668999,7.83,41.51,5.30140485312899,5.15,,0.2,attentive,,3.75,0.13333313333313335,False,False,False,1.25,1.05,,0.0,0.0,0.0,-3.75,22.615231219149994,0.0,
2317,9.531668999,7.83,41.51,5.30140485312899,5.15,,0.2,attentive,,5.25,0.24444424444424445,False,False,False,1.25,1.05,,0.0,0.0,0.0,-5.2500000000000036,24.861061682349995,0.0,
2317,9.531668999,7.83,41.51,5.30140485312899,5.15,,0.2,attentive,,6.75,0.26666726666726664,False,False,False,1.25,1.05,,0.0,0.0,0.0,-6.750000000000007,26.005554413949998,0.0,
2317,9.531668999,7.83,41.51,5.30140485312899,5.15,,0.2,attentive,,8.25,0.24444424444424445,False,False,False,1.25,1.05,,0.0,0.0,0.0,-8.250000000000002,26.646694568349993,0.0,
2317,9.531668999,7.83,41.51,5.30140485312899,5.15,,0.2,attentive,,9.75,0.08888908888908889,False,False,False,1.25,1.05,,0.0,0.0,0.0,-9.75,27.021557145549995,0.0,
2317,9.531668999,7.83,41.51,5.30140485312899,5.15,,0.2,attentive,,11.25,0.02222202222202222,False,False,False,1.25,1.05,,0.0,0.0,0.0,-11.25,27.24814472275,0.0,
2388,4.859534137,1.68,9.94,5.916666666666667,5.05,,0.15000000000000002,attentive,,3.75,0.13333313333313335,False,False,False,2.0,1.85,,0.0,0.0,0.0,-3.75,5.383458842899998,0.0,
2388,4.859534137,1.68,9.94,5.916666666666667,5.05,,0.15000000000000002,attentive,,5.25,0.24444424444424445,False,False,False,2.0,1.85,,0.0,0.0,0.0,-5.25,5.4777183425999985,0.0,
2388,4.859534137,1.68,9.94,5.916666666666667,5.05,,0.15000000000000002,attentive,,6.75,0.26666726666726664,False,False,False,2.0,1.85,,0.0,0.0,0.0,-6.75,5.511055592449998,0.0,
2388,4.859534137,1.68,9.94,5.916666666666667,5.05,,0.15000000000000002,attentive,,8.25,0.24444424444424445,False,False,False,2.0,1.85,,0.0,0.0,0.0,-8.080323959999998,5.521406222499998,0.0,
2388,4.859534137,1.68,9.94,5.916666666666667,5.05,,0.15000000000000002,attentive,,9.75,0.08888908888908889,False,False,False,2.0,1.85,,0.0,0.0,0.0,-8.080323959999998,5.521406222499998,0.0,
2388,4.859534137,1.68,9.94,5.916666666666667,5.05,,0.15000000000000002,attentive,,11.25,0.02222202222202222,False,False,False,2.0,1.85,,0.0,0.0,0.0,-8.080323959999998,5.521406222499998,0.0,
2566,1.692418966,0.0,4.426733052,44.26733052,4.95,,0.45,attentive,,3.75,0.13333313333313335,False,False,False,1.6500000000000001,1.2000000000000002,,0.0,0.0,0.0,-3.75,2.9382344755000003,0.0,
2566,1.692418966,0.0,4.426733052,44.26733052,4.95,,0.45,attentive,,5.25,0.24444424444424445,False,False,False,1.6500000000000001,1.2000000000000002,,0.0,0.0,0.0,-5.25,2.9477787956000006,0.0,
2566,1.692418966,0.0,4.426733052,44.26733052,4.95,,0.45,attentive,,6.75,0.26666726666726664,False,False,False,1.6500000000000001,1.2000000000000002,,0.0,0.0,0.0,-5.759999999999999,2.9490537956000002,0.0,
2566,1.692418966,0.0,4.426733052,44.26733052,4.95,,0.45,attentive,,8.25,0.24444424444424445,False,False,False,1.6500000000000001,1.2000000000000002,,0.0,0.0,0.0,-5.759999999999999,2.9490537956000002,0.0,
2566,1.692418966,0.0,4.426733052,44.26733052,4.95,,0.45,attentive,,9.75,0.08888908888908889,False,False,False,1.6500000000000001,1.2000000000000002,,0.0,0.0,0.0,-5.759999999999999,2.9490537956000002,0.0,
2566,1.692418966,0.0,4.426733052,44.26733052,4.95,,0.45,attentive,,11.25,0.02222202222202222,False,False,False,1.6500000000000001,1.2000000000000002,,0.0,0.0,0.0,-5.759999999999999,2.9490537956000002,0.0,
4393,1.757055635,7.87,2.98,0.3786531130876747,5.1,2.7,3.35,attentive,,3.75,0.13333313333313335,False,False,False,3.3500000000000005,4.440892098500626e-16,,0.0,0.0,0.0,-3.75,1.7028499999999909,-6.310000000000056,
4393,1.757055635,7.87,2.98,0.3786531130876747,5.1,2.7,3.35,attentive,,5.25,0.24444424444424445,False,False,False,3.3500000000000005,4.440892098500626e-16,,0.0,0.0,0.0,-5.2500000000000036,2.98,-6.310000000000056,
4393,1.757055635,7.87,2.98,0.3786531130876747,5.1,2.7,3.35,attentive,,6.75,0.26666726666726664,False,False,False,3.3500000000000005,4.440892098500626e-16,,0.0,0.0,0.0,-6.750000000000007,2.98,-6.310000000000056,
4393,1.757055635,7.87,2.98,0.3786531130876747,5.1,2.7,3.35,attentive,,8.25,0.24444424444424445,False,False,False,3.3500000000000005,4.440892098500626e-16,,0.0,0.0,0.0,-8.250000000000002,2.98,-6.310000000000056,
4393,1.757055635,7.87,2.98,0.3786531130876747,5.1,2.7,3.35,attentive,,9.75,0.08888908888908889,False,False,False,3.3500000000000005,4.440892098500626e-16,,0.0,0.0,0.0,-9.75,2.98,-6.310000000000056,
4393,1.757055635,7.87,2.98,0.3786531130876747,5.1,2.7,3.35,attentive,,11.25,0.02222202222202222,False,False,False,3.3500000000000005,4.440892098500626e-16,,0.0,0.0,0.0,-11.25,2.98,-6.310000000000056,
1572,2.001097954,1.89,5.12,2.7089947089947093,4.9,0.0,1.4500000000000002,attentive,,3.75,0.13333313333313335,False,False,False,2.0,0.5499999999999998,,0.0,0.0,0.0,-3.75,3.612589999999999,-0.6000000000000033,
1572,2.001097954,1.89,5.12,2.7089947089947093,4.9,0.0,1.4500000000000002,attentive,,5.25,0.24444424444424445,False,False,False,2.0,0.5499999999999998,,0.0,0.0,0.0,-5.25,3.652662499999999,-0.6000000000000033,
1572,2.001097954,1.89,5.12,2.7089947089947093,4.9,0.0,1.4500000000000002,attentive,,6.75,0.26666726666726664,False,False,False,2.0,0.5499999999999998,,0.0,0.0,0.0,-6.75,3.6633499999999986,-0.6000000000000033,
1572,2.001097954,1.89,5.12,2.7089947089947093,4.9,0.0,1.4500000000000002,attentive,,8.25,0.24444424444424445,False,False,False,2.0,0.5499999999999998,,0.0,0.0,0.0,-8.064,3.66479,-0.6000000000000033,
1572,2.001097954,1.89,5.12,2.7089947089947093,4.9,0.0,1.4500000000000002,attentive,,9.75,0.08888908888908889,False,False,False,2.0,0.5499999999999998,,0.0,0.0,0.0,-8.064,3.66479,-0.6000000000000033,
1572,2.001097954,1.89,5.12,2.7089947089947093,4.9,0.0,1.4500000000000002,attentive,,11.25,0.02222202222202222,False,False,False,2.0,0.5499999999999998,,0.0,0.0,0.0,-8.064,3.66479,-0.6000000000000033,
3394,29.9348413,0.0,7.92649219,79.2649219,4.85,,0.55,attentive,,3.75,0.13333313333313335,False,False,False,0.75,0.19999999999999996,,0.0,0.0,0.0,-3.75,6.6884587216,0.0,
3394,29.9348413,0.0,7.92649219,79.2649219,4.85,,0.55,attentive,,5.25,0.24444424444424445,False,False,False,0.75,0.19999999999999996,,0.0,0.0,0.0,-5.25,6.74641469045,0.0,
3394,29.9348413,0.0,7.92649219,79.2649219,4.85,,0.55,attentive,,6.75,0.26666726666726664,False,False,False,0.75,0.19999999999999996,,0.0,0.0,0.0,-6.75,6.7641712088,0.0,
3394,29.9348413,0.0,7.92649219,79.2649219,4.85,,0.55,attentive,,8.25,0.24444424444424445,False,False,False,0.75,0.19999999999999996,,0.0,0.0,0.0,-7.269535779999998,6.7666692368,0.0,
3394,29.9348413,0.0,7.92649219,79.2649219,4.85,,0.55,attentive,,9.75,0.08888908888908889,False,False,False,0.75,0.19999999999999996,,0.0,0.0,0.0,-7.269535779999998,6.7666692368,0.0,
3394,29.9348413,0.0,7.92649219,79.2649219,4.85,,0.55,attentive,,11.25,0.02222202222202222,False,False,False,0.75,0.19999999999999996,,0.0,0.0,0.0,-7.269535779999998,6.7666692368,0.0,
256,6.058527951,1.44,1.43,0.9930555555555556,5.1,2.7,0.0,attentive,,3.75,0.13333313333313335,False,False,False,3.8000000000000003,3.8000000000000003,,0.0,0.0,0.0,-3.75,1.0285499999999994,-2.0500000000000096,
256,6.058527951,1.44,1.43,0.9930555555555556,5.1,2.7,0.0,attentive,,5.25,0.24444424444424445,False,False,False,3.8000000000000003,3.8000000000000003,,0.0,0.0,0.0,-5.25,1.0285499999999994,-2.0500000000000096,
256,6.058527951,1.44,1.43,0.9930555555555556,5.1,2.7,0.0,attentive,,6.75,0.26666726666726664,False,False,False,3.8000000000000003,3.8000000000000003,,0.0,0.0,0.0,-6.75,1.0285499999999994,-2.0500000000000096,
256,6.058527951,1.44,1.43,0.9930555555555556,5.1,2.7,0.0,attentive,,8.25,0.24444424444424445,False,False,False,3.8000000000000003,3.8000000000000003,,0.0,0.0,0.0,-6.912,1.0285499999999994,-2.0500000000000096,
256,6.058527951,1.44,1.43,0.9930555555555556,5.1,2.7,0.0,attentive,,9.75,0.08888908888908889,False,False,False,3.8000000000000003,3.8000000000000003,,0.0,0.0,0.0,-6.912,1.0285499999999994,-2.0500000000000096,
256,6.058527951,1.44,1.43,0.9930555555555556,5.1,2.7,0.0,attentive,,11.25,0.02222202222202222,False,False,False,3.8000000000000003,3.8000000000000003,,0.0,0.0,0.0,-6.912,1.0285499999999994,-2.0500000000000096,
4066,7.345947021,6.13,7.27,1.1859706362153344,4.9,1.85,2.7,attentive,,3.75,0.13333313333313335,False,False,False,2.7500000000000004,0.050000000000000266,,0.0,0.0,0.0,-3.75,5.476500000000005,-4.13000000000002,
4066,7.345947021,6.13,7.27,1.1859706362153344,4.9,1.85,2.7,attentive,,5.25,0.24444424444424445,False,False,False,2.7500000000000004,0.050000000000000266,,0.0,0.0,0.0,-5.2500000000000036,6.716200000000011,-4.13000000000002,
4066,7.345947021,6.13,7.27,1.1859706362153344,4.9,1.85,2.7,attentive,,6.75,0.26666726666726664,False,False,False,2.7500000000000004,0.050000000000000266,,0.0,0.0,0.0,-6.750000000000007,7.27,-4.13000000000002,
4066,7.345947021,6.13,7.27,1.1859706362153344,4.9,1.85,2.7,attentive,,8.25,0.24444424444424445,False,False,False,2.7500000000000004,0.050000000000000266,,0.0,0.0,0.0,-8.250000000000002,7.27,-4.13000000000002,
4066,7.345947021,6.13,7.27,1.1859706362153344,4.9,1.85,2.7,attentive,,9.75,0.08888908888908889,False,False,False,2.7500000000000004,0.050000000000000266,,0.0,0.0,0.0,-9.75,7.27,-4.13000000000002,
4066,7.345947021,6.13,7.27,1.1859706362153344,4.9,1.85,2.7,attentive,,11.25,0.02222202222202222,False,False,False,2.7500000000000004,0.050000000000000266,,0.0,0.0,0.0,-11.25,7.27,-4.13000000000002,
3901,2.378072094,0.22,1.21,5.5,5.1,1.4000000000000001,2.6,attentive,,3.75,0.13333313333313335,False,False,False,2.6000000000000005,4.440892098500626e-16,,0.0,0.0,0.0,-3.75,1.21,-0.7500000000000034,
3901,2.378072094,0.22,1.21,5.5,5.1,1.4000000000000001,2.6,attentive,,5.25,0.24444424444424445,False,False,False,2.6000000000000005,4.440892098500626e-16,,0.0,0.0,0.0,-5.25,1.21,-0.7500000000000034,
3901,2.378072094,0.22,1.21,5.5,5.1,1.4000000000000001,2.6,attentive,,6.75,0.26666726666726664,False,False,False,2.6000000000000005,4.440892098500626e-16,,0.0,0.0,0.0,-6.75,1.21,-0.7500000000000034,
3901,2.378072094,0.22,1.21,5.5,5.1,1.4000000000000001,2.6,attentive,,8.25,0.24444424444424445,False,False,False,2.6000000000000005,4.440892098500626e-16,,0.0,0.0,0.0,-6.912,1.21,-0.7500000000000034,
3901,2.378072094,0.22,1.21,5.5,5.1,1.4000000000000001,2.6,attentive,,9.75,0.08888908888908889,False,False,False,2.6000000000000005,4.440892098500626e-16,,0.0,0.0,0.0,-6.912,1.21,-0.7500000000000034,
3901,2.378072094,0.22,1.21,5.5,5.1,1.4000000000000001,2.6,attentive,,11.25,0.02222202222202222,False,False,False,2.6000000000000005,4.440892098500626e-16,,0.0,0.0,0.0,-6.912,1.21,-0.7500000000000034,
1722,2.415843392,6.65,5.64,0.8481203007518796,4.9,2.9000000000000004,3.1,attentive,,3.75,0.13333313333313335,False,False,True,3.6000000000000005,0.5000000000000004,4.800000000000001,2.2144000000000013,1.1072000000000006,0.0029743137293924953,-3.75,-0.049334999999992135,-3.750000000000034,-0.15000000000000036
1722,2.415843392,6.65,5.64,0.8481203007518796,4.9,2.9000000000000004,3.1,attentive,,5.25,0.24444424444424445,False,False,False,3.6000000000000005,0.5000000000000004,,0.0,0.0,0.0,-5.2500000000000036,0.7029750000000128,-3.750000000000034,
1722,2.415843392,6.65,5.64,0.8481203007518796,4.9,2.9000000000000004,3.1,attentive,,6.75,0.26666726666726664,False,False,False,3.6000000000000005,0.5000000000000004,,0.0,0.0,0.0,-6.750000000000007,1.4022250000000085,-3.750000000000034,
1722,2.415843392,6.65,5.64,0.8481203007518796,4.9,2.9000000000000004,3.1,attentive,,8.25,0.24444424444424445,False,False,False,3.6000000000000005,0.5000000000000004,,0.0,0.0,0.0,-8.250000000000002,1.7790925000000009,-3.750000000000034,
1722,2.415843392,6.65,5.64,0.8481203007518796,4.9,2.9000000000000004,3.1,attentive,,9.75,0.08888908888908889,False,False,False,3.6000000000000005,0.5000000000000004,,0.0,0.0,0.0,-9.75,1.9604500000000016,-3.750000000000034,
1722,2.415843392,6.65,5.64,0.8481203007518796,4.9,2.9000000000000004,3.1,attentive,,11.25,0.02222202222202222,False,False,False,3.6000000000000005,0.5000000000000004,,0.0,0.0,0.0,-11.25,2.0419625000000003,-3.750000000000034,
4295,8.206810712,5.59,7.8,1.3953488372093024,5.05,0.0,2.5500000000000003,attentive,,3.75,0.13333313333313335,False,False,False,2.7500000000000004,0.20000000000000018,,0.0,0.0,0.0,-3.75,5.803147499999994,-1.5200000000000136,
4295,8.206810712,5.59,7.8,1.3953488372093024,5.05,0.0,2.5500000000000003,attentive,,5.25,0.24444424444424445,False,False,False,2.7500000000000004,0.20000000000000018,,0.0,0.0,0.0,-5.2500000000000036,6.0434999999999945,-1.5200000000000136,
4295,8.206810712,5.59,7.8,1.3953488372093024,5.05,0.0,2.5500000000000003,attentive,,6.75,0.26666726666726664,False,False,False,2.7500000000000004,0.20000000000000018,,0.0,0.0,0.0,-6.750000000000007,6.119237499999986,-1.5200000000000136,
4295,8.206810712,5.59,7.8,1.3953488372093024,5.05,0.0,2.5500000000000003,attentive,,8.25,0.24444424444424445,False,False,False,2.7500000000000004,0.20000000000000018,,0.0,0.0,0.0,-8.250000000000002,6.143129999999996,-1.5200000000000136,
4295,8.206810712,5.59,7.8,1.3953488372093024,5.05,0.0,2.5500000000000003,attentive,,9.75,0.08888908888908889,False,False,False,2.7500000000000004,0.20000000000000018,,0.0,0.0,0.0,-9.75,6.148627499999996,-1.5200000000000136,
4295,8.206810712,5.59,7.8,1.3953488372093024,5.05,0.0,2.5500000000000003,attentive,,11.25,0.02222202222202222,False,False,False,2.7500000000000004,0.20000000000000018,,0.0,0.0,0.0,-11.25,6.149399999999996,-1.5200000000000136,
177,3.876896501,3.08,3.09,1.0032467532467533,4.85,,0.0,attentive,,3.75,0.13333313333313335,False,False,False,2.8500000000000005,2.8500000000000005,,0.0,0.0,0.0,-3.75,1.1794700000000073,0.0,
177,3.876896501,3.08,3.09,1.0032467532467533,4.85,,0.0,attentive,,5.25,0.24444424444424445,False,False,False,2.8500000000000005,2.8500000000000005,,0.0,0.0,0.0,-5.2500000000000036,1.1812000000000076,0.0,
177,3.876896501,3.08,3.09,1.0032467532467533,4.85,,0.0,attentive,,6.75,0.26666726666726664,False,False,False,2.8500000000000005,2.8500000000000005,,0.0,0.0,0.0,-6.75,1.1812000000000076,0.0,
177,3.876896501,3.08,3.09,1.0032467532467533,4.85,,0.0,attentive,,8.25,0.24444424444424445,False,False,False,2.8500000000000005,2.8500000000000005,,0.0,0.0,0.0,-8.250000000000002,1.1812000000000076,0.0,
177,3.876896501,3.08,3.09,1.0032467532467533,4.85,,0.0,attentive,,9.75,0.08888908888908889,False,False,False,2.8500000000000005,2.8500000000000005,,0.0,0.0,0.0,-9.75,1.1812000000000076,0.0,
177,3.876896501,3.08,3.09,1.0032467532467533,4.85,,0.0,attentive,,11.25,0.02222202222202222,False,False,False,2.8500000000000005,2.8500000000000005,,0.0,0.0,0.0,-10.367999999999999,1.1812000000000076,0.0,
2387,8.428573651,1.68,9.94,5.916666666666667,5.2,,0.1,attentive,,3.75,0.13333313333313335,False,False,False,2.2,2.1,,0.0,0.0,0.0,-3.75,5.124318229799997,0.0,
2387,8.428573651,1.68,9.94,5.916666666666667,5.2,,0.1,attentive,,5.25,0.24444424444424445,False,False,False,2.2,2.1,,0.0,0.0,0.0,-5.25,5.212789134599997,0.0,
2387,8.428573651,1.68,9.94,5.916666666666667,5.2,,0.1,attentive,,6.75,0.26666726666726664,False,False,False,2.2,2.1,,0.0,0.0,0.0,-6.75,5.243232086999997,0.0,
2387,8.428573651,1.68,9.94,5.916666666666667,5.2,,0.1,attentive,,8.25,0.24444424444424445,False,False,False,2.2,2.1,,0.0,0.0,0.0,-8.08144194,5.250682829699998,0.0,
2387,8.428573651,1.68,9.94,5.916666666666667,5.2,,0.1,attentive,,9.75,0.08888908888908889,False,False,False,2.2,2.1,,0.0,0.0,0.0,-8.08144194,5.250682829699998,0.0,
2387,8.428573651,1.68,9.94,5.916666666666667,5.2,,0.1,attentive,,11.25,0.02222202222202222,False,False,False,2.2,2.1,,0.0,0.0,0.0,-8.08144194,5.250682829699998,0.0,
652,1.907954255,9.72,19.23,1.978395061728395,4.95,1.6,2.2,attentive,,3.75,0.13333313333313335,False,False,False,2.3000000000000003,0.10000000000000009,,0.0,0.0,0.0,-3.75,7.911744999999996,-3.660000000000019,
652,1.907954255,9.72,19.23,1.978395061728395,4.95,1.6,2.2,attentive,,5.25,0.24444424444424445,False,False,False,2.3000000000000003,0.10000000000000009,,0.0,0.0,0.0,-5.2500000000000036,11.202024999999995,-3.660000000000019,
652,1.907954255,9.72,19.23,1.978395061728395,4.95,1.6,2.2,attentive,,6.75,0.26666726666726664,False,False,False,2.3000000000000003,0.10000000000000009,,0.0,0.0,0.0,-6.750000000000007,12.841662500000005,-3.660000000000019,
652,1.907954255,9.72,19.23,1.978395061728395,4.95,1.6,2.2,attentive,,8.25,0.24444424444424445,False,False,False,2.3000000000000003,0.10000000000000009,,0.0,0.0,0.0,-8.250000000000002,13.465109999999989,-3.660000000000019,
652,1.907954255,9.72,19.23,1.978395061728395,4.95,1.6,2.2,attentive,,9.75,0.08888908888908889,False,False,False,2.3000000000000003,0.10000000000000009,,0.0,0.0,0.0,-9.75,13.728734999999993,-3.660000000000019,
652,1.907954255,9.72,19.23,1.978395061728395,4.95,1.6,2.2,attentive,,11.25,0.02222202222202222,False,False,False,2.3000000000000003,0.10000000000000009,,0.0,0.0,0.0,-11.25,13.851087499999991,-3.660000000000019,
2798,2.758690718,0.0,2.828993379,28.28993379,5.05,,0.45,attentive,,3.75,0.13333313333313335,False,False,False,2.2,1.7500000000000002,,0.0,0.0,0.0,-3.75,1.6079375849,0.0,
2798,2.758690718,0.0,2.828993379,28.28993379,5.05,,0.45,attentive,,5.25,0.24444424444424445,False,False,False,2.2,1.7500000000000002,,0.0,0.0,0.0,-4.608,1.6100825849,0.0,
2798,2.758690718,0.0,2.828993379,28.28993379,5.05,,0.45,attentive,,6.75,0.26666726666726664,False,False,False,2.2,1.7500000000000002,,0.0,0.0,0.0,-4.608,1.6100825849,0.0,
2798,2.758690718,0.0,2.828993379,28.28993379,5.05,,0.45,attentive,,8.25,0.24444424444424445,False,False,False,2.2,1.7500000000000002,,0.0,0.0,0.0,-4.608,1.6100825849,0.0,
2798,2.758690718,0.0,2.828993379,28.28993379,5.05,,0.45,attentive,,9.75,0.08888908888908889,False,False,False,2.2,1.7500000000000002,,0.0,0.0,0.0,-4.608,1.6100825849,0.0,
2798,2.758690718,0.0,2.828993379,28.28993379,5.05,,0.45,attentive,,11.25,0.02222202222202222,False,False,False,2.2,1.7500000000000002,,0.0,0.0,0.0,-4.608,1.6100825849,0.0,
3928,3.701838618,1.85,1.61,0.8702702702702703,5.1,1.55,2.8000000000000003,attentive,,3.75,0.13333313333313335,False,False,False,3.1500000000000004,0.3500000000000001,,0.0,0.0,0.0,-3.75,1.61,-1.9100000000000095,
3928,3.701838618,1.85,1.61,0.8702702702702703,5.1,1.55,2.8000000000000003,attentive,,5.25,0.24444424444424445,False,False,False,3.1500000000000004,0.3500000000000001,,0.0,0.0,0.0,-5.25,1.61,-1.9100000000000095,
3928,3.701838618,1.85,1.61,0.8702702702702703,5.1,1.55,2.8000000000000003,attentive,,6.75,0.26666726666726664,False,False,False,3.1500000000000004,0.3500000000000001,,0.0,0.0,0.0,-6.75,1.61,-1.9100000000000095,
3928,3.701838618,1.85,1.61,0.8702702702702703,5.1,1.55,2.8000000000000003,attentive,,8.25,0.24444424444424445,False,False,False,3.1500000000000004,0.3500000000000001,,0.0,0.0,0.0,-8.064,1.61,-1.9100000000000095,
3928,3.701838618,1.85,1.61,0.8702702702702703,5.1,1.55,2.8000000000000003,attentive,,9.75,0.08888908888908889,False,False,False,3.1500000000000004,0.3500000000000001,,0.0,0.0,0.0,-8.064,1.61,-1.9100000000000095,
3928,3.701838618,1.85,1.61,0.8702702702702703,5.1,1.55,2.8000000000000003,attentive,,11.25,0.02222202222202222,False,False,False,3.1500000000000004,0.3500000000000001,,0.0,0.0,0.0,-8.064,1.61,-1.9100000000000095,
1624,3.062640499,2.29,10.42,4.550218340611353,4.85,0.0,0.6000000000000001,attentive,,3.75,0.13333313333313335,False,False,False,1.35,0.75,,0.0,0.0,0.0,-3.75,6.710569654349999,-2.550000000000008,
1624,3.062640499,2.29,10.42,4.550218340611353,4.85,0.0,0.6000000000000001,attentive,,5.25,0.24444424444424445,False,False,False,1.35,0.75,,0.0,0.0,0.0,-5.25,6.916074327299998,-2.550000000000008,
1624,3.062640499,2.29,10.42,4.550218340611353,4.85,0.0,0.6000000000000001,attentive,,6.75,0.26666726666726664,False,False,False,1.35,0.75,,0.0,0.0,0.0,-6.750000000000003,7.000442442599998,-2.550000000000008,
1624,3.062640499,2.29,10.42,4.550218340611353,4.85,0.0,0.6000000000000001,attentive,,8.25,0.24444424444424445,False,False,False,1.35,0.75,,0.0,0.0,0.0,-8.250000000000002,7.033064000249997,-2.550000000000008,
1624,3.062640499,2.29,10.42,4.550218340611353,4.85,0.0,0.6000000000000001,attentive,,9.75,0.08888908888908889,False,False,False,1.35,0.75,,0.0,0.0,0.0,-9.75,7.041644000249997,-2.550000000000008,
1624,3.062640499,2.29,10.42,4.550218340611353,4.85,0.0,0.6000000000000001,attentive,,11.25,0.02222202222202222,False,False,False,1.35,0.75,,0.0,0.0,0.0,-10.367999999999999,7.043189000249997,-2.550000000000008,
154,2.032838846,2.72,3.14,1.1544117647058822,5.0,3.0,3.45,attentive,,3.75,0.13333313333313335,False,False,False,4.1000000000000005,0.6500000000000004,,0.0,0.0,0.0,-3.75,1.4153475000000082,-1.6100000000000148,
154,2.032838846,2.72,3.14,1.1544117647058822,5.0,3.0,3.45,attentive,,5.25,0.24444424444424445,False,False,False,4.1000000000000005,0.6500000000000004,,0.0,0.0,0.0,-5.25,1.60256250000001,-1.6100000000000148,
154,2.032838846,2.72,3.14,1.1544117647058822,5.0,3.0,3.45,attentive,,6.75,0.26666726666726664,False,False,False,4.1000000000000005,0.6500000000000004,,0.0,0.0,0.0,-6.750000000000003,1.6607500000000108,-1.6100000000000148,
154,2.032838846,2.72,3.14,1.1544117647058822,5.0,3.0,3.45,attentive,,8.25,0.24444424444424445,False,False,False,4.1000000000000005,0.6500000000000004,,0.0,0.0,0.0,-8.250000000000002,1.677880000000009,-1.6100000000000148,
154,2.032838846,2.72,3.14,1.1544117647058822,5.0,3.0,3.45,attentive,,9.75,0.08888908888908889,False,False,False,4.1000000000000005,0.6500000000000004,,0.0,0.0,0.0,-9.75,1.6802475000000108,-1.6100000000000148,
154,2.032838846,2.72,3.14,1.1544117647058822,5.0,3.0,3.45,attentive,,11.25,0.02222202222202222,False,False,False,4.1000000000000005,0.6500000000000004,,0.0,0.0,0.0,-10.367999999999999,1.6802475000000108,-1.6100000000000148,
2596,1.085891129,0.0,4.242076858,42.420768579999994,5.05,,3.35,attentive,,3.75,0.13333313333313335,False,False,False,3.8500000000000005,0.5000000000000004,,0.0,0.0,0.0,-3.75,2.653576858000001,0.0,
2596,1.085891129,0.0,4.242076858,42.420768579999994,5.05,,3.35,attentive,,5.25,0.24444424444424445,False,False,False,3.8500000000000005,0.5000000000000004,,0.0,0.0,0.0,-5.25,2.7290268580000014,0.0,
2596,1.085891129,0.0,4.242076858,42.420768579999994,5.05,,3.35,attentive,,6.75,0.26666726666726664,False,False,False,3.8500000000000005,0.5000000000000004,,0.0,0.0,0.0,-6.75,2.7519018580000014,0.0,
2596,1.085891129,0.0,4.242076858,42.420768579999994,5.05,,3.35,attentive,,8.25,0.24444424444424445,False,False,False,3.8500000000000005,0.5000000000000004,,0.0,0.0,0.0,-8.25,2.758981858000001,0.0,
2596,1.085891129,0.0,4.242076858,42.420768579999994,5.05,,3.35,attentive,,9.75,0.08888908888908889,False,False,False,3.8500000000000005,0.5000000000000004,,0.0,0.0,0.0,-8.568000000000016,2.7597768580000013,0.0,
2596,1.085891129,0.0,4.242076858,42.420768579999994,5.05,,3.35,attentive,,11.25,0.02222202222202222,False,False,False,3.8500000000000005,0.5000000000000004,,0.0,0.0,0.0,-8.568000000000016,2.7597768580000013,0.0,
1154,2.47910412,4.99,4.66,0.9338677354709418,4.85,2.4000000000000004,3.1,attentive,,3.75,0.13333313333313335,False,False,False,3.3000000000000003,0.20000000000000018,,0.0,0.0,0.0,-3.75,2.723670000000002,-5.080000000000027,
1154,2.47910412,4.99,4.66,0.9338677354709418,4.85,2.4000000000000004,3.1,attentive,,5.25,0.24444424444424445,False,False,False,3.3000000000000003,0.20000000000000018,,0.0,0.0,0.0,-5.2500000000000036,3.493750000000013,-5.080000000000027,
1154,2.47910412,4.99,4.66,0.9338677354709418,4.85,2.4000000000000004,3.1,attentive,,6.75,0.26666726666726664,False,False,False,3.3000000000000003,0.20000000000000018,,0.0,0.0,0.0,-6.75,3.862600000000011,-5.080000000000027,
1154,2.47910412,4.99,4.66,0.9338677354709418,4.85,2.4000000000000004,3.1,attentive,,8.25,0.24444424444424445,False,False,False,3.3000000000000003,0.20000000000000018,,0.0,0.0,0.0,-8.250000000000002,4.048920000000017,-5.080000000000027,
1154,2.47910412,4.99,4.66,0.9338677354709418,4.85,2.4000000000000004,3.1,attentive,,9.75,0.08888908888908889,False,False,False,3.3000000000000003,0.20000000000000018,,0.0,0.0,0.0,-9.75,4.142675000000015,-5.080000000000027,
1154,2.47910412,4.99,4.66,0.9338677354709418,4.85,2.4000000000000004,3.1,attentive,,11.25,0.02222202222202222,False,False,False,3.3000000000000003,0.20000000000000018,,0.0,0.0,0.0,-11.25,4.187900000000017,-5.080000000000027,
274,5.172719519,7.97,37.74,4.73525721455458,4.85,0.0,0.55,attentive,,3.75,0.13333313333313335,False,False,False,1.25,0.7,,0.0,0.0,0.0,-3.75,20.163114520899992,-1.8900000000000028,
274,5.172719519,7.97,37.74,4.73525721455458,4.85,0.0,0.55,attentive,,5.25,0.24444424444424445,False,False,False,1.25,0.7,,0.0,0.0,0.0,-5.2500000000000036,22.3705996825,-1.8900000000000028,
274,5.172719519,7.97,37.74,4.73525721455458,4.85,0.0,0.55,attentive,,6.75,0.26666726666726664,False,False,False,1.25,0.7,,0.0,0.0,0.0,-6.750000000000007,23.495919763299998,-1.8900000000000028,
274,5.172719519,7.97,37.74,4.73525721455458,4.85,0.0,0.55,attentive,,8.25,0.24444424444424445,False,False,False,1.25,0.7,,0.0,0.0,0.0,-8.250000000000002,24.124278150499997,-1.8900000000000028,
274,5.172719519,7.97,37.74,4.73525721455458,4.85,0.0,0.55,attentive,,9.75,0.08888908888908889,False,False,False,1.25,0.7,,0.0,0.0,0.0,-9.75,24.492749844099997,-1.8900000000000028,
274,5.172719519,7.97,37.74,4.73525721455458,4.85,0.0,0.55,attentive,,11.25,0.02222202222202222,False,False,False,1.25,0.7,,0.0,0.0,0.0,-11.25,24.7129465377,-1.8900000000000028,
3255,3.724811877,0.0,2.821328551,28.21328551,5.05,,3.6,attentive,,3.75,0.13333313333313335,False,False,False,4.25,0.6499999999999999,,0.0,0.0,0.0,-3.75,1.3765285510000003,0.0,
3255,3.724811877,0.0,2.821328551,28.21328551,5.05,,3.6,attentive,,5.25,0.24444424444424445,False,False,False,4.25,0.6499999999999999,,0.0,0.0,0.0,-5.25,1.4427985510000003,0.0,
3255,3.724811877,0.0,2.821328551,28.21328551,5.05,,3.6,attentive,,6.75,0.26666726666726664,False,False,False,4.25,0.6499999999999999,,0.0,0.0,0.0,-6.75,1.4616535510000006,0.0,
3255,3.724811877,0.0,2.821328551,28.21328551,5.05,,3.6,attentive,,8.25,0.24444424444424445,False,False,False,4.25,0.6499999999999999,,0.0,0.0,0.0,-7.416000000000003,1.4659285510000004,0.0,
3255,3.724811877,0.0,2.821328551,28.21328551,5.05,,3.6,attentive,,9.75,0.08888908888908889,False,False,False,4.25,0.6499999999999999,,0.0,0.0,0.0,-7.416000000000003,1.4659285510000004,0.0,
3255,3.724811877,0.0,2.821328551,28.21328551,5.05,,3.6,attentive,,11.25,0.02222202222202222,False,False,False,4.25,0.6499999999999999,,0.0,0.0,0.0,-7.416000000000003,1.4659285510000004,0.0,
2127,1.617272069,5.24,27.67,5.280534351145039,4.9,,0.15000000000000002,attentive,,3.75,0.13333313333313335,False,False,False,1.1500000000000001,1.0,,0.0,0.0,0.0,-3.75,16.80171620585,0.0,
2127,1.617272069,5.24,27.67,5.280534351145039,4.9,,0.15000000000000002,attentive,,5.25,0.24444424444424445,False,False,False,1.1500000000000001,1.0,,0.0,0.0,0.0,-5.2500000000000036,17.86692053185,0.0,
2127,1.617272069,5.24,27.67,5.280534351145039,4.9,,0.15000000000000002,attentive,,6.75,0.26666726666726664,False,False,False,1.1500000000000001,1.0,,0.0,0.0,0.0,-6.750000000000007,18.388617694849998,0.0,
2127,1.617272069,5.24,27.67,5.280534351145039,4.9,,0.15000000000000002,attentive,,8.25,0.24444424444424445,False,False,False,1.1500000000000001,1.0,,0.0,0.0,0.0,-8.250000000000002,18.6640268171,0.0,
2127,1.617272069,5.24,27.67,5.280534351145039,4.9,,0.15000000000000002,attentive,,9.75,0.08888908888908889,False,False,False,1.1500000000000001,1.0,,0.0,0.0,0.0,-9.75,18.80777485785,0.0,
2127,1.617272069,5.24,27.67,5.280534351145039,4.9,,0.15000000000000002,attentive,,11.25,0.02222202222202222,False,False,False,1.1500000000000001,1.0,,0.0,0.0,0.0,-11.25,18.884682898599998,0.0,
2494,2.257189178,11.64,56.5,4.853951890034364,5.15,,0.0,attentive,,3.75,0.13333313333313335,False,False,False,1.1,1.1,,0.0,0.0,0.0,-3.75,25.542850000000005,0.0,
2494,2.257189178,11.64,56.5,4.853951890034364,5.15,,0.0,attentive,,5.25,0.24444424444424445,False,False,False,1.1,1.1,,0.0,0.0,0.0,-5.2500000000000036,30.334074999999984,0.0,
2494,2.257189178,11.64,56.5,4.853951890034364,5.15,,0.0,attentive,,6.75,0.26666726666726664,False,False,False,1.1,1.1,,0.0,0.0,0.0,-6.750000000000007,32.845,0.0,
2494,2.257189178,11.64,56.5,4.853951890034364,5.15,,0.0,attentive,,8.25,0.24444424444424445,False,False,False,1.1,1.1,,0.0,0.0,0.0,-8.250000000000002,34.30977999999999,0.0,
2494,2.257189178,11.64,56.5,4.853951890034364,5.15,,0.0,attentive,,9.75,0.08888908888908889,False,False,False,1.1,1.1,,0.0,0.0,0.0,-9.750000000000014,35.21977,0.0,
2494,2.257189178,11.64,56.5,4.853951890034364,5.15,,0.0,attentive,,11.25,0.02222202222202222,False,False,False,1.1,1.1,,0.0,0.0,0.0,-11.25,35.81079999999999,0.0,
1003,0.815828059,13.92,25.01,1.7966954022988506,4.85,0.5,1.05,attentive,,3.75,0.13333313333313335,False,False,False,1.1500000000000001,0.10000000000000009,,0.0,0.0,0.0,-3.75,10.111904694250029,-2.9000000000000137,
1003,0.815828059,13.92,25.01,1.7966954022988506,4.85,0.5,1.05,attentive,,5.25,0.24444424444424445,False,False,False,1.1500000000000001,0.10000000000000009,,0.0,0.0,0.0,-5.2500000000000036,15.828889534749983,-2.9000000000000137,
1003,0.815828059,13.92,25.01,1.7966954022988506,4.85,0.5,1.05,attentive,,6.75,0.26666726666726664,False,False,False,1.1500000000000001,0.10000000000000009,,0.0,0.0,0.0,-6.750000000000007,17.541253167250012,-2.9000000000000137,
1003,0.815828059,13.92,25.01,1.7966954022988506,4.85,0.5,1.05,attentive,,8.25,0.24444424444424445,False,False,False,1.1500000000000001,0.10000000000000009,,0.0,0.0,0.0,-8.250000000000002,18.209413620250004,-2.9000000000000137,
1003,0.815828059,13.92,25.01,1.7966954022988506,4.85,0.5,1.05,attentive,,9.75,0.08888908888908889,False,False,False,1.1500000000000001,0.10000000000000009,,0.0,0.0,0.0,-9.750000000000014,18.525396346750007,-2.9000000000000137,
1003,0.815828059,13.92,25.01,1.7966954022988506,4.85,0.5,1.05,attentive,,11.25,0.02222202222202222,False,False,False,1.1500000000000001,0.10000000000000009,,0.0,0.0,0.0,-11.25,18.686463997750003,-2.9000000000000137,
4799,5.469193281,14.03,10.12,0.7213114754098361,4.95,1.3,2.35,attentive,,3.75,0.13333313333313335,False,False,False,1.95,-0.40000000000000013,,0.0,0.0,0.0,-3.75,9.82377249999999,-5.230000000000032,
4799,5.469193281,14.03,10.12,0.7213114754098361,4.95,1.3,2.35,attentive,,5.25,0.24444424444424445,False,False,False,1.95,-0.40000000000000013,,0.0,0.0,0.0,-5.2500000000000036,10.12,-5.230000000000032,
4799,5.469193281,14.03,10.12,0.7213114754098361,4.95,1.3,2.35,attentive,,6.75,0.26666726666726664,False,False,False,1.95,-0.40000000000000013,,0.0,0.0,0.0,-6.750000000000007,10.12,-5.230000000000032,
4799,5.469193281,14.03,10.12,0.7213114754098361,4.95,1.3,2.35,attentive,,8.25,0.24444424444424445,False,False,False,1.95,-0.40000000000000013,,0.0,0.0,0.0,-8.250000000000002,10.12,-5.230000000000032,
4799,5.469193281,14.03,10.12,0.7213114754098361,4.95,1.3,2.35,attentive,,9.75,0.08888908888908889,False,False,False,1.95,-0.40000000000000013,,0.0,0.0,0.0,-9.750000000000014,10.12,-5.230000000000032,
4799,5.469193281,14.03,10.12,0.7213114754098361,4.95,1.3,2.35,attentive,,11.25,0.02222202222202222,False,False,False,1.95,-0.40000000000000013,,0.0,0.0,0.0,-11.25,10.12,-5.230000000000032,
1583,5.23847288,12.72,51.26,4.029874213836478,5.05,0.0,0.9,attentive,,3.75,0.13333313333313335,False,False,False,0.95,0.04999999999999993,,0.0,0.0,0.0,-3.75,25.054403244,-2.0700000000000096,
1583,5.23847288,12.72,51.26,4.029874213836478,5.05,0.0,0.9,attentive,,5.25,0.24444424444424445,False,False,False,0.95,0.04999999999999993,,0.0,0.0,0.0,-5.2500000000000036,30.811730471999976,-2.0700000000000096,
1583,5.23847288,12.72,51.26,4.029874213836478,5.05,0.0,0.9,attentive,,6.75,0.26666726666726664,False,False,False,0.95,0.04999999999999993,,0.0,0.0,0.0,-6.750000000000007,33.84535393200001,-2.0700000000000096,
1583,5.23847288,12.72,51.26,4.029874213836478,5.05,0.0,0.9,attentive,,8.25,0.24444424444424445,False,False,False,0.95,0.04999999999999993,,0.0,0.0,0.0,-8.250000000000002,35.617405276999996,-2.0700000000000096,
1583,5.23847288,12.72,51.26,4.029874213836478,5.05,0.0,0.9,attentive,,9.75,0.08888908888908889,False,False,False,0.95,0.04999999999999993,,0.0,0.0,0.0,-9.750000000000014,36.627762007,-2.0700000000000096,
1583,5.23847288,12.72,51.26,4.029874213836478,5.05,0.0,0.9,attentive,,11.25,0.02222202222202222,False,False,False,0.95,0.04999999999999993,,0.0,0.0,0.0,-11.25,37.229794045000006,-2.0700000000000096,
641,2.761089111,12.0,14.61,1.2175,5.0,0.15000000000000002,1.5,attentive,,3.75,0.13333313333313335,False,False,False,1.75,0.25,,0.0,0.0,0.0,-3.75,5.891534999999983,-5.0400000000000444,
641,2.761089111,12.0,14.61,1.2175,5.0,0.15000000000000002,1.5,attentive,,5.25,0.24444424444424445,False,False,False,1.75,0.25,,0.0,0.0,0.0,-5.2500000000000036,10.410162499999995,-5.0400000000000444,
641,2.761089111,12.0,14.61,1.2175,5.0,0.15000000000000002,1.5,attentive,,6.75,0.26666726666726664,False,False,False,1.75,0.25,,0.0,0.0,0.0,-6.750000000000007,10.515449999999998,-5.0400000000000444,
641,2.761089111,12.0,14.61,1.2175,5.0,0.15000000000000002,1.5,attentive,,8.25,0.24444424444424445,False,False,False,1.75,0.25,,0.0,0.0,0.0,-8.250000000000002,10.555407500000001,-5.0400000000000444,
641,2.761089111,12.0,14.61,1.2175,5.0,0.15000000000000002,1.5,attentive,,9.75,0.08888908888908889,False,False,False,1.75,0.25,,0.0,0.0,0.0,-9.750000000000014,10.568945,-5.0400000000000444,
641,2.761089111,12.0,14.61,1.2175,5.0,0.15000000000000002,1.5,attentive,,11.25,0.02222202222202222,False,False,False,1.75,0.25,,0.0,0.0,0.0,-11.25,10.573137499999998,-5.0400000000000444,
2296,2.133205738,14.33,66.03,4.607815771109561,4.85,,0.0,attentive,,3.75,0.13333313333313335,False,False,False,0.9000000000000001,0.9000000000000001,,0.0,0.0,0.0,-3.75,24.927395000000026,0.0,
2296,2.133205738,14.33,66.03,4.607815771109561,4.85,,0.0,attentive,,5.25,0.24444424444424445,False,False,False,0.9000000000000001,0.9000000000000001,,0.0,0.0,0.0,-5.2500000000000036,32.29219999999998,0.0,
2296,2.133205738,14.33,66.03,4.607815771109561,4.85,,0.0,attentive,,6.75,0.26666726666726664,False,False,False,0.9000000000000001,0.9000000000000001,,0.0,0.0,0.0,-6.750000000000007,36.19685000000001,0.0,
2296,2.133205738,14.33,66.03,4.607815771109561,4.85,,0.0,attentive,,8.25,0.24444424444424445,False,False,False,0.9000000000000001,0.9000000000000001,,0.0,0.0,0.0,-8.250000000000002,38.51599499999999,0.0,
2296,2.133205738,14.33,66.03,4.607815771109561,4.85,,0.0,attentive,,9.75,0.08888908888908889,False,False,False,0.9000000000000001,0.9000000000000001,,0.0,0.0,0.0,-9.750000000000014,39.98972500000001,0.0,
2296,2.133205738,14.33,66.03,4.607815771109561,4.85,,0.0,attentive,,11.25,0.02222202222202222,False,False,False,0.9000000000000001,0.9000000000000001,,0.0,0.0,0.0,-11.25,40.9697,0.0,
4757,1.822818381,13.36,17.41,1.3031437125748504,5.2,0.0,1.35,attentive,,3.75,0.13333313333313335,False,False,False,0.8500000000000001,-0.5,,0.0,0.0,0.0,-3.75,15.314047500000004,-2.610000000000028,
4757,1.822818381,13.36,17.41,1.3031437125748504,5.2,0.0,1.35,attentive,,5.25,0.24444424444424445,False,False,False,0.8500000000000001,-0.5,,0.0,0.0,0.0,-5.2500000000000036,16.043,-2.610000000000028,
4757,1.822818381,13.36,17.41,1.3031437125748504,5.2,0.0,1.35,attentive,,6.75,0.26666726666726664,False,False,False,0.8500000000000001,-0.5,,0.0,0.0,0.0,-6.750000000000007,16.207237500000005,-2.610000000000028,
4757,1.822818381,13.36,17.41,1.3031437125748504,5.2,0.0,1.35,attentive,,8.25,0.24444424444424445,False,False,False,0.8500000000000001,-0.5,,0.0,0.0,0.0,-8.250000000000002,16.2607975,-2.610000000000028,
4757,1.822818381,13.36,17.41,1.3031437125748504,5.2,0.0,1.35,attentive,,9.75,0.08888908888908889,False,False,False,0.8500000000000001,-0.5,,0.0,0.0,0.0,-9.750000000000014,16.274420000000006,-2.610000000000028,
4757,1.822818381,13.36,17.41,1.3031437125748504,5.2,0.0,1.35,attentive,,11.25,0.02222202222202222,False,False,False,0.8500000000000001,-0.5,,0.0,0.0,0.0,-11.25,16.278612500000005,-2.610000000000028,
1726,3.029480431,12.26,6.64,0.5415986949429037,5.0,2.25,2.5500000000000003,attentive,,3.75,0.13333313333313335,False,False,False,3.0000000000000004,0.4500000000000002,,0.0,0.0,0.0,-3.75,0.9996700000000232,-2.880000000000029,
1726,3.029480431,12.26,6.64,0.5415986949429037,5.0,2.25,2.5500000000000003,attentive,,5.25,0.24444424444424445,False,False,False,3.0000000000000004,0.4500000000000002,,0.0,0.0,0.0,-5.2500000000000036,2.9770625000000024,-2.880000000000029,
1726,3.029480431,12.26,6.64,0.5415986949429037,5.0,2.25,2.5500000000000003,attentive,,6.75,0.26666726666726664,False,False,False,3.0000000000000004,0.4500000000000002,,0.0,0.0,0.0,-6.750000000000007,3.4572000000000216,-2.880000000000029,
1726,3.029480431,12.26,6.64,0.5415986949429037,5.0,2.25,2.5500000000000003,attentive,,8.25,0.24444424444424445,False,False,False,3.0000000000000004,0.4500000000000002,,0.0,0.0,0.0,-8.250000000000002,3.62579250000001,-2.880000000000029,
1726,3.029480431,12.26,6.64,0.5415986949429037,5.0,2.25,2.5500000000000003,attentive,,9.75,0.08888908888908889,False,False,False,3.0000000000000004,0.4500000000000002,,0.0,0.0,0.0,-9.750000000000014,3.693447500000005,-2.880000000000029,
1726,3.029480431,12.26,6.64,0.5415986949429037,5.0,2.25,2.5500000000000003,attentive,,11.25,0.02222202222202222,False,False,False,3.0000000000000004,0.4500000000000002,,0.0,0.0,0.0,-11.25,3.7173625,-2.880000000000029,
4852,2.515425003,10.61,17.49,1.648444863336475,5.2,0.30000000000000004,1.5,attentive,,3.75,0.13333313333313335,False,False,False,1.1,-0.3999999999999999,,0.0,0.0,0.0,-3.75,14.517090000000014,-3.630000000000013,
4852,2.515425003,10.61,17.49,1.648444863336475,5.2,0.30000000000000004,1.5,attentive,,5.25,0.24444424444424445,False,False,False,1.1,-0.3999999999999999,,0.0,0.0,0.0,-5.2500000000000036,16.0870125,-3.630000000000013,
4852,2.515425003,10.61,17.49,1.648444863336475,5.2,0.30000000000000004,1.5,attentive,,6.75,0.26666726666726664,False,False,False,1.1,-0.3999999999999999,,0.0,0.0,0.0,-6.750000000000007,16.573300000000003,-3.630000000000013,
4852,2.515425003,10.61,17.49,1.648444863336475,5.2,0.30000000000000004,1.5,attentive,,8.25,0.24444424444424445,False,False,False,1.1,-0.3999999999999999,,0.0,0.0,0.0,-8.250000000000002,16.70629,-3.630000000000013,
4852,2.515425003,10.61,17.49,1.648444863336475,5.2,0.30000000000000004,1.5,attentive,,9.75,0.08888908888908889,False,False,False,1.1,-0.3999999999999999,,0.0,0.0,0.0,-9.750000000000014,16.7521425,-3.630000000000013,
4852,2.515425003,10.61,17.49,1.648444863336475,5.2,0.30000000000000004,1.5,attentive,,11.25,0.02222202222202222,False,False,False,1.1,-0.3999999999999999,,0.0,0.0,0.0,-11.25,16.764499999999998,-3.630000000000013,
1952,2.827105349,11.96,60.56,5.063545150501672,5.1,,0.1,attentive,,3.75,0.13333313333313335,False,False,False,1.2,1.0999999999999999,,0.0,0.0,0.0,-3.75,27.046005,0.0,
1952,2.827105349,11.96,60.56,5.063545150501672,5.1,,0.1,attentive,,5.25,0.24444424444424445,False,False,False,1.2,1.0999999999999999,,0.0,0.0,0.0,-5.2500000000000036,32.11324999999998,0.0,
1952,2.827105349,11.96,60.56,5.063545150501672,5.1,,0.1,attentive,,6.75,0.26666726666726664,False,False,False,1.2,1.0999999999999999,,0.0,0.0,0.0,-6.750000000000007,34.77419999999999,0.0,
1952,2.827105349,11.96,60.56,5.063545150501672,5.1,,0.1,attentive,,8.25,0.24444424444424445,False,False,False,1.2,1.0999999999999999,,0.0,0.0,0.0,-8.250000000000002,36.33204499999999,0.0,
1952,2.827105349,11.96,60.56,5.063545150501672,5.1,,0.1,attentive,,9.75,0.08888908888908889,False,False,False,1.2,1.0999999999999999,,0.0,0.0,0.0,-9.750000000000014,37.30095,0.0,
1952,2.827105349,11.96,60.56,5.063545150501672,5.1,,0.1,attentive,,11.25,0.02222202222202222,False,False,False,1.2,1.0999999999999999,,0.0,0.0,0.0,-11.25,37.930800000000005,0.0,
1697,6.343306969,13.13,14.0,1.0662604722010662,4.95,0.0,0.55,attentive,,3.75,0.13333313333313335,False,False,False,0.8,0.25,,0.0,0.0,0.0,-3.75,8.979949999999995,-2.1800000000000197,
1697,6.343306969,13.13,14.0,1.0662604722010662,4.95,0.0,0.55,attentive,,5.25,0.24444424444424445,False,False,False,0.8,0.25,,0.0,0.0,0.0,-5.2500000000000036,10.364562499999995,-2.1800000000000197,
1697,6.343306969,13.13,14.0,1.0662604722010662,4.95,0.0,0.55,attentive,,6.75,0.26666726666726664,False,False,False,0.8,0.25,,0.0,0.0,0.0,-6.750000000000007,10.7822,-2.1800000000000197,
1697,6.343306969,13.13,14.0,1.0662604722010662,4.95,0.0,0.55,attentive,,8.25,0.24444424444424445,False,False,False,0.8,0.25,,0.0,0.0,0.0,-8.250000000000002,10.9496675,-2.1800000000000197,
1697,6.343306969,13.13,14.0,1.0662604722010662,4.95,0.0,0.55,attentive,,9.75,0.08888908888908889,False,False,False,0.8,0.25,,0.0,0.0,0.0,-9.750000000000014,11.0204475,-2.1800000000000197,
1697,6.343306969,13.13,14.0,1.0662604722010662,4.95,0.0,0.55,attentive,,11.25,0.02222202222202222,False,False,False,0.8,0.25,,0.0,0.0,0.0,-11.25,11.0492375,-2.1800000000000197,
2236,1.943766018,14.88,73.28,4.924731182795699,5.05,,0.0,attentive,,3.75,0.13333313333313335,False,False,False,1.0,1.0,,0.0,0.0,0.0,-3.75,28.764484999999986,0.0,
2236,1.943766018,14.88,73.28,4.924731182795699,5.05,,0.0,attentive,,5.25,0.24444424444424445,False,False,False,1.0,1.0,,0.0,0.0,0.0,-5.2500000000000036,36.72342499999998,0.0,
2236,1.943766018,14.88,73.28,4.924731182795699,5.05,,0.0,attentive,,6.75,0.26666726666726664,False,False,False,1.0,1.0,,0.0,0.0,0.0,-6.750000000000007,40.94937500000002,0.0,
2236,1.943766018,14.88,73.28,4.924731182795699,5.05,,0.0,attentive,,8.25,0.24444424444424445,False,False,False,1.0,1.0,,0.0,0.0,0.0,-8.250000000000002,43.468399999999995,0.0,
2236,1.943766018,14.88,73.28,4.924731182795699,5.05,,0.0,attentive,,9.75,0.08888908888908889,False,False,False,1.0,1.0,,0.0,0.0,0.0,-9.750000000000014,45.07290500000001,0.0,
2236,1.943766018,14.88,73.28,4.924731182795699,5.05,,0.0,attentive,,11.25,0.02222202222202222,False,False,False,1.0,1.0,,0.0,0.0,0.0,-11.25,46.14567500000001,0.0,
4974,0.779775421,11.48,6.45,0.5618466898954704,4.85,1.3,2.35,attentive,,3.75,0.13333313333313335,False,False,False,1.95,-0.40000000000000013,,0.0,0.0,0.0,-3.75,5.630870000000016,-6.9000000000000306,
4974,0.779775421,11.48,6.45,0.5618466898954704,4.85,1.3,2.35,attentive,,5.25,0.24444424444424445,False,False,False,1.95,-0.40000000000000013,,0.0,0.0,0.0,-5.2500000000000036,6.45,-6.9000000000000306,
4974,0.779775421,11.48,6.45,0.5618466898954704,4.85,1.3,2.35,attentive,,6.75,0.26666726666726664,False,False,False,1.95,-0.40000000000000013,,0.0,0.0,0.0,-6.750000000000007,6.45,-6.9000000000000306,
4974,0.779775421,11.48,6.45,0.5618466898954704,4.85,1.3,2.35,attentive,,8.25,0.24444424444424445,False,False,False,1.95,-0.40000000000000013,,0.0,0.0,0.0,-8.250000000000002,6.45,-6.9000000000000306,
4974,0.779775421,11.48,6.45,0.5618466898954704,4.85,1.3,2.35,attentive,,9.75,0.08888908888908889,False,False,False,1.95,-0.40000000000000013,,0.0,0.0,0.0,-9.750000000000014,6.45,-6.9000000000000306,
4974,0.779775421,11.48,6.45,0.5618466898954704,4.85,1.3,2.35,attentive,,11.25,0.02222202222202222,False,False,False,1.95,-0.40000000000000013,,0.0,0.0,0.0,-11.25,6.45,-6.9000000000000306,
4820,1.203485099,13.6,17.16,1.261764705882353,5.0,0.7000000000000001,1.85,attentive,,3.75,0.13333313333313335,False,False,False,1.4000000000000001,-0.44999999999999996,,0.0,0.0,0.0,-3.75,11.01452499999997,-3.980000000000037,
4820,1.203485099,13.6,17.16,1.261764705882353,5.0,0.7000000000000001,1.85,attentive,,5.25,0.24444424444424445,False,False,False,1.4000000000000001,-0.44999999999999996,,0.0,0.0,0.0,-5.2500000000000036,16.32326249999997,-3.980000000000037,
4820,1.203485099,13.6,17.16,1.261764705882353,5.0,0.7000000000000001,1.85,attentive,,6.75,0.26666726666726664,False,False,False,1.4000000000000001,-0.44999999999999996,,0.0,0.0,0.0,-6.750000000000007,16.915099999999995,-3.980000000000037,
4820,1.203485099,13.6,17.16,1.261764705882353,5.0,0.7000000000000001,1.85,attentive,,8.25,0.24444424444424445,False,False,False,1.4000000000000001,-0.44999999999999996,,0.0,0.0,0.0,-8.250000000000002,17.05359,-3.980000000000037,
4820,1.203485099,13.6,17.16,1.261764705882353,5.0,0.7000000000000001,1.85,attentive,,9.75,0.08888908888908889,False,False,False,1.4000000000000001,-0.44999999999999996,,0.0,0.0,0.0,-9.750000000000014,17.098887500000004,-3.980000000000037,
4820,1.203485099,13.6,17.16,1.261764705882353,5.0,0.7000000000000001,1.85,attentive,,11.25,0.02222202222202222,False,False,False,1.4000000000000001,-0.44999999999999996,,0.0,0.0,0.0,-11.25,17.110250000000008,-3.980000000000037,
1834,2.249502463,12.06,17.05,1.413764510779436,4.85,0.0,1.1500000000000001,attentive,,3.75,0.13333313333313335,False,False,False,1.1,-0.050000000000000044,,0.0,0.0,0.0,-3.75,12.971312500000003,-1.4200000000000168,
1834,2.249502463,12.06,17.05,1.413764510779436,4.85,0.0,1.1500000000000001,attentive,,5.25,0.24444424444424445,False,False,False,1.1,-0.050000000000000044,,0.0,0.0,0.0,-5.2500000000000036,13.543562500000004,-1.4200000000000168,
1834,2.249502463,12.06,17.05,1.413764510779436,4.85,0.0,1.1500000000000001,attentive,,6.75,0.26666726666726664,False,False,False,1.1,-0.050000000000000044,,0.0,0.0,0.0,-6.750000000000007,13.752062500000001,-1.4200000000000168,
1834,2.249502463,12.06,17.05,1.413764510779436,4.85,0.0,1.1500000000000001,attentive,,8.25,0.24444424444424445,False,False,False,1.1,-0.050000000000000044,,0.0,0.0,0.0,-8.250000000000002,13.8346375,-1.4200000000000168,
1834,2.249502463,12.06,17.05,1.413764510779436,4.85,0.0,1.1500000000000001,attentive,,9.75,0.08888908888908889,False,False,False,1.1,-0.050000000000000044,,0.0,0.0,0.0,-9.750000000000014,13.866887500000004,-1.4200000000000168,
1834,2.249502463,12.06,17.05,1.413764510779436,4.85,0.0,1.1500000000000001,attentive,,11.25,0.02222202222202222,False,False,False,1.1,-0.050000000000000044,,0.0,0.0,0.0,-11.25,13.878250000000001,-1.4200000000000168,
4166,3.226707196,14.55,19.14,1.3154639175257732,5.2,0.0,2.4000000000000004,attentive,,3.75,0.13333313333313335,False,False,False,2.0,-0.40000000000000036,,0.0,0.0,0.0,-3.75,12.520355000000052,-3.5700000000000376,
4166,3.226707196,14.55,19.14,1.3154639175257732,5.2,0.0,2.4000000000000004,attentive,,5.25,0.24444424444424445,False,False,False,2.0,-0.40000000000000036,,0.0,0.0,0.0,-5.2500000000000036,17.361962500000025,-3.5700000000000376,
4166,3.226707196,14.55,19.14,1.3154639175257732,5.2,0.0,2.4000000000000004,attentive,,6.75,0.26666726666726664,False,False,False,2.0,-0.40000000000000036,,0.0,0.0,0.0,-6.750000000000007,18.050650000000033,-3.5700000000000376,
4166,3.226707196,14.55,19.14,1.3154639175257732,5.2,0.0,2.4000000000000004,attentive,,8.25,0.24444424444424445,False,False,False,2.0,-0.40000000000000036,,0.0,0.0,0.0,-8.250000000000002,18.25262000000003,-3.5700000000000376,
4166,3.226707196,14.55,19.14,1.3154639175257732,5.2,0.0,2.4000000000000004,attentive,,9.75,0.08888908888908889,False,False,False,2.0,-0.40000000000000036,,0.0,0.0,0.0,-9.750000000000014,18.325697500000025,-3.5700000000000376,
4166,3.226707196,14.55,19.14,1.3154639175257732,5.2,0.0,2.4000000000000004,attentive,,11.25,0.02222202222202222,False,False,False,2.0,-0.40000000000000036,,0.0,0.0,0.0,-11.25,18.352700000000027,-3.5700000000000376,
1945,3.12565425,11.2,54.47,4.863392857142857,5.0,,0.0,attentive,,3.75,0.13333313333313335,False,False,False,1.0,1.0,,0.0,0.0,0.0,-3.75,25.752418346000017,0.0,
1945,3.12565425,11.2,54.47,4.863392857142857,5.0,,0.0,attentive,,5.25,0.24444424444424445,False,False,False,1.0,1.0,,0.0,0.0,0.0,-5.2500000000000036,30.325988905999996,0.0,
1945,3.12565425,11.2,54.47,4.863392857142857,5.0,,0.0,attentive,,6.75,0.26666726666726664,False,False,False,1.0,1.0,,0.0,0.0,0.0,-6.750000000000007,32.719207346000005,0.0,
1945,3.12565425,11.2,54.47,4.863392857142857,5.0,,0.0,attentive,,8.25,0.24444424444424445,False,False,False,1.0,1.0,,0.0,0.0,0.0,-8.250000000000002,34.113176306,0.0,
1945,3.12565425,11.2,54.47,4.863392857142857,5.0,,0.0,attentive,,9.75,0.08888908888908889,False,False,False,1.0,1.0,,0.0,0.0,0.0,-9.750000000000014,34.978220786,0.0,
1945,3.12565425,11.2,54.47,4.863392857142857,5.0,,0.0,attentive,,11.25,0.02222202222202222,False,False,False,1.0,1.0,,0.0,0.0,0.0,-11.25,35.53306526600001,0.0,
1589,3.738573349,15.47,22.52,1.4557207498383968,4.95,1.55,1.8,attentive,,3.75,0.13333313333313335,False,False,False,2.2,0.40000000000000013,,0.0,0.0,0.0,-3.75,3.6790848774999603,-3.1200000000000294,
1589,3.738573349,15.47,22.52,1.4557207498383968,4.95,1.55,1.8,attentive,,5.25,0.24444424444424445,False,False,False,2.2,0.40000000000000013,,0.0,0.0,0.0,-5.2500000000000036,9.847370002499972,-3.1200000000000294,
1589,3.738573349,15.47,22.52,1.4557207498383968,4.95,1.55,1.8,attentive,,6.75,0.26666726666726664,False,False,False,2.2,0.40000000000000013,,0.0,0.0,0.0,-6.750000000000007,11.830614287500012,-3.1200000000000294,
1589,3.738573349,15.47,22.52,1.4557207498383968,4.95,1.55,1.8,attentive,,8.25,0.24444424444424445,False,False,False,2.2,0.40000000000000013,,0.0,0.0,0.0,-8.250000000000002,12.566610022499994,-3.1200000000000294,
1589,3.738573349,15.47,22.52,1.4557207498383968,4.95,1.55,1.8,attentive,,9.75,0.08888908888908889,False,False,False,2.2,0.40000000000000013,,0.0,0.0,0.0,-9.750000000000014,12.907407942499994,-3.1200000000000294,
1589,3.738573349,15.47,22.52,1.4557207498383968,4.95,1.55,1.8,attentive,,11.25,0.02222202222202222,False,False,False,2.2,0.40000000000000013,,0.0,0.0,0.0,-11.25,13.080735652499989,-3.1200000000000294,
2419,8.64901433,15.44,74.98,4.856217616580311,4.9,,0.0,attentive,,3.75,0.13333313333313335,False,False,False,0.95,0.95,,0.0,0.0,0.0,-3.75,28.40819999999998,0.0,
2419,8.64901433,15.44,74.98,4.856217616580311,4.9,,0.0,attentive,,5.25,0.24444424444424445,False,False,False,0.95,0.95,,0.0,0.0,0.0,-5.2500000000000036,36.99589999999997,0.0,
2419,8.64901433,15.44,74.98,4.856217616580311,4.9,,0.0,attentive,,6.75,0.26666726666726664,False,False,False,0.95,0.95,,0.0,0.0,0.0,-6.750000000000007,41.564150000000026,0.0,
2419,8.64901433,15.44,74.98,4.856217616580311,4.9,,0.0,attentive,,8.25,0.24444424444424445,False,False,False,0.95,0.95,,0.0,0.0,0.0,-8.250000000000002,44.291664999999995,0.0,
2419,8.64901433,15.44,74.98,4.856217616580311,4.9,,0.0,attentive,,9.75,0.08888908888908889,False,False,False,0.95,0.95,,0.0,0.0,0.0,-9.750000000000014,46.036710000000014,0.0,
2419,8.64901433,15.44,74.98,4.856217616580311,4.9,,0.0,attentive,,11.25,0.02222202222202222,False,False,False,0.95,0.95,,0.0,0.0,0.0,-11.25,47.208025,0.0,
1304,2.68871351,17.09,29.41,1.7208894090111175,5.2,0.8,1.7000000000000002,attentive,,3.75,0.13333313333313335,False,False,False,1.4000000000000001,-0.30000000000000004,,0.0,0.0,0.0,-3.75,12.102082500000066,-4.660000000000029,
1304,2.68871351,17.09,29.41,1.7208894090111175,5.2,0.8,1.7000000000000002,attentive,,5.25,0.24444424444424445,False,False,False,1.4000000000000001,-0.30000000000000004,,0.0,0.0,0.0,-5.2500000000000036,19.43238749999997,-4.660000000000029,
1304,2.68871351,17.09,29.41,1.7208894090111175,5.2,0.8,1.7000000000000002,attentive,,6.75,0.26666726666726664,False,False,False,1.4000000000000001,-0.30000000000000004,,0.0,0.0,0.0,-6.750000000000007,22.618712500000022,-4.660000000000029,
1304,2.68871351,17.09,29.41,1.7208894090111175,5.2,0.8,1.7000000000000002,attentive,,8.25,0.24444424444424445,False,False,False,1.4000000000000001,-0.30000000000000004,,0.0,0.0,0.0,-8.250000000000002,24.04909999999999,-4.660000000000029,
1304,2.68871351,17.09,29.41,1.7208894090111175,5.2,0.8,1.7000000000000002,attentive,,9.75,0.08888908888908889,False,False,False,1.4000000000000001,-0.30000000000000004,,0.0,0.0,0.0,-9.750000000000014,24.57848750000001,-4.660000000000029,
1304,2.68871351,17.09,29.41,1.7208894090111175,5.2,0.8,1.7000000000000002,attentive,,11.25,0.02222202222202222,False,False,False,1.4000000000000001,-0.30000000000000004,,0.0,0.0,0.0,-11.25,24.819149999999986,-4.660000000000029,
2126,2.694296357,19.44,92.86,4.776748971193415,5.1,,0.0,attentive,,3.75,0.13333313333313335,False,False,False,0.8,0.8,,0.0,0.0,0.0,-3.75,26.770704999999964,0.0,
2126,2.694296357,19.44,92.86,4.776748971193415,5.1,,0.0,attentive,,5.25,0.24444424444424445,False,False,False,0.8,0.8,,0.0,0.0,0.0,-5.2500000000000036,40.543899999999915,0.0,
2126,2.694296357,19.44,92.86,4.776748971193415,5.1,,0.0,attentive,,6.75,0.26666726666726664,False,False,False,0.8,0.8,,0.0,0.0,0.0,-6.750000000000007,47.93829999999999,0.0,
2126,2.694296357,19.44,92.86,4.776748971193415,5.1,,0.0,attentive,,8.25,0.24444424444424445,False,False,False,0.8,0.8,,0.0,0.0,0.0,-8.250000000000028,52.41469000000001,0.0,
2126,2.694296357,19.44,92.86,4.776748971193415,5.1,,0.0,attentive,,9.75,0.08888908888908889,False,False,False,0.8,0.8,,0.0,0.0,0.0,-9.750000000000014,55.32865000000001,0.0,
2126,2.694296357,19.44,92.86,4.776748971193415,5.1,,0.0,attentive,,11.25,0.02222202222202222,False,False,False,0.8,0.8,,0.0,0.0,0.0,-11.25,57.325974999999985,0.0,
2086,5.608201961,17.9,86.14,4.812290502793297,5.1,,0.0,attentive,,3.75,0.13333313333313335,False,False,False,0.8500000000000001,0.8500000000000001,,0.0,0.0,0.0,-3.75,28.06646500000005,0.0,
2086,5.608201961,17.9,86.14,4.812290502793297,5.1,,0.0,attentive,,5.25,0.24444424444424445,False,False,False,0.8500000000000001,0.8500000000000001,,0.0,0.0,0.0,-5.2500000000000036,39.700224999999946,0.0,
2086,5.608201961,17.9,86.14,4.812290502793297,5.1,,0.0,attentive,,6.75,0.26666726666726664,False,False,False,0.8500000000000001,0.8500000000000001,,0.0,0.0,0.0,-6.750000000000007,45.923925000000025,0.0,
2086,5.608201961,17.9,86.14,4.812290502793297,5.1,,0.0,attentive,,8.25,0.24444424444424445,False,False,False,0.8500000000000001,0.8500000000000001,,0.0,0.0,0.0,-8.250000000000002,49.67688,0.0,
2086,5.608201961,17.9,86.14,4.812290502793297,5.1,,0.0,attentive,,9.75,0.08888908888908889,False,False,False,0.8500000000000001,0.8500000000000001,,0.0,0.0,0.0,-9.750000000000014,52.10586000000002,0.0,
2086,5.608201961,17.9,86.14,4.812290502793297,5.1,,0.0,attentive,,11.25,0.02222202222202222,False,False,False,0.8500000000000001,0.8500000000000001,,0.0,0.0,0.0,-11.25,53.758150000000015,0.0,
4427,5.169167584,26.81,25.33,0.9447967176426706,5.0,0.0,2.6500000000000004,attentive,,3.75,0.13333313333313335,False,False,True,2.4000000000000004,-0.25,5.65,8.786899999999997,4.393449999999999,0.008789480582356344,-3.75,-0.34101250000000505,-6.710000000000065,-0.40000000000000036
4427,5.169167584,26.81,25.33,0.9447967176426706,5.0,0.0,2.6500000000000004,attentive,,5.25,0.24444424444424445,False,False,False,2.4000000000000004,-0.25,,0.0,0.0,0.0,-5.2500000000000036,5.405349999999942,-6.710000000000065,
4427,5.169167584,26.81,25.33,0.9447967176426706,5.0,0.0,2.6500000000000004,attentive,,6.75,0.26666726666726664,False,False,False,2.4000000000000004,-0.25,,0.0,0.0,0.0,-6.750000000000007,14.038937499999975,-6.710000000000065,
4427,5.169167584,26.81,25.33,0.9447967176426706,5.0,0.0,2.6500000000000004,attentive,,8.25,0.24444424444424445,False,False,False,2.4000000000000004,-0.25,,0.0,0.0,0.0,-8.250000000000028,19.2844925000001,-6.710000000000065,
4427,5.169167584,26.81,25.33,0.9447967176426706,5.0,0.0,2.6500000000000004,attentive,,9.75,0.08888908888908889,False,False,False,2.4000000000000004,-0.25,,0.0,0.0,0.0,-9.750000000000014,21.652697500000045,-6.710000000000065,
4427,5.169167584,26.81,25.33,0.9447967176426706,5.0,0.0,2.6500000000000004,attentive,,11.25,0.02222202222202222,False,False,False,2.4000000000000004,-0.25,,0.0,0.0,0.0,-11.25,22.390950000000018,-6.710000000000065,
554,6.671350142,16.07,8.66,0.5388923459863099,4.9,1.9000000000000001,2.3000000000000003,attentive,,3.75,0.13333313333313335,False,False,True,2.5500000000000003,0.25,4.75,3.1370474499999994,1.5685237249999997,0.0034640928240890104,-3.75,-0.016748029249981755,-4.020000000000037,-0.09999999999999964
554,6.671350142,16.07,8.66,0.5388923459863099,4.9,1.9000000000000001,2.3000000000000003,attentive,,5.25,0.24444424444424445,False,False,False,2.5500000000000003,0.25,,0.0,0.0,0.0,-5.2500000000000036,3.2241444707499767,-4.020000000000037,
554,6.671350142,16.07,8.66,0.5388923459863099,4.9,1.9000000000000001,2.3000000000000003,attentive,,6.75,0.26666726666726664,False,False,False,2.5500000000000003,0.25,,0.0,0.0,0.0,-6.750000000000007,4.620444165750001,-4.020000000000037,
554,6.671350142,16.07,8.66,0.5388923459863099,4.9,1.9000000000000001,2.3000000000000003,attentive,,8.25,0.24444424444424445,False,False,False,2.5500000000000003,0.25,,0.0,0.0,0.0,-8.250000000000002,4.968938400750005,-4.020000000000037,
554,6.671350142,16.07,8.66,0.5388923459863099,4.9,1.9000000000000001,2.3000000000000003,attentive,,9.75,0.08888908888908889,False,False,False,2.5500000000000003,0.25,,0.0,0.0,0.0,-9.750000000000014,5.098500518249992,-4.020000000000037,
554,6.671350142,16.07,8.66,0.5388923459863099,4.9,1.9000000000000001,2.3000000000000003,attentive,,11.25,0.02222202222202222,False,False,False,2.5500000000000003,0.25,,0.0,0.0,0.0,-11.25,5.149017890750002,-4.020000000000037,
2123,3.81142775,20.85,97.72,4.686810551558753,4.85,,0.0,attentive,,3.75,0.13333313333313335,False,False,False,0.75,0.75,,0.0,0.0,0.0,-3.75,23.959195000000037,0.0,
2123,3.81142775,20.85,97.72,4.686810551558753,4.85,,0.0,attentive,,5.25,0.24444424444424445,False,False,False,0.75,0.75,,0.0,0.0,0.0,-5.2500000000000036,39.850824999999915,0.0,
2123,3.81142775,20.85,97.72,4.686810551558753,4.85,,0.0,attentive,,6.75,0.26666726666726664,False,False,False,0.75,0.75,,0.0,0.0,0.0,-6.750000000000007,48.402099999999976,0.0,
2123,3.81142775,20.85,97.72,4.686810551558753,4.85,,0.0,attentive,,8.25,0.24444424444424445,False,False,False,0.75,0.75,,0.0,0.0,0.0,-8.250000000000028,53.598235,0.0,
2123,3.81142775,20.85,97.72,4.686810551558753,4.85,,0.0,attentive,,9.75,0.08888908888908889,False,False,False,0.75,0.75,,0.0,0.0,0.0,-9.750000000000014,56.996065000000016,0.0,
2123,3.81142775,20.85,97.72,4.686810551558753,4.85,,0.0,attentive,,11.25,0.02222202222202222,False,False,False,0.75,0.75,,0.0,0.0,0.0,-11.25,59.33364999999998,0.0,
4426,3.08265177,26.81,25.33,0.9447967176426706,5.05,1.75,2.5,attentive,,3.75,0.13333313333313335,False,False,False,2.2500000000000004,-0.24999999999999956,,0.0,0.0,0.0,-3.75,2.607147500000252,-6.440000000000055,
4426,3.08265177,26.81,25.33,0.9447967176426706,5.05,1.75,2.5,attentive,,5.25,0.24444424444424445,False,False,False,2.2500000000000004,-0.24999999999999956,,0.0,0.0,0.0,-5.2500000000000036,12.07746250000011,-6.440000000000055,
4426,3.08265177,26.81,25.33,0.9447967176426706,5.05,1.75,2.5,attentive,,6.75,0.26666726666726664,False,False,False,2.2500000000000004,-0.24999999999999956,,0.0,0.0,0.0,-6.750000000000007,17.050975000000108,-6.440000000000055,
4426,3.08265177,26.81,25.33,0.9447967176426706,5.05,1.75,2.5,attentive,,8.25,0.24444424444424445,False,False,False,2.2500000000000004,-0.24999999999999956,,0.0,0.0,0.0,-8.250000000000028,19.736055000000178,-6.440000000000055,
4426,3.08265177,26.81,25.33,0.9447967176426706,5.05,1.75,2.5,attentive,,9.75,0.08888908888908889,False,False,False,2.2500000000000004,-0.24999999999999956,,0.0,0.0,0.0,-9.750000000000014,21.223470000000148,-6.440000000000055,
4426,3.08265177,26.81,25.33,0.9447967176426706,5.05,1.75,2.5,attentive,,11.25,0.02222202222202222,False,False,False,2.2500000000000004,-0.24999999999999956,,0.0,0.0,0.0,-11.25,21.816600000000108,-6.440000000000055,
4661,2.406144886,27.82,35.43,1.2735442127965493,5.2,0.0,2.5500000000000003,attentive,,3.75,0.13333313333313335,False,False,False,2.0500000000000003,-0.5,,0.0,0.0,0.0,-3.75,10.227215000000115,-4.830000000000041,
4661,2.406144886,27.82,35.43,1.2735442127965493,5.2,0.0,2.5500000000000003,attentive,,5.25,0.24444424444424445,False,False,False,2.0500000000000003,-0.5,,0.0,0.0,0.0,-5.2500000000000036,22.528025,-4.830000000000041,
4661,2.406144886,27.82,35.43,1.2735442127965493,5.2,0.0,2.5500000000000003,attentive,,6.75,0.26666726666726664,False,False,False,2.0500000000000003,-0.5,,0.0,0.0,0.0,-6.750000000000007,28.769175000000004,-4.830000000000041,
4661,2.406144886,27.82,35.43,1.2735442127965493,5.2,0.0,2.5500000000000003,attentive,,8.25,0.24444424444424445,False,False,False,2.0500000000000003,-0.5,,0.0,0.0,0.0,-8.250000000000028,30.51520500000008,-4.830000000000041,
4661,2.406144886,27.82,35.43,1.2735442127965493,5.2,0.0,2.5500000000000003,attentive,,9.75,0.08888908888908889,False,False,False,2.0500000000000003,-0.5,,0.0,0.0,0.0,-9.750000000000014,31.119917500000057,-4.830000000000041,
4661,2.406144886,27.82,35.43,1.2735442127965493,5.2,0.0,2.5500000000000003,attentive,,11.25,0.02222202222202222,False,False,False,2.0500000000000003,-0.5,,0.0,0.0,0.0,-11.25,31.390675000000044,-4.830000000000041,
89,0.35106393,15.2,25.35,1.667763157894737,5.05,0.0,1.75,attentive,,3.75,0.13333313333313335,False,False,False,2.0500000000000003,0.30000000000000027,,0.0,0.0,0.0,-3.75,14.965324999999979,-1.8100000000000183,
89,0.35106393,15.2,25.35,1.667763157894737,5.05,0.0,1.75,attentive,,5.25,0.24444424444424445,False,False,False,2.0500000000000003,0.30000000000000027,,0.0,0.0,0.0,-5.2500000000000036,16.075487499999966,-1.8100000000000183,
89,0.35106393,15.2,25.35,1.667763157894737,5.05,0.0,1.75,attentive,,6.75,0.26666726666726664,False,False,False,2.0500000000000003,0.30000000000000027,,0.0,0.0,0.0,-6.750000000000007,16.455799999999975,-1.8100000000000183,
89,0.35106393,15.2,25.35,1.667763157894737,5.05,0.0,1.75,attentive,,8.25,0.24444424444424445,False,False,False,2.0500000000000003,0.30000000000000027,,0.0,0.0,0.0,-8.250000000000002,16.613629999999986,-1.8100000000000183,
89,0.35106393,15.2,25.35,1.667763157894737,5.05,0.0,1.75,attentive,,9.75,0.08888908888908889,False,False,False,2.0500000000000003,0.30000000000000027,,0.0,0.0,0.0,-9.750000000000014,16.683047499999994,-1.8100000000000183,
89,0.35106393,15.2,25.35,1.667763157894737,5.05,0.0,1.75,attentive,,11.25,0.02222202222202222,False,False,False,2.0500000000000003,0.30000000000000027,,0.0,0.0,0.0,-11.25,16.71296249999999,-1.8100000000000183,
4004,3.840425903,15.9,6.95,0.4371069182389937,5.0,0.0,3.2,attentive,,3.75,0.13333313333313335,False,False,False,3.4000000000000004,0.20000000000000018,,0.0,0.0,0.0,-3.75,4.254017499999932,-3.320000000000043,
4004,3.840425903,15.9,6.95,0.4371069182389937,5.0,0.0,3.2,attentive,,5.25,0.24444424444424445,False,False,False,3.4000000000000004,0.20000000000000018,,0.0,0.0,0.0,-5.2500000000000036,6.180512499999935,-3.320000000000043,
4004,3.840425903,15.9,6.95,0.4371069182389937,5.0,0.0,3.2,attentive,,6.75,0.26666726666726664,False,False,False,3.4000000000000004,0.20000000000000018,,0.0,0.0,0.0,-6.750000000000007,6.717949999999917,-3.320000000000043,
4004,3.840425903,15.9,6.95,0.4371069182389937,5.0,0.0,3.2,attentive,,8.25,0.24444424444424445,False,False,False,3.4000000000000004,0.20000000000000018,,0.0,0.0,0.0,-8.250000000000002,6.8854924999998985,-3.320000000000043,
4004,3.840425903,15.9,6.95,0.4371069182389937,5.0,0.0,3.2,attentive,,9.75,0.08888908888908889,False,False,False,3.4000000000000004,0.20000000000000018,,0.0,0.0,0.0,-9.750000000000014,6.948579999999893,-3.320000000000043,
4004,3.840425903,15.9,6.95,0.4371069182389937,5.0,0.0,3.2,attentive,,11.25,0.02222202222202222,False,False,False,3.4000000000000004,0.20000000000000018,,0.0,0.0,0.0,-11.25,6.95,-3.320000000000043,
4864,3.944110494,16.67,21.43,1.2855428914217155,5.05,0.75,2.0500000000000003,attentive,,3.75,0.13333313333313335,False,False,False,1.35,-0.7000000000000002,,0.0,0.0,0.0,-3.75,13.619267499999964,-5.910000000000029,
4864,3.944110494,16.67,21.43,1.2855428914217155,5.05,0.75,2.0500000000000003,attentive,,5.25,0.24444424444424445,False,False,False,1.35,-0.7000000000000002,,0.0,0.0,0.0,-5.2500000000000036,21.38599999999993,-5.910000000000029,
4864,3.944110494,16.67,21.43,1.2855428914217155,5.05,0.75,2.0500000000000003,attentive,,6.75,0.26666726666726664,False,False,False,1.35,-0.7000000000000002,,0.0,0.0,0.0,-6.750000000000007,21.43,-5.910000000000029,
4864,3.944110494,16.67,21.43,1.2855428914217155,5.05,0.75,2.0500000000000003,attentive,,8.25,0.24444424444424445,False,False,False,1.35,-0.7000000000000002,,0.0,0.0,0.0,-8.250000000000002,21.43,-5.910000000000029,
4864,3.944110494,16.67,21.43,1.2855428914217155,5.05,0.75,2.0500000000000003,attentive,,9.75,0.08888908888908889,False,False,False,1.35,-0.7000000000000002,,0.0,0.0,0.0,-9.750000000000014,21.43,-5.910000000000029,
4864,3.944110494,16.67,21.43,1.2855428914217155,5.05,0.75,2.0500000000000003,attentive,,11.25,0.02222202222202222,False,False,False,1.35,-0.7000000000000002,,0.0,0.0,0.0,-11.25,21.43,-5.910000000000029,
4626,7.399787965,21.89,29.05,1.327089995431704,4.9,0.5,1.7000000000000002,attentive,,3.75,0.13333313333313335,False,False,False,1.1,-0.6000000000000001,,0.0,0.0,0.0,-3.75,2.7956675000000644,-5.6700000000000506,
4626,7.399787965,21.89,29.05,1.327089995431704,4.9,0.5,1.7000000000000002,attentive,,5.25,0.24444424444424445,False,False,False,1.1,-0.6000000000000001,,0.0,0.0,0.0,-5.2500000000000036,18.592612499999902,-5.6700000000000506,
4626,7.399787965,21.89,29.05,1.327089995431704,4.9,0.5,1.7000000000000002,attentive,,6.75,0.26666726666726664,False,False,False,1.1,-0.6000000000000001,,0.0,0.0,0.0,-6.750000000000007,26.434999999999967,-5.6700000000000506,
4626,7.399787965,21.89,29.05,1.327089995431704,4.9,0.5,1.7000000000000002,attentive,,8.25,0.24444424444424445,False,False,False,1.1,-0.6000000000000001,,0.0,0.0,0.0,-8.250000000000028,27.868105000000007,-5.6700000000000506,
4626,7.399787965,21.89,29.05,1.327089995431704,4.9,0.5,1.7000000000000002,attentive,,9.75,0.08888908888908889,False,False,False,1.1,-0.6000000000000001,,0.0,0.0,0.0,-9.750000000000014,28.193222499999997,-5.6700000000000506,
4626,7.399787965,21.89,29.05,1.327089995431704,4.9,0.5,1.7000000000000002,attentive,,11.25,0.02222202222202222,False,False,False,1.1,-0.6000000000000001,,0.0,0.0,0.0,-11.25,28.311099999999996,-5.6700000000000506,
606,0.451060039,23.53,24.38,1.0361240968975776,5.05,0.0,0.5,attentive,,3.75,0.13333313333313335,False,False,False,0.6000000000000001,0.10000000000000009,,0.0,0.0,0.0,-3.75,2.513717500000041,-3.350000000000035,
606,0.451060039,23.53,24.38,1.0361240968975776,5.05,0.0,0.5,attentive,,5.25,0.24444424444424445,False,False,False,0.6000000000000001,0.10000000000000009,,0.0,0.0,0.0,-5.2500000000000036,15.051312499999966,-3.350000000000035,
606,0.451060039,23.53,24.38,1.0361240968975776,5.05,0.0,0.5,attentive,,6.75,0.26666726666726664,False,False,False,0.6000000000000001,0.10000000000000009,,0.0,0.0,0.0,-6.750000000000007,17.730800000000002,-3.350000000000035,
606,0.451060039,23.53,24.38,1.0361240968975776,5.05,0.0,0.5,attentive,,8.25,0.24444424444424445,False,False,False,0.6000000000000001,0.10000000000000009,,0.0,0.0,0.0,-8.250000000000028,18.673370000000013,-3.350000000000035,
606,0.451060039,23.53,24.38,1.0361240968975776,5.05,0.0,0.5,attentive,,9.75,0.08888908888908889,False,False,False,0.6000000000000001,0.10000000000000009,,0.0,0.0,0.0,-9.750000000000014,19.105287499999996,-3.350000000000035,
606,0.451060039,23.53,24.38,1.0361240968975776,5.05,0.0,0.5,attentive,,11.25,0.02222202222202222,False,False,False,0.6000000000000001,0.10000000000000009,,0.0,0.0,0.0,-11.25,19.325674999999997,-3.350000000000035,
4784,0.45626566,23.5,11.3,0.48085106382978726,4.85,1.9500000000000002,2.8000000000000003,attentive,,3.75,0.13333313333313335,False,False,False,2.5000000000000004,-0.2999999999999998,,0.0,0.0,0.0,-3.75,6.1356275000000124,-5.840000000000032,
4784,0.45626566,23.5,11.3,0.48085106382978726,4.85,1.9500000000000002,2.8000000000000003,attentive,,5.25,0.24444424444424445,False,False,False,2.5000000000000004,-0.2999999999999998,,0.0,0.0,0.0,-5.2500000000000036,10.972475000000045,-5.840000000000032,
4784,0.45626566,23.5,11.3,0.48085106382978726,4.85,1.9500000000000002,2.8000000000000003,attentive,,6.75,0.26666726666726664,False,False,False,2.5000000000000004,-0.2999999999999998,,0.0,0.0,0.0,-6.750000000000007,11.3,-5.840000000000032,
4784,0.45626566,23.5,11.3,0.48085106382978726,4.85,1.9500000000000002,2.8000000000000003,attentive,,8.25,0.24444424444424445,False,False,False,2.5000000000000004,-0.2999999999999998,,0.0,0.0,0.0,-8.250000000000028,11.3,-5.840000000000032,
4784,0.45626566,23.5,11.3,0.48085106382978726,4.85,1.9500000000000002,2.8000000000000003,attentive,,9.75,0.08888908888908889,False,False,False,2.5000000000000004,-0.2999999999999998,,0.0,0.0,0.0,-9.750000000000014,11.3,-5.840000000000032,
4784,0.45626566,23.5,11.3,0.48085106382978726,4.85,1.9500000000000002,2.8000000000000003,attentive,,11.25,0.02222202222202222,False,False,False,2.5000000000000004,-0.2999999999999998,,0.0,0.0,0.0,-11.25,11.3,-5.840000000000032,
4200,2.307121607,28.67,32.35,1.1283571677711894,4.95,0.0,2.3000000000000003,attentive,,3.75,0.13333313333313335,False,False,True,1.9000000000000001,-0.40000000000000013,5.45,12.0684,6.0342,0.015046297350167027,-3.75,-0.10754500000001599,-7.190000000000065,-0.25
4200,2.307121607,28.67,32.35,1.1283571677711894,4.95,0.0,2.3000000000000003,attentive,,5.25,0.24444424444424445,False,False,False,1.9000000000000001,-0.40000000000000013,,0.0,0.0,0.0,-5.2500000000000036,4.14248749999993,-7.190000000000065,
4200,2.307121607,28.67,32.35,1.1283571677711894,4.95,0.0,2.3000000000000003,attentive,,6.75,0.26666726666726664,False,False,False,1.9000000000000001,-0.40000000000000013,,0.0,0.0,0.0,-6.750000000000007,16.95357499999993,-7.190000000000065,
4200,2.307121607,28.67,32.35,1.1283571677711894,4.95,0.0,2.3000000000000003,attentive,,8.25,0.24444424444424445,False,False,False,1.9000000000000001,-0.40000000000000013,,0.0,0.0,0.0,-8.250000000000028,24.805782500000106,-7.190000000000065,
4200,2.307121607,28.67,32.35,1.1283571677711894,4.95,0.0,2.3000000000000003,attentive,,9.75,0.08888908888908889,False,False,False,1.9000000000000001,-0.40000000000000013,,0.0,0.0,0.0,-9.750000000000014,28.6564475,-7.190000000000065,
4200,2.307121607,28.67,32.35,1.1283571677711894,4.95,0.0,2.3000000000000003,attentive,,11.25,0.02222202222202222,False,False,False,1.9000000000000001,-0.40000000000000013,,0.0,0.0,0.0,-11.25,29.693425000000005,-7.190000000000065,
3720,4.169562396,21.48,28.31,1.3179702048417132,5.15,0.7000000000000001,2.5,attentive,,3.75,0.13333313333313335,False,False,False,1.55,-0.95,,0.0,0.0,0.0,-3.75,24.163324999999986,-3.660000000000032,
3720,4.169562396,21.48,28.31,1.3179702048417132,5.15,0.7000000000000001,2.5,attentive,,5.25,0.24444424444424445,False,False,False,1.55,-0.95,,0.0,0.0,0.0,-5.2500000000000036,27.872749999999968,-3.660000000000032,
3720,4.169562396,21.48,28.31,1.3179702048417132,5.15,0.7000000000000001,2.5,attentive,,6.75,0.26666726666726664,False,False,False,1.55,-0.95,,0.0,0.0,0.0,-6.750000000000007,28.30553749999998,-3.660000000000032,
3720,4.169562396,21.48,28.31,1.3179702048417132,5.15,0.7000000000000001,2.5,attentive,,8.25,0.24444424444424445,False,False,False,1.55,-0.95,,0.0,0.0,0.0,-8.250000000000028,28.31,-3.660000000000032,
3720,4.169562396,21.48,28.31,1.3179702048417132,5.15,0.7000000000000001,2.5,attentive,,9.75,0.08888908888908889,False,False,False,1.55,-0.95,,0.0,0.0,0.0,-9.750000000000014,28.31,-3.660000000000032,
3720,4.169562396,21.48,28.31,1.3179702048417132,5.15,0.7000000000000001,2.5,attentive,,11.25,0.02222202222202222,False,False,False,1.55,-0.95,,0.0,0.0,0.0,-11.25,28.31,-3.660000000000032,
1417,1.021258737,23.67,10.69,0.45162653147444015,5.2,0.0,2.35,attentive,,3.75,0.13333313333313335,False,False,True,2.6500000000000004,0.30000000000000027,5.050000000000001,3.6859,1.84295,0.003792757154800863,-3.75,-0.15087250000006236,-3.950000000000049,-0.25
1417,1.021258737,23.67,10.69,0.45162653147444015,5.2,0.0,2.35,attentive,,5.25,0.24444424444424445,False,False,False,2.6500000000000004,0.30000000000000027,,0.0,0.0,0.0,-5.2500000000000036,3.736762499999955,-3.950000000000049,
1417,1.021258737,23.67,10.69,0.45162653147444015,5.2,0.0,2.35,attentive,,6.75,0.26666726666726664,False,False,False,2.6500000000000004,0.30000000000000027,,0.0,0.0,0.0,-6.750000000000007,5.761087499999974,-3.950000000000049,
1417,1.021258737,23.67,10.69,0.45162653147444015,5.2,0.0,2.35,attentive,,8.25,0.24444424444424445,False,False,False,2.6500000000000004,0.30000000000000027,,0.0,0.0,0.0,-8.250000000000028,6.307557500000016,-3.950000000000049,
1417,1.021258737,23.67,10.69,0.45162653147444015,5.2,0.0,2.35,attentive,,9.75,0.08888908888908889,False,False,False,2.6500000000000004,0.30000000000000027,,0.0,0.0,0.0,-9.750000000000014,6.523804999999967,-3.950000000000049,
1417,1.021258737,23.67,10.69,0.45162653147444015,5.2,0.0,2.35,attentive,,11.25,0.02222202222202222,False,False,False,2.6500000000000004,0.30000000000000027,,0.0,0.0,0.0,-11.25,6.617887499999952,-3.950000000000049,
871,6.325839138,35.48,86.1,2.426719278466742,5.2,0.0,1.2000000000000002,attentive,,3.75,0.13333313333313335,False,False,False,1.25,0.04999999999999982,,0.0,0.0,0.0,-3.75,21.859557499999738,-1.890000000000036,
871,6.325839138,35.48,86.1,2.426719278466742,5.2,0.0,1.2000000000000002,attentive,,5.25,0.24444424444424445,False,False,False,1.25,0.04999999999999982,,0.0,0.0,0.0,-5.250000000000057,38.61340000000001,-1.890000000000036,
871,6.325839138,35.48,86.1,2.426719278466742,5.2,0.0,1.2000000000000002,attentive,,6.75,0.26666726666726664,False,False,False,1.25,0.04999999999999982,,0.0,0.0,0.0,-6.750000000000007,47.22818749999986,-1.890000000000036,
871,6.325839138,35.48,86.1,2.426719278466742,5.2,0.0,1.2000000000000002,attentive,,8.25,0.24444424444424445,False,False,False,1.25,0.04999999999999982,,0.0,0.0,0.0,-8.250000000000028,51.63860250000002,-1.890000000000036,
871,6.325839138,35.48,86.1,2.426719278466742,5.2,0.0,1.2000000000000002,attentive,,9.75,0.08888908888908889,False,False,False,1.25,0.04999999999999982,,0.0,0.0,0.0,-9.750000000000014,54.19667499999997,-1.890000000000036,
871,6.325839138,35.48,86.1,2.426719278466742,5.2,0.0,1.2000000000000002,attentive,,11.25,0.02222202222202222,False,False,False,1.25,0.04999999999999982,,0.0,0.0,0.0,-11.25,55.808837499999996,-1.890000000000036,
2516,5.518906897,18.78,89.44,4.762513312034079,5.0,,0.0,attentive,,3.75,0.13333313333313335,False,False,False,0.8,0.8,,0.0,0.0,0.0,-3.75,27.246864999999957,0.0,
2516,5.518906897,18.78,89.44,4.762513312034079,5.0,,0.0,attentive,,5.25,0.24444424444424445,False,False,False,0.8,0.8,,0.0,0.0,0.0,-5.2500000000000036,40.080174999999926,0.0,
2516,5.518906897,18.78,89.44,4.762513312034079,5.0,,0.0,attentive,,6.75,0.26666726666726664,False,False,False,0.8,0.8,,0.0,0.0,0.0,-6.750000000000007,46.96202499999999,0.0,
2516,5.518906897,18.78,89.44,4.762513312034079,5.0,,0.0,attentive,,8.25,0.24444424444424445,False,False,False,0.8,0.8,,0.0,0.0,0.0,-8.250000000000028,51.119784999999986,0.0,
2516,5.518906897,18.78,89.44,4.762513312034079,5.0,,0.0,attentive,,9.75,0.08888908888908889,False,False,False,0.8,0.8,,0.0,0.0,0.0,-9.750000000000014,53.82134500000001,0.0,
2516,5.518906897,18.78,89.44,4.762513312034079,5.0,,0.0,attentive,,11.25,0.02222202222202222,False,False,False,0.8,0.8,,0.0,0.0,0.0,-11.25,55.66524999999999,0.0,
