seed_id,omega,v_f0,d0,thw0,t_crash_orig,t_lead_onset,t_anchor,schedule,glance_end,d_max,prob,no_response,crashed,t_onset,rt_vs_anchor,t_impact,v_rel_impact,dv_lead,p_inj,a_f_min,min_gap,a_l_min,t_nr
3456,2.981746817,0.0,4.021037145,40.21037145,5.05,,0.45,attentive,,3.75,0.13333313333313335,False,False,3.6500000000000004,3.2,,0.0,0.0,0.0,-3.75,1.0456004906500005,0.0,
3456,2.981746817,0.0,4.021037145,40.21037145,5.05,,0.45,attentive,,5.25,0.24444424444424445,False,False,3.6500000000000004,3.2,,0.0,0.0,0.0,-5.087092940000001,1.0532332230000003,0.0,
3456,2.981746817,0.0,4.021037145,40.21037145,5.05,,0.45,attentive,,6.75,0.26666726666726664,False,False,3.6500000000000004,3.2,,0.0,0.0,0.0,-5.087092940000001,1.0532332230000003,0.0,
3456,2.981746817,0.0,4.021037145,40.21037145,5.05,,0.45,attentive,,8.25,0.24444424444424445,False,False,3.6500000000000004,3.2,,0.0,0.0,0.0,-5.087092940000001,1.0532332230000003,0.0,
3456,2.981746817,0.0,4.021037145,40.21037145,5.05,,0.45,attentive,,9.75,0.08888908888908889,False,False,3.6500000000000004,3.2,,0.0,0.0,0.0,-5.087092940000001,1.0532332230000003,0.0,
3456,2.981746817,0.0,4.021037145,40.21037145,5.05,,0.45,attentive,,11.25,0.02222202222202222,False,False,3.6500000000000004,3.2,,0.0,0.0,0.0,-5.087092940000001,1.0532332230000003,0.0,
1989,8.522252513,3.43,18.21,5.309037900874635,5.05,,0.1,attentive,,3.75,0.13333313333313335,False,False,1.75,1.65,,0.0,0.0,0.0,-3.75,7.996152915050002,0.0,
1989,8.522252513,3.43,18.21,5.309037900874635,5.05,,0.1,attentive,,5.25,0.24444424444424445,False,False,1.75,1.65,,0.0,0.0,0.0,-5.2500000000000036,8.59223042685,0.0,
1989,8.522252513,3.43,18.21,5.309037900874635,5.05,,0.1,attentive,,6.75,0.26666726666726664,False,False,1.75,1.65,,0.0,0.0,0.0,-6.75,8.866549728049998,0.0,
1989,8.522252513,3.43,18.21,5.309037900874635,5.05,,0.1,attentive,,8.25,0.24444424444424445,False,False,1.75,1.65,,0.0,0.0,0.0,-8.250000000000002,9.00128226835,0.0,
1989,8.522252513,3.43,18.21,5.309037900874635,5.05,,0.1,attentive,,9.75,0.08888908888908889,False,False,1.75,1.65,,0.0,0.0,0.0,-9.75,9.067224348649997,0.0,
1989,8.522252513,3.43,18.21,5.309037900874635,5.05,,0.1,attentive,,11.25,0.02222202222202222,False,False,1.75,1.65,,0.0,0.0,0.0,-11.25,9.09371872895,0.0,
137,5.614050536,4.96,3.94,0.7943548387096774,4.9,2.4000000000000004,3.3000000000000003,attentive,,3.75,0.13333313333313335,False,False,3.95,0.6499999999999999,,0.0,0.0,0.0,-3.75,1.318094999999989,-2.680000000000027,
137,5.614050536,4.96,3.94,0.7943548387096774,4.9,2.4000000000000004,3.3000000000000003,attentive,,5.25,0.24444424444424445,False,False,3.95,0.6499999999999999,,0.0,0.0,0.0,-5.2500000000000036,2.10147499999999,-2.680000000000027,
137,5.614050536,4.96,3.94,0.7943548387096774,4.9,2.4000000000000004,3.3000000000000003,attentive,,6.75,0.26666726666726664,False,False,3.95,0.6499999999999999,,0.0,0.0,0.0,-6.75,2.476949999999988,-2.680000000000027,
137,5.614050536,4.96,3.94,0.7943548387096774,4.9,2.4000000000000004,3.3000000000000003,attentive,,8.25,0.24444424444424445,False,False,3.95,0.6499999999999999,,0.0,0.0,0.0,-8.250000000000002,2.6392424999999946,-2.680000000000027,
137,5.614050536,4.96,3.94,0.7943548387096774,4.9,2.4000000000000004,3.3000000000000003,attentive,,9.75,0.08888908888908889,False,False,3.95,0.6499999999999999,,0.0,0.0,0.0,-9.75,2.7057974999999885,-2.680000000000027,
137,5.614050536,4.96,3.94,0.7943548387096774,4.9,2.4000000000000004,3.3000000000000003,attentive,,11.25,0.02222202222202222,False,False,3.95,0.6499999999999999,,0.0,0.0,0.0,-11.25,2.7291124999999887,-2.680000000000027,
97,3.931568437,4.67,16.05,3.436830835117773,4.85,,0.0,attentive,,3.75,0.13333313333313335,False,False,2.7500000000000004,2.7500000000000004,,0.0,0.0,0.0,-3.75,4.635847500000011,0.0,
97,3.931568437,4.67,16.05,3.436830835117773,4.85,,0.0,attentive,,5.25,0.24444424444424445,False,False,2.7500000000000004,2.7500000000000004,,0.0,0.0,0.0,-5.2500000000000036,4.92165000000001,0.0,
97,3.931568437,4.67,16.05,3.436830835117773,4.85,,0.0,attentive,,6.75,0.26666726666726664,False,False,2.7500000000000004,2.7500000000000004,,0.0,0.0,0.0,-6.75,5.053537500000008,0.0,
97,3.931568437,4.67,16.05,3.436830835117773,4.85,,0.0,attentive,,8.25,0.24444424444424445,False,False,2.7500000000000004,2.7500000000000004,,0.0,0.0,0.0,-8.250000000000002,5.111835000000008,0.0,
97,3.931568437,4.67,16.05,3.436830835117773,4.85,,0.0,attentive,,9.75,0.08888908888908889,False,False,2.7500000000000004,2.7500000000000004,,0.0,0.0,0.0,-9.750000000000005,5.137162500000006,0.0,
97,3.931568437,4.67,16.05,3.436830835117773,4.85,,0.0,attentive,,11.25,0.02222202222202222,False,False,2.7500000000000004,2.7500000000000004,,0.0,0.0,0.0,-11.25,5.142262500000006,0.0,
3992,1.947109029,3.25,9.88,3.04,5.15,0.0,2.3000000000000003,attentive,,3.75,0.13333313333313335,False,False,2.7500000000000004,0.4500000000000002,,0.0,0.0,0.0,-3.75,6.692009066250014,-1.3500000000000068,
3992,1.947109029,3.25,9.88,3.04,5.15,0.0,2.3000000000000003,attentive,,5.25,0.24444424444424445,False,False,2.7500000000000004,0.4500000000000002,,0.0,0.0,0.0,-5.2500000000000036,7.096901601925008,-1.3500000000000068,
3992,1.947109029,3.25,9.88,3.04,5.15,0.0,2.3000000000000003,attentive,,6.75,0.26666726666726664,False,False,2.7500000000000004,0.4500000000000002,,0.0,0.0,0.0,-6.75,7.251720030475008,-1.3500000000000068,
3992,1.947109029,3.25,9.88,3.04,5.15,0.0,2.3000000000000003,attentive,,8.25,0.24444424444424445,False,False,2.7500000000000004,0.4500000000000002,,0.0,0.0,0.0,-8.250000000000002,7.310373673325008,-1.3500000000000068,
3992,1.947109029,3.25,9.88,3.04,5.15,0.0,2.3000000000000003,attentive,,9.75,0.08888908888908889,False,False,2.7500000000000004,0.4500000000000002,,0.0,0.0,0.0,-9.75,7.3322398161750115,-1.3500000000000068,
3992,1.947109029,3.25,9.88,3.04,5.15,0.0,2.3000000000000003,attentive,,11.25,0.02222202222202222,False,False,2.7500000000000004,0.4500000000000002,,0.0,0.0,0.0,-11.25,7.336432316175012,-1.3500000000000068,
4538,7.794144616,7.55,4.21,0.5576158940397351,4.85,2.75,3.4000000000000004,attentive,,3.75,0.13333313333313335,False,True,3.9000000000000004,0.5,5.25,2.4094000000000007,1.2047000000000003,0.003071717599993164,-3.75,-0.014090000000017255,-4.890000000000043,-0.09999999999999964
4538,7.794144616,7.55,4.21,0.5576158940397351,4.85,2.75,3.4000000000000004,attentive,,5.25,0.24444424444424445,False,False,3.9000000000000004,0.5,,0.0,0.0,0.0,-5.2500000000000036,1.0880624999999853,-4.890000000000043,
4538,7.794144616,7.55,4.21,0.5576158940397351,4.85,2.75,3.4000000000000004,attentive,,6.75,0.26666726666726664,False,False,3.9000000000000004,0.5,,0.0,0.0,0.0,-6.750000000000007,2.0370374999999825,-4.890000000000043,
4538,7.794144616,7.55,4.21,0.5576158940397351,4.85,2.75,3.4000000000000004,attentive,,8.25,0.24444424444424445,False,False,3.9000000000000004,0.5,,0.0,0.0,0.0,-8.250000000000002,2.5607474999999695,-4.890000000000043,
4538,7.794144616,7.55,4.21,0.5576158940397351,4.85,2.75,3.4000000000000004,attentive,,9.75,0.08888908888908889,False,False,3.9000000000000004,0.5,,0.0,0.0,0.0,-9.75,2.8621149999999673,-4.890000000000043,
4538,7.794144616,7.55,4.21,0.5576158940397351,4.85,2.75,3.4000000000000004,attentive,,11.25,0.02222202222202222,False,False,3.9000000000000004,0.5,,0.0,0.0,0.0,-11.25,3.038562499999969,-4.890000000000043,
3367,70.2971636,0.0,2.877707809,28.777078089999996,5.15,,0.45,attentive,,3.75,0.13333313333313335,False,False,4.05,3.5999999999999996,,0.0,0.0,0.0,-3.75,0.5908023007500001,0.0,
3367,70.2971636,0.0,2.877707809,28.777078089999996,5.15,,0.45,attentive,,5.25,0.24444424444424445,False,False,4.05,3.5999999999999996,,0.0,0.0,0.0,-4.608,0.5929473007500001,0.0,
3367,70.2971636,0.0,2.877707809,28.777078089999996,5.15,,0.45,attentive,,6.75,0.26666726666726664,False,False,4.05,3.5999999999999996,,0.0,0.0,0.0,-4.608,0.5929473007500001,0.0,
3367,70.2971636,0.0,2.877707809,28.777078089999996,5.15,,0.45,attentive,,8.25,0.24444424444424445,False,False,4.05,3.5999999999999996,,0.0,0.0,0.0,-4.608,0.5929473007500001,0.0,
3367,70.2971636,0.0,2.877707809,28.777078089999996,5.15,,0.45,attentive,,9.75,0.08888908888908889,False,False,4.05,3.5999999999999996,,0.0,0.0,0.0,-4.608,0.5929473007500001,0.0,
3367,70.2971636,0.0,2.877707809,28.777078089999996,5.15,,0.45,attentive,,11.25,0.02222202222202222,False,False,4.05,3.5999999999999996,,0.0,0.0,0.0,-4.608,0.5929473007500001,0.0,
3749,9.663026566,0.35,3.77,10.771428571428572,4.85,,0.5,attentive,,3.75,0.13333313333313335,False,False,3.1500000000000004,2.6500000000000004,,0.0,0.0,0.0,-3.75,1.151590015074996,0.0,
3749,9.663026566,0.35,3.77,10.771428571428572,4.85,,0.5,attentive,,5.25,0.24444424444424445,False,False,3.1500000000000004,2.6500000000000004,,0.0,0.0,0.0,-5.25,1.160347452024995,0.0,
3749,9.663026566,0.35,3.77,10.771428571428572,4.85,,0.5,attentive,,6.75,0.26666726666726664,False,False,3.1500000000000004,2.6500000000000004,,0.0,0.0,0.0,-6.75,1.1609849520249949,0.0,
3749,9.663026566,0.35,3.77,10.771428571428572,4.85,,0.5,attentive,,8.25,0.24444424444424445,False,False,3.1500000000000004,2.6500000000000004,,0.0,0.0,0.0,-6.912,1.1609849520249949,0.0,
3749,9.663026566,0.35,3.77,10.771428571428572,4.85,,0.5,attentive,,9.75,0.08888908888908889,False,False,3.1500000000000004,2.6500000000000004,,0.0,0.0,0.0,-6.912,1.1609849520249949,0.0,
3749,9.663026566,0.35,3.77,10.771428571428572,4.85,,0.5,attentive,,11.25,0.02222202222202222,False,False,3.1500000000000004,2.6500000000000004,,0.0,0.0,0.0,-6.912,1.1609849520249949,0.0,
3164,1.82206599,0.0,3.327863282,33.27863282,5.05,,3.5,attentive,,3.75,0.13333313333313335,False,True,4.75,1.25,5.1000000000000005,1.9139999999999993,0.9569999999999996,0.00283025414665032,-3.75,-0.0027367180000004154,0.0,0.0
3164,1.82206599,0.0,3.327863282,33.27863282,5.05,,3.5,attentive,,5.25,0.24444424444424445,False,True,4.75,1.25,5.15,1.4228999999999992,0.7114499999999996,0.0026095765493733994,-5.249999999999999,-0.06259421800000009,0.0,-0.20000000000000018
3164,1.82206599,0.0,3.327863282,33.27863282,5.05,,3.5,attentive,,6.75,0.26666726666726664,False,True,4.75,1.25,5.15,1.222199999999999,0.6110999999999995,0.0025244098872654564,-6.749999999999998,-0.048756718000000365,0.0,-0.20000000000000018
3164,1.82206599,0.0,3.327863282,33.27863282,5.05,,3.5,attentive,,8.25,0.24444424444424445,False,True,4.75,1.25,5.15,1.1138999999999986,0.5569499999999993,0.0024796105563108235,-8.250000000000002,-0.04438421800000025,0.0,-0.20000000000000018
3164,1.82206599,0.0,3.327863282,33.27863282,5.05,,3.5,attentive,,9.75,0.08888908888908889,False,True,4.75,1.25,5.15,1.0979999999999985,0.5489999999999993,0.0024731004721330646,-8.568000000000001,-0.0439867180000002,0.0,-0.20000000000000018
3164,1.82206599,0.0,3.327863282,33.27863282,5.05,,3.5,attentive,,11.25,0.02222202222202222,False,True,4.75,1.25,5.15,1.0979999999999985,0.5489999999999993,0.0024731004721330646,-8.568000000000001,-0.0439867180000002,0.0,-0.20000000000000018
4609,7.557810166,6.44,9.57,1.486024844720497,5.05,0.4,1.6,attentive,,3.75,0.13333313333313335,False,False,2.35,0.75,,0.0,0.0,0.0,-3.75,5.341575447900002,-1.5900000000000114,
4609,7.557810166,6.44,9.57,1.486024844720497,5.05,0.4,1.6,attentive,,5.25,0.24444424444424445,False,False,2.35,0.75,,0.0,0.0,0.0,-5.2500000000000036,5.876950317599999,-1.5900000000000114,
4609,7.557810166,6.44,9.57,1.486024844720497,5.05,0.4,1.6,attentive,,6.75,0.26666726666726664,False,False,2.35,0.75,,0.0,0.0,0.0,-6.750000000000007,6.054868860799999,-1.5900000000000114,
4609,7.557810166,6.44,9.57,1.486024844720497,5.05,0.4,1.6,attentive,,8.25,0.24444424444424445,False,False,2.35,0.75,,0.0,0.0,0.0,-8.250000000000002,6.1244770391,-1.5900000000000114,
4609,7.557810166,6.44,9.57,1.486024844720497,5.05,0.4,1.6,attentive,,9.75,0.08888908888908889,False,False,2.35,0.75,,0.0,0.0,0.0,-9.75,6.1507189724,-1.5900000000000114,
4609,7.557810166,6.44,9.57,1.486024844720497,5.05,0.4,1.6,attentive,,11.25,0.02222202222202222,False,False,2.35,0.75,,0.0,0.0,0.0,-11.25,6.158415632400001,-1.5900000000000114,
4014,3.179482823,7.69,29.97,3.897269180754226,5.2,0.0,1.85,attentive,,3.75,0.13333313333313335,False,False,1.5,-0.3500000000000001,,0.0,0.0,0.0,-3.75,21.299954710800005,-2.300000000000013,
4014,3.179482823,7.69,29.97,3.897269180754226,5.2,0.0,1.85,attentive,,5.25,0.24444424444424445,False,False,1.5,-0.3500000000000001,,0.0,0.0,0.0,-5.2500000000000036,23.333883236400002,-2.300000000000013,
4014,3.179482823,7.69,29.97,3.897269180754226,5.2,0.0,1.85,attentive,,6.75,0.26666726666726664,False,False,1.5,-0.3500000000000001,,0.0,0.0,0.0,-6.750000000000007,24.197690255600012,-2.300000000000013,
4014,3.179482823,7.69,29.97,3.897269180754226,5.2,0.0,1.85,attentive,,8.25,0.24444424444424445,False,False,1.5,-0.3500000000000001,,0.0,0.0,0.0,-8.250000000000002,24.563213930800003,-2.300000000000013,
4014,3.179482823,7.69,29.97,3.897269180754226,5.2,0.0,1.85,attentive,,9.75,0.08888908888908889,False,False,1.5,-0.3500000000000001,,0.0,0.0,0.0,-9.75,24.7360157684,-2.300000000000013,
4014,3.179482823,7.69,29.97,3.897269180754226,5.2,0.0,1.85,attentive,,11.25,0.02222202222202222,False,False,1.5,-0.3500000000000001,,0.0,0.0,0.0,-11.25,24.821467937200005,-2.300000000000013,
7,0.48163867,3.6,12.11,3.3638888888888885,4.9,,0.0,attentive,,3.75,0.13333313333313335,False,False,2.6500000000000004,2.6500000000000004,,0.0,0.0,0.0,-3.75,3.495210305475007,0.0,
7,0.48163867,3.6,12.11,3.3638888888888885,4.9,,0.0,attentive,,5.25,0.24444424444424445,False,False,2.6500000000000004,2.6500000000000004,,0.0,0.0,0.0,-5.2500000000000036,3.719149564425008,0.0,
7,0.48163867,3.6,12.11,3.3638888888888885,4.9,,0.0,attentive,,6.75,0.26666726666726664,False,False,2.6500000000000004,2.6500000000000004,,0.0,0.0,0.0,-6.75,3.8119799037250086,0.0,
7,0.48163867,3.6,12.11,3.3638888888888885,4.9,,0.0,attentive,,8.25,0.24444424444424445,False,False,2.6500000000000004,2.6500000000000004,,0.0,0.0,0.0,-8.250000000000002,3.848483823375007,0.0,
7,0.48163867,3.6,12.11,3.3638888888888885,4.9,,0.0,attentive,,9.75,0.08888908888908889,False,False,2.6500000000000004,2.6500000000000004,,0.0,0.0,0.0,-9.75,3.862021323375007,0.0,
7,0.48163867,3.6,12.11,3.3638888888888885,4.9,,0.0,attentive,,11.25,0.02222202222202222,False,False,2.6500000000000004,2.6500000000000004,,0.0,0.0,0.0,-11.25,3.864872743025007,0.0,
4191,4.261058731,4.98,13.28,2.6666666666666665,5.15,1.0,2.8000000000000003,attentive,,3.75,0.13333313333313335,False,False,3.6500000000000004,0.8500000000000001,,0.0,0.0,0.0,-3.75,3.75127170450002,-2.8500000000000147,
4191,4.261058731,4.98,13.28,2.6666666666666665,5.15,1.0,2.8000000000000003,attentive,,5.25,0.24444424444424445,False,False,3.6500000000000004,0.8500000000000001,,0.0,0.0,0.0,-5.2500000000000036,4.809570253700024,-2.8500000000000147,
4191,4.261058731,4.98,13.28,2.6666666666666665,5.15,1.0,2.8000000000000003,attentive,,6.75,0.26666726666726664,False,False,3.6500000000000004,0.8500000000000001,,0.0,0.0,0.0,-6.750000000000007,5.327814528300021,-2.8500000000000147,
4191,4.261058731,4.98,13.28,2.6666666666666665,5.15,1.0,2.8000000000000003,attentive,,8.25,0.24444424444424445,False,False,3.6500000000000004,0.8500000000000001,,0.0,0.0,0.0,-8.250000000000002,5.60063398425002,-2.8500000000000147,
4191,4.261058731,4.98,13.28,2.6666666666666665,5.15,1.0,2.8000000000000003,attentive,,9.75,0.08888908888908889,False,False,3.6500000000000004,0.8500000000000001,,0.0,0.0,0.0,-9.75,5.74351880290002,-2.8500000000000147,
4191,4.261058731,4.98,13.28,2.6666666666666665,5.15,1.0,2.8000000000000003,attentive,,11.25,0.02222202222202222,False,False,3.6500000000000004,0.8500000000000001,,0.0,0.0,0.0,-11.25,5.819563621550017,-2.8500000000000147,
118,6.059074369,2.7,2.25,0.8333333333333333,4.85,2.6,3.1500000000000004,attentive,,3.75,0.13333313333313335,False,True,4.550000000000001,1.4000000000000004,4.8500000000000005,1.7009,0.85045,0.002732299098336267,-3.75,-0.00663749999998231,-4.030000000000018,-0.10000000000000053
118,6.059074369,2.7,2.25,0.8333333333333333,4.85,2.6,3.1500000000000004,attentive,,5.25,0.24444424444424445,False,True,4.550000000000001,1.4000000000000004,4.9,1.2455000000000003,0.6227500000000001,0.002534153191241779,-5.249999999999999,-0.06261249999998242,-4.030000000000018,-0.20000000000000018
118,6.059074369,2.7,2.25,0.8333333333333333,4.85,2.6,3.1500000000000004,attentive,,6.75,0.26666726666726664,False,True,4.550000000000001,1.4000000000000004,4.9,1.07,0.535,0.0024616775944293146,-6.750000000000003,-0.051924999999981125,-4.030000000000018,-0.20000000000000018
118,6.059074369,2.7,2.25,0.8333333333333333,4.85,2.6,3.1500000000000004,attentive,,8.25,0.24444424444424445,False,True,4.550000000000001,1.4000000000000004,4.9,0.9962000000000002,0.4981000000000001,0.0024318216959479623,-8.064,-0.04967499999998104,-4.030000000000018,-0.20000000000000018
118,6.059074369,2.7,2.25,0.8333333333333333,4.85,2.6,3.1500000000000004,attentive,,9.75,0.08888908888908889,False,True,4.550000000000001,1.4000000000000004,4.9,0.9962000000000002,0.4981000000000001,0.0024318216959479623,-8.064,-0.04967499999998104,-4.030000000000018,-0.20000000000000018
118,6.059074369,2.7,2.25,0.8333333333333333,4.85,2.6,3.1500000000000004,attentive,,11.25,0.02222202222202222,False,True,4.550000000000001,1.4000000000000004,4.9,0.9962000000000002,0.4981000000000001,0.0024318216959479623,-8.064,-0.04967499999998104,-4.030000000000018,-0.20000000000000018
843,7.558013462,4.63,10.69,2.308855291576674,5.1,0.0,0.1,attentive,,3.75,0.13333313333313335,False,False,2.9000000000000004,2.8000000000000003,,0.0,0.0,0.0,-3.75,3.0324289379749985,-0.17000000000000348,
843,7.558013462,4.63,10.69,2.308855291576674,5.1,0.0,0.1,attentive,,5.25,0.24444424444424445,False,False,2.9000000000000004,2.8000000000000003,,0.0,0.0,0.0,-5.2500000000000036,3.2155620741999993,-0.17000000000000348,
843,7.558013462,4.63,10.69,2.308855291576674,5.1,0.0,0.1,attentive,,6.75,0.26666726666726664,False,False,2.9000000000000004,2.8000000000000003,,0.0,0.0,0.0,-6.75,3.286269464624999,-0.17000000000000348,
843,7.558013462,4.63,10.69,2.308855291576674,5.1,0.0,0.1,attentive,,8.25,0.24444424444424445,False,False,2.9000000000000004,2.8000000000000003,,0.0,0.0,0.0,-8.250000000000002,3.3137480021000005,-0.17000000000000348,
843,7.558013462,4.63,10.69,2.308855291576674,5.1,0.0,0.1,attentive,,9.75,0.08888908888908889,False,False,2.9000000000000004,2.8000000000000003,,0.0,0.0,0.0,-9.75,3.3200655259000023,-0.17000000000000348,
843,7.558013462,4.63,10.69,2.308855291576674,5.1,0.0,0.1,attentive,,11.25,0.02222202222202222,False,False,2.9000000000000004,2.8000000000000003,,0.0,0.0,0.0,-11.25,3.3210858413750017,-0.17000000000000348,
4222,1.311170693,9.96,22.86,2.295180722891566,5.2,0.0,2.25,attentive,,3.75,0.13333313333313335,False,False,2.0,-0.25,,0.0,0.0,0.0,-3.75,16.59507,-2.180000000000022,
4222,1.311170693,9.96,22.86,2.295180722891566,5.2,0.0,2.25,attentive,,5.25,0.24444424444424445,False,False,2.0,-0.25,,0.0,0.0,0.0,-5.2500000000000036,18.248462500000002,-2.180000000000022,
4222,1.311170693,9.96,22.86,2.295180722891566,5.2,0.0,2.25,attentive,,6.75,0.26666726666726664,False,False,2.0,-0.25,,0.0,0.0,0.0,-6.750000000000007,18.7522125,-2.180000000000022,
4222,1.311170693,9.96,22.86,2.295180722891566,5.2,0.0,2.25,attentive,,8.25,0.24444424444424445,False,False,2.0,-0.25,,0.0,0.0,0.0,-8.250000000000002,18.958619999999996,-2.180000000000022,
4222,1.311170693,9.96,22.86,2.295180722891566,5.2,0.0,2.25,attentive,,9.75,0.08888908888908889,False,False,2.0,-0.25,,0.0,0.0,0.0,-9.75,19.051064999999994,-2.180000000000022,
4222,1.311170693,9.96,22.86,2.295180722891566,5.2,0.0,2.25,attentive,,11.25,0.02222202222202222,False,False,2.0,-0.25,,0.0,0.0,0.0,-11.25,19.089399999999994,-2.180000000000022,
3153,4.949789697,0.0,6.171795243,61.71795243,4.9,,0.5,attentive,,3.75,0.13333313333313335,False,False,2.95,2.45,,0.0,0.0,0.0,-3.75,2.3205386766000027,0.0,
3153,4.949789697,0.0,6.171795243,61.71795243,4.9,,0.5,attentive,,5.25,0.24444424444424445,False,False,2.95,2.45,,0.0,0.0,0.0,-5.25,2.3522685905000023,0.0,
3153,4.949789697,0.0,6.171795243,61.71795243,4.9,,0.5,attentive,,6.75,0.26666726666726664,False,False,2.95,2.45,,0.0,0.0,0.0,-6.75,2.358568590500003,0.0,
3153,4.949789697,0.0,6.171795243,61.71795243,4.9,,0.5,attentive,,8.25,0.24444424444424445,False,False,2.95,2.45,,0.0,0.0,0.0,-6.912,2.358973590500003,0.0,
3153,4.949789697,0.0,6.171795243,61.71795243,4.9,,0.5,attentive,,9.75,0.08888908888908889,False,False,2.95,2.45,,0.0,0.0,0.0,-6.912,2.358973590500003,0.0,
3153,4.949789697,0.0,6.171795243,61.71795243,4.9,,0.5,attentive,,11.25,0.02222202222202222,False,False,2.95,2.45,,0.0,0.0,0.0,-6.912,2.358973590500003,0.0,
2173,13.2862839,3.15,20.03,6.358730158730159,4.85,,0.35000000000000003,attentive,,3.75,0.13333313333313335,False,False,2.0500000000000003,1.7000000000000002,,0.0,0.0,0.0,-3.75,9.26534285914999,0.0,
2173,13.2862839,3.15,20.03,6.358730158730159,4.85,,0.35000000000000003,attentive,,5.25,0.24444424444424445,False,False,2.0500000000000003,1.7000000000000002,,0.0,0.0,0.0,-5.2500000000000036,9.814958817349993,0.0,
2173,13.2862839,3.15,20.03,6.358730158730159,4.85,,0.35000000000000003,attentive,,6.75,0.26666726666726664,False,False,2.0500000000000003,1.7000000000000002,,0.0,0.0,0.0,-6.75,10.07075429644999,0.0,
2173,13.2862839,3.15,20.03,6.358730158730159,4.85,,0.35000000000000003,attentive,,8.25,0.24444424444424445,False,False,2.0500000000000003,1.7000000000000002,,0.0,0.0,0.0,-8.250000000000002,10.191729456149993,0.0,
2173,13.2862839,3.15,20.03,6.358730158730159,4.85,,0.35000000000000003,attentive,,9.75,0.08888908888908889,False,False,2.0500000000000003,1.7000000000000002,,0.0,0.0,0.0,-9.75,10.247979615849992,0.0,
2173,13.2862839,3.15,20.03,6.358730158730159,4.85,,0.35000000000000003,attentive,,11.25,0.02222202222202222,False,False,2.0500000000000003,1.7000000000000002,,0.0,0.0,0.0,-11.25,10.273749775549991,0.0,
2672,1.489869613,0.0,5.189970077,51.899700769999995,4.95,,0.45,attentive,,3.75,0.13333313333313335,False,False,3.2500000000000004,2.8000000000000003,,0.0,0.0,0.0,-3.75,1.6133237761499957,0.0,
2672,1.489869613,0.0,5.189970077,51.899700769999995,4.95,,0.45,attentive,,5.25,0.24444424444424445,False,False,3.2500000000000004,2.8000000000000003,,0.0,0.0,0.0,-5.25,1.6313924832499964,0.0,
2672,1.489869613,0.0,5.189970077,51.899700769999995,4.95,,0.45,attentive,,6.75,0.26666726666726664,False,False,3.2500000000000004,2.8000000000000003,,0.0,0.0,0.0,-5.759999999999999,1.6327811903499962,0.0,
2672,1.489869613,0.0,5.189970077,51.899700769999995,4.95,,0.45,attentive,,8.25,0.24444424444424445,False,False,3.2500000000000004,2.8000000000000003,,0.0,0.0,0.0,-5.759999999999999,1.6327811903499962,0.0,
2672,1.489869613,0.0,5.189970077,51.899700769999995,4.95,,0.45,attentive,,9.75,0.08888908888908889,False,False,3.2500000000000004,2.8000000000000003,,0.0,0.0,0.0,-5.759999999999999,1.6327811903499962,0.0,
2672,1.489869613,0.0,5.189970077,51.899700769999995,4.95,,0.45,attentive,,11.25,0.02222202222202222,False,False,3.2500000000000004,2.8000000000000003,,0.0,0.0,0.0,-5.759999999999999,1.6327811903499962,0.0,
115,12.904755,1.48,1.41,0.9527027027027026,5.15,2.6,0.0,attentive,,3.75,0.13333313333313335,False,False,4.65,4.65,,0.0,0.0,0.0,-3.75,0.42099452454998776,-6.2900000000000285,
115,12.904755,1.48,1.41,0.9527027027027026,5.15,2.6,0.0,attentive,,5.25,0.24444424444424445,False,False,4.65,4.65,,0.0,0.0,0.0,-5.25,0.47128269024998737,-6.2900000000000285,
115,12.904755,1.48,1.41,0.9527027027027026,5.15,2.6,0.0,attentive,,6.75,0.26666726666726664,False,False,4.65,4.65,,0.0,0.0,0.0,-6.75,0.48586848167498786,-6.2900000000000285,
115,12.904755,1.48,1.41,0.9527027027027026,5.15,2.6,0.0,attentive,,8.25,0.24444424444424445,False,False,4.65,4.65,,0.0,0.0,0.0,-8.064,0.48811848167498795,-6.2900000000000285,
115,12.904755,1.48,1.41,0.9527027027027026,5.15,2.6,0.0,attentive,,9.75,0.08888908888908889,False,False,4.65,4.65,,0.0,0.0,0.0,-8.064,0.48811848167498795,-6.2900000000000285,
115,12.904755,1.48,1.41,0.9527027027027026,5.15,2.6,0.0,attentive,,11.25,0.02222202222202222,False,False,4.65,4.65,,0.0,0.0,0.0,-8.064,0.48811848167498795,-6.2900000000000285,
450,4.948212379,4.27,5.54,1.2974238875878221,4.85,2.35,0.0,attentive,,3.75,0.13333313333313335,False,False,4.05,4.05,,0.0,0.0,0.0,-3.75,0.8187065998749947,-1.3300000000000123,
450,4.948212379,4.27,5.54,1.2974238875878221,4.85,2.35,0.0,attentive,,5.25,0.24444424444424445,False,False,4.05,4.05,,0.0,0.0,0.0,-5.25,0.8903449612249972,-1.3300000000000123,
450,4.948212379,4.27,5.54,1.2974238875878221,4.85,2.35,0.0,attentive,,6.75,0.26666726666726664,False,False,4.05,4.05,,0.0,0.0,0.0,-6.750000000000003,0.9062860816749971,-1.3300000000000123,
450,4.948212379,4.27,5.54,1.2974238875878221,4.85,2.35,0.0,attentive,,8.25,0.24444424444424445,False,False,4.05,4.05,,0.0,0.0,0.0,-8.250000000000002,0.9100672021249991,-1.3300000000000123,
450,4.948212379,4.27,5.54,1.2974238875878221,4.85,2.35,0.0,attentive,,9.75,0.08888908888908889,False,False,4.05,4.05,,0.0,0.0,0.0,-9.75,0.9100672021249991,-1.3300000000000123,
450,4.948212379,4.27,5.54,1.2974238875878221,4.85,2.35,0.0,attentive,,11.25,0.02222202222202222,False,False,4.05,4.05,,0.0,0.0,0.0,-9.825999999999999,0.9100672021249991,-1.3300000000000123,
3574,5.339682977,2.67,1.93,0.7228464419475655,5.1,0.8,3.1,attentive,,3.75,0.13333313333313335,False,False,4.45,1.35,,0.0,0.0,0.0,-3.75,0.670185000000016,-2.0900000000000096,
3574,5.339682977,2.67,1.93,0.7228464419475655,5.1,0.8,3.1,attentive,,5.25,0.24444424444424445,False,False,4.45,1.35,,0.0,0.0,0.0,-5.25,0.8634750000000153,-2.0900000000000096,
3574,5.339682977,2.67,1.93,0.7228464419475655,5.1,0.8,3.1,attentive,,6.75,0.26666726666726664,False,False,4.45,1.35,,0.0,0.0,0.0,-6.750000000000003,0.9402000000000132,-2.0900000000000096,
3574,5.339682977,2.67,1.93,0.7228464419475655,5.1,0.8,3.1,attentive,,8.25,0.24444424444424445,False,False,4.45,1.35,,0.0,0.0,0.0,-8.250000000000002,0.9688500000000158,-2.0900000000000096,
3574,5.339682977,2.67,1.93,0.7228464419475655,5.1,0.8,3.1,attentive,,9.75,0.08888908888908889,False,False,4.45,1.35,,0.0,0.0,0.0,-9.75,0.977430000000016,-2.0900000000000096,
3574,5.339682977,2.67,1.93,0.7228464419475655,5.1,0.8,3.1,attentive,,11.25,0.02222202222202222,False,False,4.45,1.35,,0.0,0.0,0.0,-10.367999999999999,0.9789750000000161,-2.0900000000000096,
3499,5.89408179,0.7,1.24,1.7714285714285716,5.2,1.9000000000000001,3.0,attentive,,3.75,0.13333313333313335,False,False,4.25,1.25,,0.0,0.0,0.0,-3.75,1.1274860125500048,-1.7000000000000082,
3499,5.89408179,0.7,1.24,1.7714285714285716,5.2,1.9000000000000001,3.0,attentive,,5.25,0.24444424444424445,False,False,4.25,1.25,,0.0,0.0,0.0,-5.25,1.1841657154000051,-1.7000000000000082,
3499,5.89408179,0.7,1.24,1.7714285714285716,5.2,1.9000000000000001,3.0,attentive,,6.75,0.26666726666726664,False,False,4.25,1.25,,0.0,0.0,0.0,-6.75,1.1999254182500048,-1.7000000000000082,
3499,5.89408179,0.7,1.24,1.7714285714285716,5.2,1.9000000000000001,3.0,attentive,,8.25,0.24444424444424445,False,False,4.25,1.25,,0.0,0.0,0.0,-8.064,1.2040204182500043,-1.7000000000000082,
3499,5.89408179,0.7,1.24,1.7714285714285716,5.2,1.9000000000000001,3.0,attentive,,9.75,0.08888908888908889,False,False,4.25,1.25,,0.0,0.0,0.0,-8.064,1.2040204182500043,-1.7000000000000082,
3499,5.89408179,0.7,1.24,1.7714285714285716,5.2,1.9000000000000001,3.0,attentive,,11.25,0.02222202222202222,False,False,4.25,1.25,,0.0,0.0,0.0,-8.064,1.2040204182500043,-1.7000000000000082,
3386,2.702966226,0.0,2.096635945,20.96635945,5.05,,3.75,attentive,,3.75,0.13333313333313335,False,True,5.2,1.4500000000000002,5.050000000000001,2.79,1.395,0.0032710836897571443,0.0,-0.06561405500000062,0.0,-0.15000000000000036
3386,2.702966226,0.0,2.096635945,20.96635945,5.05,,3.75,attentive,,5.25,0.24444424444424445,False,True,5.2,1.4500000000000002,5.050000000000001,2.79,1.395,0.0032710836897571443,0.0,-0.06561405500000062,0.0,-0.15000000000000036
3386,2.702966226,0.0,2.096635945,20.96635945,5.05,,3.75,attentive,,6.75,0.26666726666726664,False,True,5.2,1.4500000000000002,5.050000000000001,2.79,1.395,0.0032710836897571443,0.0,-0.06561405500000062,0.0,-0.15000000000000036
3386,2.702966226,0.0,2.096635945,20.96635945,5.05,,3.75,attentive,,8.25,0.24444424444424445,False,True,5.2,1.4500000000000002,5.050000000000001,2.79,1.395,0.0032710836897571443,0.0,-0.06561405500000062,0.0,-0.15000000000000036
3386,2.702966226,0.0,2.096635945,20.96635945,5.05,,3.75,attentive,,9.75,0.08888908888908889,False,True,5.2,1.4500000000000002,5.050000000000001,2.79,1.395,0.0032710836897571443,0.0,-0.06561405500000062,0.0,-0.15000000000000036
3386,2.702966226,0.0,2.096635945,20.96635945,5.05,,3.75,attentive,,11.25,0.02222202222202222,False,True,5.2,1.4500000000000002,5.050000000000001,2.79,1.395,0.0032710836897571443,0.0,-0.06561405500000062,0.0,-0.15000000000000036
2533,2.657947679,0.0,2.270284988,22.702849879999995,5.05,,3.7,attentive,,3.75,0.13333313333313335,False,True,5.15,1.4500000000000002,5.050000000000001,2.88,1.44,0.003320082634882227,0.0,-0.03371501200000049,0.0,-0.10000000000000053
2533,2.657947679,0.0,2.270284988,22.702849879999995,5.05,,3.7,attentive,,5.25,0.24444424444424445,False,True,5.15,1.4500000000000002,5.050000000000001,2.88,1.44,0.003320082634882227,0.0,-0.03371501200000049,0.0,-0.10000000000000053
2533,2.657947679,0.0,2.270284988,22.702849879999995,5.05,,3.7,attentive,,6.75,0.26666726666726664,False,True,5.15,1.4500000000000002,5.050000000000001,2.88,1.44,0.003320082634882227,0.0,-0.03371501200000049,0.0,-0.10000000000000053
2533,2.657947679,0.0,2.270284988,22.702849879999995,5.05,,3.7,attentive,,8.25,0.24444424444424445,False,True,5.15,1.4500000000000002,5.050000000000001,2.88,1.44,0.003320082634882227,0.0,-0.03371501200000049,0.0,-0.10000000000000053
2533,2.657947679,0.0,2.270284988,22.702849879999995,5.05,,3.7,attentive,,9.75,0.08888908888908889,False,True,5.15,1.4500000000000002,5.050000000000001,2.88,1.44,0.003320082634882227,0.0,-0.03371501200000049,0.0,-0.10000000000000053
2533,2.657947679,0.0,2.270284988,22.702849879999995,5.05,,3.7,attentive,,11.25,0.02222202222202222,False,True,5.15,1.4500000000000002,5.050000000000001,2.88,1.44,0.003320082634882227,0.0,-0.03371501200000049,0.0,-0.10000000000000053
4989,5.801031547,6.72,6.29,0.9360119047619048,4.85,1.9000000000000001,2.45,attentive,,3.75,0.13333313333313335,False,False,3.2,0.75,,0.0,0.0,0.0,-3.75,1.1163739898999978,-3.160000000000023,
4989,5.801031547,6.72,6.29,0.9360119047619048,4.85,1.9000000000000001,2.45,attentive,,5.25,0.24444424444424445,False,False,3.2,0.75,,0.0,0.0,0.0,-5.2500000000000036,2.5267758311000073,-3.160000000000023,
4989,5.801031547,6.72,6.29,0.9360119047619048,4.85,1.9000000000000001,2.45,attentive,,6.75,0.26666726666726664,False,False,3.2,0.75,,0.0,0.0,0.0,-6.750000000000007,3.2277828707999987,-3.160000000000023,
4989,5.801031547,6.72,6.29,0.9360119047619048,4.85,1.9000000000000001,2.45,attentive,,8.25,0.24444424444424445,False,False,3.2,0.75,,0.0,0.0,0.0,-8.250000000000002,3.5545974302499985,-3.160000000000023,
4989,5.801031547,6.72,6.29,0.9360119047619048,4.85,1.9000000000000001,2.45,attentive,,9.75,0.08888908888908889,False,False,3.2,0.75,,0.0,0.0,0.0,-9.75,3.694479588950003,-3.160000000000023,
4989,5.801031547,6.72,6.29,0.9360119047619048,4.85,1.9000000000000001,2.45,attentive,,11.25,0.02222202222202222,False,False,3.2,0.75,,0.0,0.0,0.0,-11.25,3.7566812873500055,-3.160000000000023,
4935,7.024650249,6.75,13.1,1.9407407407407407,4.85,0.0,1.5,attentive,,3.75,0.13333313333313335,False,False,1.85,0.3500000000000001,,0.0,0.0,0.0,-3.75,8.47340749999999,-1.7000000000000126,
4935,7.024650249,6.75,13.1,1.9407407407407407,4.85,0.0,1.5,attentive,,5.25,0.24444424444424445,False,False,1.85,0.3500000000000001,,0.0,0.0,0.0,-5.2500000000000036,9.22863749999999,-1.7000000000000126,
4935,7.024650249,6.75,13.1,1.9407407407407407,4.85,0.0,1.5,attentive,,6.75,0.26666726666726664,False,False,1.85,0.3500000000000001,,0.0,0.0,0.0,-6.750000000000007,9.488824999999991,-1.7000000000000126,
4935,7.024650249,6.75,13.1,1.9407407407407407,4.85,0.0,1.5,attentive,,8.25,0.24444424444424445,False,False,1.85,0.3500000000000001,,0.0,0.0,0.0,-8.250000000000002,9.593564999999991,-1.7000000000000126,
4935,7.024650249,6.75,13.1,1.9407407407407407,4.85,0.0,1.5,attentive,,9.75,0.08888908888908889,False,False,1.85,0.3500000000000001,,0.0,0.0,0.0,-9.75,9.635479999999992,-1.7000000000000126,
4935,7.024650249,6.75,13.1,1.9407407407407407,4.85,0.0,1.5,attentive,,11.25,0.02222202222202222,False,False,1.85,0.3500000000000001,,0.0,0.0,0.0,-11.25,9.648724999999992,-1.7000000000000126,
3621,0.192323998,1.53,2.8,1.8300653594771241,4.95,0.0,2.1,attentive,,3.75,0.13333313333313335,False,False,3.8000000000000003,1.7000000000000002,,0.0,0.0,0.0,-3.75,1.3701755668999978,-2.26,
3621,0.192323998,1.53,2.8,1.8300653594771241,4.95,0.0,2.1,attentive,,5.25,0.24444424444424445,False,False,3.8000000000000003,1.7000000000000002,,0.0,0.0,0.0,-5.25,1.4165971190999977,-2.26,
3621,0.192323998,1.53,2.8,1.8300653594771241,4.95,0.0,2.1,attentive,,6.75,0.26666726666726664,False,False,3.8000000000000003,1.7000000000000002,,0.0,0.0,0.0,-6.75,1.4312353951999972,-2.26,
3621,0.192323998,1.53,2.8,1.8300653594771241,4.95,0.0,2.1,attentive,,8.25,0.24444424444424445,False,False,3.8000000000000003,1.7000000000000002,,0.0,0.0,0.0,-6.912,1.4316403951999979,-2.26,
3621,0.192323998,1.53,2.8,1.8300653594771241,4.95,0.0,2.1,attentive,,9.75,0.08888908888908889,False,False,3.8000000000000003,1.7000000000000002,,0.0,0.0,0.0,-6.912,1.4316403951999979,-2.26,
3621,0.192323998,1.53,2.8,1.8300653594771241,4.95,0.0,2.1,attentive,,11.25,0.02222202222202222,False,False,3.8000000000000003,1.7000000000000002,,0.0,0.0,0.0,-6.912,1.4316403951999979,-2.26,
3508,4.890128532,2.81,4.52,1.6085409252669038,5.1,0.0,2.7,attentive,,3.75,0.13333313333313335,False,False,3.4000000000000004,0.7000000000000002,,0.0,0.0,0.0,-3.75,3.6693649999999955,-1.1300000000000099,
3508,4.890128532,2.81,4.52,1.6085409252669038,5.1,0.0,2.7,attentive,,5.25,0.24444424444424445,False,False,3.4000000000000004,0.7000000000000002,,0.0,0.0,0.0,-5.25,3.8636874999999975,-1.1300000000000099,
3508,4.890128532,2.81,4.52,1.6085409252669038,5.1,0.0,2.7,attentive,,6.75,0.26666726666726664,False,False,3.4000000000000004,0.7000000000000002,,0.0,0.0,0.0,-6.750000000000003,3.9279249999999966,-1.1300000000000099,
3508,4.890128532,2.81,4.52,1.6085409252669038,5.1,0.0,2.7,attentive,,8.25,0.24444424444424445,False,False,3.4000000000000004,0.7000000000000002,,0.0,0.0,0.0,-8.250000000000002,3.947529999999995,-1.1300000000000099,
3508,4.890128532,2.81,4.52,1.6085409252669038,5.1,0.0,2.7,attentive,,9.75,0.08888908888908889,False,False,3.4000000000000004,0.7000000000000002,,0.0,0.0,0.0,-9.75,3.9530274999999957,-1.1300000000000099,
3508,4.890128532,2.81,4.52,1.6085409252669038,5.1,0.0,2.7,attentive,,11.25,0.02222202222202222,False,False,3.4000000000000004,0.7000000000000002,,0.0,0.0,0.0,-10.367999999999999,3.953799999999994,-1.1300000000000099,
3627,0.05093154,0.85,4.24,4.988235294117647,5.05,0.0,2.3000000000000003,attentive,,3.75,0.13333313333313335,False,False,2.8000000000000003,0.5,,0.0,0.0,0.0,-3.75,3.364400917474998,-0.47000000000000597,
3627,0.05093154,0.85,4.24,4.988235294117647,5.05,0.0,2.3000000000000003,attentive,,5.25,0.24444424444424445,False,False,2.8000000000000003,0.5,,0.0,0.0,0.0,-5.25,3.388321138574998,-0.47000000000000597,
3627,0.05093154,0.85,4.24,4.988235294117647,5.05,0.0,2.3000000000000003,attentive,,6.75,0.26666726666726664,False,False,2.8000000000000003,0.5,,0.0,0.0,0.0,-6.75,3.3921086385749977,-0.47000000000000597,
3627,0.05093154,0.85,4.24,4.988235294117647,5.05,0.0,2.3000000000000003,attentive,,8.25,0.24444424444424445,False,False,2.8000000000000003,0.5,,0.0,0.0,0.0,-8.25,3.392311138574998,-0.47000000000000597,
3627,0.05093154,0.85,4.24,4.988235294117647,5.05,0.0,2.3000000000000003,attentive,,9.75,0.08888908888908889,False,False,2.8000000000000003,0.5,,0.0,0.0,0.0,-9.216,3.392311138574998,-0.47000000000000597,
3627,0.05093154,0.85,4.24,4.988235294117647,5.05,0.0,2.3000000000000003,attentive,,11.25,0.02222202222202222,False,False,2.8000000000000003,0.5,,0.0,0.0,0.0,-9.216,3.392311138574998,-0.47000000000000597,
2555,2.184378528,0.0,3.329599274,33.295992739999996,5.05,,3.5,attentive,,3.75,0.13333313333313335,False,True,4.75,1.25,5.1000000000000005,1.9139999999999993,0.9569999999999996,0.00283025414665032,-3.75,-0.0010007260000004514,0.0,0.0
2555,2.184378528,0.0,3.329599274,33.295992739999996,5.05,,3.5,attentive,,5.25,0.24444424444424445,False,True,4.75,1.25,5.15,1.4228999999999992,0.7114499999999996,0.0026095765493733994,-5.249999999999999,-0.060858226000000126,0.0,-0.20000000000000018
2555,2.184378528,0.0,3.329599274,33.295992739999996,5.05,,3.5,attentive,,6.75,0.26666726666726664,False,True,4.75,1.25,5.15,1.222199999999999,0.6110999999999995,0.0025244098872654564,-6.749999999999998,-0.0470207260000004,0.0,-0.20000000000000018
2555,2.184378528,0.0,3.329599274,33.295992739999996,5.05,,3.5,attentive,,8.25,0.24444424444424445,False,True,4.75,1.25,5.15,1.1138999999999986,0.5569499999999993,0.0024796105563108235,-8.250000000000002,-0.04264822600000029,0.0,-0.20000000000000018
2555,2.184378528,0.0,3.329599274,33.295992739999996,5.05,,3.5,attentive,,9.75,0.08888908888908889,False,True,4.75,1.25,5.15,1.0979999999999985,0.5489999999999993,0.0024731004721330646,-8.568000000000001,-0.04225072600000024,0.0,-0.20000000000000018
2555,2.184378528,0.0,3.329599274,33.295992739999996,5.05,,3.5,attentive,,11.25,0.02222202222202222,False,True,4.75,1.25,5.15,1.0979999999999985,0.5489999999999993,0.0024731004721330646,-8.568000000000001,-0.04225072600000024,0.0,-0.20000000000000018
488,3.984342493,1.3,3.35,2.576923076923077,5.15,3.1,0.8,attentive,,3.75,0.13333313333313335,False,True,5.1000000000000005,4.300000000000001,5.15,0.508098133999999,0.2540490669999995,0.0022432523896170277,-2.6640000000000064,-0.020534643199998648,-0.5500000000000049,-0.09999999999999964
488,3.984342493,1.3,3.35,2.576923076923077,5.15,3.1,0.8,attentive,,5.25,0.24444424444424445,False,True,5.1000000000000005,4.300000000000001,5.15,0.508098133999999,0.2540490669999995,0.0022432523896170277,-2.6640000000000064,-0.020534643199998648,-0.5500000000000049,-0.09999999999999964
488,3.984342493,1.3,3.35,2.576923076923077,5.15,3.1,0.8,attentive,,6.75,0.26666726666726664,False,True,5.1000000000000005,4.300000000000001,5.15,0.508098133999999,0.2540490669999995,0.0022432523896170277,-2.6640000000000064,-0.020534643199998648,-0.5500000000000049,-0.09999999999999964
488,3.984342493,1.3,3.35,2.576923076923077,5.15,3.1,0.8,attentive,,8.25,0.24444424444424445,False,True,5.1000000000000005,4.300000000000001,5.15,0.508098133999999,0.2540490669999995,0.0022432523896170277,-2.6640000000000064,-0.020534643199998648,-0.5500000000000049,-0.09999999999999964
488,3.984342493,1.3,3.35,2.576923076923077,5.15,3.1,0.8,attentive,,9.75,0.08888908888908889,False,True,5.1000000000000005,4.300000000000001,5.15,0.508098133999999,0.2540490669999995,0.0022432523896170277,-2.6640000000000064,-0.020534643199998648,-0.5500000000000049,-0.09999999999999964
488,3.984342493,1.3,3.35,2.576923076923077,5.15,3.1,0.8,attentive,,11.25,0.02222202222202222,False,True,5.1000000000000005,4.300000000000001,5.15,0.508098133999999,0.2540490669999995,0.0022432523896170277,-2.6640000000000064,-0.020534643199998648,-0.5500000000000049,-0.09999999999999964
3731,2.271158943,3.83,8.37,2.185378590078329,4.95,0.0,2.3000000000000003,attentive,,3.75,0.13333313333313335,False,False,2.95,0.6499999999999999,,0.0,0.0,0.0,-3.75,5.634065000000016,-1.8700000000000117,
3731,2.271158943,3.83,8.37,2.185378590078329,4.95,0.0,2.3000000000000003,attentive,,5.25,0.24444424444424445,False,False,2.95,0.6499999999999999,,0.0,0.0,0.0,-5.2500000000000036,6.075550000000019,-1.8700000000000117,
3731,2.271158943,3.83,8.37,2.185378590078329,4.95,0.0,2.3000000000000003,attentive,,6.75,0.26666726666726664,False,False,2.95,0.6499999999999999,,0.0,0.0,0.0,-6.75,6.277000000000017,-1.8700000000000117,
3731,2.271158943,3.83,8.37,2.185378590078329,4.95,0.0,2.3000000000000003,attentive,,8.25,0.24444424444424445,False,False,2.95,0.6499999999999999,,0.0,0.0,0.0,-8.250000000000002,6.369095000000019,-1.8700000000000117,
3731,2.271158943,3.83,8.37,2.185378590078329,4.95,0.0,2.3000000000000003,attentive,,9.75,0.08888908888908889,False,False,2.95,0.6499999999999999,,0.0,0.0,0.0,-9.75,6.408990000000021,-1.8700000000000117,
3731,2.271158943,3.83,8.37,2.185378590078329,4.95,0.0,2.3000000000000003,attentive,,11.25,0.02222202222202222,False,False,2.95,0.6499999999999999,,0.0,0.0,0.0,-11.25,6.42487500000002,-1.8700000000000117,
3098,1.692418966,0.0,4.567844866,45.678448659999994,4.85,,0.4,attentive,,3.75,0.13333313333313335,False,False,3.3500000000000005,2.9500000000000006,,0.0,0.0,0.0,-3.75,1.258398262349997,0.0,
3098,1.692418966,0.0,4.567844866,45.678448659999994,4.85,,0.4,attentive,,5.25,0.24444424444424445,False,False,3.3500000000000005,2.9500000000000006,,0.0,0.0,0.0,-5.25,1.2706114963499968,0.0,
3098,1.692418966,0.0,4.567844866,45.678448659999994,4.85,,0.4,attentive,,6.75,0.26666726666726664,False,False,3.3500000000000005,2.9500000000000006,,0.0,0.0,0.0,-5.759999999999999,1.271886496349997,0.0,
3098,1.692418966,0.0,4.567844866,45.678448659999994,4.85,,0.4,attentive,,8.25,0.24444424444424445,False,False,3.3500000000000005,2.9500000000000006,,0.0,0.0,0.0,-5.759999999999999,1.271886496349997,0.0,
3098,1.692418966,0.0,4.567844866,45.678448659999994,4.85,,0.4,attentive,,9.75,0.08888908888908889,False,False,3.3500000000000005,2.9500000000000006,,0.0,0.0,0.0,-5.759999999999999,1.271886496349997,0.0,
3098,1.692418966,0.0,4.567844866,45.678448659999994,4.85,,0.4,attentive,,11.25,0.02222202222202222,False,False,3.3500000000000005,2.9500000000000006,,0.0,0.0,0.0,-5.759999999999999,1.271886496349997,0.0,
2231,6.005935602,8.83,42.87,4.855039637599094,4.9,,0.0,attentive,,3.75,0.13333313333313335,False,False,2.0500000000000003,2.0500000000000003,,0.0,0.0,0.0,-3.75,14.30677500000002,0.0,
2231,6.005935602,8.83,42.87,4.855039637599094,4.9,,0.0,attentive,,5.25,0.24444424444424445,False,False,2.0500000000000003,2.0500000000000003,,0.0,0.0,0.0,-5.2500000000000036,16.997150000000005,0.0,
2231,6.005935602,8.83,42.87,4.855039637599094,4.9,,0.0,attentive,,6.75,0.26666726666726664,False,False,2.0500000000000003,2.0500000000000003,,0.0,0.0,0.0,-6.750000000000007,18.379150000000006,0.0,
2231,6.005935602,8.83,42.87,4.855039637599094,4.9,,0.0,attentive,,8.25,0.24444424444424445,False,False,2.0500000000000003,2.0500000000000003,,0.0,0.0,0.0,-8.250000000000002,19.161675000000006,0.0,
2231,6.005935602,8.83,42.87,4.855039637599094,4.9,,0.0,attentive,,9.75,0.08888908888908889,False,False,2.0500000000000003,2.0500000000000003,,0.0,0.0,0.0,-9.75,19.629315000000005,0.0,
2231,6.005935602,8.83,42.87,4.855039637599094,4.9,,0.0,attentive,,11.25,0.02222202222202222,False,False,2.0500000000000003,2.0500000000000003,,0.0,0.0,0.0,-11.25,19.916300000000003,0.0,
2983,10.03195587,0.0,6.925781188,69.25781187999999,4.9,,0.5,attentive,,3.75,0.13333313333313335,False,False,2.7500000000000004,2.2500000000000004,,0.0,0.0,0.0,-3.75,2.8121803695000045,0.0,
2983,10.03195587,0.0,6.925781188,69.25781187999999,4.9,,0.5,attentive,,5.25,0.24444424444424445,False,False,2.7500000000000004,2.2500000000000004,,0.0,0.0,0.0,-5.25,2.8552963836000043,0.0,
2983,10.03195587,0.0,6.925781188,69.25781187999999,4.9,,0.5,attentive,,6.75,0.26666726666726664,False,False,2.7500000000000004,2.2500000000000004,,0.0,0.0,0.0,-6.75,2.868281890650003,0.0,
2983,10.03195587,0.0,6.925781188,69.25781187999999,4.9,,0.5,attentive,,8.25,0.24444424444424445,False,False,2.7500000000000004,2.2500000000000004,,0.0,0.0,0.0,-6.912,2.868686890650004,0.0,
2983,10.03195587,0.0,6.925781188,69.25781187999999,4.9,,0.5,attentive,,9.75,0.08888908888908889,False,False,2.7500000000000004,2.2500000000000004,,0.0,0.0,0.0,-6.912,2.868686890650004,0.0,
2983,10.03195587,0.0,6.925781188,69.25781187999999,4.9,,0.5,attentive,,11.25,0.02222202222202222,False,False,2.7500000000000004,2.2500000000000004,,0.0,0.0,0.0,-6.912,2.868686890650004,0.0,
4392,1.176931206,8.86,5.82,0.6568848758465012,5.1,0.0,2.75,attentive,,3.75,0.13333313333313335,False,False,2.95,0.20000000000000018,,0.0,0.0,0.0,-3.75,4.874980000000065,-2.910000000000026,
4392,1.176931206,8.86,5.82,0.6568848758465012,5.1,0.0,2.75,attentive,,5.25,0.24444424444424445,False,False,2.95,0.20000000000000018,,0.0,0.0,0.0,-5.2500000000000036,5.82,-2.910000000000026,
4392,1.176931206,8.86,5.82,0.6568848758465012,5.1,0.0,2.75,attentive,,6.75,0.26666726666726664,False,False,2.95,0.20000000000000018,,0.0,0.0,0.0,-6.750000000000007,5.82,-2.910000000000026,
4392,1.176931206,8.86,5.82,0.6568848758465012,5.1,0.0,2.75,attentive,,8.25,0.24444424444424445,False,False,2.95,0.20000000000000018,,0.0,0.0,0.0,-8.250000000000002,5.82,-2.910000000000026,
4392,1.176931206,8.86,5.82,0.6568848758465012,5.1,0.0,2.75,attentive,,9.75,0.08888908888908889,False,False,2.95,0.20000000000000018,,0.0,0.0,0.0,-9.75,5.82,-2.910000000000026,
4392,1.176931206,8.86,5.82,0.6568848758465012,5.1,0.0,2.75,attentive,,11.25,0.02222202222202222,False,False,2.95,0.20000000000000018,,0.0,0.0,0.0,-11.25,5.82,-2.910000000000026,
2467,2.097498311,6.17,33.32,5.40032414910859,4.85,,0.2,attentive,,3.75,0.13333313333313335,False,False,1.75,1.55,,0.0,0.0,0.0,-3.75,14.775664178899994,0.0,
2467,2.097498311,6.17,33.32,5.40032414910859,4.85,,0.2,attentive,,5.25,0.24444424444424445,False,False,1.75,1.55,,0.0,0.0,0.0,-5.2500000000000036,16.4123981184,0.0,
2467,2.097498311,6.17,33.32,5.40032414910859,4.85,,0.2,attentive,,6.75,0.26666726666726664,False,False,1.75,1.55,,0.0,0.0,0.0,-6.750000000000007,17.235265088149994,0.0,
2467,2.097498311,6.17,33.32,5.40032414910859,4.85,,0.2,attentive,,8.25,0.24444424444424445,False,False,1.75,1.55,,0.0,0.0,0.0,-8.250000000000002,17.685440269999994,0.0,
2467,2.097498311,6.17,33.32,5.40032414910859,4.85,,0.2,attentive,,9.75,0.08888908888908889,False,False,1.75,1.55,,0.0,0.0,0.0,-9.75,17.93940705789999,0.0,
2467,2.097498311,6.17,33.32,5.40032414910859,4.85,,0.2,attentive,,11.25,0.02222202222202222,False,False,1.75,1.55,,0.0,0.0,0.0,-11.25,18.084338845799994,0.0,
3292,0.112617183,0.0,1.833635172,18.33635172,5.05,,3.8000000000000003,attentive,,3.75,0.13333313333313335,False,True,,,5.050000000000001,2.61,1.305,0.003175237680484659,0.0,-0.05861482800000117,0.0,-0.15000000000000036
3292,0.112617183,0.0,1.833635172,18.33635172,5.05,,3.8000000000000003,attentive,,5.25,0.24444424444424445,False,True,,,5.050000000000001,2.61,1.305,0.003175237680484659,0.0,-0.05861482800000117,0.0,-0.15000000000000036
3292,0.112617183,0.0,1.833635172,18.33635172,5.05,,3.8000000000000003,attentive,,6.75,0.26666726666726664,False,True,,,5.050000000000001,2.61,1.305,0.003175237680484659,0.0,-0.05861482800000117,0.0,-0.15000000000000036
3292,0.112617183,0.0,1.833635172,18.33635172,5.05,,3.8000000000000003,attentive,,8.25,0.24444424444424445,False,True,,,5.050000000000001,2.61,1.305,0.003175237680484659,0.0,-0.05861482800000117,0.0,-0.15000000000000036
3292,0.112617183,0.0,1.833635172,18.33635172,5.05,,3.8000000000000003,attentive,,9.75,0.08888908888908889,False,True,,,5.050000000000001,2.61,1.305,0.003175237680484659,0.0,-0.05861482800000117,0.0,-0.15000000000000036
3292,0.112617183,0.0,1.833635172,18.33635172,5.05,,3.8000000000000003,attentive,,11.25,0.02222202222202222,False,True,,,5.050000000000001,2.61,1.305,0.003175237680484659,0.0,-0.05861482800000117,0.0,-0.15000000000000036
2317,9.531668999,7.83,41.51,5.30140485312899,5.15,,0.2,attentive,,3.75,0.13333313333313335,False,False,2.1,1.9000000000000001,,0.0,0.0,0.0,-3.75,15.727064312950002,0.0,
2317,9.531668999,7.83,41.51,5.30140485312899,5.15,,0.2,attentive,,5.25,0.24444424444424445,False,False,2.1,1.9000000000000001,,0.0,0.0,0.0,-5.2500000000000036,17.97289477615,0.0,
2317,9.531668999,7.83,41.51,5.30140485312899,5.15,,0.2,attentive,,6.75,0.26666726666726664,False,False,2.1,1.9000000000000001,,0.0,0.0,0.0,-6.750000000000007,19.117387507750003,0.0,
2317,9.531668999,7.83,41.51,5.30140485312899,5.15,,0.2,attentive,,8.25,0.24444424444424445,False,False,2.1,1.9000000000000001,,0.0,0.0,0.0,-8.250000000000002,19.758527662149998,0.0,
2317,9.531668999,7.83,41.51,5.30140485312899,5.15,,0.2,attentive,,9.75,0.08888908888908889,False,False,2.1,1.9000000000000001,,0.0,0.0,0.0,-9.75,20.133390239349996,0.0,
2317,9.531668999,7.83,41.51,5.30140485312899,5.15,,0.2,attentive,,11.25,0.02222202222202222,False,False,2.1,1.9000000000000001,,0.0,0.0,0.0,-11.25,20.35997781655,0.0,
2388,4.859534137,1.68,9.94,5.916666666666667,5.05,,0.15000000000000002,attentive,,3.75,0.13333313333313335,False,False,3.4000000000000004,3.2500000000000004,,0.0,0.0,0.0,-3.75,2.6292010245999995,0.0,
2388,4.859534137,1.68,9.94,5.916666666666667,5.05,,0.15000000000000002,attentive,,5.25,0.24444424444424445,False,False,3.4000000000000004,3.2500000000000004,,0.0,0.0,0.0,-5.25,2.7193120086999985,0.0,
2388,4.859534137,1.68,9.94,5.916666666666667,5.05,,0.15000000000000002,attentive,,6.75,0.26666726666726664,False,False,3.4000000000000004,3.2500000000000004,,0.0,0.0,0.0,-6.75,2.7505750007499987,0.0,
2388,4.859534137,1.68,9.94,5.916666666666667,5.05,,0.15000000000000002,attentive,,8.25,0.24444424444424445,False,False,3.4000000000000004,3.2500000000000004,,0.0,0.0,0.0,-8.10499204,2.758728032599998,0.0,
2388,4.859534137,1.68,9.94,5.916666666666667,5.05,,0.15000000000000002,attentive,,9.75,0.08888908888908889,False,False,3.4000000000000004,3.2500000000000004,,0.0,0.0,0.0,-8.10499204,2.758728032599998,0.0,
2388,4.859534137,1.68,9.94,5.916666666666667,5.05,,0.15000000000000002,attentive,,11.25,0.02222202222202222,False,False,3.4000000000000004,3.2500000000000004,,0.0,0.0,0.0,-8.10499204,2.758728032599998,0.0,
2566,1.692418966,0.0,4.426733052,44.26733052,4.95,,0.45,attentive,,3.75,0.13333313333313335,False,False,3.45,3.0,,0.0,0.0,0.0,-3.75,1.249498951899998,0.0,
2566,1.692418966,0.0,4.426733052,44.26733052,4.95,,0.45,attentive,,5.25,0.24444424444424445,False,False,3.45,3.0,,0.0,0.0,0.0,-5.25,1.2590432719999978,0.0,
2566,1.692418966,0.0,4.426733052,44.26733052,4.95,,0.45,attentive,,6.75,0.26666726666726664,False,False,3.45,3.0,,0.0,0.0,0.0,-5.759999999999999,1.260318271999998,0.0,
2566,1.692418966,0.0,4.426733052,44.26733052,4.95,,0.45,attentive,,8.25,0.24444424444424445,False,False,3.45,3.0,,0.0,0.0,0.0,-5.759999999999999,1.260318271999998,0.0,
2566,1.692418966,0.0,4.426733052,44.26733052,4.95,,0.45,attentive,,9.75,0.08888908888908889,False,False,3.45,3.0,,0.0,0.0,0.0,-5.759999999999999,1.260318271999998,0.0,
2566,1.692418966,0.0,4.426733052,44.26733052,4.95,,0.45,attentive,,11.25,0.02222202222202222,False,False,3.45,3.0,,0.0,0.0,0.0,-5.759999999999999,1.260318271999998,0.0,
4393,1.757055635,7.87,2.98,0.3786531130876747,5.1,2.7,3.35,attentive,,3.75,0.13333313333313335,False,True,3.8000000000000003,0.4500000000000002,5.050000000000001,3.211900000000001,1.6059500000000004,0.003507187212209314,-3.75,-0.06911249999999569,-6.310000000000056,-0.20000000000000018
4393,1.757055635,7.87,2.98,0.3786531130876747,5.1,2.7,3.35,attentive,,5.25,0.24444424444424445,False,False,3.8000000000000003,0.4500000000000002,,0.0,0.0,0.0,-5.2500000000000036,0.6658000000000186,-6.310000000000056,
4393,1.757055635,7.87,2.98,0.3786531130876747,5.1,2.7,3.35,attentive,,6.75,0.26666726666726664,False,False,3.8000000000000003,0.4500000000000002,,0.0,0.0,0.0,-6.750000000000007,1.738900000000008,-6.310000000000056,
4393,1.757055635,7.87,2.98,0.3786531130876747,5.1,2.7,3.35,attentive,,8.25,0.24444424444424445,False,False,3.8000000000000003,0.4500000000000002,,0.0,0.0,0.0,-8.250000000000002,2.337370000000014,-6.310000000000056,
4393,1.757055635,7.87,2.98,0.3786531130876747,5.1,2.7,3.35,attentive,,9.75,0.08888908888908889,False,False,3.8000000000000003,0.4500000000000002,,0.0,0.0,0.0,-9.75,2.6861800000000144,-6.310000000000056,
4393,1.757055635,7.87,2.98,0.3786531130876747,5.1,2.7,3.35,attentive,,11.25,0.02222202222202222,False,False,3.8000000000000003,0.4500000000000002,,0.0,0.0,0.0,-11.25,2.8920750000000197,-6.310000000000056,
1572,2.001097954,1.89,5.12,2.7089947089947093,4.9,0.0,1.4500000000000002,attentive,,3.75,0.13333313333313335,False,False,3.4000000000000004,1.9500000000000002,,0.0,0.0,0.0,-3.75,1.5807084664750004,-0.6000000000000033,
1572,2.001097954,1.89,5.12,2.7089947089947093,4.9,0.0,1.4500000000000002,attentive,,5.25,0.24444424444424445,False,False,3.4000000000000004,1.9500000000000002,,0.0,0.0,0.0,-5.25,1.6213048750749994,-0.6000000000000033,
1572,2.001097954,1.89,5.12,2.7089947089947093,4.9,0.0,1.4500000000000002,attentive,,6.75,0.26666726666726664,False,False,3.4000000000000004,1.9500000000000002,,0.0,0.0,0.0,-6.75,1.6334197975749998,-0.6000000000000033,
1572,2.001097954,1.89,5.12,2.7089947089947093,4.9,0.0,1.4500000000000002,attentive,,8.25,0.24444424444424445,False,False,3.4000000000000004,1.9500000000000002,,0.0,0.0,0.0,-7.82794062,1.635516102625,-0.6000000000000033,
1572,2.001097954,1.89,5.12,2.7089947089947093,4.9,0.0,1.4500000000000002,attentive,,9.75,0.08888908888908889,False,False,3.4000000000000004,1.9500000000000002,,0.0,0.0,0.0,-7.82794062,1.635516102625,-0.6000000000000033,
1572,2.001097954,1.89,5.12,2.7089947089947093,4.9,0.0,1.4500000000000002,attentive,,11.25,0.02222202222202222,False,False,3.4000000000000004,1.9500000000000002,,0.0,0.0,0.0,-7.82794062,1.635516102625,-0.6000000000000033,
3394,29.9348413,0.0,7.92649219,79.2649219,4.85,,0.55,attentive,,3.75,0.13333313333313335,False,False,2.45,1.9000000000000001,,0.0,0.0,0.0,-3.75,3.7571833696000017,0.0,
3394,29.9348413,0.0,7.92649219,79.2649219,4.85,,0.55,attentive,,5.25,0.24444424444424445,False,False,2.45,1.9000000000000001,,0.0,0.0,0.0,-5.25,3.822749495500002,0.0,
3394,29.9348413,0.0,7.92649219,79.2649219,4.85,,0.55,attentive,,6.75,0.26666726666726664,False,False,2.45,1.9000000000000001,,0.0,0.0,0.0,-6.75,3.8434125584500007,0.0,
3394,29.9348413,0.0,7.92649219,79.2649219,4.85,,0.55,attentive,,8.25,0.24444424444424445,False,False,2.45,1.9000000000000001,,0.0,0.0,0.0,-8.064,3.847507558450002,0.0,
3394,29.9348413,0.0,7.92649219,79.2649219,4.85,,0.55,attentive,,9.75,0.08888908888908889,False,False,2.45,1.9000000000000001,,0.0,0.0,0.0,-8.064,3.847507558450002,0.0,
3394,29.9348413,0.0,7.92649219,79.2649219,4.85,,0.55,attentive,,11.25,0.02222202222202222,False,False,2.45,1.9000000000000001,,0.0,0.0,0.0,-8.064,3.847507558450002,0.0,
256,6.058527951,1.44,1.43,0.9930555555555556,5.1,2.7,0.0,attentive,,3.75,0.13333313333313335,False,True,4.95,4.95,5.15,0.30539999999999984,0.15269999999999992,0.002169298133635046,-3.75,-0.013030000000008535,-2.0500000000000096,-0.09999999999999964
256,6.058527951,1.44,1.43,0.9930555555555556,5.1,2.7,0.0,attentive,,5.25,0.24444424444424445,False,True,4.95,4.95,5.15,0.18749999999999994,0.09374999999999997,0.0021274067104514365,-5.249999999999999,-0.00793750000000859,-2.0500000000000096,-0.09999999999999964
256,6.058527951,1.44,1.43,0.9930555555555556,5.1,2.7,0.0,attentive,,6.75,0.26666726666726664,False,True,4.95,4.95,5.15,0.16199999999999987,0.08099999999999993,0.0021184529440997474,-5.760000000000001,-0.007300000000007856,-2.0500000000000096,-0.09999999999999964
256,6.058527951,1.44,1.43,0.9930555555555556,5.1,2.7,0.0,attentive,,8.25,0.24444424444424445,False,True,4.95,4.95,5.15,0.16199999999999987,0.08099999999999993,0.0021184529440997474,-5.760000000000001,-0.007300000000007856,-2.0500000000000096,-0.09999999999999964
256,6.058527951,1.44,1.43,0.9930555555555556,5.1,2.7,0.0,attentive,,9.75,0.08888908888908889,False,True,4.95,4.95,5.15,0.16199999999999987,0.08099999999999993,0.0021184529440997474,-5.760000000000001,-0.007300000000007856,-2.0500000000000096,-0.09999999999999964
256,6.058527951,1.44,1.43,0.9930555555555556,5.1,2.7,0.0,attentive,,11.25,0.02222202222202222,False,True,4.95,4.95,5.15,0.16199999999999987,0.08099999999999993,0.0021184529440997474,-5.760000000000001,-0.007300000000007856,-2.0500000000000096,-0.09999999999999964
4066,7.345947021,6.13,7.27,1.1859706362153344,4.9,1.85,2.7,attentive,,3.75,0.13333313333313335,False,False,3.3000000000000003,0.6000000000000001,,0.0,0.0,0.0,-3.75,2.4115000000000073,-4.13000000000002,
4066,7.345947021,6.13,7.27,1.1859706362153344,4.9,1.85,2.7,attentive,,5.25,0.24444424444424445,False,False,3.3000000000000003,0.6000000000000001,,0.0,0.0,0.0,-5.2500000000000036,3.6512000000000135,-4.13000000000002,
4066,7.345947021,6.13,7.27,1.1859706362153344,4.9,1.85,2.7,attentive,,6.75,0.26666726666726664,False,False,3.3000000000000003,0.6000000000000001,,0.0,0.0,0.0,-6.750000000000007,4.263225000000016,-4.13000000000002,
4066,7.345947021,6.13,7.27,1.1859706362153344,4.9,1.85,2.7,attentive,,8.25,0.24444424444424445,False,False,3.3000000000000003,0.6000000000000001,,0.0,0.0,0.0,-8.250000000000002,4.591620000000013,-4.13000000000002,
4066,7.345947021,6.13,7.27,1.1859706362153344,4.9,1.85,2.7,attentive,,9.75,0.08888908888908889,False,False,3.3000000000000003,0.6000000000000001,,0.0,0.0,0.0,-9.75,4.767965000000014,-4.13000000000002,
4066,7.345947021,6.13,7.27,1.1859706362153344,4.9,1.85,2.7,attentive,,11.25,0.02222202222202222,False,False,3.3000000000000003,0.6000000000000001,,0.0,0.0,0.0,-11.25,4.865350000000017,-4.13000000000002,
3901,2.378072094,0.22,1.21,5.5,5.1,1.4000000000000001,2.6,attentive,,3.75,0.13333313333313335,False,False,4.05,1.4499999999999997,,0.0,0.0,0.0,-3.75,1.0929881191000037,-0.7500000000000034,
3901,2.378072094,0.22,1.21,5.5,5.1,1.4000000000000001,2.6,attentive,,5.25,0.24444424444424445,False,False,4.05,1.4499999999999997,,0.0,0.0,0.0,-5.25,1.1188111838000032,-0.7500000000000034,
3901,2.378072094,0.22,1.21,5.5,5.1,1.4000000000000001,2.6,attentive,,6.75,0.26666726666726664,False,False,4.05,1.4499999999999997,,0.0,0.0,0.0,-6.75,1.1251111838000036,-0.7500000000000034,
3901,2.378072094,0.22,1.21,5.5,5.1,1.4000000000000001,2.6,attentive,,8.25,0.24444424444424445,False,False,4.05,1.4499999999999997,,0.0,0.0,0.0,-6.912,1.1255161838000038,-0.7500000000000034,
3901,2.378072094,0.22,1.21,5.5,5.1,1.4000000000000001,2.6,attentive,,9.75,0.08888908888908889,False,False,4.05,1.4499999999999997,,0.0,0.0,0.0,-6.912,1.1255161838000038,-0.7500000000000034,
3901,2.378072094,0.22,1.21,5.5,5.1,1.4000000000000001,2.6,attentive,,11.25,0.02222202222202222,False,False,4.05,1.4499999999999997,,0.0,0.0,0.0,-6.912,1.1255161838000038,-0.7500000000000034,
1722,2.415843392,6.65,5.64,0.8481203007518796,4.9,2.9000000000000004,3.1,attentive,,3.75,0.13333313333313335,False,True,4.05,0.9499999999999997,4.6000000000000005,3.722201106,1.861100553,0.003815559283619081,-5.252988940000005,-0.17924072809999458,-3.750000000000034,-0.3000000000000007
1722,2.415843392,6.65,5.64,0.8481203007518796,4.9,2.9000000000000004,3.1,attentive,,5.25,0.24444424444424445,False,True,4.05,0.9499999999999997,4.65,2.5597011059999977,1.2798505529999988,0.0031489586480176364,-5.252988940000005,-0.043788283399990746,-3.750000000000034,-0.20000000000000018
1722,2.415843392,6.65,5.64,0.8481203007518796,4.9,2.9000000000000004,3.1,attentive,,6.75,0.26666726666726664,False,False,4.05,0.9499999999999997,,0.0,0.0,0.0,-6.750000000000007,0.0727547062250089,-3.750000000000034,
1722,2.415843392,6.65,5.64,0.8481203007518796,4.9,2.9000000000000004,3.1,attentive,,8.25,0.24444424444424445,False,False,4.05,0.9499999999999997,,0.0,0.0,0.0,-8.250000000000002,0.47997083180000644,-3.750000000000034,
1722,2.415843392,6.65,5.64,0.8481203007518796,4.9,2.9000000000000004,3.1,attentive,,9.75,0.08888908888908889,False,False,4.05,0.9499999999999997,,0.0,0.0,0.0,-9.75,0.711929512675006,-3.750000000000034,
1722,2.415843392,6.65,5.64,0.8481203007518796,4.9,2.9000000000000004,3.1,attentive,,11.25,0.02222202222202222,False,False,4.05,0.9499999999999997,,0.0,0.0,0.0,-11.25,0.8402142085250084,-3.750000000000034,
4295,8.206810712,5.59,7.8,1.3953488372093024,5.05,0.0,2.5500000000000003,attentive,,3.75,0.13333313333313335,False,False,3.45,0.8999999999999999,,0.0,0.0,0.0,-3.75,3.2039800000000085,-1.5200000000000136,
4295,8.206810712,5.59,7.8,1.3953488372093024,5.05,0.0,2.5500000000000003,attentive,,5.25,0.24444424444424445,False,False,3.45,0.8999999999999999,,0.0,0.0,0.0,-5.2500000000000036,3.8237625000000115,-1.5200000000000136,
4295,8.206810712,5.59,7.8,1.3953488372093024,5.05,0.0,2.5500000000000003,attentive,,6.75,0.26666726666726664,False,False,3.45,0.8999999999999999,,0.0,0.0,0.0,-6.750000000000007,4.042837500000008,-1.5200000000000136,
4295,8.206810712,5.59,7.8,1.3953488372093024,5.05,0.0,2.5500000000000003,attentive,,8.25,0.24444424444424445,False,False,3.45,0.8999999999999999,,0.0,0.0,0.0,-8.250000000000002,4.131212500000011,-1.5200000000000136,
4295,8.206810712,5.59,7.8,1.3953488372093024,5.05,0.0,2.5500000000000003,attentive,,9.75,0.08888908888908889,False,False,3.45,0.8999999999999999,,0.0,0.0,0.0,-9.75,4.165987500000014,-1.5200000000000136,
4295,8.206810712,5.59,7.8,1.3953488372093024,5.05,0.0,2.5500000000000003,attentive,,11.25,0.02222202222202222,False,False,3.45,0.8999999999999999,,0.0,0.0,0.0,-11.25,4.177350000000011,-1.5200000000000136,
177,3.876896501,3.08,3.09,1.0032467532467533,4.85,,0.0,attentive,,3.75,0.13333313333313335,False,False,4.300000000000001,4.300000000000001,,0.0,0.0,0.0,-3.75,0.25147000000001185,0.0,
177,3.876896501,3.08,3.09,1.0032467532467533,4.85,,0.0,attentive,,5.25,0.24444424444424445,False,False,4.300000000000001,4.300000000000001,,0.0,0.0,0.0,-5.2500000000000036,0.2532000000000121,0.0,
177,3.876896501,3.08,3.09,1.0032467532467533,4.85,,0.0,attentive,,6.75,0.26666726666726664,False,False,4.300000000000001,4.300000000000001,,0.0,0.0,0.0,-6.75,0.2532000000000121,0.0,
177,3.876896501,3.08,3.09,1.0032467532467533,4.85,,0.0,attentive,,8.25,0.24444424444424445,False,False,4.300000000000001,4.300000000000001,,0.0,0.0,0.0,-8.250000000000002,0.2532000000000121,0.0,
177,3.876896501,3.08,3.09,1.0032467532467533,4.85,,0.0,attentive,,9.75,0.08888908888908889,False,False,4.300000000000001,4.300000000000001,,0.0,0.0,0.0,-9.75,0.2532000000000121,0.0,
177,3.876896501,3.08,3.09,1.0032467532467533,4.85,,0.0,attentive,,11.25,0.02222202222202222,False,False,4.300000000000001,4.300000000000001,,0.0,0.0,0.0,-10.367999999999999,0.2532000000000121,0.0,
2387,8.428573651,1.68,9.94,5.916666666666667,5.2,,0.1,attentive,,3.75,0.13333313333313335,False,False,3.6000000000000005,3.5000000000000004,,0.0,0.0,0.0,-3.75,2.353432480949996,0.0,
2387,8.428573651,1.68,9.94,5.916666666666667,5.2,,0.1,attentive,,5.25,0.24444424444424445,False,False,3.6000000000000005,3.5000000000000004,,0.0,0.0,0.0,-5.25,2.4379885574499953,0.0,
2387,8.428573651,1.68,9.94,5.916666666666667,5.2,,0.1,attentive,,6.75,0.26666726666726664,False,False,3.6000000000000005,3.5000000000000004,,0.0,0.0,0.0,-6.75,2.466474095699996,0.0,
2387,8.428573651,1.68,9.94,5.916666666666667,5.2,,0.1,attentive,,8.25,0.24444424444424445,False,False,3.6000000000000005,3.5000000000000004,,0.0,0.0,0.0,-8.09328868,2.471908190549996,0.0,
2387,8.428573651,1.68,9.94,5.916666666666667,5.2,,0.1,attentive,,9.75,0.08888908888908889,False,False,3.6000000000000005,3.5000000000000004,,0.0,0.0,0.0,-8.09328868,2.471908190549996,0.0,
2387,8.428573651,1.68,9.94,5.916666666666667,5.2,,0.1,attentive,,11.25,0.02222202222202222,False,False,3.6000000000000005,3.5000000000000004,,0.0,0.0,0.0,-8.09328868,2.471908190549996,0.0,
652,1.907954255,9.72,19.23,1.978395061728395,4.95,1.6,2.2,attentive,,3.75,0.13333313333313335,False,False,2.7500000000000004,0.5500000000000003,,0.0,0.0,0.0,-3.75,3.0517449999999755,-3.660000000000019,
652,1.907954255,9.72,19.23,1.978395061728395,4.95,1.6,2.2,attentive,,5.25,0.24444424444424445,False,False,2.7500000000000004,0.5500000000000003,,0.0,0.0,0.0,-5.2500000000000036,6.3420249999999925,-3.660000000000019,
652,1.907954255,9.72,19.23,1.978395061728395,4.95,1.6,2.2,attentive,,6.75,0.26666726666726664,False,False,2.7500000000000004,0.5500000000000003,,0.0,0.0,0.0,-6.750000000000007,8.044974999999987,-3.660000000000019,
652,1.907954255,9.72,19.23,1.978395061728395,4.95,1.6,2.2,attentive,,8.25,0.24444424444424445,False,False,2.7500000000000004,0.5500000000000003,,0.0,0.0,0.0,-8.250000000000002,9.020679999999984,-3.660000000000019,
652,1.907954255,9.72,19.23,1.978395061728395,4.95,1.6,2.2,attentive,,9.75,0.08888908888908889,False,False,2.7500000000000004,0.5500000000000003,,0.0,0.0,0.0,-9.75,9.61164999999999,-3.660000000000019,
652,1.907954255,9.72,19.23,1.978395061728395,4.95,1.6,2.2,attentive,,11.25,0.02222202222202222,False,False,2.7500000000000004,0.5500000000000003,,0.0,0.0,0.0,-11.25,9.955399999999976,-3.660000000000019,
2798,2.758690718,0.0,2.828993379,28.28993379,5.05,,0.45,attentive,,3.75,0.13333313333313335,False,False,4.0,3.55,,0.0,0.0,0.0,-3.75,0.5561901076999973,0.0,
2798,2.758690718,0.0,2.828993379,28.28993379,5.05,,0.45,attentive,,5.25,0.24444424444424445,False,False,4.0,3.55,,0.0,0.0,0.0,-4.608,0.5583351076999974,0.0,
2798,2.758690718,0.0,2.828993379,28.28993379,5.05,,0.45,attentive,,6.75,0.26666726666726664,False,False,4.0,3.55,,0.0,0.0,0.0,-4.608,0.5583351076999974,0.0,
2798,2.758690718,0.0,2.828993379,28.28993379,5.05,,0.45,attentive,,8.25,0.24444424444424445,False,False,4.0,3.55,,0.0,0.0,0.0,-4.608,0.5583351076999974,0.0,
2798,2.758690718,0.0,2.828993379,28.28993379,5.05,,0.45,attentive,,9.75,0.08888908888908889,False,False,4.0,3.55,,0.0,0.0,0.0,-4.608,0.5583351076999974,0.0,
2798,2.758690718,0.0,2.828993379,28.28993379,5.05,,0.45,attentive,,11.25,0.02222202222202222,False,False,4.0,3.55,,0.0,0.0,0.0,-4.608,0.5583351076999974,0.0,
3928,3.701838618,1.85,1.61,0.8702702702702703,5.1,1.55,2.8000000000000003,attentive,,3.75,0.13333313333313335,False,False,4.25,1.4499999999999997,,0.0,0.0,0.0,-3.75,1.08418978834999,-1.9100000000000095,
3928,3.701838618,1.85,1.61,0.8702702702702703,5.1,1.55,2.8000000000000003,attentive,,5.25,0.24444424444424445,False,False,4.25,1.4499999999999997,,0.0,0.0,0.0,-5.25,1.177310204249988,-1.9100000000000095,
3928,3.701838618,1.85,1.61,0.8702702702702703,5.1,1.55,2.8000000000000003,attentive,,6.75,0.26666726666726664,False,False,4.25,1.4499999999999997,,0.0,0.0,0.0,-6.75,1.2100779121999885,-1.9100000000000095,
3928,3.701838618,1.85,1.61,0.8702702702702703,5.1,1.55,2.8000000000000003,attentive,,8.25,0.24444424444424445,False,False,4.25,1.4499999999999997,,0.0,0.0,0.0,-8.064,1.2199406201499894,-1.9100000000000095,
3928,3.701838618,1.85,1.61,0.8702702702702703,5.1,1.55,2.8000000000000003,attentive,,9.75,0.08888908888908889,False,False,4.25,1.4499999999999997,,0.0,0.0,0.0,-8.064,1.2199406201499894,-1.9100000000000095,
3928,3.701838618,1.85,1.61,0.8702702702702703,5.1,1.55,2.8000000000000003,attentive,,11.25,0.02222202222202222,False,False,4.25,1.4499999999999997,,0.0,0.0,0.0,-8.064,1.2199406201499894,-1.9100000000000095,
1624,3.062640499,2.29,10.42,4.550218340611353,4.85,0.0,0.6000000000000001,attentive,,3.75,0.13333313333313335,False,False,2.8500000000000005,2.2500000000000004,,0.0,0.0,0.0,-3.75,3.0456791668499967,-2.550000000000008,
1624,3.062640499,2.29,10.42,4.550218340611353,4.85,0.0,0.6000000000000001,attentive,,5.25,0.24444424444424445,False,False,2.8500000000000005,2.2500000000000004,,0.0,0.0,0.0,-5.25,3.191076598999997,-2.550000000000008,
1624,3.062640499,2.29,10.42,4.550218340611353,4.85,0.0,0.6000000000000001,attentive,,6.75,0.26666726666726664,False,False,2.8500000000000005,2.2500000000000004,,0.0,0.0,0.0,-6.750000000000003,3.2472919092999977,-2.550000000000008,
1624,3.062640499,2.29,10.42,4.550218340611353,4.85,0.0,0.6000000000000001,attentive,,8.25,0.24444424444424445,False,False,2.8500000000000005,2.2500000000000004,,0.0,0.0,0.0,-8.250000000000002,3.2671031203499954,-2.550000000000008,
1624,3.062640499,2.29,10.42,4.550218340611353,4.85,0.0,0.6000000000000001,attentive,,9.75,0.08888908888908889,False,False,2.8500000000000005,2.2500000000000004,,0.0,0.0,0.0,-9.461879899999996,3.2704322195999964,-2.550000000000008,
1624,3.062640499,2.29,10.42,4.550218340611353,4.85,0.0,0.6000000000000001,attentive,,11.25,0.02222202222202222,False,False,2.8500000000000005,2.2500000000000004,,0.0,0.0,0.0,-9.461879899999996,3.2704322195999964,-2.550000000000008,
154,2.032838846,2.72,3.14,1.1544117647058822,5.0,3.0,3.45,attentive,,3.75,0.13333313333313335,False,True,4.8500000000000005,1.4000000000000004,5.050000000000001,1.9769,0.98845,0.002859830981964625,-3.75,-0.08609249999997992,-1.6100000000000148,-0.20000000000000018
154,2.032838846,2.72,3.14,1.1544117647058822,5.0,3.0,3.45,attentive,,5.25,0.24444424444424445,False,True,4.8500000000000005,1.4000000000000004,5.050000000000001,1.8590000000000002,0.9295000000000001,0.0028046421258790546,-5.249999999999999,-0.0809999999999782,-1.6100000000000148,-0.20000000000000018
154,2.032838846,2.72,3.14,1.1544117647058822,5.0,3.0,3.45,attentive,,6.75,0.26666726666726664,False,True,4.8500000000000005,1.4000000000000004,5.050000000000001,1.8335000000000001,0.9167500000000001,0.0027928460086693824,-5.760000000000001,-0.08036249999997835,-1.6100000000000148,-0.20000000000000018
154,2.032838846,2.72,3.14,1.1544117647058822,5.0,3.0,3.45,attentive,,8.25,0.24444424444424445,False,True,4.8500000000000005,1.4000000000000004,5.050000000000001,1.8335000000000001,0.9167500000000001,0.0027928460086693824,-5.760000000000001,-0.08036249999997835,-1.6100000000000148,-0.20000000000000018
154,2.032838846,2.72,3.14,1.1544117647058822,5.0,3.0,3.45,attentive,,9.75,0.08888908888908889,False,True,4.8500000000000005,1.4000000000000004,5.050000000000001,1.8335000000000001,0.9167500000000001,0.0027928460086693824,-5.760000000000001,-0.08036249999997835,-1.6100000000000148,-0.20000000000000018
154,2.032838846,2.72,3.14,1.1544117647058822,5.0,3.0,3.45,attentive,,11.25,0.02222202222202222,False,True,4.8500000000000005,1.4000000000000004,5.050000000000001,1.8335000000000001,0.9167500000000001,0.0027928460086693824,-5.760000000000001,-0.08036249999997835,-1.6100000000000148,-0.20000000000000018
2596,1.085891129,0.0,4.242076858,42.420768579999994,5.05,,3.35,attentive,,3.75,0.13333313333313335,False,False,4.5,1.15,,0.0,0.0,0.0,-3.75,0.42225185799999965,0.0,
2596,1.085891129,0.0,4.242076858,42.420768579999994,5.05,,3.35,attentive,,5.25,0.24444424444424445,False,False,4.5,1.15,,0.0,0.0,0.0,-5.25,0.6571968579999998,0.0,
2596,1.085891129,0.0,4.242076858,42.420768579999994,5.05,,3.35,attentive,,6.75,0.26666726666726664,False,False,4.5,1.15,,0.0,0.0,0.0,-6.75,0.7528218579999995,0.0,
2596,1.085891129,0.0,4.242076858,42.420768579999994,5.05,,3.35,attentive,,8.25,0.24444424444424445,False,False,4.5,1.15,,0.0,0.0,0.0,-8.250000000000002,0.7924668579999996,0.0,
2596,1.085891129,0.0,4.242076858,42.420768579999994,5.05,,3.35,attentive,,9.75,0.08888908888908889,False,False,4.5,1.15,,0.0,0.0,0.0,-9.75,0.8059518580000002,0.0,
2596,1.085891129,0.0,4.242076858,42.420768579999994,5.05,,3.35,attentive,,11.25,0.02222202222202222,False,False,4.5,1.15,,0.0,0.0,0.0,-10.872000000000002,0.8087568579999997,0.0,
1154,2.47910412,4.99,4.66,0.9338677354709418,4.85,2.4000000000000004,3.1,attentive,,3.75,0.13333313333313335,False,True,3.9000000000000004,0.8000000000000003,4.9,1.201400000000001,0.6007000000000005,0.0025157435742200846,-3.75,-0.03765000000001706,-5.080000000000027,-0.15000000000000036
1154,2.47910412,4.99,4.66,0.9338677354709418,4.85,2.4000000000000004,3.1,attentive,,5.25,0.24444424444424445,False,False,3.9000000000000004,0.8000000000000003,,0.0,0.0,0.0,-5.2500000000000036,0.540549999999989,-5.080000000000027,
1154,2.47910412,4.99,4.66,0.9338677354709418,4.85,2.4000000000000004,3.1,attentive,,6.75,0.26666726666726664,False,False,3.9000000000000004,0.8000000000000003,,0.0,0.0,0.0,-6.75,0.9093999999999873,-5.080000000000027,
1154,2.47910412,4.99,4.66,0.9338677354709418,4.85,2.4000000000000004,3.1,attentive,,8.25,0.24444424444424445,False,False,3.9000000000000004,0.8000000000000003,,0.0,0.0,0.0,-8.250000000000002,1.095719999999993,-5.080000000000027,
1154,2.47910412,4.99,4.66,0.9338677354709418,4.85,2.4000000000000004,3.1,attentive,,9.75,0.08888908888908889,False,False,3.9000000000000004,0.8000000000000003,,0.0,0.0,0.0,-9.75,1.189474999999991,-5.080000000000027,
1154,2.47910412,4.99,4.66,0.9338677354709418,4.85,2.4000000000000004,3.1,attentive,,11.25,0.02222202222202222,False,False,3.9000000000000004,0.8000000000000003,,0.0,0.0,0.0,-11.25,1.234699999999993,-5.080000000000027,
274,5.172719519,7.97,37.74,4.73525721455458,4.85,0.0,0.55,attentive,,3.75,0.13333313333313335,False,False,2.0500000000000003,1.5000000000000002,,0.0,0.0,0.0,-3.75,13.731260972099985,-1.8900000000000028,
274,5.172719519,7.97,37.74,4.73525721455458,4.85,0.0,0.55,attentive,,5.25,0.24444424444424445,False,False,2.0500000000000003,1.5000000000000002,,0.0,0.0,0.0,-5.2500000000000036,15.938746133699993,-1.8900000000000028,
274,5.172719519,7.97,37.74,4.73525721455458,4.85,0.0,0.55,attentive,,6.75,0.26666726666726664,False,False,2.0500000000000003,1.5000000000000002,,0.0,0.0,0.0,-6.750000000000007,17.064066214500002,-1.8900000000000028,
274,5.172719519,7.97,37.74,4.73525721455458,4.85,0.0,0.55,attentive,,8.25,0.24444424444424445,False,False,2.0500000000000003,1.5000000000000002,,0.0,0.0,0.0,-8.250000000000002,17.692424601699994,-1.8900000000000028,
274,5.172719519,7.97,37.74,4.73525721455458,4.85,0.0,0.55,attentive,,9.75,0.08888908888908889,False,False,2.0500000000000003,1.5000000000000002,,0.0,0.0,0.0,-9.75,18.060896295299994,-1.8900000000000028,
274,5.172719519,7.97,37.74,4.73525721455458,4.85,0.0,0.55,attentive,,11.25,0.02222202222202222,False,False,2.0500000000000003,1.5000000000000002,,0.0,0.0,0.0,-11.25,18.2810929889,-1.8900000000000028,
3255,3.724811877,0.0,2.821328551,28.21328551,5.05,,3.6,attentive,,3.75,0.13333313333313335,False,True,4.95,1.35,5.050000000000001,2.8943999999999956,1.4471999999999978,0.0033279900688575146,-1.6560000000000308,-0.07451144900000006,0.0,-0.15000000000000036
3255,3.724811877,0.0,2.821328551,28.21328551,5.05,,3.6,attentive,,5.25,0.24444424444424445,False,True,4.95,1.35,5.050000000000001,2.8943999999999956,1.4471999999999978,0.0033279900688575146,-1.6560000000000308,-0.07451144900000006,0.0,-0.15000000000000036
3255,3.724811877,0.0,2.821328551,28.21328551,5.05,,3.6,attentive,,6.75,0.26666726666726664,False,True,4.95,1.35,5.050000000000001,2.8943999999999956,1.4471999999999978,0.0033279900688575146,-1.6560000000000308,-0.07451144900000006,0.0,-0.15000000000000036
3255,3.724811877,0.0,2.821328551,28.21328551,5.05,,3.6,attentive,,8.25,0.24444424444424445,False,True,4.95,1.35,5.050000000000001,2.8943999999999956,1.4471999999999978,0.0033279900688575146,-1.6560000000000308,-0.07451144900000006,0.0,-0.15000000000000036
3255,3.724811877,0.0,2.821328551,28.21328551,5.05,,3.6,attentive,,9.75,0.08888908888908889,False,True,4.95,1.35,5.050000000000001,2.8943999999999956,1.4471999999999978,0.0033279900688575146,-1.6560000000000308,-0.07451144900000006,0.0,-0.15000000000000036
3255,3.724811877,0.0,2.821328551,28.21328551,5.05,,3.6,attentive,,11.25,0.02222202222202222,False,True,4.95,1.35,5.050000000000001,2.8943999999999956,1.4471999999999978,0.0033279900688575146,-1.6560000000000308,-0.07451144900000006,0.0,-0.15000000000000036
2127,1.617272069,5.24,27.67,5.280534351145039,4.9,,0.15000000000000002,attentive,,3.75,0.13333313333313335,False,False,2.1500000000000004,2.0000000000000004,,0.0,0.0,0.0,-3.75,10.802162350099987,0.0,
2127,1.617272069,5.24,27.67,5.280534351145039,4.9,,0.15000000000000002,attentive,,5.25,0.24444424444424445,False,False,2.1500000000000004,2.0000000000000004,,0.0,0.0,0.0,-5.2500000000000036,11.867366676099989,0.0,
2127,1.617272069,5.24,27.67,5.280534351145039,4.9,,0.15000000000000002,attentive,,6.75,0.26666726666726664,False,False,2.1500000000000004,2.0000000000000004,,0.0,0.0,0.0,-6.750000000000007,12.38906383909999,0.0,
2127,1.617272069,5.24,27.67,5.280534351145039,4.9,,0.15000000000000002,attentive,,8.25,0.24444424444424445,False,False,2.1500000000000004,2.0000000000000004,,0.0,0.0,0.0,-8.250000000000002,12.664472961349988,0.0,
2127,1.617272069,5.24,27.67,5.280534351145039,4.9,,0.15000000000000002,attentive,,9.75,0.08888908888908889,False,False,2.1500000000000004,2.0000000000000004,,0.0,0.0,0.0,-9.75,12.808221002099987,0.0,
2127,1.617272069,5.24,27.67,5.280534351145039,4.9,,0.15000000000000002,attentive,,11.25,0.02222202222202222,False,False,2.1500000000000004,2.0000000000000004,,0.0,0.0,0.0,-11.25,12.885129042849988,0.0,
2494,2.257189178,11.64,56.5,4.853951890034364,5.15,,0.0,attentive,,3.75,0.13333313333313335,False,False,1.75,1.75,,0.0,0.0,0.0,-3.75,17.976850000000006,0.0,
2494,2.257189178,11.64,56.5,4.853951890034364,5.15,,0.0,attentive,,5.25,0.24444424444424445,False,False,1.75,1.75,,0.0,0.0,0.0,-5.2500000000000036,22.768074999999982,0.0,
2494,2.257189178,11.64,56.5,4.853951890034364,5.15,,0.0,attentive,,6.75,0.26666726666726664,False,False,1.75,1.75,,0.0,0.0,0.0,-6.750000000000007,25.278999999999996,0.0,
2494,2.257189178,11.64,56.5,4.853951890034364,5.15,,0.0,attentive,,8.25,0.24444424444424445,False,False,1.75,1.75,,0.0,0.0,0.0,-8.250000000000002,26.743779999999987,0.0,
2494,2.257189178,11.64,56.5,4.853951890034364,5.15,,0.0,attentive,,9.75,0.08888908888908889,False,False,1.75,1.75,,0.0,0.0,0.0,-9.750000000000014,27.65376999999999,0.0,
2494,2.257189178,11.64,56.5,4.853951890034364,5.15,,0.0,attentive,,11.25,0.02222202222202222,False,False,1.75,1.75,,0.0,0.0,0.0,-11.25,28.244799999999987,0.0,
1003,0.815828059,13.92,25.01,1.7966954022988506,4.85,0.5,1.2000000000000002,attentive,,3.75,0.13333313333313335,False,False,1.85,0.6499999999999999,,0.0,0.0,0.0,-3.75,5.929993361749993,-2.9000000000000137,
1003,0.815828059,13.92,25.01,1.7966954022988506,4.85,0.5,1.2000000000000002,attentive,,5.25,0.24444424444424445,False,False,1.85,0.6499999999999999,,0.0,0.0,0.0,-5.2500000000000036,11.266061000500002,-2.9000000000000137,
1003,0.815828059,13.92,25.01,1.7966954022988506,4.85,0.5,1.2000000000000002,attentive,,6.75,0.26666726666726664,False,False,1.85,0.6499999999999999,,0.0,0.0,0.0,-6.750000000000007,13.470315935500018,-2.9000000000000137,
1003,0.815828059,13.92,25.01,1.7966954022988506,4.85,0.5,1.2000000000000002,attentive,,8.25,0.24444424444424445,False,False,1.85,0.6499999999999999,,0.0,0.0,0.0,-8.250000000000002,14.381907871750002,-2.9000000000000137,
1003,0.815828059,13.92,25.01,1.7966954022988506,4.85,0.5,1.2000000000000002,attentive,,9.75,0.08888908888908889,False,False,1.85,0.6499999999999999,,0.0,0.0,0.0,-9.750000000000014,14.829475500500017,-2.9000000000000137,
1003,0.815828059,13.92,25.01,1.7966954022988506,4.85,0.5,1.2000000000000002,attentive,,11.25,0.02222202222202222,False,False,1.85,0.6499999999999999,,0.0,0.0,0.0,-11.25,15.066943661750017,-2.9000000000000137,
4799,5.469193281,14.03,10.12,0.7213114754098361,4.95,1.3,2.35,attentive,,3.75,0.13333313333313335,False,False,2.3000000000000003,-0.04999999999999982,,0.0,0.0,0.0,-3.75,6.308499999999988,-5.230000000000032,
4799,5.469193281,14.03,10.12,0.7213114754098361,4.95,1.3,2.35,attentive,,5.25,0.24444424444424445,False,False,2.3000000000000003,-0.04999999999999982,,0.0,0.0,0.0,-5.2500000000000036,9.592912499999997,-5.230000000000032,
4799,5.469193281,14.03,10.12,0.7213114754098361,4.95,1.3,2.35,attentive,,6.75,0.26666726666726664,False,False,2.3000000000000003,-0.04999999999999982,,0.0,0.0,0.0,-6.750000000000007,10.12,-5.230000000000032,
4799,5.469193281,14.03,10.12,0.7213114754098361,4.95,1.3,2.35,attentive,,8.25,0.24444424444424445,False,False,2.3000000000000003,-0.04999999999999982,,0.0,0.0,0.0,-8.250000000000002,10.12,-5.230000000000032,
4799,5.469193281,14.03,10.12,0.7213114754098361,4.95,1.3,2.35,attentive,,9.75,0.08888908888908889,False,False,2.3000000000000003,-0.04999999999999982,,0.0,0.0,0.0,-9.750000000000014,10.12,-5.230000000000032,
4799,5.469193281,14.03,10.12,0.7213114754098361,4.95,1.3,2.35,attentive,,11.25,0.02222202222202222,False,False,2.3000000000000003,-0.04999999999999982,,0.0,0.0,0.0,-11.25,10.12,-5.230000000000032,
1583,5.23847288,12.72,51.26,4.029874213836478,5.05,0.0,0.9,attentive,,3.75,0.13333313333313335,False,False,1.55,0.65,,0.0,0.0,0.0,-3.75,17.42228509200001,-2.0700000000000096,
1583,5.23847288,12.72,51.26,4.029874213836478,5.05,0.0,0.9,attentive,,5.25,0.24444424444424445,False,False,1.55,0.65,,0.0,0.0,0.0,-5.2500000000000036,23.179612319999976,-2.0700000000000096,
1583,5.23847288,12.72,51.26,4.029874213836478,5.05,0.0,0.9,attentive,,6.75,0.26666726666726664,False,False,1.55,0.65,,0.0,0.0,0.0,-6.750000000000007,26.213235779999998,-2.0700000000000096,
1583,5.23847288,12.72,51.26,4.029874213836478,5.05,0.0,0.9,attentive,,8.25,0.24444424444424445,False,False,1.55,0.65,,0.0,0.0,0.0,-8.250000000000002,27.999189701999985,-2.0700000000000096,
1583,5.23847288,12.72,51.26,4.029874213836478,5.05,0.0,0.9,attentive,,9.75,0.08888908888908889,False,False,1.55,0.65,,0.0,0.0,0.0,-9.750000000000014,29.118799085999992,-2.0700000000000096,
1583,5.23847288,12.72,51.26,4.029874213836478,5.05,0.0,0.9,attentive,,11.25,0.02222202222202222,False,False,1.55,0.65,,0.0,0.0,0.0,-11.25,29.854688777999993,-2.0700000000000096,
641,2.761089111,12.0,14.61,1.2175,5.0,0.15000000000000002,2.6500000000000004,attentive,,3.75,0.13333313333313335,False,True,3.4000000000000004,0.75,4.8500000000000005,3.591016821000002,1.795508410500001,0.0037337964557595024,-3.75,-0.038990632225008426,-5.0400000000000444,-0.15000000000000036
641,2.761089111,12.0,14.61,1.2175,5.0,0.15000000000000002,2.6500000000000004,attentive,,5.25,0.24444424444424445,False,False,3.4000000000000004,0.75,,0.0,0.0,0.0,-5.2500000000000036,1.1651201430500038,-5.0400000000000444,
641,2.761089111,12.0,14.61,1.2175,5.0,0.15000000000000002,2.6500000000000004,attentive,,6.75,0.26666726666726664,False,False,3.4000000000000004,0.75,,0.0,0.0,0.0,-6.750000000000007,2.671461703700004,-5.0400000000000444,
641,2.761089111,12.0,14.61,1.2175,5.0,0.15000000000000002,2.6500000000000004,attentive,,8.25,0.24444424444424445,False,False,3.4000000000000004,0.75,,0.0,0.0,0.0,-8.250000000000002,3.529216505249991,-5.0400000000000444,
641,2.761089111,12.0,14.61,1.2175,5.0,0.15000000000000002,2.6500000000000004,attentive,,9.75,0.08888908888908889,False,False,3.4000000000000004,0.75,,0.0,0.0,0.0,-9.75,4.043409973949991,-5.0400000000000444,
641,2.761089111,12.0,14.61,1.2175,5.0,0.15000000000000002,2.6500000000000004,attentive,,11.25,0.02222202222202222,False,False,3.4000000000000004,0.75,,0.0,0.0,0.0,-11.25,4.362640619750003,-5.0400000000000444,
2296,2.133205738,14.33,66.03,4.607815771109561,4.85,,0.0,attentive,,3.75,0.13333313333313335,False,False,1.45,1.45,,0.0,0.0,0.0,-3.75,17.76239500000002,0.0,
2296,2.133205738,14.33,66.03,4.607815771109561,4.85,,0.0,attentive,,5.25,0.24444424444424445,False,False,1.45,1.45,,0.0,0.0,0.0,-5.2500000000000036,25.127199999999966,0.0,
2296,2.133205738,14.33,66.03,4.607815771109561,4.85,,0.0,attentive,,6.75,0.26666726666726664,False,False,1.45,1.45,,0.0,0.0,0.0,-6.750000000000007,29.031850000000006,0.0,
2296,2.133205738,14.33,66.03,4.607815771109561,4.85,,0.0,attentive,,8.25,0.24444424444424445,False,False,1.45,1.45,,0.0,0.0,0.0,-8.250000000000002,31.350994999999983,0.0,
2296,2.133205738,14.33,66.03,4.607815771109561,4.85,,0.0,attentive,,9.75,0.08888908888908889,False,False,1.45,1.45,,0.0,0.0,0.0,-9.750000000000014,32.824725,0.0,
2296,2.133205738,14.33,66.03,4.607815771109561,4.85,,0.0,attentive,,11.25,0.02222202222202222,False,False,1.45,1.45,,0.0,0.0,0.0,-11.25,33.8047,0.0,
4757,1.822818381,13.36,17.41,1.3031437125748504,5.2,0.0,1.4000000000000001,attentive,,3.75,0.13333313333313335,False,False,1.45,0.04999999999999982,,0.0,0.0,0.0,-3.75,10.633295719500005,-2.610000000000028,
4757,1.822818381,13.36,17.41,1.3031437125748504,5.2,0.0,1.4000000000000001,attentive,,5.25,0.24444424444424445,False,False,1.45,0.04999999999999982,,0.0,0.0,0.0,-5.2500000000000036,13.08262602,-2.610000000000028,
4757,1.822818381,13.36,17.41,1.3031437125748504,5.2,0.0,1.4000000000000001,attentive,,6.75,0.26666726666726664,False,False,1.45,0.04999999999999982,,0.0,0.0,0.0,-6.750000000000007,13.689303838500003,-2.610000000000028,
4757,1.822818381,13.36,17.41,1.3031437125748504,5.2,0.0,1.4000000000000001,attentive,,8.25,0.24444424444424445,False,False,1.45,0.04999999999999982,,0.0,0.0,0.0,-8.250000000000002,13.926907732499998,-2.610000000000028,
4757,1.822818381,13.36,17.41,1.3031437125748504,5.2,0.0,1.4000000000000001,attentive,,9.75,0.08888908888908889,False,False,1.45,0.04999999999999982,,0.0,0.0,0.0,-9.750000000000014,14.025623706000008,-2.610000000000028,
4757,1.822818381,13.36,17.41,1.3031437125748504,5.2,0.0,1.4000000000000001,attentive,,11.25,0.02222202222202222,False,False,1.45,0.04999999999999982,,0.0,0.0,0.0,-11.25,14.068181908500001,-2.610000000000028,
1726,3.029480431,12.26,6.64,0.5415986949429037,5.0,2.25,2.5500000000000003,attentive,,3.75,0.13333313333313335,False,True,3.7,1.15,5.2,0.8244604399999957,0.41223021999999787,0.0023637351621435348,-3.75,-0.041679557999991346,-2.880000000000029,-0.14999999999999947
1726,3.029480431,12.26,6.64,0.5415986949429037,5.0,2.25,2.5500000000000003,attentive,,5.25,0.24444424444424445,False,False,3.7,1.15,,0.0,0.0,0.0,-5.2500000000000036,1.4115774385000037,-2.880000000000029,
1726,3.029480431,12.26,6.64,0.5415986949429037,5.0,2.25,2.5500000000000003,attentive,,6.75,0.26666726666726664,False,False,3.7,1.15,,0.0,0.0,0.0,-6.750000000000007,1.942935876,-2.880000000000029,
1726,3.029480431,12.26,6.64,0.5415986949429037,5.0,2.25,2.5500000000000003,attentive,,8.25,0.24444424444424445,False,False,3.7,1.15,,0.0,0.0,0.0,-8.250000000000002,2.1359492604999915,-2.880000000000029,
1726,3.029480431,12.26,6.64,0.5415986949429037,5.0,2.25,2.5500000000000003,attentive,,9.75,0.08888908888908889,False,False,3.7,1.15,,0.0,0.0,0.0,-9.750000000000014,2.210728119499997,-2.880000000000029,
1726,3.029480431,12.26,6.64,0.5415986949429037,5.0,2.25,2.5500000000000003,attentive,,11.25,0.02222202222202222,False,False,3.7,1.15,,0.0,0.0,0.0,-11.25,2.2398197519999954,-2.880000000000029,
4852,2.515425003,10.61,17.49,1.648444863336475,5.2,0.30000000000000004,1.5,attentive,,3.75,0.13333313333313335,False,False,1.55,0.050000000000000044,,0.0,0.0,0.0,-3.75,11.22806250000001,-3.630000000000013,
4852,2.515425003,10.61,17.49,1.648444863336475,5.2,0.30000000000000004,1.5,attentive,,5.25,0.24444424444424445,False,False,1.55,0.050000000000000044,,0.0,0.0,0.0,-5.2500000000000036,13.017975,-3.630000000000013,
4852,2.515425003,10.61,17.49,1.648444863336475,5.2,0.30000000000000004,1.5,attentive,,6.75,0.26666726666726664,False,False,1.55,0.050000000000000044,,0.0,0.0,0.0,-6.750000000000007,13.822462500000007,-3.630000000000013,
4852,2.515425003,10.61,17.49,1.648444863336475,5.2,0.30000000000000004,1.5,attentive,,8.25,0.24444424444424445,False,False,1.55,0.050000000000000044,,0.0,0.0,0.0,-8.250000000000002,14.232492500000006,-3.630000000000013,
4852,2.515425003,10.61,17.49,1.648444863336475,5.2,0.30000000000000004,1.5,attentive,,9.75,0.08888908888908889,False,False,1.55,0.050000000000000044,,0.0,0.0,0.0,-9.750000000000014,14.450030000000002,-3.630000000000013,
4852,2.515425003,10.61,17.49,1.648444863336475,5.2,0.30000000000000004,1.5,attentive,,11.25,0.02222202222202222,False,False,1.55,0.050000000000000044,,0.0,0.0,0.0,-11.25,14.555212500000003,-3.630000000000013,
1952,2.827105349,11.96,60.56,5.063545150501672,5.1,,0.1,attentive,,3.75,0.13333313333313335,False,False,1.85,1.75,,0.0,0.0,0.0,-3.75,19.27200500000002,0.0,
1952,2.827105349,11.96,60.56,5.063545150501672,5.1,,0.1,attentive,,5.25,0.24444424444424445,False,False,1.85,1.75,,0.0,0.0,0.0,-5.2500000000000036,24.339249999999986,0.0,
1952,2.827105349,11.96,60.56,5.063545150501672,5.1,,0.1,attentive,,6.75,0.26666726666726664,False,False,1.85,1.75,,0.0,0.0,0.0,-6.750000000000007,27.000200000000007,0.0,
1952,2.827105349,11.96,60.56,5.063545150501672,5.1,,0.1,attentive,,8.25,0.24444424444424445,False,False,1.85,1.75,,0.0,0.0,0.0,-8.250000000000002,28.558045,0.0,
1952,2.827105349,11.96,60.56,5.063545150501672,5.1,,0.1,attentive,,9.75,0.08888908888908889,False,False,1.85,1.75,,0.0,0.0,0.0,-9.750000000000014,29.526950000000006,0.0,
1952,2.827105349,11.96,60.56,5.063545150501672,5.1,,0.1,attentive,,11.25,0.02222202222202222,False,False,1.85,1.75,,0.0,0.0,0.0,-11.25,30.156800000000008,0.0,
1697,6.343306969,13.13,14.0,1.0662604722010662,4.95,0.0,0.65,attentive,,3.75,0.13333313333313335,False,False,1.55,0.9,,0.0,0.0,0.0,-3.75,5.614658167000023,-2.1800000000000197,
1697,6.343306969,13.13,14.0,1.0662604722010662,4.95,0.0,0.65,attentive,,5.25,0.24444424444424445,False,False,1.55,0.9,,0.0,0.0,0.0,-5.2500000000000036,7.551757219999999,-2.1800000000000197,
1697,6.343306969,13.13,14.0,1.0662604722010662,4.95,0.0,0.65,attentive,,6.75,0.26666726666726664,False,False,1.55,0.9,,0.0,0.0,0.0,-6.750000000000007,8.147949868000016,-2.1800000000000197,
1697,6.343306969,13.13,14.0,1.0662604722010662,4.95,0.0,0.65,attentive,,8.25,0.24444424444424445,False,False,1.55,0.9,,0.0,0.0,0.0,-8.250000000000002,8.40127312600001,-2.1800000000000197,
1697,6.343306969,13.13,14.0,1.0662604722010662,4.95,0.0,0.65,attentive,,9.75,0.08888908888908889,False,False,1.55,0.9,,0.0,0.0,0.0,-9.750000000000014,8.513986888000005,-2.1800000000000197,
1697,6.343306969,13.13,14.0,1.0662604722010662,4.95,0.0,0.65,attentive,,11.25,0.02222202222202222,False,False,1.55,0.9,,0.0,0.0,0.0,-11.25,8.564801338000006,-2.1800000000000197,
2236,1.943766018,14.88,73.28,4.924731182795699,5.05,,0.0,attentive,,3.75,0.13333313333313335,False,False,1.55,1.55,,0.0,0.0,0.0,-3.75,20.58048499999998,0.0,
2236,1.943766018,14.88,73.28,4.924731182795699,5.05,,0.0,attentive,,5.25,0.24444424444424445,False,False,1.55,1.55,,0.0,0.0,0.0,-5.2500000000000036,28.53942499999996,0.0,
2236,1.943766018,14.88,73.28,4.924731182795699,5.05,,0.0,attentive,,6.75,0.26666726666726664,False,False,1.55,1.55,,0.0,0.0,0.0,-6.750000000000007,32.765375000000006,0.0,
2236,1.943766018,14.88,73.28,4.924731182795699,5.05,,0.0,attentive,,8.25,0.24444424444424445,False,False,1.55,1.55,,0.0,0.0,0.0,-8.250000000000002,35.2844,0.0,
2236,1.943766018,14.88,73.28,4.924731182795699,5.05,,0.0,attentive,,9.75,0.08888908888908889,False,False,1.55,1.55,,0.0,0.0,0.0,-9.750000000000014,36.88890500000001,0.0,
2236,1.943766018,14.88,73.28,4.924731182795699,5.05,,0.0,attentive,,11.25,0.02222202222202222,False,False,1.55,1.55,,0.0,0.0,0.0,-11.25,37.96167499999999,0.0,
4974,0.779775421,11.48,6.45,0.5618466898954704,4.85,1.3,2.35,attentive,,3.75,0.13333313333313335,False,False,2.3000000000000003,-0.04999999999999982,,0.0,0.0,0.0,-3.75,1.612870000000008,-6.9000000000000306,
4974,0.779775421,11.48,6.45,0.5618466898954704,4.85,1.3,2.35,attentive,,5.25,0.24444424444424445,False,False,2.3000000000000003,-0.04999999999999982,,0.0,0.0,0.0,-5.2500000000000036,6.267824999999988,-6.9000000000000306,
4974,0.779775421,11.48,6.45,0.5618466898954704,4.85,1.3,2.35,attentive,,6.75,0.26666726666726664,False,False,2.3000000000000003,-0.04999999999999982,,0.0,0.0,0.0,-6.750000000000007,6.45,-6.9000000000000306,
4974,0.779775421,11.48,6.45,0.5618466898954704,4.85,1.3,2.35,attentive,,8.25,0.24444424444424445,False,False,2.3000000000000003,-0.04999999999999982,,0.0,0.0,0.0,-8.250000000000002,6.45,-6.9000000000000306,
4974,0.779775421,11.48,6.45,0.5618466898954704,4.85,1.3,2.35,attentive,,9.75,0.08888908888908889,False,False,2.3000000000000003,-0.04999999999999982,,0.0,0.0,0.0,-9.750000000000014,6.45,-6.9000000000000306,
4974,0.779775421,11.48,6.45,0.5618466898954704,4.85,1.3,2.35,attentive,,11.25,0.02222202222202222,False,False,2.3000000000000003,-0.04999999999999982,,0.0,0.0,0.0,-11.25,6.45,-6.9000000000000306,
4820,1.203485099,13.6,17.16,1.261764705882353,5.0,0.7000000000000001,1.9000000000000001,attentive,,3.75,0.13333313333313335,False,False,1.85,-0.050000000000000044,,0.0,0.0,0.0,-3.75,6.020104955000008,-3.980000000000037,
4820,1.203485099,13.6,17.16,1.261764705882353,5.0,0.7000000000000001,1.9000000000000001,attentive,,5.25,0.24444424444424445,False,False,1.85,-0.050000000000000044,,0.0,0.0,0.0,-5.2500000000000036,12.271466583749962,-3.980000000000037,
4820,1.203485099,13.6,17.16,1.261764705882353,5.0,0.7000000000000001,1.9000000000000001,attentive,,6.75,0.26666726666726664,False,False,1.85,-0.050000000000000044,,0.0,0.0,0.0,-6.750000000000007,14.332788349250002,-3.980000000000037,
4820,1.203485099,13.6,17.16,1.261764705882353,5.0,0.7000000000000001,1.9000000000000001,attentive,,8.25,0.24444424444424445,False,False,1.85,-0.050000000000000044,,0.0,0.0,0.0,-8.250000000000002,14.889437271999988,-3.980000000000037,
4820,1.203485099,13.6,17.16,1.261764705882353,5.0,0.7000000000000001,1.9000000000000001,attentive,,9.75,0.08888908888908889,False,False,1.85,-0.050000000000000044,,0.0,0.0,0.0,-9.750000000000014,15.11089429674999,-3.980000000000037,
4820,1.203485099,13.6,17.16,1.261764705882353,5.0,0.7000000000000001,1.9000000000000001,attentive,,11.25,0.02222202222202222,False,False,1.85,-0.050000000000000044,,0.0,0.0,0.0,-11.25,15.207507493749993,-3.980000000000037,
1834,2.249502463,12.06,17.05,1.413764510779436,4.85,0.0,1.3,attentive,,3.75,0.13333313333313335,False,False,1.95,0.6499999999999999,,0.0,0.0,0.0,-3.75,9.375034124999999,-1.4200000000000168,
1834,2.249502463,12.06,17.05,1.413764510779436,4.85,0.0,1.3,attentive,,5.25,0.24444424444424445,False,False,1.95,0.6499999999999999,,0.0,0.0,0.0,-5.2500000000000036,10.321854266000003,-1.4200000000000168,
1834,2.249502463,12.06,17.05,1.413764510779436,4.85,0.0,1.3,attentive,,6.75,0.26666726666726664,False,False,1.95,0.6499999999999999,,0.0,0.0,0.0,-6.750000000000007,10.67204125075001,-1.4200000000000168,
1834,2.249502463,12.06,17.05,1.413764510779436,4.85,0.0,1.3,attentive,,8.25,0.24444424444424445,False,False,1.95,0.6499999999999999,,0.0,0.0,0.0,-8.250000000000002,10.830685781000003,-1.4200000000000168,
1834,2.249502463,12.06,17.05,1.413764510779436,4.85,0.0,1.3,attentive,,9.75,0.08888908888908889,False,False,1.95,0.6499999999999999,,0.0,0.0,0.0,-9.750000000000014,10.903536286000005,-1.4200000000000168,
1834,2.249502463,12.06,17.05,1.413764510779436,4.85,0.0,1.3,attentive,,11.25,0.02222202222202222,False,False,1.95,0.6499999999999999,,0.0,0.0,0.0,-11.25,10.93037946275,-1.4200000000000168,
4166,3.226707196,14.55,19.14,1.3154639175257732,5.2,0.0,2.4000000000000004,attentive,,3.75,0.13333313333313335,False,False,2.45,0.04999999999999982,,0.0,0.0,0.0,-3.75,6.581480000000056,-3.5700000000000376,
4166,3.226707196,14.55,19.14,1.3154639175257732,5.2,0.0,2.4000000000000004,attentive,,5.25,0.24444424444424445,False,False,2.45,0.04999999999999982,,0.0,0.0,0.0,-5.2500000000000036,12.783150000000028,-3.5700000000000376,
4166,3.226707196,14.55,19.14,1.3154639175257732,5.2,0.0,2.4000000000000004,attentive,,6.75,0.26666726666726664,False,False,2.45,0.04999999999999982,,0.0,0.0,0.0,-6.750000000000007,14.832037500000041,-3.5700000000000376,
4166,3.226707196,14.55,19.14,1.3154639175257732,5.2,0.0,2.4000000000000004,attentive,,8.25,0.24444424444424445,False,False,2.45,0.04999999999999982,,0.0,0.0,0.0,-8.250000000000002,15.487647500000044,-3.5700000000000376,
4166,3.226707196,14.55,19.14,1.3154639175257732,5.2,0.0,2.4000000000000004,attentive,,9.75,0.08888908888908889,False,False,2.45,0.04999999999999982,,0.0,0.0,0.0,-9.750000000000014,15.767810000000054,-3.5700000000000376,
4166,3.226707196,14.55,19.14,1.3154639175257732,5.2,0.0,2.4000000000000004,attentive,,11.25,0.02222202222202222,False,False,2.45,0.04999999999999982,,0.0,0.0,0.0,-11.25,15.90231250000005,-3.5700000000000376,
1945,3.12565425,11.2,54.47,4.863392857142857,5.0,,0.0,attentive,,3.75,0.13333313333313335,False,False,1.6500000000000001,1.6500000000000001,,0.0,0.0,0.0,-3.75,18.353622265999995,0.0,
1945,3.12565425,11.2,54.47,4.863392857142857,5.0,,0.0,attentive,,5.25,0.24444424444424445,False,False,1.6500000000000001,1.6500000000000001,,0.0,0.0,0.0,-5.2500000000000036,22.927192825999995,0.0,
1945,3.12565425,11.2,54.47,4.863392857142857,5.0,,0.0,attentive,,6.75,0.26666726666726664,False,False,1.6500000000000001,1.6500000000000001,,0.0,0.0,0.0,-6.750000000000007,25.320411266000008,0.0,
1945,3.12565425,11.2,54.47,4.863392857142857,5.0,,0.0,attentive,,8.25,0.24444424444424445,False,False,1.6500000000000001,1.6500000000000001,,0.0,0.0,0.0,-8.250000000000002,26.714380226,0.0,
1945,3.12565425,11.2,54.47,4.863392857142857,5.0,,0.0,attentive,,9.75,0.08888908888908889,False,False,1.6500000000000001,1.6500000000000001,,0.0,0.0,0.0,-9.750000000000014,27.579424706000005,0.0,
1945,3.12565425,11.2,54.47,4.863392857142857,5.0,,0.0,attentive,,11.25,0.02222202222202222,False,False,1.6500000000000001,1.6500000000000001,,0.0,0.0,0.0,-11.25,28.134269186,0.0,
1589,3.738573349,15.47,22.52,1.4557207498383968,4.95,1.55,1.9000000000000001,attentive,,3.75,0.13333313333313335,False,False,2.8000000000000003,0.9000000000000001,,0.0,0.0,0.0,-3.75,1.2173263572499735,-3.1200000000000294,
1589,3.738573349,15.47,22.52,1.4557207498383968,4.95,1.55,1.9000000000000001,attentive,,5.25,0.24444424444424445,False,False,2.8000000000000003,0.9000000000000001,,0.0,0.0,0.0,-5.2500000000000036,6.372643770999957,-3.1200000000000294,
1589,3.738573349,15.47,22.52,1.4557207498383968,4.95,1.55,1.9000000000000001,attentive,,6.75,0.26666726666726664,False,False,2.8000000000000003,0.9000000000000001,,0.0,0.0,0.0,-6.750000000000007,8.74243296874998,-3.1200000000000294,
1589,3.738573349,15.47,22.52,1.4557207498383968,4.95,1.55,1.9000000000000001,attentive,,8.25,0.24444424444424445,False,False,2.8000000000000003,0.9000000000000001,,0.0,0.0,0.0,-8.250000000000002,9.659934377249982,-3.1200000000000294,
1589,3.738573349,15.47,22.52,1.4557207498383968,4.95,1.55,1.9000000000000001,attentive,,9.75,0.08888908888908889,False,False,2.8000000000000003,0.9000000000000001,,0.0,0.0,0.0,-9.750000000000014,10.092481173999978,-3.1200000000000294,
1589,3.738573349,15.47,22.52,1.4557207498383968,4.95,1.55,1.9000000000000001,attentive,,11.25,0.02222202222202222,False,False,2.8000000000000003,0.9000000000000001,,0.0,0.0,0.0,-11.25,10.319439769749977,-3.1200000000000294,
2419,8.64901433,15.44,74.98,4.856217616580311,4.9,,0.0,attentive,,3.75,0.13333313333313335,False,False,1.5,1.5,,0.0,0.0,0.0,-3.75,19.916199999999982,0.0,
2419,8.64901433,15.44,74.98,4.856217616580311,4.9,,0.0,attentive,,5.25,0.24444424444424445,False,False,1.5,1.5,,0.0,0.0,0.0,-5.2500000000000036,28.503899999999994,0.0,
2419,8.64901433,15.44,74.98,4.856217616580311,4.9,,0.0,attentive,,6.75,0.26666726666726664,False,False,1.5,1.5,,0.0,0.0,0.0,-6.750000000000007,33.072150000000036,0.0,
2419,8.64901433,15.44,74.98,4.856217616580311,4.9,,0.0,attentive,,8.25,0.24444424444424445,False,False,1.5,1.5,,0.0,0.0,0.0,-8.250000000000002,35.79966500000001,0.0,
2419,8.64901433,15.44,74.98,4.856217616580311,4.9,,0.0,attentive,,9.75,0.08888908888908889,False,False,1.5,1.5,,0.0,0.0,0.0,-9.750000000000014,37.54471000000003,0.0,
2419,8.64901433,15.44,74.98,4.856217616580311,4.9,,0.0,attentive,,11.25,0.02222202222202222,False,False,1.5,1.5,,0.0,0.0,0.0,-11.25,38.716025000000016,0.0,
1304,2.68871351,17.09,29.41,1.7208894090111175,5.2,0.8,1.7000000000000002,attentive,,3.75,0.13333313333313335,False,False,1.75,0.04999999999999982,,0.0,0.0,0.0,-3.75,6.92523250000005,-4.660000000000029,
1304,2.68871351,17.09,29.41,1.7208894090111175,5.2,0.8,1.7000000000000002,attentive,,5.25,0.24444424444424445,False,False,1.75,0.04999999999999982,,0.0,0.0,0.0,-5.2500000000000036,14.621737499999945,-4.660000000000029,
1304,2.68871351,17.09,29.41,1.7208894090111175,5.2,0.8,1.7000000000000002,attentive,,6.75,0.26666726666726664,False,False,1.75,0.04999999999999982,,0.0,0.0,0.0,-6.750000000000007,18.112575000000007,-4.660000000000029,
1304,2.68871351,17.09,29.41,1.7208894090111175,5.2,0.8,1.7000000000000002,attentive,,8.25,0.24444424444424445,False,False,1.75,0.04999999999999982,,0.0,0.0,0.0,-8.250000000000002,19.95591749999997,-4.660000000000029,
1304,2.68871351,17.09,29.41,1.7208894090111175,5.2,0.8,1.7000000000000002,attentive,,9.75,0.08888908888908889,False,False,1.75,0.04999999999999982,,0.0,0.0,0.0,-9.750000000000014,21.009659999999982,-4.660000000000029,
1304,2.68871351,17.09,29.41,1.7208894090111175,5.2,0.8,1.7000000000000002,attentive,,11.25,0.02222202222202222,False,False,1.75,0.04999999999999982,,0.0,0.0,0.0,-11.25,21.549724999999988,-4.660000000000029,
2126,2.694296357,19.44,92.86,4.776748971193415,5.1,,0.0,attentive,,3.75,0.13333313333313335,False,False,1.25,1.25,,0.0,0.0,0.0,-3.75,18.02270499999996,0.0,
2126,2.694296357,19.44,92.86,4.776748971193415,5.1,,0.0,attentive,,5.25,0.24444424444424445,False,False,1.25,1.25,,0.0,0.0,0.0,-5.2500000000000036,31.795899999999925,0.0,
2126,2.694296357,19.44,92.86,4.776748971193415,5.1,,0.0,attentive,,6.75,0.26666726666726664,False,False,1.25,1.25,,0.0,0.0,0.0,-6.750000000000007,39.190299999999986,0.0,
2126,2.694296357,19.44,92.86,4.776748971193415,5.1,,0.0,attentive,,8.25,0.24444424444424445,False,False,1.25,1.25,,0.0,0.0,0.0,-8.250000000000028,43.66669,0.0,
2126,2.694296357,19.44,92.86,4.776748971193415,5.1,,0.0,attentive,,9.75,0.08888908888908889,False,False,1.25,1.25,,0.0,0.0,0.0,-9.750000000000014,46.58065000000001,0.0,
2126,2.694296357,19.44,92.86,4.776748971193415,5.1,,0.0,attentive,,11.25,0.02222202222202222,False,False,1.25,1.25,,0.0,0.0,0.0,-11.25,48.57797499999998,0.0,
2086,5.608201961,17.9,86.14,4.812290502793297,5.1,,0.0,attentive,,3.75,0.13333313333313335,False,False,1.35,1.35,,0.0,0.0,0.0,-3.75,19.116465000000076,0.0,
2086,5.608201961,17.9,86.14,4.812290502793297,5.1,,0.0,attentive,,5.25,0.24444424444424445,False,False,1.35,1.35,,0.0,0.0,0.0,-5.2500000000000036,30.750224999999958,0.0,
2086,5.608201961,17.9,86.14,4.812290502793297,5.1,,0.0,attentive,,6.75,0.26666726666726664,False,False,1.35,1.35,,0.0,0.0,0.0,-6.750000000000007,36.973925000000015,0.0,
2086,5.608201961,17.9,86.14,4.812290502793297,5.1,,0.0,attentive,,8.25,0.24444424444424445,False,False,1.35,1.35,,0.0,0.0,0.0,-8.250000000000002,40.726879999999994,0.0,
2086,5.608201961,17.9,86.14,4.812290502793297,5.1,,0.0,attentive,,9.75,0.08888908888908889,False,False,1.35,1.35,,0.0,0.0,0.0,-9.750000000000014,43.15586000000002,0.0,
2086,5.608201961,17.9,86.14,4.812290502793297,5.1,,0.0,attentive,,11.25,0.02222202222202222,False,False,1.35,1.35,,0.0,0.0,0.0,-11.25,44.80815000000001,0.0,
4427,5.169167584,26.81,25.33,0.9447967176426706,5.0,0.0,2.6500000000000004,attentive,,3.75,0.13333313333313335,False,True,2.6500000000000004,0.0,5.3500000000000005,10.849399999999997,5.424699999999999,0.012327581283488613,-3.75,-0.17728000000002453,-6.710000000000065,-0.2999999999999998
4427,5.169167584,26.81,25.33,0.9447967176426706,5.0,0.0,2.6500000000000004,attentive,,5.25,0.24444424444424445,False,False,2.6500000000000004,0.0,,0.0,0.0,0.0,-5.2500000000000036,0.16909999999990077,-6.710000000000065,
4427,5.169167584,26.81,25.33,0.9447967176426706,5.0,0.0,2.6500000000000004,attentive,,6.75,0.26666726666726664,False,False,2.6500000000000004,0.0,,0.0,0.0,0.0,-6.750000000000007,8.802687499999962,-6.710000000000065,
4427,5.169167584,26.81,25.33,0.9447967176426706,5.0,0.0,2.6500000000000004,attentive,,8.25,0.24444424444424445,False,False,2.6500000000000004,0.0,,0.0,0.0,0.0,-8.250000000000028,14.048242500000072,-6.710000000000065,
4427,5.169167584,26.81,25.33,0.9447967176426706,5.0,0.0,2.6500000000000004,attentive,,9.75,0.08888908888908889,False,False,2.6500000000000004,0.0,,0.0,0.0,0.0,-9.750000000000014,17.43579000000004,-6.710000000000065,
4427,5.169167584,26.81,25.33,0.9447967176426706,5.0,0.0,2.6500000000000004,attentive,,11.25,0.02222202222202222,False,False,2.6500000000000004,0.0,,0.0,0.0,0.0,-11.25,18.998812499999985,-6.710000000000065,
554,6.671350142,16.07,8.66,0.5388923459863099,4.9,1.9000000000000001,2.4000000000000004,attentive,,3.75,0.13333313333313335,False,True,3.2,0.7999999999999998,4.75,3.357898899999999,1.6789494499999995,0.0035927853556202527,-3.75,-0.07681345249997662,-4.020000000000037,-0.20000000000000018
554,6.671350142,16.07,8.66,0.5388923459863099,4.9,1.9000000000000001,2.4000000000000004,attentive,,5.25,0.24444424444424445,False,False,3.2,0.7999999999999998,,0.0,0.0,0.0,-5.2500000000000036,1.580942346250005,-4.020000000000037,
554,6.671350142,16.07,8.66,0.5388923459863099,4.9,1.9000000000000001,2.4000000000000004,attentive,,6.75,0.26666726666726664,False,False,3.2,0.7999999999999998,,0.0,0.0,0.0,-6.750000000000007,3.1990053587500213,-4.020000000000037,
554,6.671350142,16.07,8.66,0.5388923459863099,4.9,1.9000000000000001,2.4000000000000004,attentive,,8.25,0.24444424444424445,False,False,3.2,0.7999999999999998,,0.0,0.0,0.0,-8.250000000000002,3.657954367500011,-4.020000000000037,
554,6.671350142,16.07,8.66,0.5388923459863099,4.9,1.9000000000000001,2.4000000000000004,attentive,,9.75,0.08888908888908889,False,False,3.2,0.7999999999999998,,0.0,0.0,0.0,-9.750000000000014,3.836198658750007,-4.020000000000037,
554,6.671350142,16.07,8.66,0.5388923459863099,4.9,1.9000000000000001,2.4000000000000004,attentive,,11.25,0.02222202222202222,False,False,3.2,0.7999999999999998,,0.0,0.0,0.0,-11.25,3.9131424925000076,-4.020000000000037,
2123,3.81142775,20.85,97.72,4.686810551558753,4.85,,0.0,attentive,,3.75,0.13333313333313335,False,False,1.2,1.2,,0.0,0.0,0.0,-3.75,14.576695000000058,0.0,
2123,3.81142775,20.85,97.72,4.686810551558753,4.85,,0.0,attentive,,5.25,0.24444424444424445,False,False,1.2,1.2,,0.0,0.0,0.0,-5.2500000000000036,30.468324999999922,0.0,
2123,3.81142775,20.85,97.72,4.686810551558753,4.85,,0.0,attentive,,6.75,0.26666726666726664,False,False,1.2,1.2,,0.0,0.0,0.0,-6.750000000000007,39.01959999999997,0.0,
2123,3.81142775,20.85,97.72,4.686810551558753,4.85,,0.0,attentive,,8.25,0.24444424444424445,False,False,1.2,1.2,,0.0,0.0,0.0,-8.250000000000028,44.21573499999999,0.0,
2123,3.81142775,20.85,97.72,4.686810551558753,4.85,,0.0,attentive,,9.75,0.08888908888908889,False,False,1.2,1.2,,0.0,0.0,0.0,-9.750000000000014,47.61356500000001,0.0,
2123,3.81142775,20.85,97.72,4.686810551558753,4.85,,0.0,attentive,,11.25,0.02222202222202222,False,False,1.2,1.2,,0.0,0.0,0.0,-11.25,49.95114999999997,0.0,
4426,3.08265177,26.81,25.33,0.9447967176426706,5.05,1.75,2.5,attentive,,3.75,0.13333313333313335,False,True,2.5500000000000003,0.050000000000000266,6.0,3.2838999999999974,1.6419499999999987,0.0035491432897820523,-3.75,-0.004092499999842403,-6.440000000000055,0.0
4426,3.08265177,26.81,25.33,0.9447967176426706,5.05,1.75,2.5,attentive,,5.25,0.24444424444424445,False,False,2.5500000000000003,0.050000000000000266,,0.0,0.0,0.0,-5.2500000000000036,8.029462500000108,-6.440000000000055,
4426,3.08265177,26.81,25.33,0.9447967176426706,5.05,1.75,2.5,attentive,,6.75,0.26666726666726664,False,False,2.5500000000000003,0.050000000000000266,,0.0,0.0,0.0,-6.750000000000007,13.075112500000074,-6.440000000000055,
4426,3.08265177,26.81,25.33,0.9447967176426706,5.05,1.75,2.5,attentive,,8.25,0.24444424444424445,False,False,2.5500000000000003,0.050000000000000266,,0.0,0.0,0.0,-8.250000000000028,15.936007500000159,-6.440000000000055,
4426,3.08265177,26.81,25.33,0.9447967176426706,5.05,1.75,2.5,attentive,,9.75,0.08888908888908889,False,False,2.5500000000000003,0.050000000000000266,,0.0,0.0,0.0,-9.750000000000014,17.622165000000138,-6.440000000000055,
4426,3.08265177,26.81,25.33,0.9447967176426706,5.05,1.75,2.5,attentive,,11.25,0.02222202222202222,False,False,2.5500000000000003,0.050000000000000266,,0.0,0.0,0.0,-11.25,18.68231250000011,-6.440000000000055,
4661,2.406144886,27.82,35.43,1.2735442127965493,5.2,0.0,2.5500000000000003,attentive,,3.75,0.13333313333313335,False,False,2.4000000000000004,-0.1499999999999999,,0.0,0.0,0.0,-3.75,3.7889650000001893,-4.830000000000041,
4661,2.406144886,27.82,35.43,1.2735442127965493,5.2,0.0,2.5500000000000003,attentive,,5.25,0.24444424444424445,False,False,2.4000000000000004,-0.1499999999999999,,0.0,0.0,0.0,-5.2500000000000036,16.08977500000003,-4.830000000000041,
4661,2.406144886,27.82,35.43,1.2735442127965493,5.2,0.0,2.5500000000000003,attentive,,6.75,0.26666726666726664,False,False,2.4000000000000004,-0.1499999999999999,,0.0,0.0,0.0,-6.750000000000007,22.680024999999986,-4.830000000000041,
4661,2.406144886,27.82,35.43,1.2735442127965493,5.2,0.0,2.5500000000000003,attentive,,8.25,0.24444424444424445,False,False,2.4000000000000004,-0.1499999999999999,,0.0,0.0,0.0,-8.250000000000028,26.078567500000077,-4.830000000000041,
4661,2.406144886,27.82,35.43,1.2735442127965493,5.2,0.0,2.5500000000000003,attentive,,9.75,0.08888908888908889,False,False,2.4000000000000004,-0.1499999999999999,,0.0,0.0,0.0,-9.750000000000014,27.364715000000047,-4.830000000000041,
4661,2.406144886,27.82,35.43,1.2735442127965493,5.2,0.0,2.5500000000000003,attentive,,11.25,0.02222202222202222,False,False,2.4000000000000004,-0.1499999999999999,,0.0,0.0,0.0,-11.25,27.97588750000007,-4.830000000000041,
89,0.35106393,15.2,25.35,1.667763157894737,5.05,0.0,1.75,attentive,,3.75,0.13333313333313335,False,False,2.9000000000000004,1.1500000000000004,,0.0,0.0,0.0,-3.75,8.246147500000006,-1.8100000000000183,
89,0.35106393,15.2,25.35,1.667763157894737,5.05,0.0,1.75,attentive,,5.25,0.24444424444424445,False,False,2.9000000000000004,1.1500000000000004,,0.0,0.0,0.0,-5.2500000000000036,10.639999999999993,-1.8100000000000183,
89,0.35106393,15.2,25.35,1.667763157894737,5.05,0.0,1.75,attentive,,6.75,0.26666726666726664,False,False,2.9000000000000004,1.1500000000000004,,0.0,0.0,0.0,-6.750000000000007,11.521487500000006,-1.8100000000000183,
89,0.35106393,15.2,25.35,1.667763157894737,5.05,0.0,1.75,attentive,,8.25,0.24444424444424445,False,False,2.9000000000000004,1.1500000000000004,,0.0,0.0,0.0,-8.250000000000002,11.9245175,-1.8100000000000183,
89,0.35106393,15.2,25.35,1.667763157894737,5.05,0.0,1.75,attentive,,9.75,0.08888908888908889,False,False,2.9000000000000004,1.1500000000000004,,0.0,0.0,0.0,-9.750000000000014,12.126805000000004,-1.8100000000000183,
89,0.35106393,15.2,25.35,1.667763157894737,5.05,0.0,1.75,attentive,,11.25,0.02222202222202222,False,False,2.9000000000000004,1.1500000000000004,,0.0,0.0,0.0,-11.25,12.231387499999997,-1.8100000000000183,
4004,3.840425903,15.9,6.95,0.4371069182389937,5.0,0.0,3.2,attentive,,3.75,0.13333313333313335,False,False,3.8500000000000005,0.6500000000000004,,0.0,0.0,0.0,-3.75,0.43901749999990614,-3.320000000000043,
4004,3.840425903,15.9,6.95,0.4371069182389937,5.0,0.0,3.2,attentive,,5.25,0.24444424444424445,False,False,3.8500000000000005,0.6500000000000004,,0.0,0.0,0.0,-5.2500000000000036,2.4166124999998857,-3.320000000000043,
4004,3.840425903,15.9,6.95,0.4371069182389937,5.0,0.0,3.2,attentive,,6.75,0.26666726666726664,False,False,3.8500000000000005,0.6500000000000004,,0.0,0.0,0.0,-6.750000000000007,3.418949999999896,-3.320000000000043,
4004,3.840425903,15.9,6.95,0.4371069182389937,5.0,0.0,3.2,attentive,,8.25,0.24444424444424445,False,False,3.8500000000000005,0.6500000000000004,,0.0,0.0,0.0,-8.250000000000002,3.961959999999891,-3.320000000000043,
4004,3.840425903,15.9,6.95,0.4371069182389937,5.0,0.0,3.2,attentive,,9.75,0.08888908888908889,False,False,3.8500000000000005,0.6500000000000004,,0.0,0.0,0.0,-9.750000000000014,4.216809999999924,-3.320000000000043,
4004,3.840425903,15.9,6.95,0.4371069182389937,5.0,0.0,3.2,attentive,,11.25,0.02222202222202222,False,False,3.8500000000000005,0.6500000000000004,,0.0,0.0,0.0,-11.25,4.337562499999933,-3.320000000000043,
4864,3.944110494,16.67,21.43,1.2855428914217155,5.05,0.75,2.1,attentive,,3.75,0.13333313333313335,False,False,1.7,-0.40000000000000013,,0.0,0.0,0.0,-3.75,8.624370001749952,-5.910000000000029,
4864,3.944110494,16.67,21.43,1.2855428914217155,5.05,0.75,2.1,attentive,,5.25,0.24444424444424445,False,False,1.7,-0.40000000000000013,,0.0,0.0,0.0,-5.2500000000000036,16.72898156399993,-5.910000000000029,
4864,3.944110494,16.67,21.43,1.2855428914217155,5.05,0.75,2.1,attentive,,6.75,0.26666726666726664,False,False,1.7,-0.40000000000000013,,0.0,0.0,0.0,-6.750000000000007,20.180383143749964,-5.910000000000029,
4864,3.944110494,16.67,21.43,1.2855428914217155,5.05,0.75,2.1,attentive,,8.25,0.24444424444424445,False,False,1.7,-0.40000000000000013,,0.0,0.0,0.0,-8.250000000000002,21.43,-5.910000000000029,
4864,3.944110494,16.67,21.43,1.2855428914217155,5.05,0.75,2.1,attentive,,9.75,0.08888908888908889,False,False,1.7,-0.40000000000000013,,0.0,0.0,0.0,-9.750000000000014,21.43,-5.910000000000029,
4864,3.944110494,16.67,21.43,1.2855428914217155,5.05,0.75,2.1,attentive,,11.25,0.02222202222202222,False,False,1.7,-0.40000000000000013,,0.0,0.0,0.0,-11.25,21.43,-5.910000000000029,
4626,7.399787965,21.89,29.05,1.327089995431704,4.9,0.5,1.75,attentive,,3.75,0.13333313333313335,False,True,1.4000000000000001,-0.34999999999999987,5.6000000000000005,5.0684,2.5342,0.004764851345928371,-3.75,-0.015879999999967254,-5.6700000000000506,-0.10000000000000053
4626,7.399787965,21.89,29.05,1.327089995431704,4.9,0.5,1.75,attentive,,5.25,0.24444424444424445,False,False,1.4000000000000001,-0.34999999999999987,,0.0,0.0,0.0,-5.2500000000000036,12.355912499999903,-5.6700000000000506,
4626,7.399787965,21.89,29.05,1.327089995431704,4.9,0.5,1.75,attentive,,6.75,0.26666726666726664,False,False,1.4000000000000001,-0.34999999999999987,,0.0,0.0,0.0,-6.750000000000007,20.728637499999948,-5.6700000000000506,
4626,7.399787965,21.89,29.05,1.327089995431704,4.9,0.5,1.75,attentive,,8.25,0.24444424444424445,False,False,1.4000000000000001,-0.34999999999999987,,0.0,0.0,0.0,-8.250000000000028,24.476900000000015,-5.6700000000000506,
4626,7.399787965,21.89,29.05,1.327089995431704,4.9,0.5,1.75,attentive,,9.75,0.08888908888908889,False,False,1.4000000000000001,-0.34999999999999987,,0.0,0.0,0.0,-9.750000000000014,25.525462499999996,-5.6700000000000506,
4626,7.399787965,21.89,29.05,1.327089995431704,4.9,0.5,1.75,attentive,,11.25,0.02222202222202222,False,False,1.4000000000000001,-0.34999999999999987,,0.0,0.0,0.0,-11.25,25.95024999999999,-5.6700000000000506,
606,0.451060039,23.53,24.38,1.0361240968975776,5.05,0.0,0.5,attentive,,3.75,0.13333313333313335,False,True,1.05,0.55,5.2,3.43363908,1.71681954,0.0036380081295615376,-3.75,-0.09924450899997339,-3.350000000000035,-0.20000000000000018
606,0.451060039,23.53,24.38,1.0361240968975776,5.05,0.0,0.5,attentive,,5.25,0.24444424444424445,False,False,1.05,0.55,,0.0,0.0,0.0,-5.2500000000000036,11.243522663249934,-3.350000000000035,
606,0.451060039,23.53,24.38,1.0361240968975776,5.05,0.0,0.5,attentive,,6.75,0.26666726666726664,False,False,1.05,0.55,,0.0,0.0,0.0,-6.750000000000007,14.688545030749978,-3.350000000000035,
606,0.451060039,23.53,24.38,1.0361240968975776,5.05,0.0,0.5,attentive,,8.25,0.24444424444424445,False,False,1.05,0.55,,0.0,0.0,0.0,-8.250000000000028,15.920392313000022,-3.350000000000035,
606,0.451060039,23.53,24.38,1.0361240968975776,5.05,0.0,0.5,attentive,,9.75,0.08888908888908889,False,False,1.05,0.55,,0.0,0.0,0.0,-9.750000000000014,16.501224561750014,-3.350000000000035,
606,0.451060039,23.53,24.38,1.0361240968975776,5.05,0.0,0.5,attentive,,11.25,0.02222202222202222,False,False,1.05,0.55,,0.0,0.0,0.0,-11.25,16.80315490125001,-3.350000000000035,
4784,0.45626566,23.5,11.3,0.48085106382978726,4.85,1.9500000000000002,2.8000000000000003,attentive,,3.75,0.13333313333313335,False,False,2.8500000000000005,0.050000000000000266,,0.0,0.0,0.0,-3.75,2.0420275000000316,-5.840000000000032,
4784,0.45626566,23.5,11.3,0.48085106382978726,4.85,1.9500000000000002,2.8000000000000003,attentive,,5.25,0.24444424444424445,False,False,2.8500000000000005,0.050000000000000266,,0.0,0.0,0.0,-5.2500000000000036,6.8810500000000445,-5.840000000000032,
4784,0.45626566,23.5,11.3,0.48085106382978726,4.85,1.9500000000000002,2.8000000000000003,attentive,,6.75,0.26666726666726664,False,False,2.8500000000000005,0.050000000000000266,,0.0,0.0,0.0,-6.750000000000007,9.392037500000058,-5.840000000000032,
4784,0.45626566,23.5,11.3,0.48085106382978726,4.85,1.9500000000000002,2.8000000000000003,attentive,,8.25,0.24444424444424445,False,False,2.8500000000000005,0.050000000000000266,,0.0,0.0,0.0,-8.250000000000028,10.697355000000087,-5.840000000000032,
4784,0.45626566,23.5,11.3,0.48085106382978726,4.85,1.9500000000000002,2.8000000000000003,attentive,,9.75,0.08888908888908889,False,False,2.8500000000000005,0.050000000000000266,,0.0,0.0,0.0,-9.750000000000014,11.3,-5.840000000000032,
4784,0.45626566,23.5,11.3,0.48085106382978726,4.85,1.9500000000000002,2.8000000000000003,attentive,,11.25,0.02222202222202222,False,False,2.8500000000000005,0.050000000000000266,,0.0,0.0,0.0,-11.25,11.3,-5.840000000000032,
4200,2.307121607,28.67,32.35,1.1283571677711894,4.95,0.0,2.3000000000000003,attentive,,3.75,0.13333313333313335,False,True,2.2,-0.10000000000000009,5.2,14.1309,7.06545,0.021049519526183395,-3.75,-0.508187500000048,-7.190000000000065,-0.4500000000000002
4200,2.307121607,28.67,32.35,1.1283571677711894,4.95,0.0,2.3000000000000003,attentive,,5.25,0.24444424444424445,False,True,2.2,-0.10000000000000009,5.95,5.875500000000052,2.937750000000026,0.0054431686694306255,-5.249999999999986,-0.17616250000006062,-7.190000000000065,-0.34999999999999964
4200,2.307121607,28.67,32.35,1.1283571677711894,4.95,0.0,2.3000000000000003,attentive,,6.75,0.26666726666726664,False,False,2.2,-0.10000000000000009,,0.0,0.0,0.0,-6.750000000000007,9.34812499999991,-7.190000000000065,
4200,2.307121607,28.67,32.35,1.1283571677711894,4.95,0.0,2.3000000000000003,attentive,,8.25,0.24444424444424445,False,False,2.2,-0.10000000000000009,,0.0,0.0,0.0,-8.250000000000028,17.200332500000115,-7.190000000000065,
4200,2.307121607,28.67,32.35,1.1283571677711894,4.95,0.0,2.3000000000000003,attentive,,9.75,0.08888908888908889,False,False,2.2,-0.10000000000000009,,0.0,0.0,0.0,-9.750000000000014,22.38603250000004,-7.190000000000065,
4200,2.307121607,28.67,32.35,1.1283571677711894,4.95,0.0,2.3000000000000003,attentive,,11.25,0.02222202222202222,False,False,2.2,-0.10000000000000009,,0.0,0.0,0.0,-11.25,24.938299999999998,-7.190000000000065,
3720,4.169562396,21.48,28.31,1.3179702048417132,5.15,0.7000000000000001,2.5,attentive,,3.75,0.13333313333313335,False,False,2.0500000000000003,-0.44999999999999973,,0.0,0.0,0.0,-3.75,17.633824999999945,-3.660000000000032,
3720,4.169562396,21.48,28.31,1.3179702048417132,5.15,0.7000000000000001,2.5,attentive,,5.25,0.24444424444424445,False,False,2.0500000000000003,-0.44999999999999973,,0.0,0.0,0.0,-5.2500000000000036,23.285487499999988,-3.660000000000032,
3720,4.169562396,21.48,28.31,1.3179702048417132,5.15,0.7000000000000001,2.5,attentive,,6.75,0.26666726666726664,False,False,2.0500000000000003,-0.44999999999999973,,0.0,0.0,0.0,-6.750000000000007,25.094674999999995,-3.660000000000032,
3720,4.169562396,21.48,28.31,1.3179702048417132,5.15,0.7000000000000001,2.5,attentive,,8.25,0.24444424444424445,False,False,2.0500000000000003,-0.44999999999999973,,0.0,0.0,0.0,-8.250000000000028,25.67203250000002,-3.660000000000032,
3720,4.169562396,21.48,28.31,1.3179702048417132,5.15,0.7000000000000001,2.5,attentive,,9.75,0.08888908888908889,False,False,2.0500000000000003,-0.44999999999999973,,0.0,0.0,0.0,-9.750000000000014,25.91239250000001,-3.660000000000032,
3720,4.169562396,21.48,28.31,1.3179702048417132,5.15,0.7000000000000001,2.5,attentive,,11.25,0.02222202222202222,False,False,2.0500000000000003,-0.44999999999999973,,0.0,0.0,0.0,-11.25,26.02617500000001,-3.660000000000032,
1417,1.021258737,23.67,10.69,0.45162653147444015,5.2,0.0,2.35,attentive,,3.75,0.13333313333313335,False,True,3.2,0.8500000000000001,4.75,4.31867707,2.159338535,0.004210396057147111,-3.75,-0.15045110775000126,-3.950000000000049,-0.25
1417,1.021258737,23.67,10.69,0.45162653147444015,5.2,0.0,2.35,attentive,,5.25,0.24444424444424445,False,False,3.2,0.8500000000000001,,0.0,0.0,0.0,-5.2500000000000036,0.9027707092499924,-3.950000000000049,
1417,1.021258737,23.67,10.69,0.45162653147444015,5.2,0.0,2.35,attentive,,6.75,0.26666726666726664,False,False,3.2,0.8500000000000001,,0.0,0.0,0.0,-6.750000000000007,3.3270015299999898,-3.950000000000049,
1417,1.021258737,23.67,10.69,0.45162653147444015,5.2,0.0,2.35,attentive,,8.25,0.24444424444424445,False,False,3.2,0.8500000000000001,,0.0,0.0,0.0,-8.250000000000028,4.19843177475002,-3.950000000000049,
1417,1.021258737,23.67,10.69,0.45162653147444015,5.2,0.0,2.35,attentive,,9.75,0.08888908888908889,False,False,3.2,0.8500000000000001,,0.0,0.0,0.0,-9.750000000000014,4.562460290999994,-3.950000000000049,
1417,1.021258737,23.67,10.69,0.45162653147444015,5.2,0.0,2.35,attentive,,11.25,0.02222202222202222,False,False,3.2,0.8500000000000001,,0.0,0.0,0.0,-11.25,4.731178049999997,-3.950000000000049,
871,6.325839138,35.48,86.1,2.426719278466742,5.2,0.0,1.2000000000000002,attentive,,3.75,0.13333313333313335,False,False,1.6500000000000001,0.44999999999999996,,0.0,0.0,0.0,-3.75,13.300957499999697,-1.890000000000036,
871,6.325839138,35.48,86.1,2.426719278466742,5.2,0.0,1.2000000000000002,attentive,,5.25,0.24444424444424445,False,False,1.6500000000000001,0.44999999999999996,,0.0,0.0,0.0,-5.250000000000057,30.05479999999997,-1.890000000000036,
871,6.325839138,35.48,86.1,2.426719278466742,5.2,0.0,1.2000000000000002,attentive,,6.75,0.26666726666726664,False,False,1.6500000000000001,0.44999999999999996,,0.0,0.0,0.0,-6.750000000000007,39.04508749999982,-1.890000000000036,
871,6.325839138,35.48,86.1,2.426719278466742,5.2,0.0,1.2000000000000002,attentive,,8.25,0.24444424444424445,False,False,1.6500000000000001,0.44999999999999996,,0.0,0.0,0.0,-8.250000000000028,43.96354750000003,-1.890000000000036,
871,6.325839138,35.48,86.1,2.426719278466742,5.2,0.0,1.2000000000000002,attentive,,9.75,0.08888908888908889,False,False,1.6500000000000001,0.44999999999999996,,0.0,0.0,0.0,-9.750000000000014,46.828029999999984,-1.890000000000036,
871,6.325839138,35.48,86.1,2.426719278466742,5.2,0.0,1.2000000000000002,attentive,,11.25,0.02222202222202222,False,False,1.6500000000000001,0.44999999999999996,,0.0,0.0,0.0,-11.25,48.636787500000025,-1.890000000000036,
2516,5.518906897,18.78,89.44,4.762513312034079,5.0,,0.0,attentive,,3.75,0.13333313333313335,False,False,1.3,1.3,,0.0,0.0,0.0,-3.75,17.856865,0.0,
2516,5.518906897,18.78,89.44,4.762513312034079,5.0,,0.0,attentive,,5.25,0.24444424444424445,False,False,1.3,1.3,,0.0,0.0,0.0,-5.2500000000000036,30.690174999999925,0.0,
2516,5.518906897,18.78,89.44,4.762513312034079,5.0,,0.0,attentive,,6.75,0.26666726666726664,False,False,1.3,1.3,,0.0,0.0,0.0,-6.750000000000007,37.57202499999999,0.0,
2516,5.518906897,18.78,89.44,4.762513312034079,5.0,,0.0,attentive,,8.25,0.24444424444424445,False,False,1.3,1.3,,0.0,0.0,0.0,-8.250000000000028,41.729784999999985,0.0,
2516,5.518906897,18.78,89.44,4.762513312034079,5.0,,0.0,attentive,,9.75,0.08888908888908889,False,False,1.3,1.3,,0.0,0.0,0.0,-9.750000000000014,44.43134500000001,0.0,
2516,5.518906897,18.78,89.44,4.762513312034079,5.0,,0.0,attentive,,11.25,0.02222202222202222,False,False,1.3,1.3,,0.0,0.0,0.0,-11.25,46.27525000000001,0.0,
