seed_id,omega,v_f0,dv_lead,p_inj,t_nr,a_l_min,a_f_min
1,0.012977002,1.03,0.809665307,0.002695705585001046,0.0,-2.2200000000000077,-1.7763568394002505e-15
2,0.663725444,18.44,7.21889503,0.022123644827494297,-0.10000000000000053,-1.880000000000038,-5.684341886080802e-14
3,0.184649178,18.44,7.799279341,0.026691942464696073,-0.40000000000000036,-3.120000000000033,-5.684341886080802e-14
4,0.040016275,27.21,9.552303564,0.0467433859446646,-0.25,-1.0500000000000398,-5.684341886080802e-14
5,7.418140737,1.46,1.218978294,0.0030862463063163425,-0.14999999999999947,-2.420000000000009,-1.7763568394002505e-15
6,0.562398884,3.6,0.425668015,0.002374263157238201,-0.10000000000000053,-1.7763568394002505e-15,-7.105427357601002e-15
7,0.48163867,3.6,0.327796201,0.002298641811723089,-0.10000000000000053,-1.7763568394002505e-15,-1.4210854715202004e-14
8,0.018637104,3.6,1.276523097,0.0031454980186927982,-0.15000000000000036,-3.552713678800501e-15,-7.105427357601002e-15
9,0.06478954,3.6,1.016879013,0.0028868318784192226,-0.10000000000000053,-3.552713678800501e-15,-7.105427357601002e-15
10,0.015606475,3.6,0.008500977,0.0020682502517773544,0.0,-8.881784197001252e-16,-7.105427357601002e-15
11,0.018330698,3.6,0.411709535,0.0023633281640833875,0.0,-3.552713678800501e-15,-1.4210854715202004e-14
12,2.985015308,3.6,1.489917524,0.0033752923294578983,-0.14999999999999947,-0.1700000000000088,-1.4210854715202004e-14
13,0.979899332,3.6,0.659963644,0.0025655282481395966,-0.09999999999999964,-1.7763568394002505e-15,-7.105427357601002e-15
14,0.883549171,1.26,0.863569003,0.0027441749260712143,0.0,-1.140000000000006,-1.7763568394002505e-15
15,0.260000703,6.55,1.43138889,0.0033106500295573145,0.0,-7.105427357601002e-15,-1.4210854715202004e-14
16,0.029018148,6.55,3.300477961,0.00613438876030791,-0.20000000000000018,-1.3000000000000114,-1.4210854715202004e-14
17,0.042967703,14.13,6.228565282,0.016031622071929572,-0.15000000000000036,-3.380000000000024,-2.842170943040401e-14
18,1.029559598,12.41,4.134745068,0.008072938704293809,-0.20000000000000018,-1.2800000000000153,-2.842170943040401e-14
19,4.215587715,14.79,3.953331989,0.007605338438578411,-0.25,-1.2200000000000273,-2.842170943040401e-14
20,0.126700419,20.77,7.839398185,0.0270396374277524,-0.34999999999999964,-2.3400000000000176,-2.842170943040401e-14
21,0.343975859,1.15,0.872033703,0.002751864806664844,-0.09999999999999964,-2.420000000000009,-3.552713678800501e-15
22,1.964325605,1.53,0.825001984,0.0027094085154073686,-0.15000000000000036,-1.370000000000008,-3.552713678800501e-15
23,0.462948431,2.92,1.506169282,0.003393463771778989,-0.1999999999999993,-2.11000000000001,-3.552713678800501e-15
24,0.451350892,12.74,6.660484246,0.018453968447323655,-0.14999999999999947,-2.1800000000000495,-2.842170943040401e-14
25,0.301054047,3.75,1.786119394,0.003722236424066433,-0.1999999999999993,-1.3600000000000065,-7.105427357601002e-15
26,0.06039108,18.94,9.601490123,0.04747531982524278,-0.40000000000000036,-2.390000000000043,-2.842170943040401e-14
27,0.022866755,24.66,11.33689512,0.08138925047018905,-0.39999999999999947,-2.940000000000019,-2.842170943040401e-14
28,0.046535113,24.66,11.50722392,0.08571180491964976,-0.5,-4.210000000000022,-2.842170943040401e-14
29,0.023145924,1.12,0.665030558,0.0025698300574641484,-0.10000000000000053,-3.590000000000013,-1.7763568394002505e-15
30,0.451567283,26.4,7.831000673,0.026966496835132327,-0.35000000000000053,-0.8800000000000523,-5.684341886080802e-14
31,2.233928216,1.57,1.162172776,0.0030288472776183162,-0.15000000000000036,-1.0300000000000047,-3.552713678800501e-15
32,0.107268833,18.95,8.706866864,0.035726797069445586,-0.20000000000000018,-1.5700000000000216,-2.842170943040401e-14
33,0.107427874,18.95,6.5978449,0.0180815813026714,-0.20000000000000018,-7.105427357601002e-15,-2.842170943040401e-14
34,0.052352951,18.95,8.2331206,0.030693780868073908,-0.40000000000000036,-1.4210854715202004e-14,-2.842170943040401e-14
35,0.019705365,18.95,8.337060019,0.03173564632701873,-0.15000000000000036,-7.105427357601002e-15,-2.842170943040401e-14
36,0.181357048,3.34,0.348891012,0.0023147350489038146,0.0,-3.552713678800501e-15,-7.105427357601002e-15
37,2.559690229,3.34,1.872298002,0.003829694443119064,0.0,-1.2800000000000082,-7.105427357601002e-15
38,0.109629895,6.99,3.321202817,0.006176417693475623,-0.15000000000000036,-2.890000000000015,-1.4210854715202004e-14
39,0.021975609,6.99,3.044537519,0.005638202501847234,-0.25,-1.1300000000000132,-1.4210854715202004e-14
40,1.899072056,1.7,1.146183066,0.0030128833208876607,-0.15000000000000036,-1.1400000000000077,-3.552713678800501e-15
41,0.0122707,4.68,3.364461609,0.006265068524401474,-0.15000000000000036,-1.190000000000012,-1.4210854715202004e-14
42,0.042224266,4.68,1.755560011,0.0036848571501582484,-0.15000000000000036,-3.552713678800501e-15,-1.4210854715202004e-14
43,0.016385804,4.68,1.011429154,0.002881636170117678,-0.09999999999999964,-3.552713678800501e-15,-1.4210854715202004e-14
44,0.32730238,4.68,1.208641189,0.003075721082989883,-0.14999999999999947,-3.552713678800501e-15,-7.105427357601002e-15
45,0.270251737,4.68,1.397194345,0.0032734562327431825,-0.14999999999999947,-3.552713678800501e-15,-1.4210854715202004e-14
46,0.688278682,4.68,0.131740626,0.0021543103782701778,0.0,-3.552713678800501e-15,-1.4210854715202004e-14
47,0.443574013,7.79,4.482612101,0.009050764407508892,-0.20000000000000018,-3.930000000000021,-1.4210854715202004e-14
48,0.017238274,35.44,8.562775391,0.03411722926136974,-0.10000000000000053,-1.270000000000067,-5.684341886080802e-14
49,0.108079132,6.52,0.741214242,0.0026353840934188184,-0.15000000000000036,-7.105427357601002e-15,-1.4210854715202004e-14
50,0.036359804,14.75,7.445526217,0.023808687266736947,-0.10000000000000053,-1.6600000000000392,-2.842170943040401e-14
51,0.409031043,6.57,1.082220083,0.0029498579573249296,-0.15000000000000036,-7.105427357601002e-15,-1.4210854715202004e-14
52,1.342226607,6.57,1.472284468,0.0033556861027446497,-0.14999999999999947,-7.105427357601002e-15,-1.4210854715202004e-14
53,2.917274961,1.53,0.913933257,0.002790246678073449,-0.09999999999999964,-1.470000000000006,-3.552713678800501e-15
54,0.052658634,2.66,1.883439768,0.0038438110853178517,-0.20000000000000018,-2.0300000000000082,-7.105427357601002e-15
55,0.143844829,2.7,0.179036038,0.0021882782546794083,0.0,-3.552713678800501e-15,-7.105427357601002e-15
56,0.016824725,3.49,1.854037989,0.0038066705586315528,-0.09999999999999964,-1.3600000000000065,-1.4210854715202004e-14
57,4.579967259,1.07,0.653928686,0.002560413940645582,-0.10000000000000053,-3.2600000000000118,-3.552713678800501e-15
58,0.580201463,1.2,0.810353426,0.0026963189182343267,-0.09999999999999964,-1.140000000000006,-3.552713678800501e-15
59,6.450448923,24.27,6.159229508,0.01567305020301938,-0.3000000000000007,-2.842170943040401e-14,-2.842170943040401e-14
60,2.956812506,17.37,8.937276991,0.03845351956683618,-0.25,-2.9700000000000557,-2.842170943040401e-14
61,0.016393481,17.37,6.170002525,0.015728240806906296,-0.4500000000000002,-2.5500000000000185,-2.842170943040401e-14
62,0.061575877,15.77,6.454283018,0.017255721384363768,-0.34999999999999964,-2.720000000000013,-2.842170943040401e-14
63,0.093985146,1.13,0.560267833,0.002482332511567249,-0.09999999999999964,-0.7500000000000036,-3.552713678800501e-15
64,0.862069446,10.56,6.223808355,0.0160067657297443,-0.25,-1.930000000000021,-1.4210854715202004e-14
65,0.121491786,10.56,6.08435144,0.015294678128637752,-0.20000000000000018,-1.7100000000000115,-1.4210854715202004e-14
66,0.960472873,1.59,1.099307464,0.002966565034021711,-0.15000000000000036,-2.3900000000000095,-3.552713678800501e-15
67,0.542834167,7.38,2.293107023,0.004400464405941677,-0.20000000000000018,-2.0800000000000125,-1.4210854715202004e-14
68,0.048451371,4.94,2.226532286,0.004304825547390821,-0.15000000000000036,-1.250000000000007,-1.4210854715202004e-14
69,0.43017913,1.29,0.928089386,0.0028033346055351157,-0.15000000000000036,-2.3900000000000095,-3.552713678800501e-15
70,0.196788816,2.0,1.891861313,0.0038545155874261904,-0.09999999999999964,-1.4900000000000055,-3.552713678800501e-15
71,0.770625756,15.23,7.426060835,0.023659172903378704,-0.40000000000000036,-5.810000000000027,-5.684341886080802e-14
72,0.524174884,5.84,2.245159486,0.004331374234265015,-0.20000000000000018,-1.7763568394002505e-15,-1.4210854715202004e-14
73,0.210363354,5.84,3.521242338,0.006597086882711278,-0.14999999999999947,-0.2200000000000042,0.0
74,2.170942393,5.84,2.662785493,0.004971317790782495,0.0,-3.552713678800501e-15,-1.4210854715202004e-14
75,0.348842346,5.84,2.667193494,0.004978551258230978,-0.20000000000000018,-4.440892098500626e-16,-1.4210854715202004e-14
76,0.220844443,5.84,1.81894619,0.0037628100565330453,-0.14999999999999947,-1.7763568394002505e-15,-1.4210854715202004e-14
77,0.045065364,8.7,4.142545267,0.008093671274492648,-0.2999999999999998,-1.5800000000000196,-2.842170943040401e-14
78,1.788176824,8.7,2.071799279,0.00409046186571532,-0.20000000000000018,-7.105427357601002e-15,-2.842170943040401e-14
79,0.023542557,8.7,2.418254156,0.004586008213761918,-0.1999999999999993,-3.552713678800501e-15,-2.842170943040401e-14
80,1.599955721,8.7,3.719154927,0.007041272859098578,-0.25,-0.36000000000001364,-2.842170943040401e-14
81,0.083623859,1.02,0.617429243,0.0025296986104329814,-0.10000000000000053,-1.5300000000000065,-1.7763568394002505e-15
82,3.327687393,4.81,3.400073893,0.006338997294261002,-0.1999999999999993,-2.0800000000000125,-7.105427357601002e-15
83,0.011626436,18.01,5.593885736,0.013029464693711421,-0.34999999999999964,-2.3100000000000307,-5.684341886080802e-14
84,0.017952662,18.01,5.843714042,0.014138576806413427,-0.20000000000000018,-2.130000000000038,-5.684341886080802e-14
85,2.995838411,18.01,7.412629954,0.023556544342948165,-0.2999999999999998,-1.8300000000000267,-5.684341886080802e-14
86,0.041137474,11.19,4.8262881,0.010131873369463348,-0.3000000000000007,-4.340000000000018,-2.842170943040401e-14
87,0.168736806,9.53,3.064596188,0.005675604871561637,-0.25,-2.7700000000000244,-1.4210854715202004e-14
88,0.399746315,35.8,13.86207511,0.16987377573970994,-0.5,-4.32000000000005,-5.684341886080802e-14
89,0.35106393,15.2,5.250055724,0.011642220971631015,-0.2999999999999998,-1.8100000000000165,-5.684341886080802e-14
90,0.087068985,8.24,5.648485737,0.013264287284475393,-0.2999999999999998,-2.3100000000000165,-1.4210854715202004e-14
91,0.29578599,9.2,5.073458547,0.010987502346043133,-0.20000000000000018,-4.440000000000023,-2.842170943040401e-14
92,0.033484936,7.7,4.652704878,0.009570736063506467,-0.15000000000000036,-1.970000000000013,-1.4210854715202004e-14
93,0.208455791,10.26,5.025266864,0.010815249029300792,-0.25,-2.260000000000005,-1.4210854715202004e-14
94,0.606706542,16.43,8.433703373,0.03273501037293777,-0.40000000000000036,-1.3700000000000054,-2.842170943040401e-14
95,0.020721554,18.62,5.562862066,0.012897871307287768,-0.25,-1.0700000000000358,-2.842170943040401e-14
96,0.34638017,15.15,5.52774085,0.012750479846276213,-0.35000000000000053,-1.7300000000000324,-2.842170943040401e-14
97,3.931568437,4.67,2.154191371,0.004203248218636408,-0.09999999999999964,-3.552713678800501e-15,-1.4210854715202004e-14
98,0.439652914,4.67,1.529396341,0.0034196038191000254,-0.15000000000000036,-0.3000000000000025,-7.105427357601002e-15
99,0.061375527,4.67,0.354486008,0.0023190223018428316,-0.09999999999999964,-3.552713678800501e-15,-1.4210854715202004e-14
100,0.047702777,4.67,0.909115356,0.0027858062413219638,0.0,-3.552713678800501e-15,-1.4210854715202004e-14
101,1.474115984,4.67,1.424216729,0.003302814039292725,-0.10000000000000053,-3.552713678800501e-15,-7.105427357601002e-15
102,2.874493854,4.67,3.423676802,0.00638847236223034,-0.25,-2.0100000000000087,-7.105427357601002e-15
103,0.729676752,4.91,1.037423928,0.0029065028136664103,-0.10000000000000053,-3.552713678800501e-15,-7.105427357601002e-15
104,0.22929839,2.8,1.607619327,0.00350912175080181,-0.10000000000000053,-1.6600000000000108,-7.105427357601002e-15
105,1.436273139,1.3,0.585834334,0.0025034075264852807,0.0,-0.4800000000000022,-1.7763568394002505e-15
106,0.046145852,13.04,5.989332456,0.014827454675115568,-0.2999999999999998,-1.7800000000000296,-2.842170943040401e-14
107,0.012596542,13.54,5.291322653,0.011800688405921345,-0.2999999999999998,-3.552713678800501e-15,-2.842170943040401e-14
108,0.02456862,13.54,6.003238872,0.014894946213919702,-0.25,-3.552713678800501e-15,-2.842170943040401e-14
109,0.226083565,7.88,5.150656495,0.01126910404274992,-0.2999999999999998,-1.1700000000000088,-1.4210854715202004e-14
110,1.314908508,3.24,1.815568443,0.0037586149363947273,-0.14999999999999947,-1.6900000000000084,-1.4210854715202004e-14
111,1.729044813,9.45,4.358954866,0.008690412639640759,-0.25,-3.5100000000000193,-1.4210854715202004e-14
112,0.07626441,10.94,6.484347718,0.017425547696718797,-0.14999999999999947,-3.2600000000000193,-1.4210854715202004e-14
113,0.480882105,6.18,1.113760656,0.0029807701744529787,-0.15000000000000036,-1.4210854715202004e-14,-1.4210854715202004e-14
114,22.88104781,1.16,0.93371688,0.0028085544457627054,-0.10000000000000053,-0.8500000000000041,-1.7763568394002505e-15
115,12.904755,1.48,1.189281408,0.003056105158298257,-0.10000000000000053,-6.290000000000024,-3.552713678800501e-15
116,2.017315984,14.34,5.63433222,0.01320301822653497,-0.34999999999999964,-1.9300000000000495,-5.684341886080802e-14
117,0.742024871,17.42,7.326980305,0.02291222163193363,-0.39999999999999947,-3.270000000000053,-2.842170943040401e-14
118,6.059074369,2.7,1.311272381,0.00318182577379771,-0.1999999999999993,-4.030000000000015,-7.105427357601002e-15
119,0.077931367,4.42,0.62769652,0.0025383014755678986,0.0,-3.552713678800501e-15,-7.105427357601002e-15
120,2.980809655,4.05,2.025202506,0.0040280152472711725,-0.09999999999999964,-2.650000000000013,-1.4210854715202004e-14
121,0.338979195,15.18,6.499792414,0.017513427324384948,-0.25,-2.900000000000013,-2.842170943040401e-14
122,0.122204538,7.92,4.741671071,0.009854379579062435,-0.10000000000000053,-2.210000000000015,-2.842170943040401e-14
123,0.531533823,7.92,4.586270016,0.009364214487362086,-0.10000000000000053,-2.8700000000000117,-2.842170943040401e-14
124,1.706031395,2.5,0.293751332,0.002272904103242097,-0.10000000000000053,-1.7763568394002505e-15,-7.105427357601002e-15
125,0.686758505,2.5,0.613923495,0.0025267678391639285,-0.10000000000000053,-1.7763568394002505e-15,-7.105427357601002e-15
126,0.382725347,2.5,0.629363224,0.002539700743282461,-0.09999999999999964,-1.7763568394002505e-15,-7.105427357601002e-15
127,0.03473514,2.5,1.072237874,0.0029401413609365986,-0.10000000000000053,-3.552713678800501e-15,-3.552713678800501e-15
128,0.108732626,2.5,0.248053104,0.0022388079636096185,0.0,-1.7763568394002505e-15,-7.105427357601002e-15
129,3.504209546,2.5,1.556574936,0.003450445861421226,-0.10000000000000053,-0.24000000000000377,-3.552713678800501e-15
130,0.180516942,1.87,1.74123952,0.003667469697313192,-0.14999999999999947,-2.54000000000001,-7.105427357601002e-15
131,0.143059906,4.55,0.085436525,0.0021215642472199006,0.0,-7.105427357601002e-15,-1.4210854715202004e-14
132,0.123276385,4.55,0.614294925,0.002527078190560341,-0.10000000000000053,-3.552713678800501e-15,-7.105427357601002e-15
133,0.015867236,3.51,1.540967382,0.003432700811956618,-0.20000000000000018,-1.3600000000000065,-7.105427357601002e-15
134,1.761946744,1.31,1.276645527,0.003145625281450648,-0.10000000000000053,-3.920000000000016,-3.552713678800501e-15
135,4.1124091,2.39,1.093362076,0.0029607412942158516,-0.15000000000000036,-1.0700000000000074,-3.552713678800501e-15
136,1.747957627,4.96,2.655535078,0.004959442701170899,-0.20000000000000018,-2.660000000000011,-1.4210854715202004e-14
137,5.614050536,4.96,3.668168908,0.006924079436491595,-0.15000000000000036,-2.680000000000014,-1.4210854715202004e-14
138,0.06489514,19.51,5.410542684,0.012270569894574517,-0.25,-1.2200000000000273,-5.684341886080802e-14
139,1.717321137,15.6,7.348111612,0.023069570180739057,-0.25,-0.30000000000001137,-5.684341886080802e-14
140,16.46059463,3.2,2.089262183,0.004114112325444896,0.0,-1.4100000000000072,-7.105427357601002e-15
141,3.944450914,1.68,0.638932204,0.002547749204188049,-0.09999999999999964,-0.9700000000000042,-3.552713678800501e-15
142,0.768493037,11.21,3.291155855,0.0061155768076703665,-0.1999999999999993,-1.390000000000029,-2.842170943040401e-14
143,0.060220154,18.64,3.855447711,0.00736430470463345,-0.2999999999999998,-1.2500000000000568,-2.842170943040401e-14
144,2.065943084,1.44,0.877669455,0.0027569966010538897,-0.15000000000000036,-2.3900000000000095,-3.552713678800501e-15
145,0.240717855,4.24,2.651683639,0.004953146106307217,0.0,-2.600000000000012,-7.105427357601002e-15
146,0.015103229,3.04,2.047338274,0.004057561191529538,-0.09999999999999964,-1.0100000000000122,-7.105427357601002e-15
147,0.105172551,7.93,4.641436685,0.009535392427153285,-0.2999999999999998,-2.750000000000014,-1.4210854715202004e-14
148,0.286887205,6.59,3.030299063,0.0056118016147852536,-0.10000000000000053,-1.210000000000015,-1.4210854715202004e-14
149,1.283215275,1.33,0.881031278,0.0027600623479087927,-0.14999999999999947,-3.920000000000016,-3.552713678800501e-15
150,0.157735045,6.74,2.975684861,0.005511671274748478,-0.25,-3.240000000000016,-1.4210854715202004e-14
151,1.129357762,9.48,4.433862869,0.008906968495459728,-0.09999999999999964,-3.552713678800501e-15,-1.4210854715202004e-14
152,0.099251146,1.02,0.837182367,0.0027203408526705938,-0.10000000000000053,-2.250000000000008,-1.7763568394002505e-15
153,3.047952814,3.9,2.163818055,0.004216626591984188,-0.20000000000000018,-1.3600000000000065,-1.4210854715202004e-14
154,2.032838846,2.72,2.183489062,0.004244095723743949,-0.09999999999999964,-1.6100000000000065,-7.105427357601002e-15
155,2.365060316,4.74,2.723027581,0.005071085690431733,-0.25,-1.3400000000000105,-7.105427357601002e-15
156,0.011323573,4.74,2.19693425,0.004262973395981298,-0.1999999999999993,-3.552713678800501e-15,-7.105427357601002e-15
157,1.099054125,4.74,1.293420413,0.0031631109517828403,-0.15000000000000036,-3.552713678800501e-15,-1.4210854715202004e-14
158,0.150355405,4.74,0.363756288,0.0023261432428416987,-0.10000000000000053,-3.552713678800501e-15,-1.4210854715202004e-14
159,0.288683564,12.83,6.125354208,0.015500744603461557,-0.35000000000000053,-1.4400000000000261,-2.842170943040401e-14
160,0.068228497,3.38,1.658016283,0.003568028732327949,-0.15000000000000036,-0.70000000000001,-7.105427357601002e-15
161,0.228787877,3.38,2.467510352,0.0046611533163887975,-0.20000000000000018,-2.1100000000000083,-7.105427357601002e-15
162,3.095370684,5.49,2.460425637,0.004650269903142483,-0.25,-4.320000000000018,-1.4210854715202004e-14
163,0.471442461,2.38,1.146496752,0.0030131956935169407,-0.14999999999999947,-3.3700000000000117,-3.552713678800501e-15
164,4.420990012,5.32,0.674517323,0.002577903674442653,-0.10000000000000053,-7.105427357601002e-15,-1.4210854715202004e-14
165,0.017058341,5.32,3.182570832,0.005900631627262798,-0.25,-1.3700000000000188,-1.4210854715202004e-14
166,6.972661143,2.06,0.666937648,0.002571451039524776,-0.10000000000000053,-0.18000000000000327,-3.552713678800501e-15
167,0.071164569,2.06,0.343032549,0.0023102543849734813,0.0,-3.552713678800501e-15,-7.105427357601002e-15
168,0.182226298,2.06,0.825305414,0.0027096803220005516,-0.10000000000000053,-0.24000000000000377,-3.552713678800501e-15
169,0.013782393,3.67,2.301046446,0.004412010159263397,-0.15000000000000036,-1.6900000000000084,-7.105427357601002e-15
170,0.041708268,4.19,3.80999669,0.007254977311741386,-0.25,-3.900000000000013,-1.4210854715202004e-14
171,0.395741621,14.59,7.807568839,0.026763426196294002,-0.40000000000000036,-3.600000000000037,-2.842170943040401e-14
172,0.029278564,9.96,2.472006597,0.004668073514424637,-0.20000000000000018,-0.7200000000000415,-1.4210854715202004e-14
173,3.26947998,19.52,6.728371763,0.018866054137504445,-0.1999999999999993,-0.5400000000000134,-5.684341886080802e-14
174,0.186487374,19.52,8.671691175,0.035327247558457286,-0.3000000000000007,-7.105427357601002e-15,-5.684341886080802e-14
175,0.018394449,14.64,8.587124303,0.03438421933796894,-0.40000000000000036,-2.210000000000008,-2.842170943040401e-14
176,0.054304652,14.1,4.20615167,0.00826471707009298,-0.09999999999999964,-1.5200000000000387,-2.842170943040401e-14
177,3.876896501,3.08,0.412631076,0.0023640485424376604,-0.09999999999999964,-7.105427357601002e-15,-7.105427357601002e-15
178,9.322318822,2.5,1.716545123,0.0036376784016191183,-0.20000000000000018,-1.9300000000000086,-3.552713678800501e-15
179,0.136225474,12.36,4.402068206,0.008814405809186925,-0.2999999999999998,-0.7200000000000273,-2.842170943040401e-14
180,1.906955772,19.35,5.850529004,0.014170101096485766,-0.20000000000000018,-2.842170943040401e-14,-2.842170943040401e-14
181,0.024867389,19.35,7.359977769,0.023158390378060067,-0.2999999999999998,-1.6900000000000261,-2.842170943040401e-14
182,0.015287506,19.35,6.864812673,0.019721745619280834,-0.2999999999999998,-2.2300000000000324,-2.842170943040401e-14
183,0.094013006,10.45,6.583901184,0.01799969585078279,-0.09999999999999964,-4.920000000000023,-1.4210854715202004e-14
184,0.087781903,9.85,4.189436784,0.008219424403887616,-0.20000000000000018,-2.0600000000000165,-2.842170943040401e-14
185,0.697315336,2.64,2.151746291,0.004199856984053467,-0.09999999999999964,-2.3400000000000105,-3.552713678800501e-15
186,0.063817774,5.07,3.175300384,0.005886510937165842,-0.20000000000000018,-2.680000000000014,-7.105427357601002e-15
187,0.011501759,8.31,3.493870631,0.006537887103823706,-0.20000000000000018,-3.552713678800501e-15,-1.4210854715202004e-14
188,14.67190153,1.93,1.106162927,0.0029732944065034165,-0.14999999999999947,-0.9400000000000048,-3.552713678800501e-15
189,0.011546102,17.51,7.406167047,0.02350731467910218,-0.4500000000000002,-2.0400000000000205,-2.842170943040401e-14
190,0.012972561,6.94,1.308711295,0.003179134134467632,-0.14999999999999947,-7.105427357601002e-15,-1.4210854715202004e-14
191,1.374880052,6.9,3.159018136,0.005855009233434947,0.0,-2.1100000000000136,-1.4210854715202004e-14
192,0.027377986,9.56,2.197610493,0.004263925077989956,-0.20000000000000018,-7.105427357601002e-15,-1.4210854715202004e-14
193,2.013476084,9.56,2.354516062,0.00449055671472446,-0.14999999999999947,-1.4210854715202004e-14,-1.4210854715202004e-14
194,1.719354443,1.55,0.487243688,0.002423106789913056,0.0,-2.520000000000014,-3.552713678800501e-15
195,2.837907667,12.71,4.863983777,0.010257969909383649,-0.2999999999999998,-7.105427357601002e-15,-1.4210854715202004e-14
196,0.012678271,13.59,5.162021837,0.01131116057352373,-0.15000000000000036,-7.105427357601002e-15,-2.842170943040401e-14
197,1.058252061,13.59,4.448290887,0.008949289406340712,-0.14999999999999947,-7.105427357601002e-15,-2.842170943040401e-14
198,0.055507743,2.76,0.304075015,0.0022806782197320927,0.0,-0.3400000000000105,-7.105427357601002e-15
199,0.067999144,14.73,7.815820112,0.026834765174176493,-0.10000000000000053,-2.200000000000017,-2.842170943040401e-14
200,1.89483272,28.9,10.50389637,0.06298761657926513,-0.39999999999999947,-3.590000000000046,-5.684341886080802e-14
201,7.134632335,2.11,1.266471161,0.0031350667867598844,-0.15000000000000036,-2.1700000000000097,-3.552713678800501e-15
202,0.071499304,22.05,9.742245864,0.04963049038533568,-0.39999999999999947,-2.5600000000000307,-5.684341886080802e-14
203,0.160994275,5.59,1.372628255,0.0032469927809305314,-0.1999999999999993,-1.7763568394002505e-15,-2.842170943040401e-14
204,0.310126146,5.59,2.031585422,0.004036512856105892,-0.15000000000000036,-3.552713678800501e-15,-1.4210854715202004e-14
205,1.275581488,5.59,2.312152495,0.004428211535585856,-0.10000000000000053,-1.7763568394002505e-15,-7.105427357601002e-15
206,0.095415019,5.59,2.920772956,0.005412786501275416,-0.20000000000000018,-0.2800000000000029,-1.4210854715202004e-14
207,0.025283543,5.59,1.897144183,0.003861245717198135,-0.10000000000000053,-8.881784197001252e-16,-1.4210854715202004e-14
208,1.614524578,1.42,0.709890052,0.002608230945624838,-0.09999999999999964,-2.050000000000008,-3.552713678800501e-15
209,2.005540578,12.03,5.631541932,0.013190972359657485,-0.2999999999999998,-1.910000000000025,-1.4210854715202004e-14
210,0.050622222,12.03,5.920017028,0.014495515444538287,-0.25,-2.3000000000000185,-1.4210854715202004e-14
211,0.03575013,11.26,3.468434599,0.006483347025825212,-0.14999999999999947,-7.105427357601002e-15,-2.842170943040401e-14
212,0.753148662,11.26,4.039052826,0.007822840247491802,-0.2999999999999998,-3.552713678800501e-15,-2.842170943040401e-14
213,0.381446443,28.03,6.789808468,0.019246753599812472,-0.10000000000000053,-1.580000000000041,-5.684341886080802e-14
214,1.685735276,5.97,2.173024593,0.004229460744444008,-0.10000000000000053,-7.105427357601002e-15,-1.4210854715202004e-14
215,0.13681643,5.97,2.162145707,0.004214299460941638,-0.15000000000000036,-4.440892098500626e-16,-1.4210854715202004e-14
216,0.3042412,10.46,3.510640203,0.006574093567987978,-0.20000000000000018,-7.105427357601002e-15,-1.4210854715202004e-14
217,0.014051827,12.65,6.415623843,0.0170397355271133,-0.20000000000000018,-5.930000000000025,-1.4210854715202004e-14
218,0.03462946,7.92,5.012727628,0.010770869191130414,0.0,-1.590000000000006,-2.842170943040401e-14
219,2.444833472,7.16,4.594998227,0.009391093344322227,-0.25,-2.750000000000014,-1.4210854715202004e-14
220,3.090515975,1.32,0.744330097,0.0026381004187127346,-0.09999999999999964,-2.2800000000000082,-1.7763568394002505e-15
221,0.019004747,6.41,5.040733209,0.010870237903658963,-0.15000000000000036,-1.8400000000000105,-1.4210854715202004e-14
222,0.020716947,11.21,3.583053888,0.0067327396165974135,-0.3000000000000007,-7.105427357601002e-15,-2.842170943040401e-14
223,0.042543993,6.52,1.820534098,0.003764783830264091,0.0,-3.552713678800501e-15,0.0
224,0.02422289,6.52,1.835683824,0.0037836669180538454,-0.09999999999999964,-3.552713678800501e-15,-1.4210854715202004e-14
225,0.063447414,6.52,2.649307672,0.004949265681436752,-0.20000000000000018,-8.881784197001252e-16,-1.4210854715202004e-14
226,1.183983206,6.52,3.434951402,0.006412240752810933,-0.14999999999999947,-0.2800000000000029,-1.4210854715202004e-14
227,0.022869539,6.52,1.928561504,0.0039015124061019244,-0.20000000000000018,-7.105427357601002e-15,-1.4210854715202004e-14
228,1.398478317,24.25,11.10914203,0.0759199352194995,-0.25,-1.900000000000034,-5.684341886080802e-14
229,0.280136366,7.01,2.084934745,0.004108238903506575,-0.25,-1.440000000000012,-1.4210854715202004e-14
230,4.161313705,7.11,4.487333181,0.00906481178623132,-0.20000000000000018,-1.7700000000000173,-1.4210854715202004e-14
231,1.024944252,16.55,8.089466646,0.02930819618693933,0.0,-2.900000000000034,-5.684341886080802e-14
232,1.264026771,16.55,5.650300519,0.013272163542549753,-0.14999999999999947,-1.8000000000000256,-5.684341886080802e-14
233,0.032302351,23.83,11.478704,0.08497380785801041,-0.2999999999999998,-1.130000000000038,-5.684341886080802e-14
234,5.022742769,3.9,2.376844695,0.004523767951745428,-0.14999999999999947,-2.36000000000001,-1.4210854715202004e-14
235,0.174764429,13.13,7.68650771,0.02573772587804642,-0.14999999999999947,-1.210000000000015,-2.842170943040401e-14
236,0.480169606,16.99,8.372958657,0.03210337248987983,-0.20000000000000018,-1.3000000000000185,-2.842170943040401e-14
237,2.958974569,7.65,3.793460154,0.007215601524629594,-0.2999999999999998,-2.8800000000000168,-1.4210854715202004e-14
238,0.198101548,21.62,6.834891372,0.019530896048480014,-0.35000000000000053,-1.1700000000000301,-5.684341886080802e-14
239,5.74222603,1.2,0.950420369,0.0028241050866081485,0.0,-1.0600000000000058,-3.552713678800501e-15
240,0.131343479,12.41,6.55207027,0.017814128238431537,-0.25,-3.940000000000026,-2.842170943040401e-14
241,0.163626915,12.41,7.181829279,0.021859374202992606,-0.39999999999999947,-4.140000000000029,-2.842170943040401e-14
242,0.124044569,14.63,3.797830022,0.007225986115564355,-0.14999999999999947,-0.18000000000001393,-2.842170943040401e-14
243,0.744627498,1.13,0.926400488,0.0028017699388962545,-0.09999999999999964,-1.4400000000000084,-3.552713678800501e-15
244,2.655874487,1.14,1.026174584,0.002895715519158218,-0.10000000000000053,-1.140000000000006,-1.7763568394002505e-15
245,1.718579509,20.48,9.612690419,0.04764350471517411,-0.4500000000000002,-2.3400000000000176,-5.684341886080802e-14
246,2.792071975,21.85,13.04157906,0.13487605482137505,-0.39999999999999947,-1.7100000000000222,-5.684341886080802e-14
247,0.138451575,21.85,13.78933762,0.16650052927130474,-0.4500000000000002,-2.5500000000000256,-5.684341886080802e-14
248,0.06475489,3.29,2.431993239,0.004606846410368322,-0.15000000000000036,-4.360000000000021,-7.105427357601002e-15
249,0.112041676,12.55,6.944392188,0.020238271057150245,-0.35000000000000053,-0.3400000000000105,-1.4210854715202004e-14
250,0.105087261,12.55,5.912363342,0.014459315194919671,-0.15000000000000036,-3.552713678800501e-15,-1.4210854715202004e-14
251,0.510120089,8.75,2.98125332,0.0055217986764843656,-0.1999999999999993,-1.8800000000000168,-1.4210854715202004e-14
252,0.053989734,5.89,3.039067314,0.0056280450923264684,-0.25,-2.750000000000014,-1.4210854715202004e-14
253,0.014559815,7.33,4.822790899,0.01012025287523537,-0.2999999999999998,-2.440000000000012,-1.4210854715202004e-14
254,2.115303905,4.95,2.365504301,0.004506869995222221,-0.20000000000000018,-1.6400000000000112,-1.4210854715202004e-14
255,0.514624938,1.35,0.736273015,0.0026310821722652982,-0.09999999999999964,-1.020000000000005,-3.552713678800501e-15
256,6.058527951,1.44,0.536785706,0.002463131653896904,-0.09999999999999964,-2.050000000000008,-3.552713678800501e-15
257,0.080056026,6.95,2.901671644,0.00537880433432314,-0.20000000000000018,-1.45000000000001,0.0
258,0.130800214,2.75,0.284600955,0.002266035635349709,-0.09999999999999964,-0.15000000000000568,-7.105427357601002e-15
259,13.96505677,5.9,3.549942819,0.006659732482996373,-0.20000000000000018,-6.890000000000029,-7.105427357601002e-15
260,0.566885778,8.92,5.411601007,0.012274822732281516,-0.15000000000000036,-2.240000000000009,-2.842170943040401e-14
261,0.011916843,11.69,2.40425683,0.004564874822113761,-0.20000000000000018,-7.105427357601002e-15,-1.4210854715202004e-14
262,0.013690559,11.69,4.563324229,0.009293915028173021,-0.15000000000000036,-1.0300000000000153,-1.4210854715202004e-14
263,0.115639619,8.56,2.169410506,0.004224417982404108,-0.15000000000000036,-0.4700000000000273,-2.842170943040401e-14
264,0.053920118,8.56,2.49231989,0.004699465504518939,-0.25,-1.3300000000000136,-2.842170943040401e-14
265,0.169988726,5.49,2.854159866,0.005295196078487996,-0.25,-2.3600000000000136,-1.4210854715202004e-14
266,3.784848348,3.54,2.262503965,0.004356241246305193,-0.20000000000000018,-2.630000000000013,-7.105427357601002e-15
267,4.163838519,1.19,0.63343711,0.002543124180502274,0.0,-3.590000000000013,-1.7763568394002505e-15
268,2.920029593,10.82,3.481087689,0.0065104211150815395,-0.10000000000000053,-0.3000000000000185,-2.842170943040401e-14
269,2.335285673,10.82,3.202725082,0.0059399515715802,-0.10000000000000053,-7.105427357601002e-15,-2.842170943040401e-14
270,0.097636582,4.91,2.661462942,0.0049691495433848935,-0.10000000000000053,-2.530000000000012,-7.105427357601002e-15
271,0.699535137,9.42,4.727246235,0.009807831127045589,-0.2999999999999998,-2.0200000000000102,-2.842170943040401e-14
272,0.205337281,10.35,5.622486591,0.013151954471608976,-0.25,-1.0800000000000054,-2.842170943040401e-14
273,0.294911036,4.73,2.842721288,0.005275261025320591,-0.25,-1.7500000000000089,-7.105427357601002e-15
274,5.172719519,7.97,4.246526767,0.008375145811099207,-0.1999999999999993,-1.8900000000000023,-1.4210854715202004e-14
275,0.038547755,5.06,2.796398069,0.005195289795913049,-0.25,-2.460000000000015,-7.105427357601002e-15
276,8.249707827,2.83,1.372947843,0.003247335679545116,-0.15000000000000036,-1.7800000000000082,-7.105427357601002e-15
277,0.162942318,3.85,3.280679314,0.006094503629519798,-0.1999999999999993,-0.9900000000000091,-7.105427357601002e-15
278,0.371789807,10.08,4.712397705,0.00976014281474444,-0.14999999999999947,-1.680000000000021,-1.4210854715202004e-14
279,2.616597882,1.97,1.546184017,0.0034386217369359305,-0.09999999999999964,-2.54000000000001,-3.552713678800501e-15
280,0.029896926,3.45,1.612318568,0.0035145732876863253,-0.09999999999999964,-3.552713678800501e-15,-7.105427357601002e-15
281,0.199491559,3.45,1.125802878,0.002992657499825619,-0.09999999999999964,-8.881784197001252e-16,-7.105427357601002e-15
282,2.874314108,3.45,1.290965651,0.003160546137777418,-0.14999999999999947,-0.2800000000000029,-7.105427357601002e-15
283,0.011647321,3.45,1.097220521,0.002964519492080161,-0.15000000000000036,-3.552713678800501e-15,-1.4210854715202004e-14
284,0.478398467,3.56,1.866272008,0.003822081027153114,-0.1999999999999993,-1.6900000000000084,-1.4210854715202004e-14
285,0.65060758,6.53,3.329212525,0.006192737527665938,-0.25,-1.2700000000000102,0.0
286,0.192432883,6.53,2.219486167,0.004294825254598114,-0.09999999999999964,-3.552713678800501e-15,-1.4210854715202004e-14
287,0.17134507,6.53,2.58965314,0.004852823295745484,-0.10000000000000053,-3.552713678800501e-15,-1.4210854715202004e-14
288,0.10979145,6.53,2.552155865,0.0047931617294949495,0.0,-3.552713678800501e-15,-1.4210854715202004e-14
289,1.060433504,6.53,1.844593896,0.0037948167413406815,-0.20000000000000018,-7.105427357601002e-15,-1.4210854715202004e-14
290,3.539153382,6.53,1.514516481,0.0034028348199550643,-0.14999999999999947,-3.552713678800501e-15,-1.4210854715202004e-14
291,0.345144377,11.63,6.229056397,0.016034190453582866,-0.2999999999999998,-2.670000000000009,-2.842170943040401e-14
292,0.082494831,9.22,3.480268955,0.006508665858588173,-0.15000000000000036,-0.18000000000001393,-2.842170943040401e-14
293,0.032886479,9.22,2.019403211,0.004020310064752253,-0.09999999999999964,-0.5600000000000165,-2.842170943040401e-14
294,0.141642682,4.34,2.143960078,0.004189075939613258,-0.15000000000000036,-1.250000000000007,-7.105427357601002e-15
295,0.083665249,1.28,0.809303693,0.0026953833275064594,-0.14999999999999947,-1.6800000000000068,-3.552713678800501e-15
296,0.023718668,1.62,1.034347745,0.0029035490060866863,-0.09999999999999964,-0.6600000000000037,-7.105427357601002e-15
297,0.208983419,3.02,2.213437636,0.00428625925370012,0.0,-0.5700000000000109,-7.105427357601002e-15
298,0.114236635,3.02,1.697797702,0.0036152226482923386,-0.15000000000000036,-0.7000000000000064,-7.105427357601002e-15
299,0.97256753,4.3,1.707221461,0.0036264931555650046,-0.14999999999999947,-1.250000000000007,-7.105427357601002e-15
300,0.020501914,6.19,2.857178786,0.005300469912169595,-0.14999999999999947,-1.5500000000000114,-7.105427357601002e-15
301,4.441292289,6.19,3.051959112,0.0056520125147239125,-0.25,-2.450000000000017,-7.105427357601002e-15
302,1.931188526,5.41,4.453380326,0.008964265471626582,-0.15000000000000036,-4.530000000000008,-1.4210854715202004e-14
303,0.014084382,8.08,4.208961592,0.008272355436608652,-0.25,-2.5800000000000125,-1.4210854715202004e-14
304,2.470180302,1.04,0.816369446,0.0027016870390108795,-0.09999999999999964,-3.2600000000000118,-1.7763568394002505e-15
305,1.390691023,13.83,4.665963591,0.009612489302005572,-0.20000000000000018,-1.4210854715202004e-14,-2.842170943040401e-14
306,0.104717098,13.83,7.399605023,0.023457432746655012,-0.2999999999999998,-1.5400000000000205,-2.842170943040401e-14
307,2.470583898,13.83,3.479625015,0.006507285667413153,-0.09999999999999964,-1.4210854715202004e-14,-2.842170943040401e-14
308,1.955270163,13.83,3.814727124,0.00726628031659196,0.0,-3.552713678800501e-15,-2.842170943040401e-14
309,0.592233173,1.27,1.003836296,0.002874412941409206,-0.10000000000000053,-1.020000000000005,-3.552713678800501e-15
310,0.037388565,10.16,3.667857946,0.006923370653524164,-0.25,-1.6700000000000088,-2.842170943040401e-14
311,7.873853257,1.16,0.734445334,0.002629492735312252,-0.15000000000000036,-1.5700000000000065,-1.7763568394002505e-15
312,2.659032717,8.98,2.851872274,0.0052912032978891625,-0.15000000000000036,-1.4210854715202004e-14,-1.4210854715202004e-14
313,0.050953011,8.98,1.716417509,0.003637525076139302,-0.14999999999999947,-7.105427357601002e-15,-1.4210854715202004e-14
314,0.838738574,8.98,1.74726175,0.0036747717020519273,-0.15000000000000036,-1.4210854715202004e-14,-1.4210854715202004e-14
315,0.080816699,13.15,5.233307353,0.01157850782397559,-0.09999999999999964,-0.7200000000000273,-2.842170943040401e-14
316,0.468117137,13.15,5.008603127,0.010756310842328688,-0.1999999999999993,-1.4210854715202004e-14,-2.842170943040401e-14
317,1.678036037,7.85,3.844302685,0.007337346185553919,-0.25,-1.7800000000000153,-1.4210854715202004e-14
318,0.366066241,11.66,2.92561296,0.005421430957881195,-0.20000000000000018,-0.3100000000000307,-2.842170943040401e-14
319,0.155425918,2.62,1.87044244,0.0038273484638093967,0.0,-2.11000000000001,-7.105427357601002e-15
320,0.608736907,5.28,2.934409417,0.005437176979019536,-0.25,-3.8800000000000168,-7.105427357601002e-15
321,0.804487746,11.25,4.277381289,0.008460520213727273,-0.3000000000000007,-2.2600000000000193,-2.842170943040401e-14
322,4.91505922,4.18,2.59325051,0.004858585742154197,-0.20000000000000018,-2.1300000000000168,-1.4210854715202004e-14
323,0.03952927,16.94,7.64246634,0.025374157572561677,-0.39999999999999947,-1.2100000000000222,-2.842170943040401e-14
324,0.05740301,2.41,1.513331052,0.0034015024192710188,-0.10000000000000053,-2.3400000000000105,-3.552713678800501e-15
325,0.014863663,6.72,1.106241168,0.002973371296214481,0.0,-7.105427357601002e-15,-1.4210854715202004e-14
326,0.02829826,5.9,2.214763866,0.004288136019017923,-0.20000000000000018,-2.230000000000018,-7.105427357601002e-15
327,1.509953299,10.23,5.686493176,0.013430208791818046,0.0,-3.0900000000000176,-2.842170943040401e-14
328,0.052992682,1.12,0.70335718,0.002602603234766461,-0.15000000000000036,-2.420000000000009,-1.7763568394002505e-15
329,0.078512185,16.28,5.406457058,0.012254165582828994,-0.40000000000000036,-3.590000000000046,-2.842170943040401e-14
330,0.436728374,14.75,5.646651116,0.013256329611189617,-0.3000000000000007,-2.67000000000003,-2.842170943040401e-14
331,0.18231985,14.75,7.530420832,0.0244716123474253,-0.40000000000000036,-2.7900000000000347,-2.842170943040401e-14
332,6.391439451,2.06,1.724134143,0.0036468080332145185,0.0,-3.060000000000013,-3.552713678800501e-15
333,21.38969958,28.08,7.713605601,0.025963938229698873,-0.40000000000000036,-2.842170943040401e-14,-5.684341886080802e-14
334,0.028601682,3.85,0.717333387,0.002614657764146748,-0.15000000000000036,-3.552713678800501e-15,-7.105427357601002e-15
335,1.776840056,3.85,0.155849745,0.0021715594472665385,0.0,-1.7763568394002505e-15,-1.4210854715202004e-14
336,0.389406726,3.85,1.007425584,0.002877825245853674,-0.10000000000000053,-8.881784197001252e-16,-7.105427357601002e-15
337,2.331628895,3.85,0.07394303,0.0021135133202930534,0.0,-8.881784197001252e-16,-7.105427357601002e-15
338,0.062995617,3.85,1.276092594,0.00314505056292424,-0.09999999999999964,-3.552713678800501e-15,-7.105427357601002e-15
339,0.025828026,3.85,1.339133979,0.0032112548220579844,-0.10000000000000053,-7.105427357601002e-15,-7.105427357601002e-15
340,0.045173744,6.1,1.649635279,0.0035581646493824735,-0.20000000000000018,-1.5200000000000102,-1.4210854715202004e-14
341,0.316134339,5.48,3.385186379,0.006307986930942109,-0.15000000000000036,-2.930000000000014,-1.4210854715202004e-14
342,0.019108964,14.32,6.815457924,0.019407912846555308,-0.15000000000000036,-2.5300000000000225,-2.842170943040401e-14
343,3.335853454,17.37,10.03729437,0.0544524200119569,-0.3000000000000007,-1.2300000000000058,-2.842170943040401e-14
344,4.255594562,10.38,4.00666429,0.00773994389137496,-0.25,-2.680000000000014,-2.842170943040401e-14
345,0.384342062,7.49,3.608005722,0.006788281044126546,-0.1999999999999993,-1.210000000000015,-2.842170943040401e-14
346,0.162504081,6.73,2.847462476,0.005283514851418914,-0.20000000000000018,-3.552713678800501e-15,-1.4210854715202004e-14
347,0.261847168,6.73,3.47964113,0.006507320204010449,-0.25,-1.7763568394002505e-15,-1.4210854715202004e-14
348,1.068107711,6.73,2.064115317,0.004080098221547878,-0.25,-7.105427357601002e-15,-2.842170943040401e-14
349,0.016752718,6.73,3.512142549,0.006577346923979536,-0.20000000000000018,-8.881784197001252e-16,-2.842170943040401e-14
350,0.012761107,6.73,3.144326346,0.005826728493844417,-0.14999999999999947,-8.881784197001252e-16,-1.4210854715202004e-14
351,1.057477555,6.73,1.777166063,0.0037112460362928985,-0.20000000000000018,-4.440892098500626e-16,-1.4210854715202004e-14
352,0.720071448,6.73,3.561345782,0.006684785856467297,-0.15000000000000036,-1.7763568394002505e-15,-1.4210854715202004e-14
353,0.10464936,6.38,0.473006377,0.0024117249902960687,-0.09999999999999964,-7.105427357601002e-15,-1.4210854715202004e-14
354,0.051616101,10.3,4.618248186,0.00946306595600556,-0.2999999999999998,-6.310000000000031,-2.842170943040401e-14
355,0.101731067,7.42,2.476784623,0.004675438610861089,-0.14999999999999947,-1.7763568394002505e-15,-1.4210854715202004e-14
356,0.011348776,7.42,2.855199598,0.005297011825168474,-0.25,-1.7763568394002505e-15,-1.4210854715202004e-14
357,0.466356993,7.42,2.542507101,0.004777928116279038,-0.25,-8.881784197001252e-16,-1.4210854715202004e-14
358,0.018726094,7.42,3.379495593,0.006296173012957924,-0.25,-3.552713678800501e-15,-1.4210854715202004e-14
359,0.027308692,5.88,2.827604226,0.005249029622574648,-0.20000000000000018,-7.105427357601002e-15,-1.4210854715202004e-14
360,0.69193976,5.88,1.512246947,0.003400284360097068,-0.10000000000000053,-3.552713678800501e-15,-1.4210854715202004e-14
361,0.807005862,5.88,1.52205126,0.003411315943114899,-0.20000000000000018,-7.105427357601002e-15,-1.4210854715202004e-14
362,0.054010439,5.88,1.792787928,0.0037304432426855227,0.0,-7.105427357601002e-15,-1.4210854715202004e-14
363,0.651029957,4.15,1.774640758,0.003708152024781011,-0.14999999999999947,-1.740000000000009,-7.105427357601002e-15
364,0.044203203,19.44,0.318171177,0.0022913360124955035,-0.15000000000000036,-5.140000000000043,-6.380000000000031
365,0.839914285,11.18,0.354789863,0.0023192553621467545,0.0,-2.1800000000000352,-3.500000000000014
366,0.105716963,11.18,2.725026732,0.005074430447562734,-0.14999999999999947,-3.9900000000000233,-3.5000000000000213
367,0.093784099,17.77,0.855311648,0.0027366940604104683,-0.14999999999999947,-1.6900000000000261,-4.250000000000028
368,0.739932575,14.36,0.105926963,0.0021359933107431782,-0.10000000000000053,-4.000000000000021,-5.0100000000000335
369,0.039939968,21.66,2.110053342,0.004142447969948977,-0.5999999999999996,-2.2000000000000455,-8.140000000000043
370,0.03170553,21.66,2.972398894,0.005505703728162226,-0.6499999999999995,-3.1500000000000625,-8.140000000000043
371,0.084580064,5.56,1.948695229,0.003927536865084341,-0.20000000000000018,-1.0100000000000158,-1.7900000000000134
372,0.019711101,25.46,0.872969626,0.0027527163778985546,0.0,-1.7900000000000773,-7.84000000000006
373,0.174156175,11.07,1.372264283,0.003246602304921696,-0.2999999999999998,-5.080000000000027,-7.2600000000000335
374,0.597714498,17.33,0.564459636,0.002485775735184756,-0.09999999999999964,-2.7600000000000335,-5.910000000000039
375,0.628441322,18.96,0.415803037,0.002366529773012871,-0.09999999999999964,-3.3300000000000267,-3.600000000000051
376,0.801929024,9.65,1.071178672,0.0029391122173472567,0.0,-2.3500000000000227,-3.3300000000000267
377,1.035772994,22.94,0.46388981,0.0024044649161423766,-0.20000000000000018,-6.210000000000065,-7.610000000000042
378,0.01430027,22.94,5.819730801,0.014028185130457813,-0.10000000000000053,-4.660000000000039,-7.6100000000000705
379,0.023528234,20.93,7.841421879,0.027057292202887773,-0.5499999999999998,-2.3300000000000267,-5.960000000000036
380,0.642800317,3.68,0.981470475,0.002853240661559245,-0.14999999999999947,-1.5100000000000087,-0.8500000000000085
381,0.025212647,9.97,1.621122046,0.0035248088280913094,-0.2999999999999998,-3.3100000000000165,-7.590000000000039
382,0.015387443,6.51,0.993580891,0.00286468543363456,0.0,-3.0900000000000176,-4.050000000000022
383,0.034230321,7.42,0.846808743,0.002729011988605036,0.0,-2.420000000000016,-3.570000000000015
384,3.747174242,7.42,1.480452261,0.0033647537352870425,-0.14999999999999947,-3.680000000000021,-3.5700000000000145
385,0.66840755,18.58,0.589025399,0.002506050487358796,-0.15000000000000036,-3.5400000000000773,-5.690000029999965
386,0.181733115,8.42,1.840551581,0.0037897542470430754,-0.25,-2.190000000000019,-3.630000000000024
387,0.016304945,7.12,2.303253233,0.004415224689859978,0.0,-2.480000000000011,-2.660000000000011
388,0.489630394,9.88,1.750681066,0.003678924096601504,-0.15000000000000036,-1.3700000000000188,-1.90000000000002
389,0.013738085,4.86,0.831106943,0.00271488245057377,-0.15000000000000036,-3.670000000000009,-3.500000000000014
390,0.230005617,4.86,0.665417282,0.0025701586814493877,-0.14999999999999947,-5.410000000000008,-3.5000000000000213
391,0.460015556,18.16,7.285174503,0.022604007916260466,-0.35000000000000053,-3.2700000000000387,-1.5100000000000193
392,3.327295116,18.61,3.904473467,0.007484064469557987,-0.4500000000000002,-2.660000000000025,-7.390000000000043
393,3.093777822,11.01,0.877035897,0.0027564192209868386,-0.14999999999999947,-1.90000000000002,-3.160000000000018
394,0.594553494,11.66,0.247108061,0.00223810826528907,-0.09999999999999964,-2.7400000000000233,-4.070000000000018
395,0.244693398,11.66,0.803377776,0.0026901078319896002,-0.15000000000000036,-2.2700000000000102,-4.070000000000018
396,2.957696368,5.76,1.600886177,0.003501325381668297,-0.09999999999999964,-3.3600000000000136,-3.160000000000018
397,1.130349255,21.86,1.226900486,0.0030943369661313876,-0.25,-3.5300000000000296,-6.400000030000015
398,0.541084567,4.82,0.27206564,0.0022566599651137904,-0.10000000000000053,-0.6700000000000088,-0.6600000000000108
399,0.625742088,4.82,2.491101304,0.004697576401993358,-0.15000000000000036,-1.4400000000000084,-0.6600000000000108
400,0.163439097,7.37,1.757937095,0.0036877512620085446,-0.15000000000000036,-3.5100000000000193,-2.500000000000014
401,4.091717722,16.34,1.826455834,0.0037721536631123826,-0.25,-3.650000000000034,-4.110000000000042
402,0.020022028,16.54,0.563907823,0.0024853221937409346,-0.14999999999999947,-4.9000000000000234,-3.72000000000002
403,0.61445628,37.15,2.277854296,0.00437836775923219,-0.4500000000000002,-6.410000000000082,-7.0600000000000875
404,0.03345179,21.46,0.742015295,0.0026360821651016195,-0.20000000000000018,-3.310000000000059,-5.780000040000033
405,0.035755009,10.11,0.376549987,0.002336006530195765,-0.09999999999999964,-0.7900000000000205,-1.920000000000016
406,0.402632393,16.9,0.933502341,0.0028083552703068843,-0.2999999999999998,-4.020000000000039,-8.68000000000005
407,0.043604547,6.8,1.537547058,0.003428824230905108,-0.14999999999999947,-1.1100000000000065,-3.480000000000018
408,0.039256125,6.8,4.050930036,0.007853459423920892,-0.25,-0.49000000000000377,-3.48000000000002
409,0.645190186,20.04,2.223099623,0.004299950804527293,-0.25,-3.6300000000000523,-5.200000009999997
410,0.011955396,20.04,1.438781479,0.0033187462424041684,-0.15000000000000036,-3.940000000000026,-5.200000000000031
411,0.509530284,19.13,4.563243898,0.009293669837153793,-0.5,-3.6600000000000534,-7.510000000000048
412,3.008622788,7.82,1.088792551,0.002956273014376935,-0.10000000000000053,-2.960000000000015,-3.410000000000018
413,0.881895416,10.45,2.231064074,0.004311269591794811,-0.14999999999999947,-1.5000000000000107,-5.720000000000027
414,0.249285937,24.36,2.143179341,0.004187996427089704,-0.40000000000000036,-2.900000000000034,-5.900000000000034
415,0.171760598,37.75,1.508948091,0.003396580564102514,-0.20000000000000018,-3.810000000000059,-8.150000000000063
416,0.368090823,37.75,4.979157505,0.010652939923025722,-0.75,-4.540000000000049,-8.150000000000091
417,0.060594947,15.87,5.163487262,0.011316594540983441,-0.35000000000000053,-5.470000000000027,-2.340000000000032
418,10.54872913,10.81,0.871836111,0.002751685056593396,-0.09999999999999964,0.3299999999999699,-0.5300000000000153
419,0.018611576,16.97,0.554538971,0.002477634412526929,0.0,-2.880000000000038,-7.540000000000035
420,2.81222558,16.97,0.235881525,0.002229812947340716,-0.20000000000000018,-3.350000000000051,-7.540000000000049
421,0.406193271,16.97,3.557123499,0.0066754982112705715,-0.39999999999999947,-3.0400000000000205,-7.540000010000043
422,2.07168999,9.17,3.165594406,0.005867712295092794,-0.2999999999999998,-2.0700000000000216,-2.500000000000014
423,0.011461222,9.17,1.346484845,0.0032190643680291555,-0.15000000000000036,-1.210000000000015,-2.500000000000014
424,5.650085011,21.55,0.351121665,0.0023164433728692165,-0.14999999999999947,-6.210000000000065,-7.130000000000038
425,0.016561614,9.1,1.962675568,0.003945709222490058,-0.20000000000000018,-1.160000000000025,-0.14000000000001478
426,0.96017409,19.44,4.997231899,0.01071627427669198,-0.34999999999999964,-3.42000000000003,-5.55000000000004
427,0.048598384,5.36,2.830789092,0.005254545250540841,-0.2999999999999998,-2.930000000000014,-4.48000000000002
428,1.677173,10.97,0.877284152,0.002756645448711818,-0.15000000000000036,-2.8700000000000188,-3.5100000000000193
429,0.032524558,10.22,0.215310308,0.002214692344985625,-0.10000000000000053,-1.8700000000000188,-4.370000000000019
430,0.052640304,4.78,2.040414071,0.004048295915910929,0.0,-1.9300000000000073,-0.8400000000000034
431,0.796526706,7.71,1.887216299,0.0038486077112083726,-0.20000000000000018,-2.0800000000000196,-6.460000000000029
432,0.240021522,13.35,6.371412979,0.01679598788389793,-0.5,-2.5100000000000335,-6.180000039999982
433,0.123825356,13.35,4.201253564,0.008251418995900123,-0.4500000000000002,-5.2400000000000375,-6.180000000000035
434,0.011726868,17.86,6.761083083,0.01906782501748939,-0.25,-5.2400000000000375,-8.55000000000004
435,0.276258311,18.32,0.98071875,0.002852531759544492,-0.14999999999999947,-2.2800000000000296,-4.910000000000053
436,0.220414462,19.54,4.80691516,0.010067666643115437,-0.35000000000000053,-2.0200000000000244,-4.890000000000029
437,1.548235115,9.08,1.21498992,0.0030821811028962647,-0.09999999999999964,-1.1100000000000136,-1.690000000000012
438,0.028088969,9.08,0.23206736,0.0022270016378546824,0.0,-0.5600000000000094,-1.690000000000012
439,0.042652327,23.38,3.643230068,0.006867463973275123,-0.5999999999999996,-2.6800000000000637,-7.060000000000056
440,0.258341308,23.38,2.099312505,0.004127785423731097,-0.1999999999999993,-3.4100000000000534,-7.060000000000045
441,1.302182791,12.65,2.185980129,0.004247587004780693,0.0,-4.500000000000021,-2.4800000000000466
442,0.025061543,21.84,4.292966511,0.00850397193112069,-0.25,-3.7700000000000387,-5.67000000000003
443,0.153262066,10.35,0.503900712,0.0024364910278644077,-0.09999999999999964,-1.5600000000000165,-3.010000000000012
444,0.04351795,7.24,0.168488661,0.002180657053235279,-0.10000000000000053,-2.680000000000014,-4.110000000000021
445,0.077225238,25.39,1.952076149,0.003931923900239109,0.0,-1.8300000000000693,-3.0200000000000387
446,5.816449951,25.39,4.056569515,0.007868039472742588,-0.2999999999999998,-2.6700000000000443,-3.0200000000000387
447,0.150994027,5.29,0.049864404,0.0020967455030512934,0.0,-1.220000000000006,-1.940000000000012
448,0.840271286,8.61,1.427652422,0.0033065654182823376,-0.14999999999999947,-2.570000000000011,-4.810000000000024
449,0.604876197,10.43,0.238091086,0.0022314431696739707,-0.09999999999999964,-2.3400000000000105,-3.700000000000017
450,4.948212379,4.27,1.31809941,0.003189011919594305,-0.14999999999999947,-1.3300000000000054,-0.6100000000000065
451,3.231117482,9.19,4.56129863,0.00928773433135165,-0.25,-5.380000000000024,-3.170000000000016
452,0.137825153,19.59,0.772342216,0.0026626464281457414,-0.20000000000000018,-3.100000000000037,-6.780000000000044
453,0.901159727,19.59,0.905740231,0.002782699742648393,-0.25,-4.370000000000061,-6.780000040000019
454,0.113428267,18.88,0.993597838,0.0028647014811799382,-0.25,-2.5100000000000335,-6.690000000000026
455,0.044527842,18.88,1.904078983,0.0038700980999284273,-0.20000000000000018,-3.2500000000000426,-6.69000000000004
456,0.051694943,9.77,0.713146279,0.002611040537407275,-0.09999999999999964,-0.3900000000000041,-2.2800000000000153
457,0.275182912,15.04,5.469583961,0.01251006335797836,-0.34999999999999964,-2.610000000000028,-2.4800000400000233
458,0.128215319,15.04,0.366674033,0.0023283890113332904,-0.10000000000000053,-0.5300000000000296,-2.4800000000000324
459,0.5912062,24.82,5.794406476,0.013912542847766928,-0.25,-4.53000000000003,-4.330000000000013
460,0.067702523,18.66,3.24014463,0.006013647212574574,-0.34999999999999964,-2.820000000000036,-4.480000000000032
461,0.484874311,11.1,3.09763484,0.005737748898367079,-0.20000000000000018,-0.8600000000000136,-2.2700000000000173
462,1.087571556,22.86,0.607105124,0.0025210774429624714,-0.15000000000000036,-4.34000000000006,-4.53000000000003
463,0.432288322,25.88,1.651092212,0.003559877443807456,-0.35000000000000053,-4.28000000000003,-7.270000000000039
464,6.131708528,5.82,1.834216763,0.0037818342092831264,-0.14999999999999947,-3.7800000000000153,-5.280000000000023
465,1.440453402,22.2,0.585305693,0.002502969954522335,-0.10000000000000053,-3.2100000000000506,-5.900000000000034
466,3.880041642,15.08,2.59073194,0.0048545506569789955,-0.09999999999999964,-3.610000000000028,-3.7900000000000347
467,6.298382964,6.8,0.074118014,0.002113635663693258,-0.09999999999999964,-2.2500000000000213,-2.8600000000000136
468,0.171672422,22.12,1.626909384,0.003531553769210952,-0.25,-2.2800000000000438,-5.770000000000024
469,4.504861935,6.38,1.494256225,0.003380134014591436,-0.20000000000000018,-2.6000000000000156,-2.140000000000015
470,0.527625104,19.53,4.209730851,0.00827444777625388,-0.2999999999999998,-4.230000000000032,-6.320000040000025
471,4.545510158,14.78,2.657039252,0.004961903989413803,-0.25,-3.0400000000000205,-5.180000039999982
472,4.768671706,27.43,8.659004725,0.035184205106509436,-0.6499999999999995,-4.410000000000053,-7.05000000000004
473,0.195491275,17.93,5.361284894,0.012074230910354708,0.0,-1.960000000000015,-5.960000000000036
474,0.021361148,18.56,4.004644231,0.0077348026528404334,-0.2999999999999998,-2.5600000000000307,-2.640000000000043
475,0.446291863,21.71,3.831491543,0.007306478526076192,-0.5499999999999998,-5.180000000000035,-6.770000000000067
476,3.773980948,2.51,0.857460106,0.002738638526204644,-0.15000000000000036,-1.5800000000000036,-0.600000000000005
477,0.109386794,7.72,0.50492141,0.0024373135721421618,-0.10000000000000053,-1.2600000000000122,-2.160000000000011
478,0.018172695,5.24,3.458920573,0.006463063358842155,-0.1999999999999993,-1.5300000000000082,-1.0900000000000105
479,0.106634987,11.69,4.706847127,0.009742375302761914,-0.09999999999999964,-3.5900000000000176,-1.7300000400000215
480,0.546177326,9.17,2.205556976,0.004275124086153,-0.25,-1.3700000000000188,-1.6000000000000085
481,0.335569629,11.16,1.253204806,0.0031213526139152598,-0.1999999999999993,-4.190000000000026,-3.960000000000015
482,0.38773217,13.09,1.436549008,0.0033162992080378742,-0.14999999999999947,-1.1000000000000156,-3.90000000000002
483,0.588619655,13.09,2.897188392,0.005370859205833325,-0.2999999999999998,-1.5400000000000205,-3.900000000000027
484,0.07341312,13.09,1.820429391,0.0037646536474356495,-0.25,-1.3700000000000117,-3.90000000000002
485,1.261085872,21.6,0.529572181,0.002457263100599296,-0.1999999999999993,-3.890000000000043,-7.430000000000035
486,0.015034941,21.6,0.680085847,0.002582654489656796,-0.14999999999999947,-5.190000000000055,-7.430000040000024
487,3.156581348,1.3,0.21743283,0.002216247731619723,-0.10000000000000053,-0.5600000000000023,-0.360000000000003
488,3.984342493,1.3,0.628158619,0.00253868934994158,-0.10000000000000053,-0.5500000000000025,-0.360000000000003
489,0.052900451,14.52,0.622994064,0.0025343577111722523,-0.09999999999999964,-3.8100000000000307,-5.360000000000028
490,0.760903335,2.26,0.785436823,0.0026741987559497546,-0.09999999999999964,-0.8600000000000065,-0.5400000000000027
491,0.198827448,27.9,6.774364171,0.019150348427932406,-0.2999999999999998,-5.840000000000032,-3.7900000000000205
492,2.637782317,7.52,0.096058782,0.00212903210043656,0.0,-1.220000000000006,-2.1700000000000124
493,0.274937608,14.61,3.496331393,0.0065431876021507926,-0.25,-1.400000000000034,-1.7200000000000273
494,0.062916299,6.2,1.442149826,0.003322441728519924,-0.25,-2.440000000000019,-4.770000000000021
495,0.016582512,18.8,5.560801701,0.01288917843411562,-0.39999999999999947,-2.8700000000000614,-4.060000000000059
496,11.35772975,2.03,1.125973897,0.0029928266589799024,-0.10000000000000053,-0.8000000000000043,-0.2900000000000027
497,0.014662064,9.37,2.244135675,0.004329910808161627,-0.09999999999999964,-1.180000000000021,-2.180000000000021
498,0.29286113,13.77,1.625064283,0.003529401972807787,-0.25,-3.9500000000000313,-5.090000000000025
499,0.045030433,6.26,2.909330169,0.005392403666920549,-0.1999999999999993,-1.180000000000014,-2.15000000000002
500,0.230113408,28.7,7.620242816,0.025192602601351418,-0.5499999999999998,-5.470000000000027,-8.10000000000008
501,1.362312752,12.96,1.558700125,0.0034528691611963183,-0.25,-2.7800000000000153,-6.200000040000006
502,0.06079473,14.6,4.444815376,0.00893907669757844,-0.3000000000000007,-2.9800000000000324,-2.7500000000000284
503,0.103941707,14.6,4.78553802,0.009997284832219018,-0.34999999999999964,-3.7400000000000233,-2.750000000000031
504,2.98661902,5.12,3.779831142,0.0071833084933912265,-0.25,-1.3500000000000156,-0.37000000000001165
505,0.524288076,5.12,2.478949808,0.004678779945964978,-0.14999999999999947,-1.4300000000000104,-0.37000000000001165
506,1.400805101,5.12,3.679554958,0.006950081607838614,-0.10000000000000053,-2.210000000000008,-0.37000000000001165
507,0.016598214,26.58,0.904671008,0.002781716339848611,-0.09999999999999964,-5.600000000000051,-8.480000000000047
508,0.058418326,8.7,1.306244725,0.003176543974800986,-0.15000000000000036,-0.44000000000001194,-2.6000000000000227
509,0.023555585,21.86,4.472287138,0.00902011803249858,-0.3000000000000007,-4.6500000000000625,-3.980000000000018
510,0.028638603,20.8,1.047380103,0.0029160834730127586,-0.3000000000000007,-3.7700000000000387,-6.960000000000036
511,0.018113165,10.47,1.716778987,0.0036379594009047856,-0.1999999999999993,-3.3100000000000165,-3.170000000000016
512,0.018945964,12.23,5.018323612,0.010790652632726327,-0.2999999999999998,-3.210000000000015,-2.180000000000021
513,0.011648386,13.73,1.295281038,0.003165056374607177,-0.25,-3.3500000000000227,-7.270000019999998
514,2.221150232,6.0,2.475552058,0.004673537565186195,-0.20000000000000018,-4.100000000000016,-0.8300000000000054
515,0.36340244,31.31,4.338332908,0.008631717081396874,-0.5,-2.3500000000000796,-6.930000000000064
516,0.193083305,31.31,4.75728567,0.009905013902015621,-0.5499999999999998,-3.2100000000000364,-6.930000000000074
517,1.779930673,12.68,3.780238044,0.007184270539340471,-0.25,-2.1300000000000168,-0.46000000000002217
518,0.075981329,7.05,1.523479459,0.0034129258926512652,-0.20000000000000018,-1.210000000000015,-1.4000000000000128
519,0.375506803,12.42,0.968172605,0.0028407262144681932,-0.15000000000000036,-0.2400000000000162,-1.9800000000000182
520,1.276138076,11.86,2.194753247,0.004259905494392727,-0.20000000000000018,-2.7700000000000244,-2.3700000000000188
521,0.965535814,15.31,9.756068896,0.04984707337498221,-0.15000000000000036,-2.0400000000000205,-0.6700000000000159
522,0.236652412,15.31,7.415916338,0.023581616168588948,-0.25,-2.8800000000000168,-0.6700000000000159
523,0.531096626,8.17,1.450240185,0.00333133459992763,-0.20000000000000018,-3.160000000000018,-5.240000000000023
524,3.722734463,28.5,0.898401001,0.002775956560093473,-0.25,-4.730000000000047,-7.360000030000037
525,0.01201826,13.76,3.598436433,0.00676692673457759,-0.15000000000000036,-1.8300000000000267,-5.820000000000036
526,0.276046414,21.06,2.642863898,0.0049387569415192435,-0.15000000000000036,-1.3100000000000591,-2.780000000000058
527,2.387687241,4.05,1.429402594,0.0033084780358421926,-0.14999999999999947,-3.130000000000013,-2.3800000000000097
528,1.177811084,19.85,2.133672594,0.004174873802805631,-0.25,-2.5600000000000307,-6.2400000000000375
529,0.014059895,14.04,0.810187691,0.0026961711828316134,-0.15000000000000036,-3.3000000000000256,-6.050000040000029
530,0.230108273,14.04,1.971183824,0.0039568096558491835,-0.34999999999999964,-4.15000000000002,-6.050000000000033
531,3.396323365,15.58,0.518042705,0.002447912259729962,0.0,-1.9200000000000443,-4.130000000000024
532,0.963537482,9.35,1.067606889,0.0029356444426733765,0.0,-3.5000000000000284,-3.1000000000000156
533,0.022640847,9.35,0.692937061,0.0025936519281107846,-0.09999999999999964,-4.370000000000019,-3.1000000000000156
534,0.675499752,14.42,1.825555316,0.0037710320071969506,0.0,-5.840000000000032,-6.570000000000023
535,0.486097927,14.42,0.162233947,0.002176150110125595,-0.14999999999999947,-5.050000000000026,-6.570000000000025
536,5.694717934,14.0,1.828832033,0.0037751149750927713,-0.25,-2.7400000000000375,-5.690000000000026
537,1.014693838,14.0,0.490047536,0.0024253545906268137,-0.15000000000000036,-3.380000000000038,-5.690000010000006
538,0.228003851,17.03,0.289041254,0.0022693660281685236,0.0,-3.8100000000000307,-5.250000039999989
539,0.031974281,4.21,2.156390898,0.00420630121004858,0.0,-2.3600000000000136,-2.170000000000009
540,2.436883743,9.8,2.181234666,0.004240938605086705,-0.1999999999999993,-1.870000000000033,-3.7800000000000153
541,0.321280562,9.8,0.26429344,0.0022508662701272246,0.0,-2.0400000000000347,-3.7800000000000153
542,0.238840651,9.8,0.474839065,0.002413187108497511,-0.15000000000000036,-4.110000000000017,-3.780000000000019
543,0.014341659,5.81,2.367658074,0.004510074422411579,-0.10000000000000053,-1.6000000000000085,-1.6400000000000148
544,0.084204254,11.21,1.649108215,0.0035575452265494386,-0.25,-1.7500000000000284,-4.770000010000018
545,0.038299416,13.24,0.273341726,0.00225761262940164,-0.15000000000000036,-2.0000000000000284,-6.230000029999971
546,0.026955432,13.24,0.980574866,0.0028523960921086914,-0.20000000000000018,-2.740000000000016,-6.230000000000032
547,0.505221313,12.52,0.740520556,0.002634779734871352,-0.10000000000000053,-3.5100000000000477,-6.040000000000035
548,1.364414061,8.71,3.155537661,0.0058482972360156555,-0.10000000000000053,-2.5300000000000296,-1.8100000000000094
549,0.050263555,18.66,7.090699844,0.021222695313278517,-0.35000000000000053,-2.590000000000032,-4.0000000000000355
550,0.102205663,18.66,5.342684508,0.012000900643148378,-0.40000000000000036,-3.5500000000000256,-4.0000000000000355
551,0.110246342,12.68,2.542678354,0.004778198072625218,-0.25,-2.1100000000000136,-3.2700000000000173
552,0.190321111,22.58,1.047749077,0.0029164391349299885,-0.25,-3.55000000000004,-6.110000000000028
553,1.38690403,3.99,0.178723073,0.0021880517339138545,0.0,-0.6200000000000117,-1.1700000000000053
554,6.671350142,16.07,1.600525714,0.0035009084857363353,-0.20000000000000018,-4.020000000000039,-4.750000000000028
555,0.013015191,20.7,3.926793123,0.0075392251425622885,-0.35000000000000053,-2.4900000000000375,-3.200000000000017
556,1.785105386,19.6,2.282280375,0.00438476842442276,-0.14999999999999947,-3.940000000000026,-4.640000000000029
557,0.092294134,8.39,2.318781339,0.00443790982860045,-0.2999999999999998,-1.2100000000000062,-1.0800000000000125
558,1.616376302,10.97,2.867875469,0.00531919832562565,-0.25,-1.3900000000000148,-5.780000000000044
559,0.038860453,20.4,2.561567074,0.004808066850856642,-0.10000000000000053,-3.410000000000025,-8.030000020000017
560,4.485880292,31.49,1.709635055,0.0036293853619168356,-0.25,-5.220000000000027,-6.660000000000053
561,1.395282344,8.19,2.808827045,0.005216627720495403,-0.09999999999999964,-4.920000000000023,-4.610000000000021
562,0.035229382,25.34,1.747443202,0.003674991938781183,-0.25,-4.540000000000035,-7.090000000000046
563,0.013011462,20.64,6.430451528,0.017122260811716073,-0.20000000000000018,-3.7000000000000313,-2.000000000000057
564,0.08430309,6.05,0.099793354,0.0021316638749655907,-0.10000000000000053,-2.720000000000013,-2.960000000000015
565,0.656874292,24.09,3.202971571,0.005940434068041177,-0.4500000000000002,-3.7300000000000324,-5.620000000000033
566,2.335157477,20.05,4.705720572,0.00973877308908332,-0.34999999999999964,-3.7500000000000284,-3.6000000000000427
567,2.10872986,17.6,0.895018041,0.0027728538324420966,-0.15000000000000036,-4.590000000000032,-7.1900000400000295
568,0.015606251,17.6,0.894312614,0.002772207276387657,-0.25,-5.330000000000041,-7.190000000000033
569,0.960263097,21.93,5.947971143,0.014628492513184264,-0.4499999999999993,-5.000000000000028,-6.650000000000034
570,0.646978317,7.56,0.170926544,0.002182416233791367,0.0,-3.0200000000000244,-2.900000000000013
571,0.013930969,17.13,4.245019733,0.008370997801985912,-0.25,-1.5000000000000568,-1.0000000000000284
572,0.012367148,17.13,4.483673409,0.009053920405038168,-0.25,-1.8300000000000267,-1.0000000000000284
573,0.055150984,14.63,5.678051546,0.013393180881792296,-0.1999999999999993,-5.450000000000024,-3.3600000000000327
574,0.094407559,14.18,2.378298987,0.00452593950310665,-0.25,-3.3300000000000267,-4.650000000000034
575,0.014755592,14.18,1.147428649,0.003014123879218651,-0.14999999999999947,-2.190000000000012,-4.650000000000027
576,0.040108295,10.02,2.117354514,0.0041524445560767445,-0.25,-3.6100000000000207,-3.7200000000000273
577,0.021280954,12.04,0.903088835,0.0027802617943099442,-0.20000000000000018,-2.7700000000000244,-5.570000000000036
578,0.035227576,9.07,3.040531256,0.005630761644419433,-0.20000000000000018,-2.930000000000021,-4.950000000000017
579,0.071592098,9.07,0.761166201,0.002652826097257687,-0.09999999999999964,-4.950000000000031,-4.950000000000024
580,0.016874157,11.86,2.595490826,0.004862177832035211,-0.25,-2.2500000000000284,-5.960000000000022
581,0.203635039,17.53,6.453296502,0.017250176496741806,-0.20000000000000018,-2.3700000000000188,-1.4300000000000352
582,0.133116633,4.54,2.448873426,0.004632577822288409,-0.20000000000000018,-2.5800000000000125,-3.250000000000014
583,0.015566754,13.9,0.441304339,0.0023865725148530326,-0.14999999999999947,-4.890000000000029,-6.270000000000039
584,0.086425438,9.87,1.540538916,0.0034322149511663317,-0.1999999999999993,-2.000000000000014,-2.5400000000000134
585,0.616910182,25.05,0.117800072,0.002144398945850441,-0.09999999999999964,-6.6500000000000625,-5.680000000000092
586,0.65736579,20.71,3.781490188,0.0071872318091534835,-0.35000000000000053,-4.6500000000000625,-4.28000000000003
587,0.209244352,7.47,1.549296502,0.0034421592803944388,-0.20000000000000018,-3.430000000000021,-4.730000000000032
588,0.164502912,12.52,4.28471154,0.00848092952209674,-0.15000000000000036,-1.9200000000000301,-4.0400000000000205
589,0.063153602,15.47,0.638821361,0.002547655828749331,-0.15000000000000036,-5.050000000000026,-6.620000000000033
590,1.200167529,2.77,0.988925631,0.0028602806420168795,-0.09999999999999964,-2.810000000000011,-0.9100000000000051
591,0.490219412,4.88,1.188186976,0.00305499997826648,-0.15000000000000036,-1.3700000000000117,-2.480000000000011
592,0.315207517,20.36,3.655862879,0.006896084939868028,-0.40000000000000036,-3.2800000000000296,-4.580000000000041
593,1.775609,8.81,0.313756813,0.002287993077531591,-0.10000000000000053,-2.5800000000000125,-2.5300000000000153
594,0.164390109,5.7,0.832186811,0.002715851848054123,-0.15000000000000036,-1.7500000000000089,-2.7000000000000135
595,1.025365703,12.24,0.611682753,0.0025248963750475954,0.0,-1.9800000000000324,-4.960000010000016
596,0.047616864,5.96,2.266964665,0.0043626595577578925,-0.14999999999999947,-2.0900000000000105,-4.680000000000021
597,0.504287651,28.25,0.148871461,0.0021665526532668156,-0.09999999999999964,-2.8300000000000693,-6.230000000000047
598,0.02069216,13.09,0.541649114,0.0024670961612618908,-0.15000000000000036,-1.7500000000000284,-4.370000040000008
599,0.223784563,20.34,3.713311071,0.007027741209904729,-0.20000000000000018,-2.0600000000000307,-3.8100000000000165
600,0.083908377,20.34,1.36770791,0.003241718100844782,-0.20000000000000018,-0.8100000000000165,-3.8100000499999993
601,0.539829176,18.44,1.099721249,0.0029669707774378547,-0.10000000000000053,-2.48000000000002,-4.42000000000003
602,3.070733904,10.51,0.207075192,0.0022086679460813804,-0.09999999999999964,-4.590000000000032,-4.800000000000026
603,0.018308649,16.48,1.48428673,0.0033690190637610806,-0.34999999999999964,-3.7000000000000313,-7.540000000000035
604,0.278588609,15.07,4.040043277,0.007825389074717451,-0.3000000000000007,-2.6300000000000523,-3.410000000000025
605,13.7998572,18.77,1.300047287,0.0031700452876034166,-0.34999999999999964,-6.780000000000058,-7.190000000000033
606,0.451060039,23.53,0.625362928,0.0025363436194534243,0.0,-3.350000000000051,-5.940000009999963
607,0.058618225,23.53,1.308925097,0.0031793587483327575,-0.20000000000000018,-3.230000000000018,-5.940000000000055
608,0.389230259,25.27,2.832075604,0.005256774897551192,-0.09999999999999964,-4.830000000000041,-6.72000000000003
609,0.694545574,12.42,2.064312887,0.004080364363702058,-0.20000000000000018,-1.7400000000000375,-2.3200000000000216
610,0.056333113,12.42,0.152866163,0.0021694173692158925,-0.09999999999999964,-0.8100000000000165,-2.3200000000000216
611,0.053337939,12.42,1.124925725,0.002991790035753279,-0.1999999999999993,-1.160000000000025,-2.3200000000000216
612,0.020291399,23.02,7.469087233,0.023990893820698,-0.2999999999999998,-2.4600000000000364,-3.2400000000000375
613,0.96762653,23.02,7.842481887,0.027066544220507558,-0.5,-3.9300000000000637,-3.2400000000000633
614,0.084346986,23.02,8.114638444,0.02954652404789756,-0.5,-2.2700000000000387,-3.2400000000000633
615,0.213848993,23.02,7.480523822,0.024079827095707582,-0.4500000000000002,-3.92000000000003,-3.2400000000000375
616,0.066255065,9.62,0.129086181,0.0021524196083622647,-0.10000000000000053,-4.3000000000000185,-5.2800000000000225
617,0.058504427,19.4,0.330059272,0.0023003629499255304,-0.15000000000000036,-4.620000000000033,-5.590000000000025
618,2.907704032,7.0,0.098703529,0.002130895533710465,0.0,-0.2500000000000142,-0.70000000000001
619,0.029889765,33.53,1.476272902,0.0033601108928406898,-0.14999999999999947,-3.320000000000107,-6.890000000000043
620,2.027812611,17.7,1.637643911,0.0035440985564091027,-0.20000000000000018,-3.92000000000003,-3.40000000000002
621,0.12555958,13.05,0.745640452,0.0026392435876893944,0.0,-1.640000000000029,-2.600000000000025
622,0.777903886,8.23,0.607971182,0.002521799518204194,0.0,-1.3000000000000114,-3.290000000000017
623,1.049326337,8.23,1.688791737,0.003604484423924825,-0.09999999999999964,-2.710000000000022,-3.2900000000000205
624,0.021012075,8.23,3.392196708,0.0063225704681689815,-0.20000000000000018,-2.3100000000000165,-3.2900000000000205
625,0.079737624,19.98,3.251994428,0.006037173632679016,-0.25,-4.860000000000042,-5.920000010000024
626,0.839167204,23.03,5.485624728,0.012575924169832699,-0.15000000000000036,-3.9800000000000466,-3.9600000000000364
627,0.022115633,21.8,0.332316328,0.002302080794156051,-0.15000000000000036,-2.8400000000000603,-5.130000010000018
628,0.098431136,21.8,0.653160551,0.0025597637168468385,-0.15000000000000036,-4.60000000000008,-5.1300000399999846
629,0.41046292,15.9,0.797315374,0.002684721487814128,-0.20000000000000018,-4.330000000000041,-7.040000000000035
630,0.652765059,31.87,3.242109072,0.006017541077009388,-0.15000000000000036,-3.5800000000000978,-6.990000000000077
631,0.018247671,16.52,8.343805104,0.031804427096550604,-0.3000000000000007,-5.400000000000048,-3.980000000000018
632,0.134785585,12.81,1.620057489,0.0035235695224632413,-0.25,-2.6200000000000188,-4.780000020000003
633,0.017512871,10.1,1.761943699,0.0036926344490434246,-0.25,-2.3700000000000117,-4.930000000000021
634,0.044609069,16.98,1.033584084,0.0029028161885996744,-0.1999999999999993,-2.910000000000025,-4.750000029999995
635,0.049799603,14.58,0.708004751,0.0026066056174773463,-0.1999999999999993,-3.730000000000018,-5.410000000000025
636,0.148332752,18.42,3.58253101,0.006731580559822358,-0.09999999999999964,-2.7900000000000205,-6.390000000000043
637,0.196922834,17.08,3.065523076,0.0056773391427350686,-0.3000000000000007,-2.9400000000000404,-4.340000000000032
638,3.749940205,17.76,2.066802948,0.004083720151992653,-0.2999999999999998,-4.900000000000034,-6.340000009999969
639,0.016913789,14.36,1.001840446,0.002872517250117453,-0.15000000000000036,-3.410000000000025,-6.360000040000003
640,0.096468206,12.0,4.907600225,0.010405811241727783,-0.2999999999999998,-4.710000000000022,-6.340000040000021
641,2.761089111,12.0,0.755846333,0.0026481642432262796,-0.15000000000000036,-5.0400000000000205,-6.340000000000032
642,0.366683963,15.76,3.356215765,0.00624807321716553,-0.40000000000000036,-2.960000000000065,-6.12000002000002
643,0.70315566,15.76,2.326767671,0.004449622275251913,-0.1999999999999993,-2.940000000000012,-6.120000040000022
644,0.131313857,18.8,0.622434225,0.0025338886035971386,-0.20000000000000018,-3.840000000000032,-4.990000000000023
645,1.148823604,16.63,2.536420427,0.004768343178533917,-0.20000000000000018,-4.630000000000038,-3.850000030000018
646,0.133759056,13.47,1.492636218,0.003378325391541448,0.0,-2.910000000000018,-5.870000000000033
647,0.141784836,21.92,8.75180784,0.03624360176579417,-0.39999999999999947,-3.07000000000005,-0.870000000000033
648,1.22023712,21.92,9.967694441,0.05327662355859393,-0.5,-3.4100000000000534,-0.8700000000000045
649,0.108148711,9.3,1.565873385,0.003461061180457072,-0.14999999999999947,-3.6100000000000207,-3.420000000000023
650,3.239246776,15.69,0.911395872,0.0027879072085178094,-0.15000000000000036,-4.560000000000031,-5.45000004000002
651,7.068671665,19.86,0.502179632,0.0024351046976775247,-0.09999999999999964,-2.3700000000000614,-3.840000030000013
652,1.907954255,9.72,1.760617514,0.0036910174024045164,0.0,-3.660000000000025,-4.760000000000019
653,0.040143903,21.86,4.891363369,0.010350530414012045,-0.3000000000000007,-3.330000000000041,-2.7300000000000466
654,0.507985288,7.88,1.113194487,0.00298021244814051,-0.10000000000000053,-3.3200000000000145,-3.5500000000000185
655,0.51810824,12.88,1.990737619,0.003982438857127536,-0.15000000000000036,-3.7900000000000205,-4.930000000000021
656,0.026526719,4.9,1.460706474,0.003342874283847068,-0.15000000000000036,-1.3700000000000188,-2.730000000000018
657,0.197649624,4.87,0.530795701,0.0024582575104547533,-0.15000000000000036,-2.530000000000012,-4.370000000000022
658,1.001540431,5.98,0.420984843,0.002370588772170573,-0.15000000000000036,-1.580000000000009,-4.840000000000018
659,1.097247427,16.42,6.85343841,0.019648981840562105,-0.25,-3.1900000000000404,-2.410000000000025
660,3.341011514,25.49,8.100652017,0.02941386881724032,-0.5999999999999996,-3.9500000000000455,-5.260000000000019
661,0.035939148,11.85,0.938935791,0.002813403962213647,-0.10000000000000053,-0.21000000000002217,-1.3100000000000165
662,0.443943549,9.64,0.185641242,0.00219306449376256,-0.10000000000000053,-1.7500000000000213,-4.460000000000022
663,0.421856177,22.12,1.744388856,0.0036712864887885922,-0.2999999999999998,-4.040000000000063,-7.140000000000043
664,0.013729543,22.12,7.281194267,0.02257487561300744,-0.3000000000000007,-6.310000000000031,-7.140000000000043
665,0.074835928,11.29,3.267777496,0.006068651234987488,-0.4500000000000002,-3.500000000000014,-7.950000029999956
666,0.050677321,11.38,1.827062675,0.0037729097119587394,-0.1999999999999993,-2.200000000000017,-7.460000039999997
667,4.46058494,9.07,0.936812953,0.0028114303720576327,-0.20000000000000018,-3.1200000000000188,-6.460000000000036
668,0.193719399,15.17,1.62133352,0.003525055067571983,-0.1999999999999993,-4.0300000000000225,-2.0500000000000114
669,2.450869272,7.81,3.017688477,0.005588521785503881,-0.35000000000000053,-3.8100000000000165,-4.910000000000025
670,0.508704263,7.74,0.757760431,0.0026498406448512792,-0.14999999999999947,-2.5800000000000125,-2.410000000000011
671,0.040860793,13.67,1.846883026,0.003797686577712188,-0.25,-3.92000000000003,-7.500000019999945
672,0.026922528,12.55,6.321340847,0.01652406266598184,-0.39999999999999947,-2.4800000000000324,-1.3600000000000327
673,0.025593204,19.8,2.429379761,0.004602875277841733,-0.25,-4.400000000000034,-5.9400000099999914
674,0.698053145,23.17,1.2285065,0.0030959797083757743,-0.10000000000000053,-2.9600000000000364,-6.72000000000003
675,0.288038574,16.5,4.881122118,0.010315812087783488,-0.2999999999999998,-4.270000000000024,-2.130000000000024
676,0.014194491,13.15,2.559194882,0.004804305519399244,-0.15000000000000036,-0.8100000000000165,-1.690000000000012
677,1.668364257,10.4,1.234220909,0.003101831854614288,-0.14999999999999947,-4.970000000000027,-6.370000000000033
678,1.200586712,18.02,2.875502108,0.005332591696895629,-0.20000000000000018,-2.2700000000000244,-4.7200000300000085
679,2.410379222,18.02,1.63571584,0.0035418420704821005,-0.20000000000000018,-3.130000000000038,-4.720000000000027
680,0.016682136,18.26,4.054965999,0.007863891086419746,-0.10000000000000053,-2.710000000000022,-7.480000000000047
681,0.309755833,14.64,4.654863258,0.009577520794733582,-0.1999999999999993,-2.4800000000000324,-2.7400000000000233
682,0.16287278,14.64,5.328696751,0.011946045215798819,-0.2999999999999998,-2.160000000000011,-2.7400000000000233
683,0.110625015,12.81,5.849308867,0.01416445196445646,-0.20000000000000018,-2.8100000000000307,-1.2400000000000233
684,6.197978091,11.52,0.335509429,0.002304513248128724,-0.10000000000000053,-1.5800000000000125,-3.90000000000002
685,1.697710651,9.43,1.523487722,0.0034129352093914505,-0.15000000000000036,-1.940000000000019,-2.440000000000019
686,0.087483012,14.46,0.734220199,0.0026292970136364514,-0.1999999999999993,-5.060000000000031,-5.690000000000023
687,0.1363542,22.63,2.369356817,0.004512603446557739,-0.1999999999999993,0.13999999999997215,-3.4200000000000443
688,0.012195911,25.34,1.556015998,0.003449808799965618,-0.2999999999999998,-5.6500000000000625,-6.800000000000054
689,0.073461279,26.05,0.492834061,0.002427590564626618,-0.14999999999999947,-2.5700000000000784,-3.860000000000042
690,0.046472917,20.96,3.706537548,0.007012089190839665,-0.20000000000000018,-2.790000000000049,-4.250000000000028
691,0.019088412,3.34,0.932926598,0.002807820826970695,-0.09999999999999964,-0.6600000000000072,-1.620000000000008
692,0.035222086,17.11,1.184946628,0.003051730143636282,0.0,-4.830000000000027,-4.440000020000014
693,0.347811052,12.24,2.118426224,0.00415391393574975,-0.15000000000000036,-3.860000000000028,-4.340000000000032
694,0.48774009,13.12,3.604585598,0.006780641205186785,-0.39999999999999947,-3.630000000000024,-7.2600000000000335
695,0.012467597,19.42,2.66803198,0.0049799283869396615,-0.4500000000000002,-2.3700000000000117,-6.370000000000033
696,0.545738355,15.98,2.749689266,0.005115874055871825,-0.1999999999999993,-4.48000000000002,-3.2500000000000284
697,1.250187029,15.35,3.769090705,0.007157960869930057,-0.34999999999999964,-3.05000000000004,-1.8300000000000125
698,0.037522384,14.2,0.59977892,0.002514977470909871,-0.25,-4.080000000000027,-7.430000000000035
699,0.157732472,15.95,4.501930139,0.00910838122975507,-0.2999999999999998,-3.9600000000000364,-2.5500000000000256
700,0.16703914,22.63,3.351422569,0.0062382151418058675,-0.40000000000000036,-3.410000000000025,-7.7000000000000455
701,1.280706279,22.63,2.053874491,0.004066326679125286,-0.5500000000000007,-3.8100000000000307,-7.7000000000000455
702,0.018888426,6.09,1.137594746,0.003004343490356019,-0.25,-3.40000000000002,-4.380000000000024
703,4.195278674,13.08,0.612264681,0.0025253822674287255,-0.14999999999999947,-3.2500000000000426,-5.410000000000025
704,0.835478103,16.23,6.057826676,0.01516281241951488,-0.34999999999999964,-2.4500000000000313,-1.170000000000016
705,0.18055452,6.48,1.073950704,0.0029418063439798597,-0.10000000000000053,-1.0200000000000102,-4.370000000000019
706,1.550163609,6.48,1.838318421,0.0037869603789318354,-0.1999999999999993,-1.3800000000000168,-4.370000000000027
707,0.086776991,17.87,1.932523274,0.0039066197024046215,-0.15000000000000036,-3.07000000000005,-6.080000000000027
708,1.550531632,13.1,0.732753189,0.0026280220205792118,-0.09999999999999964,-2.2500000000000284,-5.91000004
709,0.664921278,13.1,1.854468829,0.0038072122092588875,-0.10000000000000053,-2.7200000000000273,-5.9100000100000045
710,1.624789541,13.1,1.263442195,0.0031319302932444754,-0.25,-4.060000000000031,-5.910000000000025
711,0.022963222,22.62,5.998438141,0.014871612861202768,-0.39999999999999947,-2.130000000000038,-5.040000000000049
712,0.01207092,10.47,3.110854576,0.005762803633810915,-0.25,-1.9600000000000222,-3.2600000000000193
713,1.723706363,7.17,0.075788901,0.0021148042521819373,0.0,-0.9700000000000131,-2.7400000000000126
714,2.938206145,7.17,0.09431764,0.002127806216014963,-0.10000000000000053,-1.6600000000000108,-2.7400000000000126
715,0.182982244,5.71,1.494829387,0.0033807741404359944,-0.09999999999999964,-1.2100000000000044,-3.000000000000014
716,0.831327483,11.71,1.695751527,0.003612780105279848,-0.1999999999999993,-2.2700000000000244,-3.950000000000024
717,0.946894519,15.4,1.251681289,0.0031197815025010745,0.0,0.0,-0.6500000000000341
718,0.062653739,8.91,3.851348412,0.007354377566642845,-0.25,-0.9300000000000104,-2.3300000000000196
719,3.178345626,10.66,0.929383805,0.0028045343999230847,-0.14999999999999947,-1.680000000000021,-3.2300000000000146
720,0.966488085,22.51,4.842340616,0.010185382303870241,-0.1999999999999993,-3.2000000000000455,-7.120000000000033
721,0.552095345,22.51,1.8734233,0.0038311178503968382,-0.39999999999999947,-4.400000000000034,-7.120000000000033
722,3.616485881,13.38,1.276353138,0.0031453213593001365,-0.1999999999999993,-3.5300000000000296,-5.300000000000026
723,0.017952059,27.8,8.288958217,0.031249299281079397,-1.1499999999999995,-4.950000000000031,-8.410000000000053
724,2.944087132,20.48,3.887470543,0.007442312491574917,-0.9000000000000004,-4.610000000000042,-8.190000030000022
725,0.347222205,22.75,0.66126986,0.0025666365377302242,-0.20000000000000018,-2.5000000000000284,-5.940000000000055
726,0.030929164,11.99,0.399908575,0.0023541225639408013,-0.10000000000000053,-5.2000000000000455,-7.130000000000031
727,0.027430014,11.74,0.346182592,0.0023126625212045834,-0.09999999999999964,-1.7200000000000202,-4.320000000000022
728,0.722597012,3.52,0.189260256,0.0021956913185923383,0.0,-1.1600000000000144,-1.6100000000000065
729,0.012014185,17.26,0.731991008,0.0026273598448819245,-0.15000000000000036,-4.9000000000000234,-6.210000000000029
730,0.818388233,10.53,0.585836676,0.0025034094651984746,-0.09999999999999964,-2.5300000000000153,-4.090000000000025
731,0.070032256,13.48,2.302872492,0.004414669914619716,0.0,-4.940000000000026,-1.9200000000000301
732,6.341526574,9.39,0.414085958,0.002365186285045032,0.0,-1.7700000000000244,-2.970000000000013
733,0.040440765,18.9,5.597502,0.013044889793222533,-0.15000000000000036,-2.9400000000000404,-3.2200000000000273
734,0.338190569,23.28,6.203422766,0.015900673713317336,-0.34999999999999964,-2.2500000000000284,-7.590000000000032
735,0.149752537,23.28,4.716154892,0.00977218785131312,-0.7000000000000002,-3.2700000000000244,-7.590000079999903
736,0.018822032,10.48,0.307299416,0.0022831117460395713,0.0,-2.3100000000000165,-5.0300000000000225
737,2.301805607,6.24,1.072757264,0.0029406461427840176,-0.15000000000000036,-0.9700000000000131,-1.580000000000009
738,6.327808677,6.24,1.464940308,0.0033475536383230664,-0.20000000000000018,-1.690000000000012,-1.5800000000000125
739,1.596508604,27.74,1.106114816,0.0029732471274057856,-0.09999999999999964,-4.30000000000004,-4.800000000000057
740,0.469061333,15.91,1.671457485,0.003583905373609607,-0.34999999999999964,-4.570000000000023,-7.7000000000000455
741,0.382224111,11.27,0.429878684,0.0023775716701260213,-0.15000000000000036,-3.3400000000000176,-5.240000000000023
742,0.33373672,18.1,0.883591081,0.0027623989883719087,-0.20000000000000018,-3.0200000000000387,-5.180000000000021
743,0.048780808,9.62,0.34261948,0.002309938788711262,-0.09999999999999964,-2.2500000000000284,-3.9200000000000195
744,0.488135893,6.29,2.871786686,0.005326062747129585,-0.10000000000000053,-2.0600000000000094,-1.0100000000000051
745,0.140030073,8.14,2.038743028,0.004046063051364776,-0.3000000000000007,-2.15000000000002,-5.770000000000024
746,6.74772937,8.14,0.840581295,0.0027233993573052293,0.0,-3.440000000000019,-5.770000000000024
747,0.035844418,14.99,2.336460964,0.004463879434238084,-0.35000000000000053,-0.8600000000000136,-4.910000000000039
748,1.180105526,11.19,3.104718728,0.0057511611557247225,-0.40000000000000036,-2.5300000000000153,-5.780000000000044
749,0.092619029,8.52,0.365040312,0.0023271312810141777,-0.09999999999999964,-2.3100000000000165,-3.1600000000000144
750,0.082194142,8.52,0.797687888,0.002685052149986453,-0.15000000000000036,-1.710000000000008,-3.1600000000000144
751,2.480029889,2.79,1.630140262,0.00353532483766126,-0.15000000000000036,-1.4800000000000075,-0.25000000000000444
752,0.220133425,16.57,1.102926091,0.002970115210252331,0.0,-1.9800000000000466,-3.1900000300000215
753,0.070670497,14.07,0.896289441,0.002774019508362715,-0.25,-2.7300000000000324,-6.370000000000033
754,0.270851399,14.07,0.820371821,0.002705264278496622,-0.20000000000000018,-3.590000000000032,-6.370000000000033
755,0.037283666,7.05,1.544309225,0.003436492661448222,-0.15000000000000036,-1.9000000000000128,-1.5800000000000125
756,0.021849702,10.03,2.316151073,0.004434059104667835,-0.25,-1.4300000000000104,-6.590000000000032
757,0.300624596,7.27,2.507793619,0.0047235193805631615,-0.20000000000000018,-1.4600000000000222,-1.3000000000000185
758,0.126809295,13.96,1.28193876,0.0031511323684328438,-0.25,-1.8700000000000188,-4.890000000000029
759,1.259079467,14.07,0.227327932,0.0022235132710535107,-0.10000000000000053,-1.6900000000000261,-2.670000040000005
760,0.014666507,14.07,1.304047941,0.003174238890090739,-0.10000000000000053,-1.810000000000045,-2.6700000300000113
761,1.448582459,14.07,2.498806097,0.004709533421746992,-0.25,-2.160000000000011,-2.67000000000003
762,0.149041408,22.02,1.177223096,0.0030439503913483592,-0.25,-3.840000000000032,-7.020000000000039
763,0.031987028,18.24,4.151446899,0.008117395931335902,-0.2999999999999998,-2.4800000000000324,-3.3100000000000307
764,0.032892532,17.2,0.611861681,0.0025250457646181844,-0.15000000000000036,-4.350000000000051,-4.960000010000016
765,0.387766344,14.61,0.087288067,0.00212286406851977,0.0,0.0,-0.9900000000000091
766,0.210639205,13.56,5.802330467,0.01394862596852066,-0.2999999999999998,-2.620000000000033,-0.5900000000000176
767,0.036651748,13.56,6.157491141,0.01566416235346793,-0.34999999999999964,-2.890000000000015,-0.5900000000000176
768,0.027936739,13.87,1.860589881,0.0038149158747255796,-0.25,-1.7300000000000324,-3.660000000000025
769,0.044556649,13.87,3.156147759,0.0058494732395757915,-0.14999999999999947,-2.410000000000025,-3.660000000000039
770,0.128363032,16.67,3.308710855,0.006151050506286346,-0.34999999999999964,-2.360000000000042,-3.6100000200000295
771,0.01195199,16.67,2.162855455,0.00421528694399061,-0.14999999999999947,-2.7600000000000477,-3.610000000000028
772,0.018071815,10.98,2.861755531,0.005308475118593393,-0.4499999999999993,-2.7800000000000153,-7.84000003999995
773,0.091599448,5.45,0.730958749,0.0026264632932498228,-0.14999999999999947,-1.5100000000000122,-2.390000000000015
774,5.322796092,5.45,0.219125413,0.002217488839531138,-0.10000000000000053,-3.1600000000000112,-2.3900000000000112
775,5.460288066,20.83,5.554149517,0.012861151699524509,-0.20000000000000018,-0.20000000000000284,-3.2700000000000387
776,0.3248907,18.83,0.784248026,0.0026731479153203675,-0.10000000000000053,-2.890000000000043,-5.040000000000035
777,0.040747142,29.23,7.868714852,0.02729649449576017,-1.2000000000000002,-5.760000000000048,-8.160000000000053
778,1.590703307,19.98,5.382754249,0.012159422209704748,-0.2999999999999998,-3.1300000000000523,-3.440000000000026
779,0.025495974,19.98,3.792659527,0.007213700514415593,-0.25,-1.6900000000000261,-3.440000000000026
780,0.593788299,19.98,4.902312043,0.010387774822918321,-0.3000000000000007,-2.900000000000034,-3.440000000000026
781,0.012459623,6.85,1.24377034,0.0031116360824894012,-0.15000000000000036,-1.3900000000000077,-3.3500000000000156
782,0.488355546,10.42,4.813906854,0.01009079227060267,-0.25,-2.070000000000036,-2.7800000000000153
783,0.843458332,10.42,1.784081833,0.0037197324318686757,-0.15000000000000036,-2.6000000000000156,-2.7800000000000153
784,0.012758271,10.82,4.385335506,0.008766076028935157,-0.2999999999999998,-3.0800000000000196,-1.3000000000000302
785,0.163458939,6.43,0.640992923,0.0025494857997592807,-0.15000000000000036,-1.590000000000006,-3.230000000000018
786,1.730860781,8.06,0.544847521,0.0024697068775954524,-0.10000000000000053,-2.450000000000017,-2.5300000000000153
787,3.391568759,12.69,0.117267664,0.002144021318684122,0.0,-1.8600000000000279,-2.5800000000000125
788,0.023100649,27.97,1.159446893,0.003026119834551362,-0.15000000000000036,-4.050000000000068,-7.57000000000005
789,5.801268698,3.64,0.36418764,0.0023264751153686362,-0.09999999999999964,-0.9000000000000092,-1.130000000000006
790,0.017342343,3.64,0.510735764,0.0024420044397162103,-0.09999999999999964,-0.70000000000001,-1.130000000000006
791,0.03895608,3.64,0.465140132,0.002405459331723968,-0.09999999999999964,-2.0300000000000082,-1.130000000000006
792,5.671679801,35.85,5.937559352,0.01457882399893812,-0.6000000000000005,-3.9000000000000625,-6.650000000000091
793,1.779325348,8.82,1.599088728,0.0034992470214019636,-0.14999999999999947,-2.3000000000000114,-4.940000000000026
794,0.051594068,15.66,4.203085874,0.008256391125496098,-0.40000000000000036,-2.9700000000000557,-5.930000000000035
795,0.018737857,15.66,3.429516093,0.006400771433626395,-0.20000000000000018,-4.67000000000003,-5.930000000000035
796,1.403657324,20.72,6.449050736,0.01722633239043609,-0.40000000000000036,-3.500000000000057,-2.80000000000004
797,0.020226122,11.6,3.484593095,0.006517941556396236,-0.25,-3.0300000000000153,-2.860000000000028
798,1.239312284,15.16,1.764798974,0.0036961183449145036,-0.4500000000000002,-4.450000000000024,-7.760000000000048
799,0.098506961,21.79,1.422624712,0.0033010771795490305,-0.2999999999999998,-3.55000000000004,-7.300000050000037
800,1.806708975,14.87,0.832336338,0.002715986105644733,-0.09999999999999964,-2.910000000000025,-5.0300000000000225
801,0.146684811,20.32,0.303322018,0.002280110289194915,-0.09999999999999964,-1.1700000000000301,-3.67000000000003
802,0.380368808,20.81,0.722848203,0.0026194296204329944,-0.20000000000000018,-4.560000000000031,-5.500000000000028
803,1.057710565,4.76,1.488144927,0.003373316225204017,-0.15000000000000036,-1.250000000000007,-0.38000000000000966
804,0.441395978,16.67,0.307314787,0.0022831233530733594,-0.10000000000000053,-2.8100000000000307,-6.230000000000025
805,0.049268717,16.67,2.543683643,0.004779783075917839,-0.14999999999999947,-3.2300000000000324,-6.230000050000029
806,5.256069662,8.21,1.226242379,0.003093664059772643,-0.09999999999999964,-2.5900000000000176,-4.810000000000024
807,0.06438761,8.64,2.640242786,0.004934488692263576,-0.14999999999999947,-1.8800000000000097,-1.690000000000012
808,1.50414079,7.52,2.245233325,0.0043314797980952315,-0.14999999999999947,-4.340000000000018,-2.5800000000000125
809,0.519280631,7.98,0.848311333,0.002730367959077236,-0.10000000000000053,-2.140000000000015,-2.8100000000000165
810,0.033232594,5.55,1.22785244,0.0030953105856411536,-0.15000000000000036,-3.40000000000002,-2.20000000000001
811,0.645728922,13.76,4.599982425,0.009406476636695126,-0.20000000000000018,-1.130000000000038,-0.9200000000000159
812,0.856945229,17.85,1.750392749,0.003678573785962891,-0.5,-4.140000000000043,-8.080000030000036
813,0.429980372,12.52,0.308940505,0.002284351306622597,0.0,-3.0000000000000284,-4.360000000000028
814,0.02708474,12.52,2.309236644,0.004423952200768821,-0.15000000000000036,-3.8200000000000216,-4.360000000000021
815,6.101644017,7.2,1.744702972,0.0036716673940392665,-0.09999999999999964,-2.0900000000000176,-1.8000000000000125
816,0.082077175,12.24,5.084996955,0.011029145416831747,-0.15000000000000036,-2.5800000000000267,-2.1100000000000283
817,2.926087722,12.24,3.781745008,0.0071878345965035815,-0.34999999999999964,-3.230000000000018,-2.1100000000000136
818,0.45227901,3.8,0.115851243,0.0021430170004818976,0.0,-3.610000000000003,-1.220000000000006
819,0.082792232,16.86,2.52061007,0.004743535271828151,-0.25,-3.1100000000000136,-1.9400000000000261
820,0.032554044,5.55,3.165204877,0.005866959098045789,-0.25,-1.0100000000000087,-1.7600000000000122
821,0.134416312,11.27,2.111230191,0.0041440576611654675,0.0,-4.500000000000021,-5.250000000000028
822,2.65453051,11.27,0.089813189,0.002124638038091825,-0.09999999999999964,-4.220000000000027,-5.250000000000028
823,0.040885248,10.53,0.884678802,0.002763392479438114,-0.15000000000000036,-2.720000000000013,-3.3800000000000168
824,0.621855944,22.03,3.628083936,0.006833304278617272,-0.5,-5.930000000000064,-7.990000030000019
825,0.015090954,5.86,2.103056572,0.0041328906522746425,-0.15000000000000036,-1.4700000000000202,-0.1600000000000037
826,0.01584002,20.07,1.900902885,0.003866041253785091,-0.39999999999999947,-5.660000000000039,-6.94000000000004
827,0.029230541,11.83,1.600307479,0.0035006561086037493,-0.1999999999999993,-1.640000000000029,-2.0100000000000193
828,0.160636979,16.37,7.735379838,0.026147110087088744,-0.15000000000000036,-2.140000000000029,-2.4000000000000283
829,0.203992004,16.37,5.920430277,0.014497472560222022,-0.2999999999999998,-2.8000000000000256,-2.4000000000000283
830,0.454148515,9.24,2.875807116,0.005333128027654969,-0.34999999999999964,-4.440000000000023,-6.640000000000029
831,0.511329554,14.0,4.212427152,0.008281785702128886,-0.35000000000000053,-2.2700000000000244,-2.3200000000000216
832,0.066269327,14.0,3.529079601,0.0066141352351709315,-0.35000000000000053,-2.590000000000032,-2.3200000399999965
833,1.323425916,27.13,1.87531803,0.003833515715237925,-0.10000000000000053,-5.28000000000003,-8.300000039999958
834,0.506753104,27.13,2.298707367,0.004408605468328349,-0.5500000000000007,-5.180000000000028,-8.30000000000004
835,3.376379182,10.79,0.793153232,0.002681029721778287,-0.09999999999999964,-1.0500000000000043,-2.680000000000014
836,0.928777899,33.4,7.364184437,0.02318995809007905,-0.8000000000000007,-3.3000000000000256,-7.440000000000055
837,4.78292505,25.52,0.814306406,0.0026998449797019934,-0.20000000000000018,-4.580000000000041,-7.030000000000058
838,0.075597413,11.52,1.907200569,0.003874089449557093,-0.2999999999999998,-4.5400000000000205,-4.830000000000027
839,3.060544639,11.52,0.167123222,0.002179672368360457,0.0,-5.230000000000032,-4.830000000000027
840,0.421231746,7.33,2.725149572,0.005074636041351499,-0.25,-3.8700000000000188,-0.8900000000000148
841,0.32569122,10.44,3.903856558,0.007482545546045648,-0.25,-3.40000000000002,-2.4500000000000313
842,0.526038717,10.44,1.437845357,0.0033177199304583196,-0.1999999999999993,-3.940000000000019,-2.45000000000001
843,7.558013462,4.63,0.452105698,0.0023951128103303298,-0.09999999999999964,-0.1700000000000088,-0.3400000000000105
844,0.157773661,4.63,2.911857267,0.0053968985639309035,-0.15000000000000036,-2.2700000000000102,-0.3400000000000105
845,3.321708495,20.68,0.412793548,0.002364175571233347,-0.09999999999999964,-3.350000000000051,-5.550000010000019
846,2.38768602,12.92,1.323036665,0.0031942189634437323,-0.10000000000000053,-1.4600000000000364,-2.8500000000000156
847,0.823665012,12.92,1.444145679,0.0033246333566153124,-0.15000000000000036,-1.9200000000000301,-2.8500000000000227
848,0.059089778,12.92,0.109236367,0.0021383329117250606,0.0,-0.8100000000000165,-2.8500000000000227
849,0.234126198,19.44,5.140449953,0.011231467330277045,-0.15000000000000036,-3.440000000000026,-4.060000000000031
850,0.181983724,19.44,4.672871562,0.009634314734205158,-0.25,-3.0700000000000216,-4.060000000000031
851,0.965721164,10.41,5.280704977,0.011759713419632415,-0.15000000000000036,-2.3000000000000185,-2.330000030000008
852,0.48591037,10.41,2.65485703,0.004958333604739492,-0.15000000000000036,-2.3500000000000227,-2.330000000000014
853,0.100936445,7.52,0.648868602,0.0025561336258477555,-0.09999999999999964,-1.6700000000000088,-2.910000000000018
854,1.677801899,10.86,0.928182922,0.0028034212867076823,-0.15000000000000036,-0.3900000000000432,-0.680000000000021
855,0.034386903,4.09,1.521950255,0.003411202113024662,-0.1999999999999993,-0.7500000000000071,-2.670000000000016
856,0.540078404,17.31,0.361431659,0.002324355538548359,-0.20000000000000018,-3.4300000000000495,-7.420000000000044
857,0.022130044,23.39,6.459980633,0.017287780114244762,-0.35000000000000053,-3.05000000000004,-2.4700000000000557
858,3.452165561,18.86,0.217869952,0.0022165681904595673,-0.20000000000000018,-3.100000000000051,-7.6500000200000216
859,0.927512134,18.86,0.748503585,0.0026417431377248773,-0.2999999999999998,-4.870000000000061,-7.650000000000048
860,0.071441208,18.86,0.75819811,0.0026502241206850124,-0.20000000000000018,-4.55000000000004,-7.650000040000009
861,0.059971759,7.72,0.760439885,0.0026521891370794165,0.0,-1.3700000000000188,-2.500000000000014
862,0.017248972,7.72,2.418092132,0.004585763031021133,-0.15000000000000036,-2.430000000000021,-2.500000000000014
863,1.018275716,7.72,0.458598608,0.00240026121514303,-0.10000000000000053,-2.0200000000000102,-2.5000000000000107
864,0.193127044,14.96,3.602725069,0.006776488760936647,-0.35000000000000053,-2.4800000000000324,-2.840000040000021
865,0.767278652,29.55,7.069508656,0.021077262216349233,-0.4500000000000002,-5.180000000000035,-4.80000000000004
866,0.563946429,15.86,0.145560902,0.0021641814165236084,0.0,-2.9700000000000273,-5.960000000000022
867,0.033073875,23.27,0.478725813,0.002416290882394624,-0.25,-5.560000000000059,-7.670000000000044
868,0.350159814,15.52,5.63884604,0.013222527683579047,-0.2999999999999998,-3.2200000000000273,-2.0200000000000102
869,1.341590489,26.75,0.259471936,0.0022472795982173364,-0.09999999999999964,-3.190000000000083,-5.380000000000038
870,1.897962746,23.41,1.552520103,0.003445826937775808,-0.14999999999999947,-3.9900000000000375,-2.8700000000000614
871,6.325839138,35.48,10.23635476,0.05795160419416064,-0.5,-1.8900000000000432,-4.650000000000091
872,0.224733436,8.87,1.39682754,0.003273059520949734,-0.10000000000000053,-2.8000000000000123,-1.8500000000000156
873,1.853671351,8.87,0.137157572,0.0021581740303383383,0.0,-3.4500000000000135,-1.850000000000012
874,0.516675009,16.74,1.698016549,0.003615483985895055,-0.25,-2.67000000000003,-6.110000040000017
875,0.173934848,16.74,3.038922529,0.005627776494042488,-0.25,-2.360000000000028,-6.110000009999979
876,0.052404265,16.97,1.192704478,0.003059564418646664,-0.25,-2.5400000000000347,-6.670000000000037
877,0.208702021,16.97,0.342959075,0.002310198245638482,-0.10000000000000053,-2.900000000000034,-6.67000000000003
878,1.863636984,18.88,6.273856185,0.016270190035914758,-0.2999999999999998,-3.40000000000002,-2.560000000000011
879,0.186562833,16.01,2.034324778,0.004040165248069985,-0.35000000000000053,-2.4400000000000333,-5.390000000000029
880,0.10518937,16.01,3.773587737,0.00716856312154321,-0.34999999999999964,-3.0800000000000267,-5.390000000000029
881,0.014273848,24.23,1.493853637,0.003379684463523307,-0.25,-2.92000000000003,-6.5100000000000335
882,0.135691716,20.47,2.932629492,0.005433987173546574,-0.4500000000000002,-3.6900000000000546,-6.790000010000028
883,0.05630198,25.55,4.477952474,0.009036921030606297,-0.2999999999999998,-3.5400000000000773,-2.7200000000000557
884,0.032537346,3.8,1.888091968,0.003849720762173917,-0.20000000000000018,-0.70000000000001,-0.20000000000000534
885,0.042667014,3.53,2.47451952,0.004671945623206805,-0.10000000000000053,-2.170000000000009,-0.2700000000000031
886,0.201459191,10.98,1.280108513,0.00314922709070489,-0.4500000000000002,-4.700000000000031,-7.850000010000031
887,0.183150207,12.42,3.231798692,0.00599713202034335,-0.20000000000000018,-2.3100000000000165,-2.680000000000021
888,4.144676209,10.59,2.902802727,0.005380810662676469,-0.15000000000000036,-2.510000000000012,-2.6300000000000168
889,1.052808189,10.59,3.840048832,0.007327082460263194,-0.20000000000000018,-2.8500000000000227,-2.630000000000024
890,0.13827501,18.71,1.00463349,0.0028751704780279686,-0.14999999999999947,-3.360000000000028,-5.050000000000026
891,3.371851813,24.98,4.843562771,0.010189467634460775,-0.35000000000000053,-6.830000000000041,-7.4500000000000455
892,0.05016342,17.95,0.354702441,0.0023191883060659983,-0.10000000000000053,-3.890000000000043,-6.570000020000023
893,1.565195239,14.76,0.864378282,0.0027449092000099195,-0.20000000000000018,-2.9300000000000352,-6.890000050000026
894,2.062260666,4.31,0.605455167,0.002519702363150608,-0.10000000000000053,-1.4400000000000084,-1.620000000000008
895,0.031298575,14.61,3.609564597,0.006791766079335185,-0.25,-2.330000000000041,-2.0400000400000167
896,0.017033344,14.61,3.133035532,0.005805086732848832,-0.25,-1.640000000000029,-2.0400000300000016
897,4.878007729,20.83,8.808954562,0.03691116547007863,-0.5500000000000007,-1.9200000000000301,-7.390000000000043
898,0.204452674,24.6,2.752573311,0.005120742423974956,-0.20000000000000018,-3.810000000000059,-6.790000000000049
899,0.128818583,23.3,3.057946774,0.0056631787952762,-0.5,-5.830000000000041,-8.760000019999964
900,4.506571333,1.25,0.698101181,0.002598084272911612,-0.09999999999999964,-2.6800000000000095,-0.11000000000000298
901,0.065481166,16.15,7.057485586,0.02099518308519921,-0.15000000000000036,-2.7700000000000387,-4.260000000000019
902,0.016397497,16.94,1.368006843,0.003242038317466421,-0.3000000000000007,-4.820000000000036,-6.440000050000037
903,0.567859515,18.47,2.513793541,0.0047328791783866776,-0.15000000000000036,-3.30000000000004,-2.120000000000033
904,3.467275165,8.45,0.3242432,0.002295942231934768,-0.10000000000000053,-1.7700000000000173,-3.190000000000019
905,0.017785092,4.25,0.966928567,0.0028395582703838735,-0.14999999999999947,-0.8900000000000059,-1.380000000000006
906,0.032273942,24.57,0.464040515,0.00240458475424703,-0.20000000000000018,-4.500000000000057,-7.260000000000048
907,0.102660227,25.77,3.82755828,0.007297027458866728,-0.5499999999999998,-6.780000000000058,-8.070000019999966
908,0.063242328,24.76,1.243809707,0.003111676563746897,-0.25,-6.310000000000031,-7.580000000000027
909,0.037605706,12.54,2.359900863,0.004498543701314718,-0.20000000000000018,-1.870000000000033,-3.4500000200000187
910,0.142730652,12.54,0.651899602,0.002558696684670154,-0.15000000000000036,-2.190000000000012,-3.450000000000017
911,0.04298642,13.78,0.732956996,0.0026281991143906605,-0.14999999999999947,-1.40000000000002,-1.1200000000000045
912,2.587825897,15.66,0.563290496,0.002484814903413751,-0.14999999999999947,-2.210000000000022,-4.170000040000005
913,0.026585775,15.66,1.101742216,0.0029689532637240637,-0.10000000000000053,-2.450000000000017,-4.170000009999981
914,1.731295683,24.21,12.43081136,0.1129470016231911,-0.35000000000000053,-3.1100000000000207,-6.920000000000016
915,0.0438516,13.29,7.119128446,0.021419340908894427,-0.34999999999999964,-1.8400000000000176,-1.9600000000000222
916,0.146656623,13.29,5.033876656,0.01084582615238786,-0.34999999999999964,-0.7600000000000087,-1.9600000000000364
917,0.228837038,19.22,4.18339322,0.008203108699151156,-0.20000000000000018,-2.580000000000041,-2.05000000000004
918,0.407956872,8.82,1.87986838,0.0038392804932858536,-0.09999999999999964,-2.250000000000014,-2.0900000000000176
919,0.643476523,7.76,1.256104533,0.0031243451074424483,-0.15000000000000036,-2.4200000000000124,-4.0300000000000225
920,0.01856641,14.65,2.272045332,0.004369981382844161,-0.35000000000000053,-4.370000000000026,-6.280000010000023
921,0.992259049,31.75,9.078460342,0.040221903546770785,-0.7000000000000002,-5.260000000000076,-9.080000000000044
922,0.185231988,6.33,1.912069439,0.003880323113763607,-0.20000000000000018,-1.4400000000000084,-0.9700000000000131
923,0.143620285,23.45,7.723845146,0.026049920468962418,-0.10000000000000053,-3.82000000000005,-3.9300000000000352
924,0.337236105,27.62,6.466623783,0.017325232968135883,-0.4499999999999993,-4.470000000000084,-4.260000000000048
925,0.074905002,6.65,2.53964579,0.004773419905407597,-0.15000000000000036,-0.6600000000000179,-0.4000000000000107
926,0.130714021,6.65,0.215668974,0.00221495509936035,0.0,-0.13000000000002387,-0.4000000000000057
927,0.865291235,25.43,7.764812842,0.02639670991846705,-0.4499999999999993,-2.060000000000045,-2.6300000000000523
928,1.066019983,18.05,1.56639883,0.003461662010870789,-0.10000000000000053,-3.860000000000042,-7.010000000000048
929,1.772426486,23.09,7.245686594,0.022316604483597232,-0.5499999999999998,-3.890000000000043,-5.150000000000034
930,0.275897241,10.13,0.393818977,0.0023493862397740346,-0.09999999999999964,-1.7600000000000193,-3.9600000000000186
931,0.347073795,21.31,1.192109628,0.0030589629994941525,-0.25,-3.620000000000033,-6.380000000000024
932,0.048859809,9.9,0.49684208,0.0024308103010379977,0.0,-0.5000000000000142,-1.0700000000000074
933,0.027826355,21.94,6.722954736,0.01883284338401612,-0.14999999999999947,-4.32000000000005,-2.210000000000008
934,0.237835113,17.55,2.607254581,0.0048810830812088795,-0.25,-3.8000000000000256,-6.260000000000048
935,3.984297125,6.63,0.73397577,0.002629084535124373,0.0,-1.470000000000013,-4.2800000000000225
936,2.512467458,19.19,2.68128865,0.005001751565877804,-0.14999999999999947,-4.830000000000041,-4.250000000000028
937,1.435330815,15.11,3.341342284,0.006217533614766999,-0.20000000000000018,-3.7800000000000153,-2.1100000000000136
938,0.668577669,13.71,1.357535566,0.003230840268371934,-0.14999999999999947,-3.2700000000000244,-3.67000000000003
939,0.533519978,29.55,2.365487126,0.004506844451019557,-0.2999999999999998,-3.5200000000000387,-7.57000002999996
940,0.732738091,29.55,2.027566737,0.004031160680683097,-0.34999999999999964,-3.330000000000041,-7.57000000000005
941,0.098617953,16.53,2.158212186,0.004208830868624941,-0.2999999999999998,-2.8100000000000307,-7.840000000000046
942,1.046919315,16.53,5.116798369,0.011144728898679183,-0.25,-3.7500000000000284,-7.840000040000021
943,0.185496563,12.79,1.212453261,0.003079598357045267,-0.09999999999999964,-2.8300000000000267,-5.120000000000026
944,0.098188751,25.43,2.115739803,0.004150231666327528,-0.25,-2.8400000000000603,-6.34000000000006
945,3.023025457,17.88,1.548604612,0.003441372588640033,-0.15000000000000036,-5.820000000000036,-5.9700000000000415
946,2.711091661,14.22,0.229838088,0.0022253601444991835,-0.10000000000000053,-4.540000000000035,-6.440000000000026
947,0.041005333,18.68,5.019202681,0.010793763663709995,-0.34999999999999964,-3.880000000000024,-3.7000000000000313
948,2.904288662,9.77,0.055633644,0.002100750940147499,0.0,-1.980000000000011,-2.190000000000012
949,0.077298908,9.6,3.566360088,0.00669583236734646,-0.3000000000000007,-3.8100000000000165,-5.30000000000004
950,1.75638209,14.89,3.359746223,0.0062553441420944164,-0.15000000000000036,-2.4200000000000443,-0.9400000000000261
951,0.670496213,12.03,1.487750358,0.0033728765136787123,-0.15000000000000036,-4.500000000000021,-5.120000000000026
952,0.047375163,12.03,0.454851245,0.00239728848352555,-0.15000000000000036,-4.660000000000025,-5.120000000000019
953,0.014292448,4.37,0.857329798,0.0027385205514753853,-0.15000000000000036,-1.2900000000000063,-2.2900000000000134
954,1.542133426,15.01,0.976461979,0.0028485207927965222,-0.14999999999999947,-1.7400000000000375,-3.3200000000000216
955,0.486826424,15.01,1.239253387,0.003106994764299706,-0.14999999999999947,-2.9500000000000455,-3.3200000000000216
956,0.412093144,15.01,2.197484232,0.0042637473738470644,-0.1999999999999993,-2.220000000000013,-3.3200000000000216
957,0.052320796,3.48,1.417083047,0.0032950384268028723,-0.14999999999999947,-0.5200000000000067,-1.5600000000000094
958,0.184616221,3.48,0.606834347,0.002520851725153537,-0.09999999999999964,-0.8000000000000078,-1.5600000000000076
959,0.462729481,6.63,3.411802416,0.0063635341826605695,-0.10000000000000053,-2.260000000000012,-0.1600000000000108
960,0.083413944,16.36,2.192885038,0.00425727933172986,-0.20000000000000018,-3.250000000000057,-8.670000020000032
961,0.022846628,16.02,1.753107967,0.003681874145148184,-0.20000000000000018,-1.490000000000066,-3.0700000000000327
962,1.38992635,19.26,3.976062722,0.007662422154939879,-0.4500000000000002,-4.440000000000026,-7.170000000000044
963,0.042131137,4.11,0.202327627,0.002205202298396844,-0.10000000000000053,-0.9300000000000068,-2.530000000000012
964,0.27956266,22.5,2.734817248,0.005090842571990446,-0.40000000000000036,-2.0300000000000438,-5.920000040000005
965,0.34740754,17.89,1.647142967,0.0035552365499793496,-0.14999999999999947,-4.620000000000033,-3.410000040000014
966,0.068055153,11.77,2.908839279,0.005391530962993564,-0.25,-1.6000000000000227,-4.260000000000019
967,0.013407372,11.77,0.621165851,0.002532826111534509,-0.14999999999999947,-2.8800000000000168,-4.260000000000019
968,0.889712769,9.38,1.165480889,0.003032160575991171,-0.20000000000000018,-4.27000000000001,-3.40000000000002
969,1.694269359,23.15,4.257523737,0.008405475986328058,-0.2999999999999998,-2.6800000000000637,-3.7200000000000273
970,0.016664718,23.15,5.697122127,0.013476974689008134,-0.39999999999999947,-2.8400000000000603,-3.7200000000000273
971,0.167663612,23.15,4.095567228,0.007969599879208679,-0.14999999999999947,-3.5800000000000693,-3.7200000000000273
972,0.036776405,6.18,2.803724605,0.005207857381372561,-0.10000000000000053,-3.490000000000016,-3.5000000000000266
973,0.175197267,3.64,0.290273473,0.0022702911045452616,0.0,-0.70000000000001,-0.9500000000000064
974,0.026414317,3.64,1.137062382,0.0030038149270963546,-0.14999999999999947,-1.0100000000000122,-0.9500000000000064
975,0.437582342,11.36,4.501533387,0.009107194253659703,-0.15000000000000036,-3.340000000000032,-2.8400000000000176
976,0.255618621,15.48,3.906586444,0.007489269258741947,-0.14999999999999947,-2.960000000000065,-6.59000001000004
977,0.750147964,15.48,1.96661718,0.003950847848565826,-0.2999999999999998,-3.000000000000014,-6.5900000200000335
978,0.014100696,22.85,4.644198016,0.009544041599058774,-0.2999999999999998,-3.0900000000000603,-4.8400000000000345
979,0.08887673,22.85,3.358681568,0.006253150616192677,-0.15000000000000036,-3.170000000000016,-4.840000000000032
980,0.011860571,18.73,1.440966623,0.0033211431439334376,-0.14999999999999947,-4.370000000000033,-5.930000000000035
981,1.378692057,22.75,1.864452618,0.003819785321642191,0.0,-2.370000000000033,-5.6300000200000255
982,0.596306603,22.75,1.451737027,0.003332982517894879,-0.20000000000000018,-3.5100000000000477,-5.630000000000052
983,0.030782308,22.75,3.034236742,0.005619090521832174,-0.25,-3.0800000000000267,-5.630000000000038
984,2.726030507,31.31,3.334829825,0.006204208372317852,-0.4500000000000002,-4.82000000000005,-7.57000000000005
985,0.235701096,12.15,0.040017357,0.002089926544817549,-0.10000000000000053,-2.890000000000015,-4.410000000000025
986,0.12367301,15.88,0.486376225,0.002422411779536718,-0.10000000000000053,-1.490000000000066,-3.310000020000004
987,0.07381777,18.47,0.834826831,0.002718223247761863,-0.20000000000000018,-5.180000000000028,-5.970000000000027
988,3.565984007,25.79,4.538272348,0.009217759981410226,-0.10000000000000053,-0.7000000000000455,-2.0200000000000387
989,2.929910689,12.77,2.240055914,0.004324084122870615,-0.20000000000000018,-0.21000000000002217,-0.900000040000009
990,0.223442523,3.3,1.002497316,0.0028731410184254912,0.0,-1.600000000000005,-1.1900000000000064
991,4.523502611,25.32,0.04647312,0.00209439457802247,-0.10000000000000053,-4.000000000000085,-7.2600000000000335
992,0.601576734,23.94,1.158871923,0.0030255448482702585,-0.14999999999999947,-2.3500000000000796,-3.0000000000000284
993,1.115875097,23.94,3.914474441,0.007508731118783088,-0.20000000000000018,-3.710000000000065,-3.0000000000000284
994,0.270802223,14.36,6.572859167,0.017935109211571706,-0.25,-4.0400000000000205,-3.3100000000000307
995,0.143299454,14.61,1.041925737,0.002910830935169402,-0.20000000000000018,-2.870000000000033,-6.08000001000002
996,0.080737842,6.55,0.158333288,0.0021733441292080117,0.0,-1.210000000000015,-1.980000000000011
997,0.043659968,6.55,1.789703146,0.0037266446307704297,-0.20000000000000018,-1.9000000000000128,-1.980000000000011
998,0.725408388,6.55,0.802830397,0.00268962105247858,-0.09999999999999964,-1.8400000000000105,-1.980000000000011
999,0.013755163,27.33,1.044455993,0.002913266389932752,-0.1999999999999993,-2.8400000000000603,-5.610000010000022
1000,2.099464333,27.33,0.595292188,0.002511248982191321,-0.20000000000000018,-3.3600000000000705,-5.610000000000042
1001,0.081222418,19.84,0.530203644,0.0024577762689268197,-0.09999999999999964,-2.130000000000038,-4.980000030000014
1002,0.039764137,5.71,1.08833355,0.002955824555046871,-0.14999999999999947,-2.0600000000000094,-2.5500000000000123
1003,0.815828059,13.92,0.960196766,0.002833246533539099,-0.14999999999999947,-2.900000000000034,-5.67000001000001
1004,0.58073655,23.99,2.04499064,0.004054417458708064,-0.40000000000000036,-4.020000000000053,-8.050000000000054
1005,8.66148216,23.99,1.564650104,0.003459662798319738,-0.5,-6.010000000000048,-8.050000050000023
1006,0.022788727,17.98,1.142031837,0.0030087525120817385,0.0,-1.5000000000000568,-3.150000000000034
1007,0.083876007,17.98,1.320358466,0.0031913933674572,-0.10000000000000053,-1.3500000000000512,-3.150000000000034
1008,0.101816469,24.83,2.129626509,0.004169301224558025,-0.5,-6.6500000000000625,-7.620000000000033
1009,0.059805927,11.95,5.994266208,0.014851364941489937,-0.5500000000000007,-3.1400000000000023,-5.610000010000022
1010,3.236393019,12.39,0.86415529,0.0027447068556532552,-0.10000000000000053,-4.03000000000003,-4.770000000000024
1011,1.401121022,9.52,1.195688034,0.0030625827020204326,-0.15000000000000036,-2.660000000000011,-3.3300000000000196
1012,0.017402617,13.55,2.17273862,0.0042290615059355635,-0.20000000000000018,-4.940000000000026,-2.880000000000024
1013,0.195471919,6.83,0.724651587,0.0026209919351516653,-0.10000000000000053,-3.490000000000016,-5.460000000000022
1014,0.043333718,22.25,2.69306279,0.005021213970409366,-0.75,-4.390000000000043,-8.44000000000004
1015,3.686754342,22.25,0.274525489,0.002258496728552151,-0.2999999999999998,-5.200000000000074,-8.440000010000006
1016,0.01876558,15.74,1.318570064,0.0031895079267135304,-0.25,-4.190000000000026,-6.390000000000043
1017,2.722069621,10.19,3.659345742,0.006903996543045855,-0.25,-1.700000000000017,-5.680000000000035
1018,0.042605432,26.14,3.603100906,0.006777327373698962,-0.2999999999999998,-4.500000000000028,-4.2400000000000375
1019,0.238655265,10.66,3.817749208,0.00727351050115571,-0.34999999999999964,-1.8000000000000256,-0.1500000000000062
1020,0.045941582,10.66,3.13479772,0.005808459150896122,-0.25,-0.5300000000000153,-0.1500000000000062
1021,0.019265458,10.66,5.611884303,0.01310641575599139,-0.25,-2.230000000000011,-0.15000000000000568
1022,0.327571901,20.18,1.982488942,0.003971607196960139,-0.2999999999999998,-4.020000000000053,-6.500000000000028
1023,0.657630746,11.7,0.22837511,0.0022242835571886777,-0.09999999999999964,-1.90000000000002,-3.3500000000000156
1024,0.258665767,20.26,0.980282176,0.0028521201361657185,-0.09999999999999964,-4.540000000000049,-7.370000000000033
1025,0.231453228,5.37,0.227468823,0.0022236168925529537,0.0,-2.6100000000000065,-2.1400000000000112
1026,0.166233861,25.58,0.53687023,0.0024632005010854206,-0.20000000000000018,-4.8600000000000705,-6.850000000000051
1027,0.059157267,25.58,4.811507051,0.01008284879615853,-0.34999999999999964,-6.310000000000031,-6.850000030000032
1028,0.273050214,24.94,4.406268414,0.008826578859124084,-0.5499999999999998,-3.340000000000046,-7.030000040000033
1029,3.48323886,24.94,4.050282946,0.007851788182465572,-0.14999999999999947,-4.9000000000000625,-7.030000030000011
1030,8.741268469,21.28,0.478757957,0.0024163165676754474,-0.14999999999999947,-4.57000000000005,-6.170000000000031
1031,1.206085054,14.96,0.457468619,0.002399364423330987,-0.09999999999999964,-4.6800000000000495,-6.56000001000001
1032,0.194599935,5.01,1.482489037,0.0033670187027353238,-0.20000000000000018,-2.0800000000000125,-4.370000000000019
1033,2.401089702,5.01,1.36904323,0.0032431487379594066,-0.20000000000000018,-3.40000000000002,-4.370000000000019
1034,0.258329818,14.34,0.061211203,0.0021046305570097913,-0.10000000000000053,-2.820000000000036,-5.100000000000023
1035,1.583610546,17.83,5.691789888,0.013453493540544322,-0.35000000000000053,-2.7600000000000335,-4.390000039999961
1036,0.017357772,11.83,3.538423664,0.006634518522441028,-0.2999999999999998,-1.7400000000000233,-3.4800000000000324
1037,7.250899735,11.83,1.040184653,0.0029091562636190983,-0.15000000000000036,-0.2500000000000213,-3.4800000199999914
1038,0.098777641,12.88,6.983551463,0.02049728260757651,-0.40000000000000036,-1.8500000000000227,-3.250000000000014
1039,0.95321684,18.02,0.854844113,0.002736271099454096,-0.15000000000000036,-3.100000000000037,-6.770000000000039
1040,0.044445163,18.02,0.653503428,0.0025600539407674167,-0.25,-4.980000000000047,-6.770000000000029
1041,2.684986868,20.54,6.331527125,0.016579027992831213,-0.35000000000000053,-4.140000000000043,-5.4000000000000625
1042,0.012144309,17.76,5.066597834,0.010962815215381318,-0.2999999999999998,-3.5100000000000477,-7.640000000000043
1043,9.11023093,17.76,3.732271923,0.007071739987614811,-0.5999999999999996,-6.210000000000036,-7.640000000000039
1044,0.143846731,16.25,3.790399399,0.007208336744815698,-0.35000000000000053,-5.470000000000027,-3.5100000000000193
1045,0.181463637,16.25,3.873090479,0.00740718164188297,-0.34999999999999964,-5.050000000000026,-3.5100000000000335
1046,0.035904263,13.52,1.232968363,0.003100548174937606,-0.15000000000000036,-3.190000000000019,-4.950000000000024
1047,0.024190603,4.85,0.84027497,0.0027231235720745093,-0.15000000000000036,-2.660000000000011,-2.7000000000000117
1048,0.012466908,12.2,0.508808488,0.002440448567232457,0.0,-2.2400000000000233,-2.900000000000013
1049,0.557072641,8.72,0.967610689,0.0028401986098066296,-0.09999999999999964,-1.4800000000000182,-1.8800000000000168
1050,0.029039297,8.72,3.694640494,0.006984681640192785,-0.20000000000000018,-2.3700000000000188,-1.8800000000000168
1051,0.203848431,7.92,0.562000563,0.0024837552304484015,-0.15000000000000036,-1.7800000000000153,-2.710000000000015
1052,0.110373854,7.04,1.971083621,0.003956678743555991,-0.09999999999999964,-2.5400000000000134,-2.5200000000000173
1053,1.003663903,3.73,0.448388209,0.002392170073165152,0.0,-1.7300000000000075,-1.1100000000000065
1054,0.429528447,17.61,3.080614466,0.0057056504146507075,-0.25,-1.450000000000074,-0.5300000000000362
1055,0.445907315,17.61,3.853229159,0.007358930459853108,-0.09999999999999964,-1.2500000000000568,-0.5300000000000296
1056,0.585651007,15.95,3.047778547,0.005644229237022682,-0.35000000000000053,-4.210000000000036,-6.270000000000039
1057,0.012926709,15.97,2.784025854,0.005174135550620664,-0.15000000000000036,-2.0600000000000165,-2.540000030000016
1058,0.061809392,12.95,5.524834882,0.012738359250006498,-0.25,-2.160000000000039,-2.0400000000000205
1059,0.088569903,18.59,5.948201042,0.014629591104733693,-0.8499999999999996,-2.2700000000000244,-7.750000000000057
1060,0.803080664,30.58,0.840245367,0.0027230969218889423,-0.25,-4.3600000000000705,-7.150000000000034
1061,0.071590771,18.73,1.578186993,0.0034751687742338028,-0.25,-3.9800000000000324,-5.340000050000029
1062,0.313529097,18.73,1.571960052,0.0034680274745763884,-0.1999999999999993,-4.55000000000004,-5.340000000000032
1063,2.238843252,4.02,0.313042393,0.0022874525151106643,-0.10000000000000053,-1.2300000000000075,-1.580000000000009
1064,2.439032081,11.05,2.325092411,0.0044471628556794,-0.09999999999999964,-4.260000000000019,-4.190000000000026
1065,5.492369663,11.31,1.842121577,0.0037917196712205286,-0.14999999999999947,-3.7000000000000313,-2.8500000000000156
1066,0.155332937,8.04,1.73029908,0.003654241287829012,-0.14999999999999947,-2.160000000000018,-2.460000000000015
1067,0.035709805,4.02,1.101543059,0.002968757840172991,0.0,-0.5800000000000036,-3.8600000000000207
1068,0.480762672,6.98,2.523489232,0.004748043356658842,-0.1999999999999993,-1.0700000000000145,-1.3200000000000103
1069,0.122827595,25.51,5.229523435,0.011564161059389576,-0.6500000000000004,-4.550000000000068,-7.410000050000036
1070,1.69409832,25.51,5.351929294,0.01203729218335332,-0.4500000000000002,-4.53000000000003,-7.410000000000053
1071,0.103294435,18.08,0.078442641,0.0021166615557425047,0.0,-2.7600000000000477,-5.410000050000008
1072,0.665153853,14.64,0.898493448,0.0027760413976945543,-0.15000000000000036,-1.150000000000034,-4.5600000000000165
1073,0.029617894,21.65,4.010351239,0.0077493362637598385,-0.15000000000000036,-4.040000000000049,-6.150000000000042
1074,0.198751097,17.1,2.365750084,0.0045072355615655875,-0.1999999999999993,-5.80000000000004,-8.280000000000044
1075,0.072993355,7.86,2.837351015,0.005265927529736352,-0.20000000000000018,-2.7800000000000296,-1.5600000000000165
1076,4.954423835,19.63,0.314104883,0.0022882564891775177,0.0,-3.100000000000051,-5.080000000000041
1077,0.081495473,19.63,1.166338305,0.0030330199254533833,-0.09999999999999964,-3.3000000000000256,-5.080000000000027
1078,0.048138694,29.9,1.698082236,0.0036155624301363195,-0.1999999999999993,-4.620000000000061,-4.7000000000000455
1079,0.732174227,22.02,0.293624617,0.0022728088465798144,-0.09999999999999964,-1.9200000000000301,-5.600000000000023
1080,0.06424203,16.88,0.705832075,0.0026047337946464902,-0.09999999999999964,-1.5000000000000568,-2.8100000499999993
1081,0.581807293,16.88,0.135281788,0.00215683534012379,0.0,-2.2200000000000273,-2.8100000400000056
1082,0.056123212,28.37,1.963877718,0.0039472757431859495,-0.25,-3.7200000000000557,-7.0800000000000445
1083,5.382985706,28.37,1.102791135,0.0029699827310986065,-0.34999999999999964,-4.140000000000072,-7.080000000000041
1084,2.999956944,9.3,3.231141598,0.005995833659082588,-0.1999999999999993,-6.310000000000031,-6.800000000000026
1085,0.011339531,18.32,0.509895662,0.0024413261113526387,-0.10000000000000053,-1.6200000000000188,-3.3700000200000204
1086,0.176709005,21.18,0.69812875,0.0025981079555428377,-0.10000000000000053,-4.60000000000008,-4.850000000000037
1087,1.584946508,19.29,5.781429586,0.013853649228381714,-0.35000000000000053,-1.9700000000000557,-0.44000000000002615
1088,0.091177903,18.96,0.855348409,0.0027367273194398296,-0.14999999999999947,-5.800000000000026,-5.40000000000002
1089,0.66715291,15.35,0.755709396,0.0026480443518776685,-0.09999999999999964,-3.640000000000029,-5.230000000000025
1090,0.024405432,26.68,9.297424241,0.04311947190914806,-0.6500000000000004,-4.200000000000024,-7.420000000000044
1091,0.214140347,11.9,0.607202014,0.002521158214684535,-0.09999999999999964,-2.3400000000000105,-2.3400000000000176
1092,7.35336236,28.29,1.987340703,0.00397797467506994,-0.4500000000000002,-5.250000000000085,-8.180000000000064
1093,0.04011905,28.29,5.928023411,0.014533479438286446,-0.5,-6.710000000000093,-8.180000000000064
1094,0.109234412,8.9,3.345684322,0.006226433723886384,-0.40000000000000036,-2.5500000000000114,-7.120000000000033
1095,0.036069734,18.88,3.967859799,0.007641773281165056,-0.75,-5.050000000000026,-7.890000020000045
1096,5.629559597,14.12,0.591858471,0.002508399277205429,0.0,-4.53000000000003,-3.3200000000000216
1097,0.018494794,14.12,3.458967876,0.0064631640515475765,-0.1999999999999993,-3.5400000000000347,-3.320000009999987
1098,0.020045127,20.26,0.976247298,0.0028483186574289397,-0.15000000000000036,-2.67000000000003,-6.440000000000026
1099,0.122712906,20.26,3.357261609,0.0062502262412171316,-0.4500000000000002,-2.4500000000000313,-6.440000020000028
1100,0.170059063,22.63,3.693979014,0.006983160897059449,-0.25,-3.4500000000000455,-2.6800000000000352
1101,0.073034956,28.03,7.623421097,0.0252184897936418,-1.0,-6.180000000000035,-7.150000000000034
1102,3.149074286,11.88,2.748215967,0.005113388853225575,-0.2999999999999998,-3.7400000000000233,-3.670000000000016
1103,0.045877063,9.84,0.852418808,0.0027340780651510526,-0.14999999999999947,-4.390000000000018,-5.810000000000031
1104,0.065132921,13.1,2.782878907,0.005172178824479019,-0.2999999999999998,-1.8100000000000165,-4.67000000000003
1105,0.056678698,20.75,6.067511879,0.015210831369076059,-0.09999999999999964,-1.7400000000000517,-5.330000000000041
1106,0.017682163,20.75,4.697244704,0.009711713349060276,-0.20000000000000018,-2.130000000000038,-5.330000000000041
1107,0.112208987,3.8,1.600213833,0.003500547817560646,-0.1999999999999993,-2.3900000000000112,-2.45000000000001
1108,1.317652456,8.36,1.227993756,0.0030954551438805706,-0.15000000000000036,-1.8000000000000256,-4.000000000000021
1109,2.297013209,8.36,0.19824172,0.002202223995319989,-0.09999999999999964,-2.0900000000000176,-4.000000000000021
1110,1.469611632,12.8,0.001433765,0.002063420452847463,0.0,-2.3000000000000256,-5.020000000000021
1111,0.523424882,12.8,0.240242612,0.002233031716311672,0.0,-2.4800000000000324,-5.020000000000021
1112,0.068744906,12.8,0.892607586,0.002770645161138896,-0.20000000000000018,-3.230000000000018,-5.020000000000024
1113,0.440668884,12.8,1.783406858,0.0037189033140952316,-0.15000000000000036,-4.140000000000029,-5.020000000000024
1114,1.565760052,20.29,2.942060971,0.005450910559666086,-0.35000000000000053,-1.7000000000000313,-5.78000000000003
1115,0.215111917,20.29,3.870604221,0.007401124363401625,-0.5,-1.910000000000025,-5.78000000000003
1116,0.031424913,2.84,0.949142875,0.002822912737065496,0.0,-0.5200000000000067,-1.9600000000000115
1117,0.016911901,5.35,1.003588568,0.002874177577472454,-0.15000000000000036,-0.9100000000000108,-1.210000000000008
1118,14.9612513,5.35,0.178005617,0.0021875325351230833,0.0,-0.4300000000000104,-1.210000000000008
1119,0.598309214,15.77,0.251998372,0.002241731350194233,-0.15000000000000036,-3.5100000000000335,-7.120000000000047
1120,0.01493109,15.77,0.69469215,0.0025951574677246245,-0.15000000000000036,-2.5500000000000256,-7.120000000000033
1121,0.089183579,19.21,2.352838716,0.004488071682029294,-0.25,-3.6100000000000705,-4.100000000000023
1122,0.215234209,19.21,4.58682319,0.009365915743604394,-0.34999999999999964,-4.370000000000033,-4.100000000000023
1123,0.084590651,22.63,5.975975192,0.01476291195851625,0.0,-3.1200000000000614,-1.5500000000000398
1124,0.837399035,21.26,0.409456524,0.0023615678835946547,-0.15000000000000036,-3.1100000000000207,-7.560000000000031
1125,0.040170605,21.26,4.789053759,0.010008826449002431,-0.5499999999999998,-4.330000000000041,-7.560000000000031
1126,0.092408578,21.26,0.211864214,0.002212169362598941,-0.09999999999999964,-4.72000000000002,-7.560000020000032
1127,1.408051353,3.53,2.304084377,0.004416435985531812,-0.10000000000000053,-2.650000000000013,-1.7200000000000095
1128,0.07924931,1.38,0.315052256,0.002288973593282084,-0.10000000000000053,-0.5300000000000029,-0.5200000000000023
1129,2.430616775,9.6,0.518806894,0.002448530946010303,-0.09999999999999964,-3.1300000000000168,-2.170000000000009
1130,0.141220812,7.03,1.224887615,0.003092279289366222,-0.25,-3.070000000000011,-6.610000000000028
1131,0.097993233,13.1,3.22396229,0.005981666153461437,-0.34999999999999964,-3.0700000000000216,-4.410000000000025
1132,0.047483157,7.87,2.20774919,0.004278218732506046,-0.25,-3.070000000000011,-4.880000000000024
1133,0.207671672,15.36,4.603283003,0.009416677317027947,-0.20000000000000018,-5.240000000000023,-3.1000000000000227
1134,1.478327885,15.43,5.519393958,0.0127156960978062,-0.2999999999999998,-4.320000000000036,-6.16000003000002
1135,0.591665831,15.43,2.294963468,0.004403161408031496,-0.34999999999999964,-5.630000000000038,-6.160000000000032
1136,0.408723583,9.35,3.994464967,0.007708946989605419,-0.15000000000000036,-2.6300000000000168,-0.27000000000001023
1137,0.135326028,7.26,1.002685224,0.002873319482008803,-0.14999999999999947,-1.380000000000006,-1.9900000000000126
1138,0.990424618,21.34,2.844788954,0.005278858999722476,-0.20000000000000018,-1.8000000000000256,-3.040000000000049
1139,0.438558196,4.67,0.570215552,0.002490511513465604,0.0,-1.5700000000000092,-2.3600000000000136
1140,0.114184853,19.56,2.552638564,0.004793925090165133,-0.39999999999999947,-2.840000000000032,-6.470000040000031
1141,1.014030849,19.56,0.645410734,0.0025532127281649663,-0.1999999999999993,-3.0200000000000244,-6.470000000000027
1142,0.190809171,9.56,4.250987634,0.008387435994320161,-0.25,-2.0400000000000205,-1.5100000000000193
1143,0.015331651,9.56,2.368183359,0.004510856296069282,-0.14999999999999947,-0.960000000000008,-1.5100000000000193
1144,0.112401678,15.87,3.298786494,0.006130971124657341,-0.10000000000000053,-4.270000000000053,-5.350000000000037
1145,1.111452734,18.0,0.766606815,0.002657602228014994,-0.15000000000000036,-2.120000000000047,-4.5100000300000005
1146,0.208693383,15.23,3.455152365,0.006455047074539262,-0.39999999999999947,-5.550000000000026,-4.840000000000018
1147,2.147259576,4.7,1.800401758,0.0037398354593428996,-0.09999999999999964,-3.0600000000000165,-1.2700000000000102
1148,0.964361879,23.65,0.420090289,0.0023698875567228477,-0.15000000000000036,-3.890000000000043,-6.400000040000023
1149,0.061471369,12.41,2.650829348,0.004951750531411392,-0.1999999999999993,-1.7200000000000273,-1.5800000000000267
1150,0.148192574,5.53,3.62096884,0.006817315616630099,-0.25,-1.1000000000000156,-0.950000000000017
1151,1.758810074,27.59,2.689964879,0.00501608589650333,-0.25,-5.80000000000004,-6.060000000000059
1152,0.363028468,9.15,1.806768028,0.003747706801075084,-0.15000000000000036,-1.1100000000000136,-1.2700000000000244
1153,0.36966,7.88,4.154024092,0.008124277540386627,0.0,-1.690000000000012,-0.700000000000017
1154,2.47910412,4.99,0.517998074,0.002447876131358736,-0.09999999999999964,-5.08000000000002,-5.580000000000027
1155,3.073041438,17.46,2.541919454,0.0047770018885676425,-0.20000000000000018,-3.30000000000004,-2.3100000000000307
1156,0.054167277,23.53,3.683968898,0.006960187724230044,-0.14999999999999947,-1.530000000000058,-2.940000000000026
1157,0.200598486,23.53,4.525977559,0.009180611610505676,-0.1999999999999993,-2.7600000000000477,-2.940000000000026
1158,0.012532847,11.3,5.579623822,0.012968806067796454,-0.20000000000000018,-1.9200000000000301,-1.1800000000000253
1159,0.556603332,6.39,1.128923879,0.002995746060592458,-0.3000000000000007,-4.670000000000023,-6.100000000000026
1160,0.023910053,13.81,2.94431704,0.005454966502558406,-0.1999999999999993,-2.680000000000021,-4.430000000000021
1161,0.572359387,12.18,1.952530713,0.0039325141083321165,-0.09999999999999964,-3.5100000000000477,-3.570000000000024
1162,0.474499133,13.71,0.359336714,0.002322745641906799,-0.09999999999999964,-3.4100000000000534,-5.700000000000031
1163,0.329935559,14.55,4.277261946,0.008460188335228795,-0.25,-3.170000000000009,-2.8000000199999846
1164,0.163075243,14.55,3.756010732,0.007127211792106864,-0.40000000000000036,-2.3500000000000227,-2.800000010000005
1165,0.581020713,14.55,4.995848418,0.010711413295216271,-0.1999999999999993,-1.6700000000000088,-2.8000000000000256
1166,0.850208068,9.66,2.605657214,0.004878511705335135,-0.2999999999999998,-3.9900000000000233,-2.7700000000000244
1167,0.658479916,9.66,0.799340675,0.0026865197368494205,-0.20000000000000018,-1.9200000000000301,-5.350000000000023
1168,0.830426161,13.14,3.473604352,0.006494395316976051,-0.2999999999999998,-3.380000000000038,-3.390000000000015
1169,0.028703883,13.14,1.349275971,0.003222034611142919,-0.1999999999999993,-3.3700000000000188,-3.390000000000029
1170,0.523445652,6.58,0.670976029,0.002574886936345524,-0.15000000000000036,-2.1100000000000136,-2.710000000000015
1171,0.229488293,10.24,2.537765712,0.004770460005882363,-0.2999999999999998,-2.4800000000000324,-6.150000000000034
1172,0.015002577,10.77,3.923635143,0.007531396092095404,-0.20000000000000018,-3.5100000000000193,-5.340000000000032
1173,0.326574654,5.78,1.237347737,0.003105038716674772,-0.15000000000000036,-0.9700000000000131,-2.560000000000013
1174,3.463273625,5.78,0.0576346,0.002102141935804336,-0.09999999999999964,-1.45000000000001,-2.5600000000000103
1175,1.711057832,12.64,3.847429011,0.007344898503238083,-0.35000000000000053,-2.360000000000028,-2.4600000300000175
1176,0.137678273,3.27,0.534684515,0.002461420791240782,-0.09999999999999964,-1.2800000000000065,-2.440000000000012
1177,0.239322497,18.46,1.536957374,0.0034281563265655813,-0.09999999999999964,-4.430000000000035,-7.03000000000003
1178,0.048364141,18.46,4.074113249,0.007913568156233671,-0.1999999999999993,-3.0100000000000193,-7.030000000000044
1179,0.02235551,15.88,4.392009227,0.008785320457920456,-0.20000000000000018,-2.560000000000059,-3.2000000500000283
1180,0.02945333,15.88,0.018528482,0.0020751225085535864,0.0,-0.8100000000000165,-3.200000000000017
1181,0.121035292,24.14,0.572810812,0.0024926497507377662,-0.15000000000000036,-2.790000000000049,-5.500000000000028
1182,0.053066028,24.14,0.552663418,0.0024760982456182804,-0.09999999999999964,-3.5200000000000387,-5.500000000000028
1183,0.026400992,8.69,3.514163369,0.006581725566941064,-0.20000000000000018,-4.190000000000005,-2.1200000000000188
1184,2.752102032,14.71,1.800212973,0.0037396022946490017,-0.10000000000000053,-1.1000000000000512,-1.6200000000000316
1185,0.29342403,22.59,3.771900592,0.0071645836640125285,-0.5,-4.460000000000065,-7.150000000000034
1186,0.325254427,22.59,5.372004971,0.01211669467232214,-0.25,-4.470000000000056,-7.150000000000034
1187,0.092034311,8.82,2.3807154,0.004529549989968821,-0.1999999999999993,-2.620000000000033,-2.3100000000000165
1188,2.61460539,24.34,0.125881285,0.002150138956830987,-0.10000000000000053,-4.730000000000075,-5.310000000000031
1189,0.3642135,28.45,5.012387475,0.010769667808001442,-0.25,-5.430000000000064,-6.930000000000064
1190,0.474340836,15.3,1.391133005,0.003266906835291371,-0.20000000000000018,-2.9700000000000557,-7.350000039999998
1191,0.494875579,15.3,1.031568469,0.0029008828679129312,-0.2999999999999998,-3.9500000000000455,-7.350000000000037
1192,0.173547994,17.9,3.400485651,0.00633985712636264,-0.2999999999999998,-2.900000000000034,-2.7900000000000347
1193,3.930618526,4.08,0.256353742,0.00224496303977778,0.0,-0.9100000000000072,-1.2000000000000064
1194,0.012191201,26.56,2.704053614,0.005039449558903699,-0.4499999999999993,-3.9200000000000728,-6.250000000000028
1195,0.01547912,26.56,4.388108283,0.008774066566110713,-0.5500000000000007,-4.250000000000028,-6.250000000000057
1196,0.875721139,13.6,1.219497318,0.003086775721357022,-0.14999999999999947,-3.630000000000024,-7.940000010000034
1197,0.450168359,6.14,0.299515804,0.0022772416990022772,-0.10000000000000053,-4.530000000000008,-2.0500000000000114
1198,0.0201226,6.14,1.937588351,0.003913159022263573,-0.20000000000000018,-4.320000000000018,-2.0500000000000114
1199,1.801205312,9.26,0.951764953,0.0028253605970879584,-0.14999999999999947,-1.3200000000000145,-3.5200000000000173
1200,0.091232468,12.76,4.648152619,0.009556441927262765,-0.2999999999999998,-2.400000000000034,-4.990000020000011
1201,0.110894121,9.7,0.884058439,0.002762825815213135,-0.09999999999999964,-2.2800000000000153,-3.3200000000000216
1202,0.019551207,25.88,1.887864032,0.003849431004955201,-0.34999999999999964,-2.8400000000000603,-6.960000000000051
1203,0.144573606,25.88,1.500437413,0.003387043742694923,-0.35000000000000053,-3.0900000000000603,-6.96000000000004
1204,0.028031793,20.49,2.573381002,0.0048268426183343495,-0.2999999999999998,-2.4900000000000375,-3.620000000000033
1205,0.083855981,20.49,5.963129181,0.014701100717021146,-0.14999999999999947,-3.630000000000024,-3.620000000000033
1206,0.161585829,22.34,1.190354679,0.0030571893566139034,-0.1999999999999993,-4.580000000000027,-4.780000020000017
1207,0.43388098,16.91,1.023343818,0.0028930073149769533,-0.1999999999999993,-4.900000000000034,-6.9700000000000415
1208,0.059491566,18.1,0.562037361,0.002483785453558637,-0.15000000000000036,-1.7500000000000284,-3.630000000000024
1209,0.265399453,13.94,3.483473717,0.0065155391235031486,-0.1999999999999993,-2.4800000000000324,-3.440000000000026
1210,0.013099963,25.76,4.381337868,0.008754568404128013,-0.10000000000000053,-1.3800000000000523,-1.9600000000000364
1211,0.037901545,21.4,0.333797135,0.0023032085308922565,-0.15000000000000036,-3.530000000000058,-6.0300000299999965
1212,0.493413907,16.75,2.82426637,0.005243255223508808,-0.15000000000000036,-1.0500000000000043,-4.830000000000027
1213,0.735877605,21.98,7.411141123,0.02354519461383889,-0.40000000000000036,-3.80000000000004,-2.240000000000009
1214,6.847482533,30.86,5.843033515,0.014135432659284467,-0.5499999999999998,-4.550000000000068,-6.780000000000058
1215,0.018077438,23.75,5.11552821,0.011140089577141687,-0.25,-4.330000000000098,-2.190000000000026
1216,0.162620658,23.75,5.378544982,0.012142673004423309,-0.40000000000000036,-3.5300000000000296,-2.190000000000026
1217,2.324385624,10.19,0.728897885,0.0026246742761993065,-0.15000000000000036,-2.0300000000000153,-5.230000000000032
1218,0.893618256,15.21,0.740311093,0.002634597272049274,-0.25,-4.010000000000048,-7.060000000000031
1219,0.013550088,15.21,4.552428553,0.009260717044109374,-0.40000000000000036,-2.5400000000000205,-7.060000000000031
1220,1.458547594,29.76,1.757616117,0.0036873603374498894,-0.2999999999999998,-5.720000000000056,-7.370000000000061
1221,0.147044939,7.32,0.67232438,0.002576035146862911,-0.15000000000000036,-1.3800000000000239,-2.440000000000012
1222,0.040130108,19.31,5.524013622,0.01273493589176419,-0.6000000000000005,-2.570000000000036,-6.25000002000003
1223,0.017727345,19.31,3.979387946,0.00767080836367261,-0.4500000000000002,-4.160000000000039,-6.250000030000024
1224,1.338715,11.81,3.83854819,0.007323465102635592,-0.34999999999999964,-4.820000000000036,-4.880000000000038
1225,0.685063524,11.81,1.29582454,0.0031656248717146142,-0.14999999999999947,-4.370000000000019,-4.880000000000024
1226,0.041196077,14.3,0.084075648,0.002120609389442114,-0.09999999999999964,-1.8000000000000256,-5.020000000000021
1227,1.660078964,14.18,2.633827349,0.004924057200171565,-0.2999999999999998,-3.590000000000032,-4.660000040000014
1228,0.17009467,14.18,0.80844552,0.0026946187081186243,-0.14999999999999947,-4.250000000000043,-4.660000000000025
1229,1.199314837,21.84,0.110084182,0.002138932690452529,0.0,-3.2100000000000506,-6.830000050000024
1230,0.275181893,18.2,2.639817673,0.00493379677932538,-0.15000000000000036,-5.720000000000027,-6.080000030000022
1231,0.23074801,23.49,2.898847868,0.005373798734051798,-0.25,0.1099999999999568,-2.130000000000024
1232,0.110913006,23.49,4.163607479,0.00814991785679231,-0.3000000000000007,-2.060000000000059,-2.130000000000024
1233,0.420792892,29.78,5.681797896,0.013409601224106915,0.0,-3.890000000000043,-2.7700000000000387
1234,1.094660054,7.17,3.473373943,0.006493902511365333,0.0,-2.900000000000013,-1.2400000000000162
1235,0.042118708,7.17,2.021592729,0.004023217422247339,-0.15000000000000036,-4.190000000000005,-1.2400000000000162
1236,0.05393855,17.55,0.064985512,0.0021072599314651387,-0.09999999999999964,-3.7400000000000375,-5.230000000000032
1237,0.414961997,6.22,2.601416718,0.004871692065967599,-0.15000000000000036,-1.1300000000000168,-0.95000000000001
1238,3.941753234,6.22,2.439902438,0.004618885083649608,-0.14999999999999947,-1.2400000000000126,-0.95000000000001
1239,0.037693646,6.22,3.269260843,0.006071617980840671,-0.20000000000000018,-1.5900000000000176,-0.95000000000001
1240,0.30964829,6.22,1.114252628,0.0029812548946871096,-0.20000000000000018,-1.1300000000000132,-0.95000000000001
1241,0.901821073,26.64,1.58823484,0.003486722951463423,-0.2999999999999998,-5.060000000000031,-6.640000000000043
1242,0.142658484,7.92,1.76898306,0.003701229520742536,-0.25,-2.65000000000002,-2.6400000000000206
1243,0.43830377,11.87,4.637310976,0.009522484147514804,-0.2999999999999998,-2.0200000000000244,-0.9200000000000159
1244,0.022815241,7.09,2.223024433,0.004299844088348233,-0.2999999999999998,-2.47000000000002,-5.820000000000029
1245,0.036423938,24.46,7.652648182,0.02545776316409366,-0.34999999999999964,-5.430000000000035,-7.53000000000003
1246,1.090964075,5.79,0.928343057,0.0028035696923476142,-0.14999999999999947,-1.2700000000000102,-2.2100000000000097
1247,0.418876445,5.79,0.753905809,0.0026464657769839847,-0.09999999999999964,-1.2400000000000055,-2.2100000000000097
1248,0.105868371,23.61,0.740842031,0.0026350597956495197,-0.20000000000000018,-4.620000000000061,-6.900000000000034
1249,0.755875722,19.39,0.963936164,0.0028367508640512254,-0.2999999999999998,-4.990000000000023,-6.160000010000033
1250,5.384521666,17.03,0.520582388,0.0024499689855899958,-0.14999999999999947,-2.67000000000003,-5.480000000000025
1251,1.956420463,17.03,0.577459263,0.002496484192468833,-0.1999999999999993,-2.5200000000000387,-5.480000000000032
1252,1.576647195,17.74,1.655936647,0.0035655785509680397,-0.14999999999999947,-4.810000000000059,-5.1100000200000295
1253,0.135057539,17.74,3.826880505,0.007295400088869381,-0.20000000000000018,-4.2900000000000205,-5.110000000000028
1254,0.147254032,9.09,2.979498035,0.005518604329725911,0.0,-3.2500000000000213,-0.8100000000000165
1255,1.220787568,12.88,1.147279743,0.003013975547106931,-0.1999999999999993,-3.67000000000003,-6.070000040000025
1256,1.778138266,13.49,2.490024658,0.004695907969625991,-0.20000000000000018,-3.5400000000000347,-2.1000000000000227
1257,0.891322634,10.51,2.643350172,0.00493954919965037,-0.20000000000000018,-3.0100000000000193,-2.660000000000011
1258,0.528805239,22.31,0.018929684,0.0020753979421883366,-0.09999999999999964,-3.540000000000049,-6.870000000000033
1259,3.013504874,1.75,1.420359509,0.003298607455928682,-0.15000000000000036,-0.6400000000000032,-0.120000000000001
1260,0.220978144,5.08,0.98549207,0.002857036146062148,-0.14999999999999947,-1.3700000000000117,-4.840000000000018
1261,2.248076145,8.62,1.141338066,0.0030080627046844945,-0.1999999999999993,-1.7100000000000293,-3.5200000000000173
1262,0.109337466,3.47,0.10200383,0.0021332231393341016,0.0,-0.47000000000000597,-1.0200000000000102
1263,0.172832215,28.82,0.278328049,0.0022613390266751367,-0.09999999999999964,-4.400000000000034,-6.05000000000004
1264,0.578626338,6.39,0.550429134,0.0024742695009874593,-0.10000000000000053,-1.3700000000000188,-3.320000000000015
1265,0.817384668,14.24,2.693580159,0.005022070896477063,-0.15000000000000036,-1.9900000000000233,-1.8000000000000256
1266,0.540383824,12.08,1.816394824,0.003759640860681213,-0.10000000000000053,-1.5600000000000094,-2.910000000000014
1267,0.320569144,9.95,1.904716591,0.0038709130308261833,-0.09999999999999964,-2.0600000000000165,-1.3000000000000125
1268,0.070812022,26.86,4.844677648,0.010193195778420655,-0.5500000000000007,-5.710000000000065,-5.970000000000056
1269,0.060452956,26.86,4.397951827,0.008802491857119612,-0.5,-4.30000000000004,-5.970000000000056
1270,2.971665657,19.69,1.356033785,0.0032292374186140608,-0.5,-3.350000000000051,-8.150000000000034
1271,0.103662514,12.32,0.296872658,0.0022752517850039445,-0.15000000000000036,-3.120000000000033,-5.010000000000023
1272,0.254397466,13.57,2.873531591,0.005329128002136746,-0.9500000000000002,-4.610000000000028,-8.55000000000004
1273,2.37361766,14.59,4.837319823,0.010168616165919091,-0.6499999999999995,-4.230000000000032,-8.130000000000052
1274,2.076107289,26.42,7.577140387,0.0248440780537674,-0.9000000000000004,-3.650000000000034,-7.790000000000049
1275,4.710342446,14.61,3.551631737,0.00666343730104546,-0.2999999999999998,-2.400000000000034,-0.6900000000000261
1276,0.027208866,13.32,2.321660562,0.004442128843850544,-0.1999999999999993,-1.0500000000000256,-4.110000000000028
1277,0.026360825,13.32,0.507448242,0.0024393510482362767,0.0,-1.7600000000000193,-4.110000000000028
1278,0.185793469,17.08,1.009465182,0.002879766073119816,-0.14999999999999947,-3.2800000000000438,-5.180000000000028
1279,0.307720333,20.28,5.902867556,0.014414526015890989,-0.35000000000000053,-3.5300000000000296,-1.4700000000000273
1280,0.059943318,9.4,0.82177562,0.0027065200834580565,-0.20000000000000018,-3.230000000000018,-6.60000000000003
1281,1.501026945,35.04,5.248378318,0.011635824303533954,-0.5,-3.8700000000000614,-7.150000000000034
1282,0.393236908,12.07,1.358969874,0.0032323718446018333,-0.5500000000000007,-3.190000000000019,-8.470000020000029
1283,0.37864404,14.3,3.032838147,0.005616500551623215,-0.2999999999999998,-2.2000000000000313,-4.550000019999985
1284,0.188716797,14.3,2.504926525,0.00471905325954469,-0.2999999999999998,-3.410000000000025,-4.550000020000027
1285,0.043285871,14.28,3.687184376,0.006967559038875261,-0.40000000000000036,-3.6200000000000188,-5.790000000000035
1286,0.744322702,20.4,1.703882436,0.0036224957920519495,-0.14999999999999947,-3.5400000000000773,-4.42000000000003
1287,0.029420945,21.57,5.688930792,0.01344091979551225,-0.3000000000000007,-2.820000000000036,-3.2600000000000193
1288,0.031033804,21.77,6.246516868,0.016125766860249087,-0.25,-3.170000000000016,-3.090000000000032
1289,6.630044417,13.32,2.675754355,0.004992629442730118,-0.20000000000000018,-6.050000000000033,-6.7000000000000455
1290,0.095927443,4.83,0.944401015,0.0028184913082700304,-0.09999999999999964,-2.3600000000000136,-2.230000000000011
1291,0.02069986,12.83,3.225378767,0.005984458764003671,-0.4500000000000002,-2.3100000000000165,-5.7600000000000335
1292,0.026179902,23.17,2.437665996,0.0046154778004314344,-0.2999999999999998,-2.900000000000034,-8.230000000000047
1293,0.032806168,14.2,4.23880556,0.008353915218350957,-0.35000000000000053,-3.7600000000000335,-3.8800000200000113
1294,0.011909757,14.2,4.029449695,0.00779817021169045,-0.2999999999999998,-5.010000000000019,-3.880000000000024
1295,1.090367896,20.4,3.085528168,0.0057148987207458635,-0.25,-4.730000000000075,-7.940000019999971
1296,0.032813381,17.89,7.80586295,0.026748700419530997,-0.4500000000000002,-3.140000000000043,-7.410000000000053
1297,1.864645241,20.85,1.23237356,0.0030999387727996155,-0.1999999999999993,-4.55000000000004,-6.450000020000019
1298,2.121183362,31.63,2.492152472,0.004699205921399277,-0.35000000000000053,-5.220000000000027,-7.140000000000043
1299,0.071072687,23.19,1.944610759,0.00392224341562549,-0.1999999999999993,-0.530000000000058,-2.0400000000000205
1300,0.0743372,23.19,4.795178052,0.010028963045520534,-0.35000000000000053,-2.780000000000058,-2.0400000000000205
1301,0.011916261,10.61,2.502406517,0.004715131270788863,-0.1999999999999993,-1.5000000000000213,-3.2600000000000193
1302,1.192251157,10.61,2.003318961,0.003999016598451335,-0.09999999999999964,-2.610000000000028,-3.2600000000000193
1303,0.019189392,10.61,0.494377269,0.0024288297561119786,-0.10000000000000053,-1.430000000000014,-3.2600000000000193
1304,2.68871351,17.09,0.937117966,0.0028117138559188184,-0.25,-4.660000000000053,-6.630000000000031
1305,0.013625081,17.09,2.760834863,0.005134713736895719,-0.5499999999999998,-4.970000000000027,-6.630000009999975
1306,0.605960075,16.16,3.632322071,0.006842845680075077,-0.20000000000000018,-1.8400000000000105,-4.160000019999998
1307,0.233175477,17.66,3.188528882,0.005912228472653706,-0.25,0.3399999999999821,-1.7900000000000205
1308,0.060427202,17.66,4.600426841,0.009407849499294262,-0.25,-1.2800000000000153,-1.7900000000000205
1309,0.279696507,17.66,4.362799373,0.008701398797975001,-0.25,-0.5300000000000296,-1.790000000000027
1310,1.631580243,29.77,6.812843849,0.019391427885090157,-0.6500000000000004,-4.550000000000068,-7.410000000000053
1311,4.001624738,29.77,9.426476791,0.044919529491932446,-0.6500000000000004,-5.6500000000000625,-7.410000000000053
1312,0.081170379,13.33,3.989297677,0.007695854738610142,-0.25,-2.460000000000022,-1.7300000000000182
1313,0.025951956,24.1,3.790224226,0.0072079211869939125,-0.34999999999999964,-4.28000000000003,-7.050000000000043
1314,4.8415395,17.59,0.508132069,0.0024399027347608545,-0.14999999999999947,-3.9600000000000364,-5.6700000300000255
1315,0.086164702,17.59,0.238460355,0.002231715733671832,-0.15000000000000036,-5.620000000000033,-5.670000000000023
1316,0.375251408,18.27,0.537088272,0.002463378111324246,-0.09999999999999964,-5.620000000000033,-6.880000000000038
1317,0.044183827,13.83,4.02974043,0.007798915963277181,-0.15000000000000036,-2.4800000000000324,-2.4700000300000085
1318,0.046184258,17.93,3.746856306,0.007105769140247375,-0.25,-4.250000000000043,-5.690000000000026
1319,1.532936666,14.16,2.401850462,0.004561251426267308,-0.25,-3.7800000000000153,-2.2800000000000296
1320,0.51478165,25.02,1.712572414,0.0036329082957033223,-0.25,-3.5300000000000296,-5.340000000000046
1321,5.302996384,14.17,0.53013765,0.002457722632863842,-0.14999999999999947,-4.970000000000027,-5.460000000000022
1322,0.846153227,15.72,0.217494236,0.002216292746227819,-0.09999999999999964,-0.9400000000000546,-1.910000000000025
1323,0.622998592,15.72,0.149820203,0.002167232681533545,0.0,-1.150000000000034,-1.910000000000025
1324,3.385347748,12.7,1.061080939,0.002929319057252947,-0.10000000000000053,-3.640000000000015,-4.590000000000025
1325,0.069417904,12.7,0.221201714,0.002219012260688027,0.0,-4.2900000000000205,-4.590000000000032
1326,3.905463827,22.28,0.638349996,0.0025472587834855735,-0.10000000000000053,-4.150000000000034,-5.010000040000008
1327,0.340537701,27.24,2.930886549,0.0054308654470910725,-0.35000000000000053,-2.3000000000000123,-6.230000000000047
1328,0.02095696,19.99,3.848025821,0.007346341103917451,-0.15000000000000036,-1.8900000000000432,-1.330000000000041
1329,7.937441806,28.57,8.365952527,0.0320312834120587,-0.4500000000000002,-5.000000000000057,-5.500000000000028
1330,5.300818003,9.66,1.538653321,0.003430077587222388,-0.25,-5.250000000000028,-5.110000000000028
1331,1.772014757,9.66,1.162221355,0.003028895906641611,-0.14999999999999947,-4.310000000000031,-5.110000000000028
1332,0.076570324,11.39,1.527712187,0.003417701720311111,-0.2999999999999998,-3.8700000000000188,-5.630000000000024
1333,0.227159215,14.82,0.451354337,0.002394517747399045,-0.15000000000000036,-2.4800000000000324,-5.810000000000031
1334,1.509177453,14.82,0.754679933,0.0026471432077381373,-0.09999999999999964,-2.7200000000000273,-5.810000029999998
1335,0.038829407,15.53,2.377316489,0.0045244723216893434,-0.6000000000000005,-2.860000000000042,-8.130000000000038
1336,0.345793043,8.94,1.086184733,0.0029537259908484666,-0.15000000000000036,-3.1200000000000188,-3.600000000000016
1337,0.101918451,8.94,0.662301754,0.0025675124100152805,0.0,-3.3200000000000145,-3.6000000000000156
1338,0.677097243,11.26,2.369992376,0.004513550005539178,-0.25,-3.8000000000000256,-1.9600000000000222
1339,0.01388918,14.73,0.783267762,0.002672281717863133,-0.20000000000000018,-3.3500000000000227,-5.500000000000028
1340,0.684153891,4.37,1.021379678,0.0028911296992905756,-0.09999999999999964,-0.49000000000000554,-1.0400000000000063
1341,0.150424016,4.37,1.358414972,0.003231779225866041,-0.09999999999999964,-1.190000000000012,-1.0400000000000063
1342,0.036168333,8.5,0.54397057,0.002468990787690365,-0.15000000000000036,-4.470000000000013,-3.670000000000016
1343,1.33990442,18.11,3.905527877,0.007486661295398575,-0.35000000000000053,-3.05000000000004,-4.9400000300000215
1344,0.099182848,18.11,2.647748542,0.0049467209571438815,-0.2999999999999998,-3.410000000000025,-4.94000001000002
1345,0.484948657,18.11,6.434283479,0.01714365178298909,-0.40000000000000036,-4.890000000000043,-4.94000000000004
1346,1.234574257,3.71,1.660025506,0.003570397548059305,-0.20000000000000018,-1.5100000000000087,-0.5600000000000025
1347,0.379121249,3.71,1.990363008,0.003981946303615699,-0.20000000000000018,-1.6400000000000077,-0.5600000000000058
1348,1.083547398,23.31,3.335577125,0.006205735991739382,-0.09999999999999964,-2.4400000000000546,-4.620000000000033
1349,0.044399218,20.09,0.40836148,0.002360712796688055,-0.15000000000000036,-2.930000000000021,-5.370000000000033
1350,0.344855377,11.54,0.929745386,0.0028048696401169076,-0.10000000000000053,-2.6200000000000188,-4.430000000000021
1351,0.020764636,16.95,0.464950827,0.002405308745882926,-0.1999999999999993,-4.620000000000033,-6.92000000000003
1352,0.055205143,8.4,1.419864073,0.0032980675335022775,-0.15000000000000036,-2.2200000000000095,-2.010000000000012
1353,0.895056846,10.88,4.819886619,0.010110612565144951,-0.34999999999999964,-2.3100000000000165,-1.190000000000012
1354,1.390349987,25.88,6.589127756,0.018030346521969786,-0.4500000000000002,-3.250000000000057,-5.320000000000022
1355,2.961653488,25.88,5.413402452,0.012282065130338055,-0.15000000000000036,-4.580000000000041,-5.320000000000022
1356,0.018122541,17.28,5.061951308,0.010946126630487595,-0.40000000000000036,-4.650000000000034,-3.640000000000043
1357,0.123087457,21.94,9.524720481,0.04633763726622132,-0.7999999999999998,-2.590000000000032,-7.310000000000059
1358,0.0377963,25.18,10.53137085,0.06352730430546057,-0.5500000000000007,-4.4500000000000455,-7.290000000000049
1359,0.325552159,8.04,0.232053296,0.002226991278238486,0.0,-1.930000000000021,-3.200000000000017
1360,0.034117598,8.04,0.754424307,0.002646919492005632,-0.09999999999999964,-2.850000000000012,-3.200000000000017
1361,0.116022301,12.06,0.90666714,0.002783552534686724,-0.14999999999999947,-4.430000000000028,-4.940000000000026
1362,2.704975967,10.17,0.301984583,0.0022791019076944833,-0.10000000000000053,-2.0200000000000315,-3.3500000000000156
1363,0.063575499,10.17,0.313645558,0.0022879088885989023,0.0,-2.200000000000017,-3.3500000000000156
1364,4.615741838,9.37,0.445083116,0.0023895568147134253,-0.09999999999999964,-2.660000000000011,-4.58000000000002
1365,0.15071046,11.61,0.102533407,0.0021335968706209006,0.0,-4.0500000000000185,-6.220000000000027
1366,0.693839027,25.6,3.905101628,0.0074856114116333364,-0.14999999999999947,-4.630000000000052,-3.7100000000000364
1367,0.049649558,25.6,9.506762583,0.046075278864283566,-0.4499999999999993,-6.540000000000077,-3.7100000000000364
1368,2.583802687,23.81,4.409454609,0.008835824207128931,-0.25,-2.9900000000000517,-6.240000019999968
1369,0.290616899,23.81,6.938984232,0.02020275399174538,-0.4500000000000002,-4.550000000000054,-6.2400000000000375
1370,0.103389303,20.7,4.064589922,0.007888821326513076,-0.35000000000000053,-4.000000000000057,-6.980000000000047
1371,0.0416237,21.2,5.774356608,0.013821653172556016,-0.4499999999999993,-4.700000000000074,-2.3500000000000227
1372,0.030119078,21.2,6.162644696,0.01569052568657595,-0.15000000000000036,-4.2900000000000205,-2.350000000000051
1373,1.329077976,15.65,2.10094032,0.004130004261359009,-0.40000000000000036,-5.010000000000048,-8.230000000000047
1374,0.668823128,10.24,1.386322806,0.0032617186168680742,-0.20000000000000018,-3.940000000000019,-5.930000000000021
1375,2.18446876,10.24,1.183690788,0.0030504638140610666,-0.09999999999999964,-4.97000000000002,-5.930000000000021
1376,0.389390357,22.74,5.927509453,0.014531039455754896,-0.40000000000000036,-2.540000000000049,-3.280000000000058
1377,7.61815434,3.37,0.248433956,0.0022390900034870713,-0.10000000000000053,-1.20000000000001,-1.6900000000000084
1378,0.061769794,11.69,1.058282198,0.0029266104964105954,-0.14999999999999947,-1.3700000000000188,-4.120000009999998
1379,0.53898208,15.3,2.253996451,0.004344026198580272,-0.25,-4.370000000000033,-7.2600000000000335
1380,3.163316937,17.94,1.14981147,0.0030164985070733116,-0.20000000000000018,-4.330000000000041,-3.350000000000051
1381,2.011053986,17.32,5.146524063,0.01125385066569026,-0.4500000000000002,-2.5600000000000307,-5.340000000000032
1382,0.114298756,17.32,4.850395428,0.010212337237149972,-0.5,-3.380000000000038,-5.340000010000011
1383,0.012752355,14.5,2.695789434,0.005025731789534072,-0.2999999999999998,-1.8600000000000279,-1.430000000000021
1384,0.021580118,20.89,4.083804285,0.007938829841934517,-0.5499999999999998,-6.830000000000041,-7.390000000000043
1385,1.041208327,16.46,1.860340614,0.0038146018560239847,-0.09999999999999964,-3.9300000000000352,-5.910000000000025
1386,0.011636083,12.11,1.670538564,0.003582817713238313,-0.25,-3.090000000000032,-5.730000000000032
1387,0.014033882,12.11,2.871877068,0.005326221477099533,-0.2999999999999998,-2.3000000000000256,-5.730000000000032
1388,1.51517975,15.61,3.21998561,0.0059738329764906384,-0.20000000000000018,-1.4300000000000352,-2.6300000399999988
1389,0.086958946,27.11,1.459775049,0.0033418457214439063,-0.40000000000000036,-4.150000000000034,-8.050000059999888
1390,2.525993501,19.78,3.163448847,0.00586356481453071,-0.40000000000000036,-3.500000000000057,-6.240000019999968
1391,0.029621819,19.78,0.726294791,0.0026224162912987506,-0.20000000000000018,-3.820000000000036,-6.240000020000025
1392,6.422850325,16.57,1.515091602,0.0034034814328968736,-0.10000000000000053,-2.860000000000042,-6.240000010000003
1393,2.627242187,15.63,1.792768744,0.003730419607521297,-0.1999999999999993,-2.9500000000000455,-4.93000004000001
1394,0.119119146,8.18,1.116526882,0.0029834966472627664,-0.10000000000000053,-1.95000000000001,-3.180000000000021
1395,0.09714992,8.18,1.042233275,0.0029111268422165465,-0.09999999999999964,-2.5100000000000193,-3.180000000000014
1396,1.402605958,23.84,5.403756388,0.012243333938892879,-0.34999999999999964,-5.03000000000003,-6.800000020000023
1397,0.016412231,15.47,0.542893742,0.002468111767972292,-0.10000000000000053,0.0,-1.5000000000000284
1398,0.313996171,19.03,1.654924763,0.003564386977914533,-0.25,-3.380000000000024,-5.090000000000032
1399,0.024430009,12.73,1.432234509,0.0033115751362570696,-0.25,-2.0000000000000284,-5.050000000000026
1400,0.080324605,12.89,0.087378806,0.002122927789622618,0.0,-0.8100000000000165,-1.950000000000017
1401,1.307979358,12.41,0.602726648,0.002517430047403401,-0.09999999999999964,-0.850000000000037,-1.1100000000000136
1402,1.482008893,12.41,1.925066524,0.0038970123917066737,-0.1999999999999993,-1.150000000000034,-1.1100000000000136
1403,2.176082145,10.36,0.458596181,0.00240025928864766,-0.10000000000000053,-2.950000000000017,-4.810000000000024
1404,0.182266611,17.85,3.018352032,0.005589744347152819,-0.20000000000000018,-3.6800000000000352,-3.2600000000000193
1405,0.059355271,3.15,0.188045355,0.0021948091450772972,-0.09999999999999964,-1.2700000000000031,-1.3100000000000058
1406,0.043392789,3.15,0.17485054,0.002185250770516139,0.0,-0.47000000000000597,-1.310000000000007
1407,1.65578024,3.15,0.52008719,0.0024495678213466297,0.0,-1.0700000000000038,-1.3100000000000058
1408,0.030940258,14.27,3.395608419,0.006329679940655189,-0.25,-2.9700000000000273,-5.55000000000004
1409,0.0594082,18.68,2.78493703,0.005175690569220341,-0.20000000000000018,-2.1400000000000716,-2.960000000000022
1410,0.26553067,18.68,4.869875838,0.010277819415081615,-0.35000000000000053,-4.810000000000031,-2.9600000000000364
1411,0.931959229,16.11,3.353537453,0.006242562876872474,-0.6500000000000004,-4.140000000000043,-7.7600000000000335
1412,3.261006091,18.95,2.85495913,0.005296591826355769,-0.2999999999999998,-6.670000000000044,-6.040000020000022
1413,1.7391294,19.7,2.792549426,0.005188700111207582,-0.2999999999999998,-4.120000000000033,-3.890000000000043
1414,0.02257132,20.12,1.587247141,0.0034855854863761193,-0.35000000000000053,-3.1300000000000523,-7.630000000000038
1415,0.341455737,16.28,1.617846656,0.0035209971649229985,-0.1999999999999993,-3.9500000000000455,-5.700000000000031
1416,0.07589531,16.53,2.323954373,0.004445492894195408,-0.10000000000000053,-5.620000000000033,-6.5100000000000335
1417,1.021258737,23.67,0.511251153,0.0024424206762537126,-0.20000000000000018,-3.9500000000000455,-6.540000000000049
1418,3.382995036,9.43,4.462085864,0.008989939778855847,-0.14999999999999947,-1.9100000000000108,-1.690000000000012
1419,0.098452446,21.12,3.35900853,0.006253824179948865,-0.2999999999999998,-2.4300000000000352,-7.090000030000027
1420,0.018507794,12.89,0.245695629,0.0022370629245627117,-0.15000000000000036,-5.440000000000026,-7.250000000000043
1421,2.97979824,29.7,1.371129261,0.003245384932500603,-0.40000000000000036,-4.410000000000082,-7.790000000000077
1422,0.10802452,12.77,3.440797572,0.0064245998436258086,0.0,-3.5300000000000296,-6.440000000000026
1423,5.468024439,22.5,1.800745476,0.003740260015972338,-0.20000000000000018,-4.230000000000047,-3.2900000000000205
1424,0.227986125,27.08,5.709625682,0.013532194223503316,-0.5,-2.0300000000000864,-6.440000000000078
1425,0.083629437,7.62,2.301296317,0.004412374018470267,-0.20000000000000018,-0.7600000000000087,-4.010000000000019
1426,7.198923897,7.62,1.883764865,0.003844223761295827,-0.25,-1.0800000000000054,-4.010000000000026
1427,0.237076971,8.24,0.369966905,0.0023309261107743898,-0.09999999999999964,-1.7700000000000244,-5.830000000000027
1428,0.095858905,10.51,1.560434535,0.003454848122310618,-0.15000000000000036,-1.660000000000025,-5.060000000000031
1429,0.111491021,10.51,2.998507187,0.005553296073119856,-0.14999999999999947,-1.8700000000000188,-5.060000000000024
1430,0.025405437,14.38,2.378645721,0.004526457400098731,-0.4500000000000002,-2.360000000000028,-7.060000050000028
1431,0.199789881,13.85,1.053144617,0.002921644954446259,-0.14999999999999947,-1.7700000000000102,-2.410000000000025
1432,0.062636866,15.39,0.790158474,0.002678376542647401,-0.10000000000000053,-2.160000000000018,-5.500000000000028
1433,1.713267632,12.48,3.76456496,0.007147306641368458,-0.14999999999999947,-3.0800000000000267,-7.020000050000007
1434,0.512427891,11.63,1.676714539,0.003590134096423008,-0.09999999999999964,-3.670000000000016,-3.010000000000012
1435,2.334733092,6.67,0.387224656,0.002344268076472936,-0.10000000000000053,-1.1200000000000117,-2.4200000000000106
1436,0.429726751,6.67,0.199905529,0.0022034362957798377,-0.09999999999999964,-1.5900000000000176,-2.420000000000009
1437,0.250921672,6.67,0.901914591,0.002779182762157394,-0.10000000000000053,-1.490000000000009,-2.420000000000009
1438,0.049242586,11.58,3.218842057,0.0059715823190878954,-0.39999999999999947,-2.0200000000000315,-4.770000000000024
1439,0.542850991,14.84,1.527826903,0.003417831248130786,-0.25,-3.410000000000025,-5.640000040000032
1440,0.011349213,16.66,2.507932253,0.004723735439689206,-0.15000000000000036,-5.550000000000026,-7.680000000000035
1441,0.033652745,7.23,3.186063841,0.005907427731557652,-0.15000000000000036,-4.370000000000019,-4.270000000000024
1442,0.033102947,9.95,1.994998602,0.003988045640309602,-0.09999999999999964,-1.9600000000000222,-0.3000000000000124
1443,0.073265507,19.19,1.715476626,0.0036363948241535824,-0.25,-3.3400000000000603,-4.370000000000033
1444,0.136218636,15.34,2.764031473,0.005140129771893506,-0.09999999999999964,-2.160000000000011,-5.670000000000023
1445,0.029761777,15.34,3.399884701,0.006338602262816279,-0.4499999999999993,-2.0800000000000125,-5.67000000000003
1446,2.687044647,15.96,1.498015902,0.0033843351469339785,-0.1999999999999993,-5.090000000000021,-4.660000019999984
1447,0.05993018,17.0,2.133093374,0.004174075601988024,-0.09999999999999964,-3.92000000000003,-6.78000000000003
1448,0.039798746,8.89,2.579123704,0.0048359957784769834,-0.1999999999999993,-2.7800000000000153,-6.30000000000003
1449,0.045563402,15.18,1.56217968,0.0034568404728503145,-0.25,-3.7900000000000205,-6.55000000000004
1450,0.014373042,18.41,1.274619474,0.003143519912945941,0.0,-2.890000000000043,-6.270000000000039
1451,0.271593928,18.41,1.080185218,0.002947874642618147,-0.25,-3.2200000000000273,-6.2700000500000215
1452,0.195892834,15.22,4.08971433,0.007954274845181672,-0.40000000000000036,-1.7200000000000273,-4.340000000000032
1453,0.077732702,9.22,0.715276908,0.0026128805556012717,-0.15000000000000036,-4.420000000000023,-5.170000000000023
1454,0.310117193,12.0,3.560466151,0.006682849897383565,-0.25,-5.240000000000023,-6.67000000000003
1455,0.239068101,13.1,2.486889801,0.004691053373427763,-0.7999999999999998,-4.460000000000022,-8.80000000000004
1456,0.191165785,16.48,0.36127098,0.0023242320225906683,-0.09999999999999964,-2.560000000000059,-3.67000000000003
1457,3.736011618,10.33,2.458876072,0.0046478928620368,-0.25,-3.8000000000000256,-1.8800000000000239
1458,6.776848322,9.82,5.191422497,0.011420676531922577,-0.2999999999999998,-1.3900000000000112,-1.1000000000000227
1459,3.359022759,7.35,0.263894794,0.002250569504614936,0.0,-1.1700000000000088,-1.95000000000001
1460,3.994462553,11.43,4.443047811,0.00893388718002034,-0.25,-2.90000000000002,-2.090000000000032
1461,0.02341846,23.87,1.733353733,0.0036579299680747556,-0.25,-2.310000000000059,-6.980000000000047
1462,0.14531317,25.03,0.601978898,0.0025168076767197326,-0.14999999999999947,-2.9200000000000728,-4.82000000000005
1463,0.071354757,12.36,1.909098487,0.0038765181862094344,-0.14999999999999947,-2.90000000000002,-7.67000000000003
1464,0.011870824,12.36,2.56951161,0.004820685007529565,-0.20000000000000018,-2.890000000000029,-7.670000000000044
1465,0.167056648,21.55,2.313043211,0.004429513464517482,-0.1999999999999993,-3.05000000000004,-4.0400000000000205
1466,0.514981194,18.54,1.24137064,0.003109169451660233,-0.1999999999999993,-3.380000000000038,-5.900000000000027
1467,0.113891814,2.12,0.718821564,0.0026159445981358952,-0.14999999999999947,-0.9700000000000042,-0.10000000000000142
1468,3.167560726,10.57,2.125573891,0.004163727073625539,-0.1999999999999993,-4.17000000000003,-3.160000000000025
1469,0.190904647,17.31,0.695633631,0.002595965442312749,-0.15000000000000036,-4.2200000000000415,-4.980000000000032
1470,0.018730846,20.7,2.986242538,0.005530888324685019,-0.5,-6.780000000000058,-6.910000000000039
1471,0.031571537,17.3,2.62026171,0.004902071689759501,-0.2999999999999998,-3.9600000000000364,-6.880000020000011
1472,0.061236509,21.35,4.861004339,0.010247947058661961,-0.4499999999999993,-3.3600000000000563,-5.140000030000024
1473,0.640584693,23.42,0.280656696,0.002263081381284858,-0.15000000000000036,-2.960000000000065,-7.550000010000005
1474,0.627513919,23.42,0.91478968,0.0027910367420831655,-0.2999999999999998,-3.2500000000000426,-7.55000000000004
1475,0.024534251,7.69,3.094560839,0.005731938427829824,-0.20000000000000018,-2.3400000000000105,-3.1100000000000207
1476,1.684144334,13.09,0.298304531,0.0022763295668114594,-0.09999999999999964,-3.690000000000019,-5.960000000000026
1477,0.189630267,24.37,5.722637305,0.01358989447537457,-0.5,-4.700000000000074,-4.82000000000005
1478,0.320241279,8.12,2.311094783,0.004426666009133879,-0.20000000000000018,-2.260000000000012,-0.700000000000017
1479,0.842160662,8.57,3.812225406,0.007260300479514936,-0.14999999999999947,-2.840000000000032,-4.03000000000003
1480,0.237384707,18.94,1.071980754,0.0029398915045607994,-0.20000000000000018,-5.5100000000000335,-3.840000000000032
1481,0.830953608,23.38,3.80942491,0.007253612270701443,-0.34999999999999964,-5.380000000000024,-4.860000000000042
1482,0.014202823,11.57,2.256569139,0.004347716450287412,-0.35000000000000053,-5.380000000000024,-6.020000000000024
1483,0.058006568,14.53,3.026931334,0.005605575182651689,-0.40000000000000036,-4.620000000000026,-4.590000000000032
1484,0.339951126,11.78,3.075404713,0.005695861149187938,-0.35000000000000053,-1.5300000000000153,-1.6100000000000279
1485,0.098642522,24.8,3.622751769,0.006821318627049281,-0.34999999999999964,-4.370000000000033,-5.880000040000027
1486,3.149089887,14.72,0.303473988,0.0022802248976795387,-0.09999999999999964,-0.6900000000000261,-2.840000009999997
1487,0.051090635,14.72,1.856265023,0.0038094712058273196,-0.10000000000000053,-1.7600000000000193,-2.840000030000013
1488,0.023646351,7.95,1.757640515,0.003687390050738612,-0.3000000000000007,-5.40000000000002,-4.870000000000019
1489,0.135823754,5.13,0.226201903,0.002222685280454245,-0.09999999999999964,-2.980000000000011,-3.140000000000015
1490,0.077246573,27.24,3.970488731,0.007648384961847077,-0.4500000000000002,-2.8400000000000603,-5.860000000000042
1491,0.026874015,27.24,5.098231568,0.011077102427865882,-0.20000000000000018,-3.230000000000018,-5.860000000000042
1492,0.115044351,7.97,3.536129544,0.006629508320861241,-0.25,-4.240000000000016,-1.440000000000012
1493,0.324220915,15.18,0.521795278,0.0024509518352806648,-0.14999999999999947,-4.790000000000035,-6.2400000000000375
1494,0.952227925,6.16,0.496676855,0.0024306774877425052,-0.14999999999999947,-4.0700000000000145,-3.4000000000000163
1495,0.030274867,22.19,6.184971383,0.01580524446660028,-0.39999999999999947,-3.540000000000049,-3.2700000000000387
1496,0.019149575,9.65,1.065521253,0.002933621426062908,-0.15000000000000036,-3.3000000000000256,-3.8400000000000176
1497,0.070446424,8.29,0.908421649,0.0027851674642620458,-0.20000000000000018,-3.0200000000000244,-5.310000000000024
1498,0.305401146,12.73,0.643628713,0.0025517087363574682,0.0,-1.3400000000000318,-2.0800000000000125
1499,0.184018092,19.41,2.325734068,0.004448104701026041,-0.5,-2.550000000000008,-8.170000000000044
1500,0.072787126,16.91,5.885674355,0.01433377770237005,-0.14999999999999947,-2.0700000000000216,-1.7100000000000364
1501,1.363253311,17.99,0.258863816,0.0022468276285684615,-0.09999999999999964,-2.92000000000003,-5.390000040000004
1502,0.093530833,11.62,1.704958247,0.0036237832356122374,-0.14999999999999947,-3.0800000000000267,-3.630000000000017
1503,0.508691697,11.62,1.413273579,0.003290893636345842,-0.20000000000000018,-4.070000000000022,-3.630000000000017
1504,0.022473329,25.15,1.953416085,0.003933663932949086,-0.3000000000000007,-2.8400000000000603,-6.720000000000056
1505,0.16435429,25.15,0.903472973,0.002780614875726147,-0.25,-3.500000000000057,-6.720000010000035
1506,2.219144383,11.85,0.317719205,0.0022909935167329952,-0.10000000000000053,-3.880000000000024,-6.370000000000033
1507,0.177563124,23.14,8.480874362,0.03323377134704551,-0.5499999999999998,-3.5000000000000426,-3.650000000000034
1508,0.041763836,4.88,2.96085026,0.005484781527349917,-0.1999999999999993,-0.7800000000000082,-2.500000000000014
1509,0.145853722,11.97,1.967783184,0.003952369229331661,-0.10000000000000053,-4.500000000000021,-6.300000000000026
1510,0.037282896,4.27,0.877413039,0.0027567629070731144,-0.10000000000000053,-1.6700000000000088,-1.61000000000001
1511,3.139685974,6.97,0.618058585,0.0025302250931015504,-0.20000000000000018,-1.5200000000000067,-7.590000000000032
1512,1.4127503,32.11,0.473906503,0.0024124430002132667,-0.20000000000000018,-4.6500000000000625,-8.130000000000052
1513,2.863633787,35.39,6.273529006,0.016268454176194207,-0.14999999999999947,-2.500000000000057,-4.4900000000000375
1514,0.025811564,19.79,2.574292496,0.00482829427569449,-0.25,-2.820000000000036,-6.040000000000035
1515,0.018191425,19.79,1.1852697,0.0030520559988835194,-0.20000000000000018,-2.9400000000000404,-6.0400000500000175
1516,0.281191655,6.22,0.377561445,0.0023367880899872314,-0.09999999999999964,-1.1500000000000128,-3.5900000000000176
1517,0.084991415,6.22,1.990356218,0.0039819373764122595,-0.25,-2.0800000000000125,-3.5900000000000176
1518,0.394383125,15.01,3.579280141,0.0067243788464051825,-0.25,-2.5800000000000267,-3.90000000000002
1519,0.017886499,15.01,3.587759137,0.006743178601442241,-0.35000000000000053,-2.2800000000000153,-3.90000000000002
1520,1.866649145,13.12,0.080284594,0.0021179516614819593,0.0,-1.7100000000000222,-2.4000000500000027
1521,1.025129675,20.39,4.234430304,0.008341908505802274,-0.34999999999999964,-2.9700000000000557,-5.230000010000012
1522,0.10839686,20.39,1.545368483,0.003437695428199558,-0.25,-2.590000000000032,-5.230000029999999
1523,1.039937291,12.49,2.872396445,0.0053271337045278965,-0.40000000000000036,-2.1100000000000136,-6.260000010000027
1524,0.263748653,12.27,3.586024896,0.006739329174761895,-0.5,-1.490000000000009,-7.5000000400000175
1525,0.073574682,28.11,5.892433884,0.01436547069237293,-0.5499999999999998,-4.040000000000063,-7.430000000000064
1526,0.018483225,28.11,10.19316725,0.0571749402147586,-0.5499999999999998,-3.800000000000068,-7.430000000000064
1527,0.015721404,28.11,12.26698698,0.10761920583043748,-0.6499999999999995,-4.040000000000049,-7.430000000000064
1528,1.253589577,8.48,0.9817104,0.002853466955901141,-0.10000000000000053,-4.160000000000018,-3.0300000000000153
1529,0.133784609,20.27,1.819722973,0.0037637754709673116,-0.25,-5.020000000000039,-4.170000000000016
1530,3.161620653,15.94,1.688897464,0.0036046103025280606,-0.25,-4.2000000000000455,-7.630000000000038
1531,0.029674569,19.38,1.811489309,0.00375355491300514,-0.14999999999999947,-1.65000000000002,-3.840000030000013
1532,1.361235412,11.72,1.01531824,0.0028853429373039267,-0.15000000000000036,-1.9900000000000233,-3.3400000000000176
1533,0.415078275,11.72,0.402861549,0.0023564227354615393,0.0,-2.710000000000022,-3.3400000000000176
1534,1.151031933,12.61,3.743803738,0.007098633279547289,-0.25,-4.100000000000037,-2.460000000000022
1535,0.812237616,23.47,0.995936441,0.002866916823719765,-0.15000000000000036,-2.4800000000000324,-6.140000019999988
1536,2.392370061,23.47,0.329359822,0.0022998308584898037,-0.15000000000000036,-3.630000000000038,-6.140000000000043
1537,0.980291358,13.28,1.643278888,0.003550701572715649,-0.10000000000000053,-2.2800000000000296,-3.190000000000019
1538,0.268652581,17.54,0.640116165,0.002548746799762633,-0.14999999999999947,-1.2600000000000477,-3.64000003000001
1539,0.995211588,9.57,2.571655392,0.004824095578472112,-0.20000000000000018,-2.2700000000000315,-5.040000000000035
1540,0.107261095,9.57,0.289432293,0.0022696595561335527,0.0,-3.3500000000000156,-5.0400000000000205
1541,0.457526916,25.55,2.117703019,0.0041529223208542155,-0.4500000000000002,-3.8400000000000603,-6.600000000000051
1542,2.651671397,23.68,1.093433553,0.0029608112409889647,-0.20000000000000018,-4.210000000000036,-4.2400000000000375
1543,2.418375901,11.24,1.828012819,0.003774093777121702,-0.20000000000000018,-4.710000000000022,-3.910000000000025
1544,1.687885381,15.35,0.581203489,0.002499577029594218,-0.14999999999999947,-2.630000000000024,-5.950000000000031
1545,0.023711425,15.35,0.898116407,0.0027756954075218525,-0.15000000000000036,-3.9700000000000415,-5.950000000000031
1546,1.419388945,13.14,0.746833172,0.00264028456003459,-0.14999999999999947,-2.7800000000000153,-3.8200000000000216
1547,0.052585332,26.36,5.950216746,0.014639226795513197,-0.25,-4.420000000000016,-3.100000000000051
1548,0.857686805,12.73,0.77716664,0.0026668968307191087,-0.20000000000000018,-4.680000000000021,-6.7700000000000315
1549,0.666903348,12.73,0.532387164,0.002459551564854057,-0.1999999999999993,-5.110000000000028,-6.7700000000000315
1550,2.301305013,13.09,1.191461037,0.0030583073801697994,-0.09999999999999964,-4.430000000000028,-3.510000000000014
1551,1.141070402,19.16,1.401818626,0.0032784616587910958,-0.20000000000000018,-1.8900000000000432,-2.390000000000015
1552,0.311988472,15.63,2.115287232,0.004149611648590609,-0.20000000000000018,-2.2500000000000284,-3.880000000000024
1553,0.039742381,15.63,2.145537418,0.004191257747795881,-0.09999999999999964,-2.9400000000000404,-3.8800000000000305
1554,0.130683969,15.63,3.86374052,0.007384427815417149,-0.2999999999999998,-3.7900000000000205,-3.8800000300000193
1555,0.134226767,15.68,2.340528007,0.004469874886587856,-0.3000000000000007,-2.4800000000000324,-4.740000000000023
1556,0.071133134,16.19,5.67180345,0.013365839439424848,-0.40000000000000036,-4.510000000000019,-5.020000000000039
1557,0.045354193,13.44,1.806152774,0.0037469453728637718,-0.14999999999999947,-5.840000000000032,-6.210000000000036
1558,0.050317507,11.27,5.27370784,0.011732787443985716,-0.3000000000000007,-4.590000000000032,-6.290000000000035
1559,0.026290501,14.84,4.089874896,0.007954694875634698,-0.25,0.0,-0.5200000000000387
1560,0.268822047,14.84,6.900530757,0.019951962985734782,-0.39999999999999947,-1.6300000000000239,-0.5200000000000387
1561,4.010297537,16.4,1.780965302,0.0037159057217917343,-0.39999999999999947,-3.580000000000041,-6.750000000000043
1562,1.539691903,24.15,1.298018207,0.00316792045793527,-0.20000000000000018,-3.520000000000067,-5.160000010000019
1563,0.061308791,24.15,6.077110723,0.015258569870014184,-0.35000000000000053,-4.59000000000006,-5.160000000000053
1564,0.925760165,13.15,0.48214843,0.002419027320353002,-0.14999999999999947,-3.7800000000000296,-5.390000000000029
1565,0.706802244,13.15,0.545851101,0.00247052662287051,-0.15000000000000036,-5.2400000000000375,-5.390000000000029
1566,2.514783127,22.04,1.444163538,0.0033246529739241588,-0.20000000000000018,-6.060000000000031,-6.890000050000012
1567,0.045811017,14.15,1.976291188,0.003963487994890911,-0.25,-4.240000000000023,-3.5200000000000244
1568,0.705158928,18.27,1.933624926,0.003908041074661171,-0.15000000000000036,-3.5600000000000307,-2.3300000000000125
1569,0.661007341,11.55,1.840014676,0.003789082346985588,-0.15000000000000036,-4.430000000000028,-3.47000000000002
1570,0.874333866,7.17,0.865726201,0.002746132627042834,-0.14999999999999947,-2.3700000000000188,-4.97000000000002
1571,0.076008265,23.2,1.227352076,0.003094798795794871,-0.10000000000000053,-5.2000000000000455,-7.130000000000038
1572,2.001097954,1.89,0.734479197,0.0026295221754532206,-0.10000000000000053,-0.600000000000005,-0.26000000000000156
1573,1.13131821,1.89,1.100949794,0.0029681757726742752,-0.10000000000000053,-0.7500000000000036,-0.26000000000000156
1574,0.035972754,7.59,4.136617235,0.008077910028758215,-0.10000000000000053,-1.0400000000000045,-0.9200000000000088
1575,0.198663243,13.36,1.995382186,0.0039885507620713535,-0.35000000000000053,-4.500000000000021,-6.710000020000024
1576,0.037930184,18.48,0.790700714,0.0026788567411224528,-0.10000000000000053,-5.490000000000023,-8.010000020000035
1577,0.432624896,7.52,1.332107358,0.0032038074081127453,-0.10000000000000053,-1.6500000000000128,-1.6500000000000128
1578,0.191428149,17.93,0.275465841,0.002259199281201278,0.0,-4.210000000000051,-5.2400000000000375
1579,1.80210238,8.75,2.368193392,0.0045108712312533945,-0.20000000000000018,-2.240000000000016,-1.8100000000000094
1580,2.764927318,8.75,2.609622747,0.004884897739786528,-0.10000000000000053,-3.010000000000012,-1.8100000000000094
1581,0.540968293,17.41,0.871710894,0.0027515711523510063,-0.15000000000000036,-2.070000000000036,-4.15000000000002
1582,0.15211949,17.41,2.880876742,0.005342050397190439,-0.25,-3.380000000000024,-4.150000000000024
1583,5.23847288,12.72,2.646405218,0.004944529503358856,-0.20000000000000018,-2.0700000000000145,-5.8400000000000345
1584,0.029010345,13.63,0.562756273,0.0024843759874170314,-0.15000000000000036,-1.7600000000000335,-6.090000000000032
1585,0.649239845,13.63,0.561595068,0.002483422211638906,-0.09999999999999964,-3.5400000000000347,-6.090000000000032
1586,0.129098669,19.81,6.794335432,0.019275101518109978,-0.2999999999999998,-4.140000000000022,-4.710000000000036
1587,0.600407669,14.74,0.852001432,0.0027337008379381363,-0.1999999999999993,-3.410000000000039,-5.430000000000021
1588,1.415506806,15.47,0.45846087,0.0024001518844068734,-0.15000000000000036,-3.630000000000038,-5.880000000000024
1589,3.738573349,15.47,3.040621136,0.005630928471987077,-0.35000000000000053,-3.120000000000033,-5.880000000000038
1590,0.615808058,12.52,4.223157672,0.008311052581712098,-0.3000000000000007,-3.5500000000000185,-3.230000000000018
1591,0.507734252,14.02,0.144494392,0.0021634180646425824,0.0,-0.8100000000000165,-2.130000000000024
1592,0.578498018,14.02,0.383385651,0.0023412935683304343,-0.09999999999999964,-1.160000000000025,-2.130000000000024
1593,0.035283526,16.15,1.972443955,0.0039584563485206,-0.4500000000000002,-4.620000000000033,-6.960000000000036
1594,0.015117235,24.24,5.423003982,0.01232073766613361,-0.6500000000000004,-3.650000000000034,-6.340000000000032
1595,0.096760211,19.49,0.812434884,0.0026981750076678383,-0.20000000000000018,-2.4100000000000534,-3.390000000000034
1596,0.142890655,19.49,3.674541223,0.00693861988123881,-0.35000000000000053,-3.4500000000000455,-3.390000000000043
1597,1.03084156,7.51,0.10299991,0.0021339261436645928,0.0,-3.5000000000000284,-5.690000000000026
1598,0.014064898,12.08,5.11589443,0.011141427018717034,-0.5500000000000007,-2.8300000000000267,-7.110000030000037
1599,1.789800967,5.51,1.348347792,0.003221046564335493,-0.20000000000000018,-2.930000000000014,-2.7800000000000153
1600,0.093685709,5.51,3.137015324,0.005812705897219076,-0.20000000000000018,-5.580000000000027,-2.7800000000000153
1601,1.784063868,18.43,6.392948004,0.016914285762600036,-0.25,-2.3800000000000523,-3.01000000000003
1602,0.886765921,17.96,7.409444796,0.023532269595013675,-0.6000000000000005,-3.2600000000000335,-6.460000000000036
1603,0.097804908,4.53,0.653684621,0.002560207322556042,-0.10000000000000053,-0.6600000000000072,-0.1600000000000037
1604,0.016782085,4.53,2.400634938,0.004559422235807657,-0.20000000000000018,-1.7100000000000115,-0.1600000000000037
1605,0.052853784,32.71,3.414467983,0.00636912388251652,-0.5,-3.9000000000000625,-7.760000000000048
1606,0.016311924,32.71,6.803000909,0.019329479079699393,-0.5,-3.2100000000000364,-7.760000000000048
1607,3.565590809,12.74,1.064388818,0.0029325235737521034,-0.15000000000000036,-3.65000000000002,-4.950000000000031
1608,0.020892919,29.46,1.068360601,0.0029363758672435484,-0.6000000000000005,-4.2000000000000455,-8.510000049999974
1609,0.030071717,17.88,6.071997691,0.01523312259397708,-0.4500000000000002,-2.9900000000000517,-5.310000000000031
1610,0.170340259,14.55,5.998968096,0.01487418687248433,-0.39999999999999947,-4.280000000000044,-7.140000000000043
1611,0.021328653,27.36,6.231075378,0.016044753361441077,-0.9000000000000004,-3.30000000000004,-8.280000010000052
1612,0.0525868,23.0,5.089415648,0.011045134141044022,-0.35000000000000053,-1.910000000000025,-5.390000000000043
1613,1.184343826,15.55,3.353872236,0.006243251392885473,-0.10000000000000053,-4.380000000000024,-3.410000000000025
1614,0.04397499,15.55,0.852537839,0.0027341856556758635,-0.10000000000000053,-3.8800000000000168,-3.410000000000018
1615,1.803072316,12.22,5.152686519,0.011276604626115678,-0.20000000000000018,-2.8200000000000216,-3.8100000199999897
1616,0.013899036,8.05,2.396891569,0.004553793584501379,-0.25,-1.470000000000013,-4.5300000000000225
1617,1.33976503,28.16,6.987878662,0.02052610241564995,-0.6000000000000005,-5.960000000000065,-7.510000000000048
1618,0.177707899,24.54,7.084693372,0.021181374063004008,-0.4499999999999993,-4.560000000000031,-4.540000000000022
1619,0.891172467,27.76,6.413703969,0.017029078855411977,-0.8500000000000005,-7.740000000000066,-8.31000000000006
1620,0.060292706,23.24,5.925003855,0.014519150069219923,-0.34999999999999964,-4.380000000000052,-3.2400000000000375
1621,0.040064351,21.89,4.400114694,0.008808749807864431,-0.15000000000000036,-3.3100000000000307,-5.470000000000027
1622,0.011716717,21.89,8.052392926,0.0289605722613517,-0.40000000000000036,-4.460000000000065,-5.470000000000027
1623,0.771758278,9.4,0.752914321,0.002645598384975944,-0.15000000000000036,-3.5600000000000307,-5.200000000000024
1624,3.062640499,2.29,0.935554549,0.002810261092993284,-0.09999999999999964,-2.550000000000008,-0.5000000000000036
1625,0.355431109,2.29,1.092079561,0.0029594865161023313,-0.10000000000000053,-1.1200000000000045,-0.5000000000000071
1626,6.318225306,25.62,7.850089137,0.027133032517138264,-0.5,-6.100000000000051,-7.9500000000000455
1627,0.962742592,13.51,0.679826499,0.0025824330318014845,-0.09999999999999964,-4.67000000000003,-4.81000000000002
1628,0.023642583,18.16,4.767614577,0.009938649474802623,-0.10000000000000053,-2.1700000000000443,-1.920000000000016
1629,0.018938758,18.16,4.837229752,0.010168315637712796,-0.1999999999999993,-2.3000000000000114,-1.920000000000016
1630,0.246551095,14.9,4.056891768,0.007868873421381876,-0.2999999999999998,-2.160000000000039,-2.65000000000002
1631,0.04019553,24.9,5.357291847,0.012058451481585322,-0.2999999999999998,-4.570000000000029,-6.130000000000052
1632,0.053064493,11.72,0.839921303,0.002722805199352536,0.0,-3.6200000000000188,-5.0500000000000185
1633,3.808425341,14.88,3.223325901,0.005980411922546994,-0.6500000000000004,-5.870000000000033,-8.860000000000042
1634,2.585984619,14.88,5.850872105,0.014171690025330285,-0.4500000000000002,-7.080000000000034,-8.860000000000042
1635,5.153767275,12.08,0.008288542,0.0020681049073781065,0.0,-2.7600000000000335,-5.510000000000026
1636,0.018664555,12.08,1.635197761,0.003541235989367096,-0.15000000000000036,-3.2400000000000233,-5.510000000000019
1637,3.068838105,2.57,0.693343059,0.0025940001213400252,-0.15000000000000036,-1.220000000000006,-1.9000000000000128
1638,0.067001933,6.69,2.63440713,0.004924999020700367,-0.2999999999999998,-1.5300000000000082,-2.200000000000017
1639,0.447489385,10.34,3.769952073,0.0071599904344532275,-0.3000000000000007,-3.3900000000000183,-5.600000050000006
1640,4.144223349,7.69,0.492955087,0.002427687725352806,-0.1999999999999993,-2.880000000000013,-5.270000000000024
1641,0.078404807,3.55,0.193969901,0.0021991144686679767,-0.10000000000000053,-2.7400000000000126,-0.9000000000000057
1642,0.685006947,6.16,2.145781905,0.004191596028370772,-0.1999999999999993,-2.420000000000009,-1.0800000000000125
1643,0.186384033,23.53,1.266542152,0.0031351403354632893,-0.1999999999999993,-2.9000000000000625,-5.380000000000058
1644,0.116180929,16.33,4.192865984,0.00822869646239289,-0.25,-2.590000000000032,-3.2400000000000233
1645,0.026772604,16.33,4.389820745,0.008779005112860064,-0.20000000000000018,-2.5000000000000284,-3.2400000200000107
1646,0.059045882,16.33,5.440659361,0.012392163175433105,-0.3000000000000007,-2.950000000000017,-3.2400000000000375
1647,0.03867564,10.07,0.796710151,0.002684184348010712,-0.10000000000000053,-2.8000000000000114,-2.970000000000013
1648,0.04142869,16.82,0.948100193,0.0028219399214743884,-0.14999999999999947,-2.6700000000000443,-3.230000029999985
1649,0.113966796,16.82,3.45279491,0.0064500369746949456,-0.2999999999999998,-3.460000000000022,-3.230000000000018
1650,0.04107481,26.87,11.20578014,0.07819817981757432,-0.7000000000000002,-4.000000000000057,-8.040000000000077
1651,0.643532089,26.87,7.994579905,0.028426454484086018,-0.6000000000000005,-4.020000000000039,-8.040000000000049
1652,2.614336581,11.03,2.792447388,0.005188525513924286,-0.2999999999999998,-3.410000000000025,-3.660000000000039
1653,0.127967237,17.25,0.983428387,0.0028550878633020094,0.0,-2.4900000000000375,-4.460000010000016
1654,0.150663347,21.48,1.273040467,0.0031418800653184894,-0.20000000000000018,-4.790000000000035,-5.120000040000036
1655,0.054720222,25.69,3.957642016,0.007616129696100182,-0.2999999999999998,-2.8400000000000603,-4.72000000000003
1656,0.34271565,25.69,4.49954915,0.009101260245674534,-0.4499999999999993,-3.330000000000041,-4.720000000000056
1657,1.149581977,15.83,1.53825167,0.0034296224782572678,-0.09999999999999964,-2.360000000000028,-3.4900000000000233
1658,5.347274867,13.01,0.050204154,0.002096981171537263,-0.10000000000000053,-3.7600000000000335,-6.070000009999987
1659,2.232543838,9.53,1.755472189,0.0036847502697834105,-0.25,-1.8600000000000136,-2.2800000000000153
1660,0.074362551,9.53,3.387432749,0.006312656395462833,-0.2999999999999998,-2.480000000000018,-2.2800000000000296
1661,0.013912701,22.23,6.045372368,0.015101283645463748,0.0,-6.660000000000039,-6.920000000000044
1662,0.917035311,16.4,6.704960124,0.018722932961394916,-0.5,-2.660000000000025,-6.370000000000033
1663,0.069746961,10.46,2.710868254,0.005050789246884314,-0.09999999999999964,-1.5700000000000216,-4.890000000000029
1664,1.682231744,10.46,0.328544875,0.002299211060092941,-0.10000000000000053,-3.2800000000000296,-4.890000000000022
1665,0.123460496,10.46,1.709946768,0.0036297590547057063,-0.20000000000000018,-2.3300000000000196,-4.890000000000022
1666,0.228286248,29.42,5.938919898,0.014585304912537834,-0.5,-5.730000000000047,-6.710000000000065
1667,0.552329178,17.99,6.924332103,0.02010683175987518,-0.25,-4.03000000000003,-1.7800000000000296
1668,0.246885818,12.44,2.322117996,0.004442799503645298,-0.25,-2.8700000000000188,-5.610000000000028
1669,0.058002108,21.32,0.24112431,0.002233683030574405,-0.09999999999999964,-3.3400000000000603,-5.7000000200000045
1670,0.724826136,21.32,0.764318055,0.002655591958997252,-0.25,-4.470000000000084,-5.700000030000012
1671,1.063800969,12.7,4.20547257,0.00826287208465526,-0.09999999999999964,-3.410000000000025,-7.780000040000033
1672,0.087548996,15.93,1.476589273,0.003360462125342061,-0.25,-5.050000000000026,-8.06000001000001
1673,1.873518034,8.33,0.617637378,0.002529872715861707,-0.10000000000000053,-0.680000000000021,-1.210000000000008
1674,8.068345467,13.82,0.361030046,0.0023240468258814667,-0.15000000000000036,-4.460000000000036,-6.390000000000029
1675,0.193135903,16.7,0.515188221,0.0024456026525622103,0.0,-3.8100000000000307,-5.160000000000025
1676,1.045556431,13.78,0.632720325,0.002542521506020758,-0.20000000000000018,-4.610000000000028,-6.19000000000004
1677,0.144959635,14.4,2.194230012,0.00425916981441645,-0.20000000000000018,-4.660000000000025,-3.750000000000014
1678,0.012759679,14.4,0.544118038,0.0024691111908158063,-0.15000000000000036,-3.72000000000002,-3.7500000000000213
1679,2.598746874,16.99,1.151020994,0.003017704585789525,-0.15000000000000036,-4.250000000000028,-5.37000000999997
1680,2.629588033,16.68,0.342975519,0.0023102108098998347,-0.14999999999999947,-4.130000000000052,-6.250000000000028
1681,0.012132393,25.41,1.416140732,0.0032940126819229745,-0.6500000000000004,-4.300000000000068,-8.440000000000055
1682,0.785009457,28.28,1.900552225,0.0038655936137261264,-0.25,-4.750000000000057,-5.730000000000047
1683,0.117903404,10.62,1.523407772,0.0034128450648207723,-0.20000000000000018,-2.7700000000000244,-5.370000000000033
1684,0.166777977,26.44,1.389980411,0.0032656629134583614,-0.4500000000000002,-3.850000000000051,-8.160000000000053
1685,0.012384711,15.54,5.17433638,0.011356904695179078,-0.20000000000000018,-2.9100000000000144,-5.82000000000005
1686,0.081528678,32.25,5.635083623,0.013206263939831,-0.6000000000000005,-2.55000000000004,-8.200000000000045
1687,11.68554896,17.0,0.834434108,0.0027178703533679,-0.09999999999999964,-5.330000000000027,-6.45000001999999
1688,0.030662249,11.64,5.98012226,0.014782921042586576,-0.15000000000000036,-2.2500000000000284,-4.910000000000025
1689,0.011901484,24.8,5.467720966,0.012502436306729314,-0.9000000000000004,-4.600000000000051,-8.190000000000055
1690,0.264445213,15.85,3.260194431,0.006053507334438216,-0.25,-1.110000000000042,-0.8900000000000148
1691,0.018275756,16.23,3.381739914,0.006300829534887821,-0.15000000000000036,-2.4700000000000557,-2.7400000399999733
1692,3.116832101,9.8,0.618055382,0.0025302224133215276,-0.09999999999999964,-2.400000000000013,-2.9800000000000146
1693,0.802333282,14.11,1.331500907,0.003203165447110437,-0.20000000000000018,-6.050000000000033,-6.19000000000004
1694,5.566541223,19.0,1.645723594,0.003553570068999079,-0.2999999999999998,-3.940000000000026,-6.9900000000000375
1695,0.147981562,9.51,2.711367397,0.0050516208272843866,-0.25,-3.430000000000021,-4.7400000000000375
1696,0.868167161,6.55,0.231017659,0.0022262285547115126,-0.09999999999999964,-2.5500000000000114,-3.530000000000019
1697,6.343306969,13.13,0.659640944,0.0025652545192960357,-0.15000000000000036,-2.1800000000000495,-3.5600000000000165
1698,4.01668202,3.53,0.744015787,0.0026378262844482963,-0.10000000000000053,-4.950000000000021,-3.5700000000000145
1699,0.013109747,5.68,1.711611649,0.003631755623391972,-0.34999999999999964,-5.520000000000024,-7.330000000000034
1700,0.057613289,15.02,2.477323634,0.004676270195922877,-0.15000000000000036,-0.6500000000000199,-2.5800000000000267
1701,1.926165611,14.65,4.085389818,0.007942970468737551,-0.20000000000000018,-2.8800000000000168,-7.310000010000024
1702,0.058819747,12.8,1.819965421,0.003764076844769044,-0.10000000000000053,-3.180000000000021,-2.2400000000000233
1703,1.677068073,10.26,3.001262025,0.005558341617789947,0.0,-1.180000000000021,-0.9300000100000005
1704,0.73079405,10.26,1.158183893,0.0030248569419386137,-0.14999999999999947,-0.20000000000001705,-0.9300000000000068
1705,1.493568617,6.98,2.44097992,0.004620527551804541,-0.10000000000000053,-2.20000000000001,-1.5600000000000114
1706,5.287432806,23.34,0.957824952,0.002831026055091498,-0.20000000000000018,-2.0900000000000603,-3.7700000000000387
1707,0.125820425,23.34,3.122487477,0.005784940868978182,-0.2999999999999998,-3.9900000000000375,-3.7700000000000387
1708,0.03834986,6.67,0.658626274,0.0025643940197543407,-0.15000000000000036,-2.0600000000000165,-3.360000000000017
1709,0.983088751,24.12,2.719403475,0.005065027830636165,-0.15000000000000036,-1.8800000000000523,-0.9500000000000455
1710,0.54508607,15.49,6.35008305,0.016679618423432973,-0.34999999999999964,-1.2300000000000182,-1.4700000000000273
1711,1.097154495,12.85,0.279461892,0.002262187230422803,-0.09999999999999964,-2.220000000000013,-3.0500000000000256
1712,0.575237972,24.12,3.880149078,0.007424405357167224,-0.40000000000000036,-3.5200000000000387,-6.260000000000048
1713,4.199150091,24.12,4.919812253,0.010447581334842642,-0.09999999999999964,-4.810000000000059,-6.260000000000048
1714,0.036057526,24.12,5.866518806,0.014244338089255518,-0.15000000000000036,-5.190000000000055,-6.260000030000015
1715,0.168801498,18.29,0.669196308,0.002573372167117242,-0.14999999999999947,-5.140000000000043,-5.120000000000019
1716,2.673490779,12.8,1.609469471,0.0035112670757421922,-0.25,-4.660000000000025,-5.260000000000019
1717,0.697809814,16.2,5.314750016,0.011891597298870658,-0.25,-1.120000000000033,-0.34000000000003183
1718,0.045769894,10.58,3.684171343,0.006960651590262199,0.0,-1.5400000000000205,-1.2300000000000182
1719,1.257804446,13.36,2.142659262,0.004187277475933033,-0.2999999999999998,-3.7800000000000153,-5.710000000000036
1720,0.353471563,17.77,1.690610128,0.0036066500111539435,-0.25,-3.5100000000000477,-5.940000020000028
1721,1.678868711,17.77,4.120885672,0.00803623093237061,-0.20000000000000018,-5.350000000000037,-5.940000050000023
1722,2.415843392,6.65,0.112889231,0.0021409182926847604,-0.10000000000000053,-3.750000000000014,-6.520000000000024
1723,0.195215776,8.18,0.930358165,0.0028054378700409634,-0.1999999999999993,-3.240000000000016,-6.620000000000033
1724,0.52681961,9.32,1.128086946,0.0029949175151180256,-0.15000000000000036,-1.7700000000000244,-3.5500000000000185
1725,0.7519728,31.12,1.253726197,0.0031218904742129996,-0.2999999999999998,-5.020000000000067,-7.34000000000006
1726,3.029480431,12.26,0.751292223,0.0026441799223272913,-0.15000000000000036,-2.8800000000000168,-4.130000000000024
1727,0.015355425,10.61,2.006963965,0.00400383224746057,-0.14999999999999947,-2.980000000000018,-6.92000000000003
1728,0.050405902,9.31,1.902757089,0.003868409123070393,-0.25,-5.1600000000000215,-2.890000000000015
1729,0.093527057,11.87,3.598416028,0.006766881271238484,-0.20000000000000018,-2.7200000000000273,-3.3200000200000233
1730,0.032679803,24.92,4.192989647,0.008229031022879108,-0.3000000000000007,-2.0300000000000296,-2.190000000000026
1731,1.401253564,14.44,4.162050158,0.00814574579562791,-0.3000000000000007,-1.7100000000000115,-4.480000000000018
1732,0.07698009,14.44,5.048447599,0.010897768827656678,-0.4499999999999993,-1.190000000000012,-4.480000000000032
1733,0.566262849,32.06,6.81690616,0.0194170516701912,-0.5499999999999998,-3.190000000000083,-5.940000000000055
1734,4.081668296,32.06,5.736152045,0.013650082700568483,-0.35000000000000053,-4.320000000000078,-5.940000000000055
1735,0.031167449,32.31,3.027458098,0.005606548637866986,-0.25,-4.050000000000068,-8.040000000000049
1736,0.032990395,32.31,6.132919356,0.015539062062035583,-0.6000000000000005,-3.2100000000000364,-8.04000000000002
1737,1.181847822,19.83,4.232508304,0.008336639505066896,-0.25,-4.950000000000031,-2.0900000000000394
1738,0.057753132,5.59,0.229525157,0.0022251298187660903,0.0,-0.7300000000000075,-3.030000000000012
1739,0.083528628,5.59,0.783719711,0.002672681041899354,-0.09999999999999964,-0.8600000000000136,-3.0300000000000153
1740,0.159408494,22.0,3.622512691,0.0068207817165498305,-0.25,-2.6200000000000614,-2.5200000000000387
1741,0.089212306,10.72,1.181007637,0.0030477600066908194,-0.25,-4.190000000000019,-5.240000000000023
1742,0.334810364,24.75,6.098243719,0.015364192309042585,-0.2999999999999998,-3.1200000000000614,-1.6400000000000432
1743,0.09753782,4.93,2.090939042,0.0041163904922607315,-0.09999999999999964,-2.530000000000012,-0.70000000000001
1744,3.40458544,15.24,2.911765274,0.005396734872543856,-0.3000000000000007,-4.570000000000022,-4.200000000000031
1745,0.890702826,20.03,1.975924098,0.003963007617368917,-0.10000000000000053,-2.9600000000000364,-3.560000000000029
1746,0.105403873,15.32,2.639310745,0.0049329718306765765,-0.14999999999999947,-4.270000000000024,-3.6800000000000352
1747,0.225069401,11.63,3.672021991,0.006932867838971259,-0.15000000000000036,-2.2000000000000313,-2.5200000000000244
1748,1.833298767,16.18,1.779986447,0.0037147046199216514,-0.25,-3.0100000000000477,-5.060000000000031
1749,0.030524967,14.95,3.955907508,0.007611785084895572,-0.34999999999999964,-2.8800000000000168,-0.7300000000000182
1750,1.83656842,14.94,4.243430696,0.008366626291502212,-0.35000000000000053,-2.7900000000000134,-2.9500000000000313
1751,0.731414678,26.21,4.52804637,0.009186852071250622,-0.35000000000000053,-4.84000000000006,-8.200000000000045
1752,5.197405347,19.04,1.690604396,0.003606643182672621,-0.34999999999999964,-5.2400000000000375,-6.560000000000031
1753,0.155588186,19.04,0.357435348,0.002321285467420927,-0.14999999999999947,-5.190000000000055,-6.560000000000031
1754,0.474838063,23.35,5.908768407,0.01444234270406707,-0.14999999999999947,-3.5100000000000477,-2.0400000000000205
1755,1.162591662,10.22,1.657488042,0.0035674062115052933,-0.1999999999999993,-2.5300000000000153,-6.60000000000003
1756,0.049442551,9.75,2.275258767,0.004374618626717063,0.0,-4.430000000000028,-4.390000000000029
1757,0.068069309,21.73,2.083450319,0.0041062260881258895,-0.40000000000000036,-2.8300000000000267,-6.020000000000024
1758,0.012674219,14.29,2.13951617,0.004182935117211237,-0.2999999999999998,-2.900000000000034,-6.680000030000016
1759,2.143437835,11.52,1.099794272,0.002967042387037162,-0.09999999999999964,-2.22000000000002,-4.810000000000024
1760,2.330144433,21.87,5.448089,0.012422342155059928,-0.4500000000000002,-3.07000000000005,-6.09000000000006
1761,0.023456859,8.97,1.783041636,0.0037184547638005553,-0.15000000000000036,-2.680000000000014,-1.5000000000000284
1762,0.556749799,9.04,1.061883078,0.002930095810705466,-0.25,-0.5300000000000047,-5.510000000000026
1763,0.439734542,30.24,5.459446765,0.012468617390996457,-0.5,-5.32000000000005,-6.80000000000004
1764,3.731877538,23.45,4.898073694,0.010373341407831041,-0.4500000000000002,-1.170000000000016,-4.270000000000039
1765,2.180353322,23.45,8.151160301,0.02989565864110707,-0.15000000000000036,-2.0900000000000176,-4.270000000000067
1766,0.057836747,13.81,3.751643371,0.0071169740064795,-0.2999999999999998,-2.820000000000036,-2.060000009999996
1767,0.206039046,17.01,1.006073678,0.0028765395268338196,-0.1999999999999993,-5.260000000000019,-5.180000000000035
1768,2.905302232,16.54,3.029151796,0.005609679716071042,-0.5,-4.900000000000034,-7.770000000000039
1769,0.593105246,9.1,1.823264742,0.0037681804399873424,-0.25,-3.6100000000000207,-5.940000000000026
1770,0.121022079,19.7,2.049436667,0.004060373218698244,-0.25,-3.55000000000004,-8.180000000000035
1771,0.018773508,19.7,5.417648378,0.012299151840483085,-0.4500000000000002,-3.830000000000041,-8.180000000000064
1772,0.046330504,7.11,2.300247094,0.004410846352921379,-0.2999999999999998,-3.3500000000000156,-6.570000000000029
1773,0.815510605,12.49,0.129723581,0.0021528734793537264,-0.10000000000000053,-3.8200000000000216,-4.0500000000000185
1774,0.823614863,20.88,0.32596576,0.0022972506424317396,-0.20000000000000018,-4.570000000000078,-7.290000000000035
1775,0.080864943,7.24,0.534685091,0.002461421260077506,-0.14999999999999947,-1.410000000000018,-2.240000000000016
1776,0.212828356,7.24,0.580293206,0.002498824758487998,-0.10000000000000053,-2.0800000000000125,-2.2400000000000126
1777,0.363049871,21.19,0.613603111,0.0025265001702131254,-0.14999999999999947,-3.6800000000000352,-5.310000050000028
1778,0.782629435,21.19,1.810082514,0.003751811407174207,-0.20000000000000018,-3.4700000000000273,-5.310000000000031
1779,0.604370225,8.21,1.83901465,0.0037878311988698518,-0.09999999999999964,-3.010000000000012,-5.610000000000028
1780,7.620519855,16.36,1.021469409,0.0028912154509666095,-0.10000000000000053,-3.3100000000000307,-3.220000000000013
1781,0.27125291,5.34,0.661759242,0.002567051888323463,-0.10000000000000053,-0.6600000000000108,-1.3800000000000097
1782,0.616885773,5.34,0.175521049,0.0021857354865675144,0.0,-1.0500000000000114,-1.3800000000000097
1783,0.34458524,5.34,0.666044764,0.0025706919820062536,-0.15000000000000036,-0.45000000000001705,-1.3800000000000097
1784,1.39101187,7.36,0.340014847,0.0023079497667627662,-0.09999999999999964,-3.480000000000018,-3.920000000000023
1785,0.414864384,13.67,4.911383231,0.01041873296147065,-0.2999999999999998,-3.410000000000018,-2.8200000000000105
1786,0.358743812,8.79,0.369091495,0.0023302513538773877,-0.10000000000000053,-2.1300000000000097,-2.480000000000011
1787,0.554587854,8.79,0.427237498,0.002375495833671526,-0.09999999999999964,-2.5800000000000125,-2.480000000000011
1788,0.212514596,11.89,0.470284088,0.002409554779707327,-0.25,-3.160000000000039,-7.850000000000037
1789,2.907327563,16.99,1.636547623,0.0035428153582931663,-0.20000000000000018,-5.890000000000043,-6.750000000000043
1790,0.023561365,16.99,1.986552875,0.003976940034170955,-0.35000000000000053,-5.65000000000002,-6.750000000000043
1791,0.125447897,11.89,1.398046969,0.0032743785591092156,-0.1999999999999993,-2.390000000000029,-4.480000000000032
1792,3.785488993,18.68,1.633088575,0.003538769598697964,-0.3000000000000007,-2.4600000000000364,-5.470000000000027
1793,0.101541209,17.42,6.869148638,0.019749553241913468,-0.10000000000000053,-4.870000000000061,-2.6700000000000443
1794,0.017541457,17.42,6.797427533,0.019294487825565518,-0.4500000000000002,-3.950000000000024,-2.6700000000000443
1795,0.023364997,8.69,2.800212976,0.005201829933514089,-0.2999999999999998,-3.010000000000012,-3.940000000000026
1796,0.370446857,24.38,6.880091595,0.019819904090413763,-0.5499999999999998,-3.5300000000000296,-8.06000000000006
1797,3.379950562,20.16,3.23104701,0.005995646784330812,-0.40000000000000036,-2.2000000000000313,-5.270000019999969
1798,0.063440685,20.16,3.13651483,0.005811747173751858,-0.39999999999999947,-2.890000000000015,-5.270000000000039
1799,9.19836625,4.87,0.44248915,0.00238750782234782,-0.10000000000000053,-1.6800000000000068,-1.95000000000001
1800,0.199898804,20.56,3.870993459,0.007402072340510593,-0.3000000000000007,-1.2500000000000568,-0.8500000000000227
1801,3.844122143,22.04,0.534804742,0.002461518652256812,-0.10000000000000053,-4.020000000000039,-4.4000000200000216
1802,0.032644065,6.88,0.440965561,0.0023863051456490055,-0.09999999999999964,-1.190000000000019,-3.1100000000000136
1803,0.044703117,6.88,0.981781802,0.002853534304854543,-0.10000000000000053,-1.5400000000000205,-3.110000000000017
1804,0.04738799,14.01,1.010948455,0.0028811783359400495,-0.15000000000000036,-3.5600000000000307,-5.3000000100000335
1805,0.352209199,15.09,0.19892262,0.002202720038734197,0.0,-1.7500000000000284,-2.600000000000025
1806,0.926718807,11.1,0.797012246,0.0026844524461163972,-0.10000000000000053,-3.5000000000000213,-3.690000000000019
1807,0.022691431,16.54,5.631976903,0.013192849445980615,-0.35000000000000053,-4.05000000000004,-2.9300000000000352
1808,0.395217804,28.81,1.961654562,0.003944379236702255,-0.1999999999999993,-3.3400000000000603,-6.930000020000005
1809,1.006665211,28.81,2.754612446,0.005124187335792305,-0.4499999999999993,-4.380000000000052,-6.930000050000018
1810,0.039936441,8.76,4.307378484,0.008544349478168373,-0.25,-2.3000000000000185,-2.0600000000000165
1811,0.255434904,11.85,3.398312782,0.00633532105376114,-0.5499999999999998,-5.110000000000028,-7.880000000000038
1812,0.905249602,26.54,2.956824995,0.005477507712721468,-0.4500000000000002,-4.84000000000006,-8.000000000000057
1813,0.146169795,8.64,0.813206815,0.002698863682183229,-0.09999999999999964,-2.570000000000011,-3.0200000000000173
1814,1.349412252,12.01,0.871766605,0.002751621829547742,-0.10000000000000053,-3.2400000000000233,-4.130000000000017
1815,0.392316409,2.53,1.032730342,0.0029019971467214947,-0.15000000000000036,-1.0700000000000047,-1.3500000000000085
1816,0.713913267,4.09,1.752163751,0.0036807261120944475,-0.25,-4.170000000000016,-3.9700000000000166
1817,0.571424402,12.68,0.145629265,0.00216423035633578,0.0,-5.010000000000019,-5.560000000000024
1818,0.037519003,13.54,0.673216946,0.002576795507063057,-0.20000000000000018,-3.380000000000024,-6.020000020000026
1819,0.023373692,19.99,1.376268492,0.0032509006718571365,-0.2999999999999998,-2.3000000000000123,-6.390000000000043
1820,0.132309725,12.8,2.442719437,0.004623180425179005,-0.20000000000000018,-2.350000000000037,-7.840000010000011
1821,0.499513553,27.68,1.598607734,0.0034986910646061984,-0.15000000000000036,-3.6600000000000534,-6.610000000000042
1822,0.095173207,20.24,0.206967502,0.0022085892738719234,-0.10000000000000053,-5.800000000000026,-7.230000000000032
1823,0.033189966,27.45,6.364862076,0.016760163540168443,-0.40000000000000036,-4.190000000000055,-7.100000000000033
1824,0.331530214,10.52,0.697537704,0.0025976002757571236,-0.25,-4.890000000000029,-7.5100000000000335
1825,0.045806617,21.96,3.141497084,0.005821297962936883,-0.34999999999999964,-4.270000000000067,-7.390000000000034
1826,8.006872371,21.79,7.042005091,0.02088996129909344,-0.3000000000000007,-3.5700000000000784,-4.660000000000025
1827,1.170373451,13.15,0.163385415,0.002176979121835548,0.0,-0.35000000000002274,-1.2700000000000244
1828,0.497882821,20.18,0.356884354,0.002320862496818965,0.0,-5.190000000000055,-5.760000000000026
1829,0.675318506,5.84,0.167129921,0.0021796771982539797,0.0,-1.6500000000000092,-2.5300000000000153
1830,0.403805314,13.0,2.807503794,0.005214351837821156,-0.25,-3.6700000000000133,-7.030000000000044
1831,0.020471538,7.51,0.78918675,0.002677516215241473,-0.09999999999999964,-0.9100000000000108,-2.0400000000000205
1832,2.972635406,9.23,2.222753198,0.004299459149990114,-0.15000000000000036,-2.5300000000000153,-2.5800000000000125
1833,0.382680892,11.23,2.059715481,0.004074175777686339,-0.25,-4.220000000000027,-4.90000000000002
1834,2.249502463,12.06,3.176987317,0.00588978430866801,-0.1999999999999993,-1.4200000000000443,-1.6000000000000085
1835,3.566063352,16.34,0.370599551,0.002331413869048284,-0.14999999999999947,-4.7400000000000375,-6.710000000000029
1836,1.349014286,13.43,2.114201853,0.004148125066080768,-0.35000000000000053,-4.2800000000000225,-6.980000000000032
1837,0.011982727,15.99,2.776333289,0.005161025883203994,0.0,-1.110000000000042,-1.870000000000033
1838,2.840763517,8.52,0.329268826,0.0022997616442812217,-0.10000000000000053,0.3399999999999821,-0.2500000000000142
1839,3.41984536,9.46,0.618585344,0.0025306658429051433,-0.09999999999999964,-0.3900000000000432,-0.4900000000000233
1840,0.056283968,18.55,0.805788777,0.0026922529607743767,-0.1999999999999993,-1.5000000000000568,-3.5300000399999902
1841,0.1550652,18.06,4.170367396,0.008168052245471558,-0.2999999999999998,-3.440000000000026,-2.1100000000000136
1842,2.398068556,13.17,0.424477129,0.002373328257786354,-0.10000000000000053,-3.130000000000038,-4.430000000000021
1843,0.090948131,19.13,1.124376575,0.002991247079207099,-0.1999999999999993,-3.640000000000043,-4.250000000000028
1844,2.357442179,19.48,2.031658825,0.004036610681665538,-0.2999999999999998,-5.350000000000023,-6.640000000000043
1845,0.130868799,11.89,4.586606532,0.009365249387360094,-0.25,-5.460000000000036,-2.1100000000000136
1846,1.114136727,11.89,1.222644454,0.003089987803486336,-0.20000000000000018,-6.140000000000029,-2.110000020000001
1847,0.563142547,14.19,6.9797823,0.02047221169112156,-0.10000000000000053,-1.9600000000000222,-2.6600000599999967
1848,2.675776072,14.19,3.982266312,0.00767807495075709,-0.25,-2.3000000000000256,-2.660000000000011
1849,0.677076443,14.28,2.498575267,0.004709174758354334,-0.20000000000000018,-4.190000000000026,-4.630000040000013
1850,0.299866556,17.68,0.473466337,0.0024120918632261684,-0.15000000000000036,-4.620000000000033,-4.750000000000021
1851,0.581132649,3.24,0.988007298,0.002859412516222203,-0.10000000000000053,-0.4900000000000091,-0.8500000000000085
1852,2.537871743,3.24,1.644439114,0.0035520626363550693,0.0,-1.4500000000000055,-0.850000000000005
1853,0.174567983,20.55,5.416271775,0.012293609461983875,-0.3000000000000007,-3.610000000000042,-1.1300000000000523
1854,0.152087339,11.17,2.043712132,0.004052706420244454,-0.35000000000000053,-2.5800000000000267,-5.540000000000028
1855,0.474703067,8.98,2.90349262,0.005382034768442155,-0.25,-0.9100000000000072,-0.8600000000000136
1856,0.143931553,13.3,0.512603969,0.002443513569176724,-0.09999999999999964,-2.4800000000000324,-4.070000000000022
1857,2.493427033,13.04,0.951344767,0.002824968187017347,-0.15000000000000036,-2.8400000000000105,-4.920000000000023
1858,0.151249719,22.07,0.049364397,0.002096398719942829,0.0,-3.6100000000000705,-4.560000010000024
1859,2.939834781,22.07,0.610287638,0.002523731875701464,-0.15000000000000036,-4.100000000000023,-4.560000000000031
1860,0.200867449,13.61,1.579458384,0.0034766286556455316,-0.14999999999999947,-2.430000000000021,-3.5700000000000216
1861,0.128023471,13.49,4.863160526,0.010255199517606273,-0.15000000000000036,-1.6600000000000392,-1.7700000299999914
1862,0.086433168,18.36,4.352949223,0.00867327827456839,-0.20000000000000018,-5.000000000000028,-4.560000000000031
1863,0.065991387,26.08,2.59951127,0.004868630781240894,-0.25,-6.310000000000031,-8.080000020000028
1864,1.083157678,21.56,5.083998096,0.011025534289842173,-0.4500000000000002,-3.1300000000000523,-4.240000000000023
1865,9.496549926,5.09,0.996085108,0.0028670577126818342,-0.15000000000000036,-1.7800000000000082,-1.250000000000007
1866,0.031662758,5.09,1.271726537,0.0031405161584067394,-0.10000000000000053,-0.4900000000000091,-1.250000000000007
1867,1.128618688,20.74,0.252331728,0.0022419785366093107,-0.10000000000000053,-3.540000000000049,-5.040000029999987
1868,0.700015069,20.74,1.117612765,0.0029845676045997934,-0.15000000000000036,-4.0300000000000225,-5.040000010000028
1869,1.622424722,17.43,2.077658396,0.004098381886515649,-0.20000000000000018,-2.870000000000033,-5.910000000000025
1870,0.906945452,17.66,3.81847225,0.007275241401364333,-0.25,-3.5600000000000236,-2.9700000000000273
1871,0.033131152,2.98,1.709772162,0.0036295497260118697,-0.15000000000000036,-1.2900000000000063,-0.550000000000008
1872,0.172130163,11.98,1.500420296,0.0033870245887914732,-0.14999999999999947,-3.3100000000000165,-2.790000000000018
1873,0.351684529,22.86,7.613715889,0.025139521730843183,-0.7999999999999998,-2.890000000000029,-7.020000000000039
1874,1.369814915,13.89,0.982124998,0.0028538580418757727,-0.20000000000000018,-2.320000000000036,-4.930000000000021
1875,0.192472414,13.89,0.473340476,0.002411991468542765,-0.10000000000000053,-2.820000000000036,-4.930000000000028
1876,0.05771575,13.89,0.857781587,0.0027389296016459004,-0.09999999999999964,-2.8600000000000136,-4.930000000000021
1877,4.698055574,8.81,0.530102215,0.002457693833850351,-0.14999999999999947,-1.1000000000000156,-3.250000000000014
1878,0.378128435,17.6,1.678646044,0.0035924253128044046,-0.25,-3.2100000000000506,-6.040000000000035
1879,0.101826654,12.14,1.292982664,0.003162653425643651,0.0,-2.440000000000026,-6.720000010000035
1880,8.740853723,11.61,2.758730588,0.005131151550578662,-0.20000000000000018,-0.20000000000001705,-0.3900000000000148
1881,0.820360606,9.59,2.602381624,0.004873243010380365,-0.10000000000000053,-2.360000000000028,-2.430000000000014
1882,0.034053916,9.59,3.495509617,0.006541417016374239,-0.25,-2.3000000000000185,-2.430000000000021
1883,0.013312842,2.97,0.751557936,0.002644412226222101,-0.09999999999999964,-0.5700000000000109,-2.230000000000011
1884,0.152431003,13.29,3.101688648,0.005745420352446319,-0.15000000000000036,-2.820000000000036,-2.4500000000000313
1885,0.211139559,20.07,3.541402787,0.006641030337586525,-0.25,-2.790000000000049,-6.220000019999972
1886,0.013155602,4.67,1.36011946,0.003233599912725899,-0.1999999999999993,-2.680000000000014,-7.230000000000025
1887,0.110814676,20.83,1.37164168,0.003245934473216564,-0.25,-3.270000000000053,-5.360000030000023
1888,1.001736819,15.05,0.741536535,0.0026356649310883295,-0.15000000000000036,-2.2600000000000335,-2.9900000000000233
1889,0.04345149,6.01,1.49799522,0.0033843120222577317,-0.10000000000000053,-4.170000000000016,-1.6400000000000112
1890,0.123829762,18.63,5.949573958,0.014636153390564425,-0.25,-1.9200000000000443,-5.340000000000032
1891,0.158050495,13.83,2.869510632,0.00532206706412632,-0.20000000000000018,-3.5100000000000477,-3.66000004
1892,0.193539279,20.58,4.044653946,0.007837265022162188,-0.25,-2.55000000000004,-4.460000000000036
1893,0.185579208,20.58,5.257420352,0.01167034660148776,-0.25,-3.2500000000000284,-4.460000000000036
1894,0.069274707,15.26,0.254597225,0.002243659143197337,0.0,-2.590000000000032,-4.910000000000018
1895,0.021439581,15.26,2.619346236,0.0049005915259697445,-0.10000000000000053,-3.830000000000041,-4.910000030000006
1896,0.111202202,15.26,0.830520283,0.002714355950570043,-0.20000000000000018,-3.960000000000015,-4.910000000000025
1897,0.369991476,24.8,0.857859186,0.002738999865982224,-0.25,-3.6600000000000534,-6.720000010000035
1898,0.042601213,18.21,6.478587683,0.017392884368806438,-0.20000000000000018,-4.990000000000023,-3.160000000000036
1899,0.756089859,7.79,0.4740651,0.00241256953150643,0.0,-0.7900000000000205,-1.3900000000000148
1900,0.069717883,7.79,3.027278405,0.0056062165479024645,-0.25,-2.3100000000000165,-1.3900000000000161
1901,0.40563012,18.57,2.209440376,0.004280607624981358,-0.20000000000000018,-2.390000000000015,-3.170000000000016
1902,0.055047246,22.13,8.338647287,0.03175181901077124,-0.10000000000000053,-3.7800000000000153,-5.960000000000036
1903,0.028142045,8.31,2.720004623,0.005066032178840703,-0.1999999999999993,-5.40000000000002,-0.4900000000000091
1904,1.529180837,9.13,1.728870903,0.0036525179484457435,-0.20000000000000018,-3.8100000000000165,-3.5800000000000196
1905,0.34571151,24.1,1.44637801,0.003327086366167261,-0.2999999999999998,-3.0700000000000216,-6.090000019999991
1906,0.068115674,26.68,1.047902314,0.002916586856057347,-0.5,-3.7400000000000375,-8.20000003000004
1907,0.044869087,15.36,0.665535327,0.002570259000145282,-0.1999999999999993,-3.7400000000000375,-5.760000020000007
1908,0.857903854,13.77,0.513320072,0.0024440922812929665,-0.10000000000000053,-1.0200000000000244,-2.7400000400000124
1909,0.786473059,13.77,1.773397591,0.003706629836788991,-0.20000000000000018,-2.0200000000000244,-2.740000010000017
1910,0.033232448,13.32,1.123463678,0.002990344695486739,-0.20000000000000018,-0.37000000000003297,-1.5900000000000318
1911,1.253488404,16.4,2.965882981,0.005493889369689679,-0.09999999999999964,-3.100000000000051,-4.150000000000034
1912,0.12575116,12.26,3.984547006,0.007683837533171564,-0.15000000000000036,-1.2800000000000153,-0.14000000000001478
1913,0.57096758,2.51,0.208684965,0.0022098442883390105,-0.10000000000000053,-0.8500000000000085,-2.1400000000000112
1914,2.88703719,5.17,2.787003888,0.005179219605436147,-0.14999999999999947,0.0,-1.4210854715202004e-14
1915,3.632772729,11.02,7.012099392,0.020688150141784805,-0.34999999999999964,0.0,-2.842170943040401e-14
1916,0.025527653,6.71,2.775609853,0.005159794704939197,-0.09999999999999964,0.0,-1.4210854715202004e-14
1917,0.036305702,12.65,5.500510618,0.01263734942005168,-0.35000000000000053,0.0,-2.9100000200000125
1918,0.03001666,7.4,4.906679131,0.010402667436418265,-0.3000000000000007,0.0,-0.28000000000001535
1919,0.018382269,3.29,1.909778872,0.003877389233762471,-0.1999999999999993,0.0,-7.105427357601002e-15
1920,0.017445867,5.73,0.37580506,0.002335431087306509,-0.10000000000000053,0.0,-2.8000000000000114
1921,3.345749003,16.8,7.901710068,0.027588417830450015,-0.40000000000000036,0.0,-5.220000000000027
1922,1.419127266,7.91,5.182858362,0.011388667826076528,-0.2999999999999998,0.0,-1.4210854715202004e-14
1923,0.362876241,8.57,3.654808093,0.006893690685398197,-0.15000000000000036,0.0,-0.8400000000000034
1924,0.728560233,22.45,6.713117127,0.01877267745090172,-0.5,0.0,-6.380000000000052
1925,1.122337254,5.75,4.16023605,0.00814088847322386,-0.25,0.0,-1.4210854715202004e-14
1926,0.905002082,5.75,4.848211011,0.010205020250868002,-0.20000000000000018,0.0,-7.105427357601002e-15
1927,0.495970977,4.36,3.055778522,0.005659132730978607,-0.25,0.0,-7.105427357601002e-15
1928,0.053849941,10.17,2.276361472,0.004376211047067755,-0.15000000000000036,0.0,-4.600000000000023
1929,0.077021265,9.89,4.387292582,0.008771715144949377,-0.10000000000000053,0.0,-1.5400000000000063
1930,0.010134954,9.89,4.34233022,0.008643063703797093,-0.2999999999999998,0.0,-1.5400000000000205
1931,0.966726692,3.8,3.164943027,0.005866452836370543,-0.15000000000000036,0.0,-7.105427357601002e-15
1932,0.357277663,6.98,4.640640221,0.009532899147589237,-0.15000000000000036,0.0,-1.4210854715202004e-14
1933,0.010098598,7.8,5.864662545,0.014235700265927496,-0.25,0.0,-2.842170943040401e-14
1934,1.640197444,12.42,4.0803266,0.007929755348773784,-0.20000000000000018,0.0,-1.3700000000000188
1935,0.086934517,5.61,4.065237328,0.007890501207768961,-0.3000000000000007,0.0,-1.4210854715202004e-14
1936,0.05069667,16.51,5.74245492,0.013678242522879028,-0.5499999999999998,0.0,-5.510000000000048
1937,1.479971121,3.21,2.619923703,0.004901525138857869,-0.25,0.0,-7.105427357601002e-15
1938,0.235473005,6.38,5.058910932,0.01093522033669678,-0.20000000000000018,0.0,-1.4210854715202004e-14
1939,0.821249961,18.68,9.988830105,0.053631125726082154,-0.09999999999999964,0.0,-5.684341886080802e-14
1940,0.387159577,17.41,3.850662549,0.007352717932284279,-0.15000000000000036,0.0,-4.55000000000004
1941,0.029897883,5.4,1.511170397,0.003399075219593474,-0.14999999999999947,0.0,-1.6100000000000136
1942,4.326311539,1.93,3.015496647,0.005584485355074299,-0.15000000000000036,0.0,-7.105427357601002e-15
1943,4.326311539,1.93,2.177053313,0.0042350891122601006,-0.1999999999999993,0.0,-7.105427357601002e-15
1944,4.616111494,17.55,4.205481394,0.008262896055164408,-0.6000000000000005,0.0,-6.400000000000034
1945,3.12565425,11.2,3.033245956,0.005617255624865246,-0.15000000000000036,0.0,-3.5800000000000267
1946,2.0684944,9.68,3.67277993,0.006934597906762373,-0.2999999999999998,0.0,-0.9300000000000068
1947,0.092480637,9.68,4.453934126,0.008965896568137713,-0.15000000000000036,0.0,-0.9300000000000068
1948,0.074771544,9.68,3.672222888,0.006933326363712748,-0.2999999999999998,0.0,-0.9300000000000068
1949,0.182440603,4.45,3.392170466,0.0063225158147038095,-0.1999999999999993,0.0,-1.4210854715202004e-14
1950,4.04956168,6.09,3.374262483,0.006285328623541458,-0.25,0.0,-2.842170943040401e-14
1951,0.283005677,6.09,4.100846319,0.007983447596376564,-0.25,0.0,-1.4210854715202004e-14
1952,2.827105349,11.96,7.940554112,0.02793597703684484,-0.34999999999999964,0.0,-2.842170943040401e-14
1953,0.155419612,16.11,3.484485557,0.006517710717845897,-0.4499999999999993,0.0,-7.540000000000035
1954,0.039856486,3.0,1.668847487,0.0035808169671204416,-0.10000000000000053,0.0,-1.4210854715202004e-14
1955,0.344766568,4.21,2.467461938,0.004661078857699249,-0.25,0.0,-1.4210854715202004e-14
1956,0.017597026,22.89,5.304260827,0.011850809213619978,-0.25,0.0,-7.120000000000061
1957,0.026519494,22.76,6.084043696,0.015293141749932432,-0.34999999999999964,0.0,-7.07000000000005
1958,0.01314842,22.76,9.80282971,0.05058639107904694,-0.7999999999999998,0.0,-7.07000000000005
1959,0.024926294,22.0,3.225836682,0.00598536182903276,-0.7000000000000002,0.0,-7.230000000000047
1960,0.008342758,15.29,5.78697172,0.01387877121951719,-0.40000000000000036,0.0,-1.820000000000028
1961,0.184896345,13.85,4.182362422,0.00820032907979621,-0.2999999999999998,0.0,-5.680000050000018
1962,2.808684741,16.52,3.996288864,0.007713573432972621,-0.20000000000000018,0.0,-7.1700000300000255
1963,0.311615931,7.15,4.840008943,0.010177592653609955,-0.10000000000000053,0.0,-1.4210854715202004e-14
1964,0.143665497,7.15,4.078658757,0.007925407016105208,-0.10000000000000053,0.0,0.0
1965,0.007556014,14.54,5.141628214,0.011235805825104256,-0.35000000000000053,0.0,-3.62000005000003
1966,2.166855919,5.92,4.323992466,0.00859113220865044,0.0,0.0,-1.4210854715202004e-14
1967,0.943456584,5.92,4.508361094,0.009127642322668373,-0.1999999999999993,0.0,-1.4210854715202004e-14
1968,0.136027027,8.03,2.442324345,0.004622577751871625,-0.20000000000000018,0.0,-2.3600000000000207
1969,0.042312015,9.48,2.678930295,0.004997862286961993,-0.20000000000000018,0.0,-2.1100000000000136
1970,0.034866499,24.93,7.207878518,0.022044775067552008,-1.1000000000000005,0.0,-8.63000000000008
1971,0.026838302,9.25,2.451701582,0.0046369029083327875,-0.20000000000000018,0.0,-3.0700000000000216
1972,0.543886743,12.66,4.649801535,0.009561617095275391,-0.3000000000000007,0.0,-1.6300000000000097
1973,0.819232477,11.68,2.830505975,0.005254054708295499,-0.2999999999999998,0.0,-2.3000000000000256
1974,0.213450534,11.68,2.437456093,0.004615158135674375,-0.25,0.0,-2.3000000000000256
1975,0.129598881,11.68,3.496190355,0.006542883690031964,-0.20000000000000018,0.0,-2.3000000000000185
1976,0.081318124,11.68,2.571762859,0.004824266612323533,-0.20000000000000018,0.0,-2.3000000000000256
1977,0.010158799,6.42,2.423270914,0.00459360628072545,-0.10000000000000053,0.0,-1.470000000000013
1978,0.565211142,18.71,2.898749663,0.005373624733176984,-0.39999999999999947,0.0,-7.970000000000056
1979,0.157869592,4.15,0.468887963,0.0024084425438025098,0.0,0.0,-1.940000000000012
1980,0.090321045,4.15,0.310411097,0.002285462656459329,-0.09999999999999964,0.0,-1.9400000000000084
1981,0.241834258,11.11,7.143976684,0.02159267933088728,-0.10000000000000053,0.0,-1.4210854715202004e-14
1982,0.975220925,25.73,8.651622579,0.035101226837559486,-0.7000000000000002,0.0,-7.810000000000059
1983,0.519064376,5.4,4.921882906,0.01045468023996167,-0.1999999999999993,0.0,-7.105427357601002e-15
1984,3.33395257,6.02,2.849392412,0.005286878310526896,-0.1999999999999993,0.0,-1.4210854715202004e-14
1985,0.017322603,8.6,4.286114476,0.008484841219016563,-0.10000000000000053,0.0,-2.842170943040401e-14
1986,6.475619517,9.3,6.156423781,0.015658707658056454,-0.25,0.0,-2.842170943040401e-14
1987,0.01144073,22.98,5.072615951,0.010984467446175851,-0.14999999999999947,0.0,-8.06000003000004
1988,7.629343105,10.32,5.495191784,0.012615367809460432,-0.25,0.0,-2.842170943040401e-14
1989,8.522252513,3.43,1.474381817,0.003358012188544703,-0.09999999999999964,0.0,-1.0600000000000094
1990,0.144735631,3.43,1.188012615,0.0030548239417278883,-0.15000000000000036,0.0,-1.0600000000000094
1991,6.910837699,6.79,3.857424636,0.007369096911784208,-0.2999999999999998,0.0,-1.4210854715202004e-14
1992,0.042516758,6.79,5.317987101,0.01190421295717299,-0.09999999999999964,0.0,-1.4210854715202004e-14
1993,0.059782257,9.22,3.716181306,0.007034384107961903,-0.10000000000000053,0.0,-1.460000000000008
1994,3.415901994,18.95,9.510092171,0.04612381595133022,-0.25,0.0,-2.842170943040401e-14
1995,0.534393649,9.22,1.793083554,0.003730807480119843,-0.15000000000000036,0.0,-3.490000000000016
1996,0.09076515,9.22,1.976470619,0.003963722821134006,-0.10000000000000053,0.0,-3.490000000000016
1997,3.961352879,10.94,2.302763941,0.0044145117583759075,-0.15000000000000036,0.0,-5.890000040000004
1998,0.120081773,22.27,5.223876024,0.011542781513540068,-0.3000000000000007,0.0,-7.590000099999904
1999,0.029727705,22.27,4.403747612,0.008819271068813146,-0.14999999999999947,0.0,-7.590000000000046
2000,1.001880748,6.13,4.010657407,0.007750116724268104,-0.20000000000000018,0.0,-1.4210854715202004e-14
2001,0.015535563,21.82,4.008830308,0.00774546037622301,-0.40000000000000036,0.0,-7.890000000000043
2002,0.013884419,1.86,0.816448571,0.002701757713559666,-0.09999999999999964,0.0,-7.105427357601002e-15
2003,1.180501291,11.89,2.781524608,0.005169869297349426,-0.1999999999999993,0.0,-2.0200000000000102
2004,0.146790934,11.89,3.668157066,0.00692405244342401,-0.10000000000000053,0.0,-2.0200000000000244
2005,0.037556015,4.64,1.748117013,0.0036758098896153848,-0.15000000000000036,0.0,-1.5600000000000094
2006,0.024848803,4.64,2.076782013,0.004097196271280187,-0.20000000000000018,0.0,-1.5600000000000165
2007,0.011604614,4.64,1.683908973,0.0035986757729619453,-0.10000000000000053,0.0,-1.5600000000000094
2008,0.151687184,25.2,7.53136995,0.024479124617930326,-0.75,0.0,-8.100000000000051
2009,1.730088007,11.22,5.777720697,0.01383686221772214,-0.35000000000000053,0.0,-2.842170943040401e-14
2010,0.02007871,6.54,3.90311465,0.00748071926125037,-0.09999999999999964,0.0,-1.4210854715202004e-14
2011,0.610747436,5.26,3.521905819,0.006598528456200957,-0.25,0.0,-1.4210854715202004e-14
2012,0.325836137,5.26,3.29208984,0.006117458996340368,-0.25,0.0,-1.4210854715202004e-14
2013,0.155149482,5.26,4.553382806,0.009263619853272089,-0.25,0.0,-1.4210854715202004e-14
2014,0.122515423,5.26,3.919405836,0.0075209237171251055,-0.14999999999999947,0.0,-1.4210854715202004e-14
2015,0.095748702,19.59,7.300083067,0.022713454029271243,-0.35000000000000053,0.0,-3.57000000000005
2016,0.055158055,19.59,5.665725617,0.013339295893949516,-0.2999999999999998,0.0,-3.5700000000000216
2017,0.007651176,19.59,6.871065028,0.019761855767024748,-0.34999999999999964,0.0,-3.5700000000000216
2018,5.877580578,13.34,3.210530093,0.0059552486274342615,-0.4500000000000002,0.0,-4.820000030000003
2019,1.331534684,4.94,3.222838334,0.005979451175184983,-0.14999999999999947,0.0,-1.4210854715202004e-14
2020,0.07176184,1.91,0.57839083,0.002497253336384641,0.0,0.0,-3.552713678800501e-15
2021,0.218185515,9.01,3.945801194,0.0075865195672915695,-0.14999999999999947,0.0,-2.3100000000000165
2022,0.042617313,9.01,2.525931414,0.004751870576552419,-0.09999999999999964,0.0,-2.3100000000000165
2023,0.063458476,14.57,4.457646178,0.008976837198635745,-0.10000000000000053,0.0,-3.3500000200000244
2024,0.031728701,14.57,5.234948219,0.011584734651099004,-0.39999999999999947,0.0,-3.3500000000000227
2025,7.432771688,11.16,7.131478804,0.021505324778172234,-0.34999999999999964,0.0,-2.842170943040401e-14
2026,0.01248119,10.47,4.429860365,0.008895263353380423,-0.15000000000000036,0.0,-1.9900000000000233
2027,0.038414491,7.12,4.180269901,0.008194689322064021,-0.2999999999999998,0.0,-2.842170943040401e-14
2028,7.095989564,5.42,3.832456991,0.0073088002159276974,-0.1999999999999993,0.0,-1.4210854715202004e-14
2029,0.906657466,5.42,4.355277188,0.008679916083583442,-0.14999999999999947,0.0,-1.4210854715202004e-14
2030,0.398684898,6.35,3.904586387,0.0074843425288530436,-0.09999999999999964,0.0,-1.4210854715202004e-14
2031,0.00798124,18.33,4.157397152,0.008133293012897641,-0.2999999999999998,0.0,-6.42000001000001
2032,4.461514433,12.96,6.489053987,0.017452280173018742,-0.34999999999999964,0.0,-2.840000030000013
2033,0.168750138,12.96,6.80529788,0.01934391821804258,-0.2999999999999998,0.0,-2.8400000000000176
2034,0.672765434,16.73,6.791864473,0.019259623265029176,-0.4500000000000002,0.0,-4.540000000000049
2035,0.61492154,16.73,6.80240551,0.019325738028065188,-0.5499999999999998,0.0,-4.540000000000049
2036,0.682852411,6.97,4.847818678,0.010203706630649184,-0.2999999999999998,0.0,-2.842170943040401e-14
2037,0.575684007,6.97,5.060371167,0.010940457081139192,-0.3000000000000007,0.0,-1.4210854715202004e-14
2038,3.255782116,20.77,7.238966884,0.022268053463219417,-1.1,0.0,-8.150000000000063
2039,1.623445808,4.39,2.84421269,0.005277855989431418,-0.09999999999999964,0.0,-7.105427357601002e-15
2040,1.435779784,4.54,2.848739808,0.005285740725294576,-0.10000000000000053,0.0,-0.3300000000000054
2041,0.909818851,4.54,3.096716635,0.00573601269601985,-0.1999999999999993,0.0,-0.3300000000000054
2042,0.13887446,4.54,3.395203032,0.006328834761831401,-0.14999999999999947,0.0,-0.33000000000001367
2043,2.397647579,17.51,4.794309152,0.010026103674188835,-0.5999999999999996,0.0,-7.170000000000049
2044,0.612504615,26.83,7.446546845,0.023816552133552483,-0.5,0.0,-7.580000000000069
2045,0.350428835,26.83,9.763214284,0.0499593800697143,-0.7999999999999998,0.0,-7.580000000000069
2046,0.017494247,26.83,7.807390096,0.02676188286014412,-0.7999999999999998,0.0,-7.580000000000069
2047,0.559851705,7.77,4.309694932,0.008550857099767635,-0.20000000000000018,0.0,-1.0000000000000142
2048,3.07213961,4.76,4.896838352,0.010369138269149928,-0.1999999999999993,0.0,-7.105427357601002e-15
2049,0.517145849,6.89,4.21136152,0.008278884836392459,-0.2999999999999998,0.0,-1.4210854715202004e-14
2050,0.402915071,6.89,4.195286313,0.008235246923715219,-0.2999999999999998,0.0,-1.4210854715202004e-14
2051,0.261119925,11.69,3.16123532,0.005859289002390164,-0.1999999999999993,0.0,-2.7500000299999954
2052,0.140165133,11.69,2.95013155,0.005465433623578832,-0.20000000000000018,0.0,-2.750000000000014
2053,0.011280998,1.94,0.721204256,0.0026180062390889084,-0.09999999999999964,0.0,-3.552713678800501e-15
2054,0.030221414,15.86,6.400871476,0.016958017353831175,-0.20000000000000018,0.0,-3.4100000199999982
2055,1.603938484,8.96,5.849162545,0.014163774654940871,-0.14999999999999947,0.0,-1.4210854715202004e-14
2056,0.008785868,8.96,4.433422799,0.00890568078411656,-0.2999999999999998,0.0,-1.4210854715202004e-14
2057,0.03233186,8.01,5.635646318,0.013208695037358262,-0.15000000000000036,0.0,-1.4210854715202004e-14
2058,2.740581403,7.17,4.265023874,0.0084262241696908,0.0,0.0,-1.4210854715202004e-14
2059,1.561229766,7.17,4.13137717,0.008064003276384138,-0.25,0.0,-1.4210854715202004e-14
2060,0.753192921,7.17,3.476031909,0.006499589706311163,-0.1999999999999993,0.0,-1.4210854715202004e-14
2061,2.818601601,4.69,2.88106998,0.005342390783094606,-0.25,0.0,-1.4210854715202004e-14
2062,2.767848582,20.35,6.411164583,0.017014993509380582,-0.8000000000000007,0.0,-7.460000000000065
2063,0.685214623,20.35,6.515631479,0.01760400297567494,-0.5999999999999996,0.0,-7.460000000000065
2064,0.02241674,26.8,6.488253443,0.017447730093841873,-0.40000000000000036,0.0,-8.140000000000043
2065,0.056428528,17.85,3.445342524,0.006434224444887357,-0.4500000000000002,0.0,-4.220000000000027
2066,2.973439256,12.07,4.7275203,0.009808713493355494,-0.40000000000000036,0.0,-3.67000000000003
2067,0.201841165,12.07,4.180947183,0.008196514309775168,-0.40000000000000036,0.0,-3.670000019999975
2068,0.142101086,14.41,5.034345207,0.010847492632079951,-0.25,0.0,-3.01000000000003
2069,0.344474705,11.82,3.003149677,0.005561801524483888,-0.34999999999999964,0.0,-6.53000000000003
2070,0.015572145,6.55,3.299024792,0.006131452494968751,-0.25,0.0,-0.6900000000000119
2071,0.02814016,2.43,1.272312478,0.0031411243134494525,-0.15000000000000036,0.0,-3.552713678800501e-15
2072,0.018154009,16.8,5.780796195,0.013850780980709989,-0.35000000000000053,0.0,-4.140000000000029
2073,0.797575411,5.87,3.983360133,0.007680838150342583,-0.20000000000000018,0.0,-7.105427357601002e-15
2074,0.010344885,7.85,2.361789609,0.004501348525718298,0.0,0.0,-2.420000000000009
2075,2.163197833,13.89,2.600349613,0.004869977423669059,-0.2999999999999998,0.0,-6.260000010000013
2076,0.312314509,13.89,4.369876034,0.00872165724378056,-0.1999999999999993,0.0,-6.2600000000000335
2077,0.47257619,7.15,3.571387845,0.006706926714755965,-0.1999999999999993,0.0,-1.4210854715202004e-14
2078,1.424470673,5.08,4.20306771,0.008256341821353728,-0.25,0.0,-7.105427357601002e-15
2079,0.040731104,13.87,5.038089154,0.010860817702956528,-0.4499999999999993,0.0,-6.9700000000000415
2080,9.615224273,24.04,7.115803985,0.021396253326122303,-0.75,0.0,-8.200000000000045
2081,0.326848681,11.18,5.270145761,0.011719103468274976,-0.3000000000000007,0.0,-2.842170943040401e-14
2082,5.203539408,8.39,4.224263645,0.008314074883666273,-0.15000000000000036,0.0,-2.842170943040401e-14
2083,0.036822992,6.88,3.06938074,0.005684562759080181,-0.25,0.0,0.0
2084,0.019671772,6.88,4.543173841,0.009232611193375082,-0.2999999999999998,0.0,-1.4210854715202004e-14
2085,6.215391705,10.78,3.995949759,0.007712713060787453,-0.20000000000000018,0.0,-1.4210854715202004e-14
2086,5.608201961,17.9,5.382081926,0.012156745421050387,-0.6499999999999995,0.0,-7.040000080000002
2087,0.290785899,5.64,2.83834403,0.005267652143882386,-0.1999999999999993,0.0,-0.8700000000000117
2088,9.003997942,20.03,6.402088377,0.01696474356582103,-0.5,0.0,-5.55000000000004
2089,0.124787385,20.03,5.64812245,0.013262711152066509,-0.25,0.0,-5.550000000000026
2090,0.083635761,20.03,5.121709343,0.011162684464036635,-0.39999999999999947,0.0,-5.55000000000004
2091,0.013946284,18.63,6.827181893,0.019482016019881247,-0.4499999999999993,0.0,-2.7600000000000477
2092,0.783466811,4.48,4.141771814,0.00809161311555374,-0.20000000000000018,0.0,-1.4210854715202004e-14
2093,0.667984568,5.41,4.550835742,0.00925587376778447,-0.20000000000000018,0.0,-1.4210854715202004e-14
2094,1.258013929,7.65,4.197019796,0.008239941659422864,-0.25,0.0,-1.4210854715202004e-14
2095,3.203252163,12.2,3.962546166,0.007628426974180338,-0.10000000000000053,0.0,-4.520000010000018
2096,0.02814016,1.94,0.721764895,0.0026184915713774923,-0.09999999999999964,0.0,-3.552713678800501e-15
2097,1.376922379,7.72,3.584013092,0.0067348663868294165,-0.25,0.0,-0.5800000000000125
2098,2.719295413,11.2,4.211883088,0.008280304524014454,-0.2999999999999998,0.0,-3.3000000000000256
2099,0.123544897,11.2,3.237243195,0.0060079006463410215,-0.15000000000000036,0.0,-3.3000000000000123
2100,3.543622623,10.43,4.247895718,0.008378915522578538,-0.34999999999999964,0.0,-1.4210854715202004e-14
2101,2.566221862,14.59,4.472341415,0.009020278867387365,-0.2999999999999998,0.0,-4.950000000000031
2102,1.665206943,7.67,3.401833641,0.006342672806719668,-0.20000000000000018,0.0,-2.7700000000000102
2103,0.043851032,7.12,4.89163934,0.010351467566875617,-0.10000000000000053,0.0,-1.4210854715202004e-14
2104,0.991706787,5.98,2.617530083,0.00489765643550873,-0.1999999999999993,0.0,-1.4000000000000128
2105,0.063125987,5.98,1.864103437,0.003819344882344725,-0.25,0.0,-1.4000000000000128
2106,0.052167835,5.98,2.62312509,0.004906704154402089,-0.25,0.0,-1.4000000000000128
2107,3.738974335,16.5,5.901407759,0.01440765266350049,-0.25,0.0,-5.2000000000000455
2108,0.008273454,16.5,4.735768001,0.009835304193225938,-0.1999999999999993,0.0,-5.2000000000000455
2109,0.067754699,17.43,3.748225847,0.007108972973020882,-0.4500000000000002,0.0,-6.990000040000027
2110,0.36218247,14.34,7.694792461,0.025806682315925273,-0.40000000000000036,0.0,-5.684341886080802e-14
2111,0.594508782,10.19,3.676302041,0.006942643086482478,-0.34999999999999964,0.0,-2.2900000000000205
2112,0.084377685,10.19,4.743754516,0.009861120837202347,-0.3000000000000007,0.0,-2.2900000000000205
2113,0.017715749,10.19,4.52560103,0.009179476282192862,-0.20000000000000018,0.0,-2.2900000000000205
2114,0.260206698,13.46,3.432857402,0.006407819682024815,-0.25,0.0,-4.750000010000008
2115,0.079430702,4.94,2.591267526,0.004855408457938359,-0.1999999999999993,0.0,-0.9700000000000131
2116,0.065233427,4.94,1.64475157,0.003552429268012156,-0.15000000000000036,0.0,-0.9700000000000131
2117,1.145382078,9.15,4.366524347,0.008712056506615495,-0.2999999999999998,0.0,-2.410000000000011
2118,0.117118606,9.15,3.434932635,0.006412201116511056,-0.14999999999999947,0.0,-2.410000000000025
2119,0.037058152,9.15,2.784235393,0.005174493110018514,-0.25,0.0,-2.410000000000025
2120,0.025875578,9.15,2.997253254,0.005551000976635613,-0.25,0.0,-2.410000000000025
2121,1.409926588,17.22,5.084074348,0.011025809918812593,-0.7000000000000002,0.0,-7.500000000000028
2122,0.935557636,17.22,6.490053016,0.017457960022963594,-0.4500000000000002,0.0,-7.500000000000028
2123,3.81142775,20.85,7.092616002,0.021235894019528564,-0.8499999999999996,0.0,-7.640000000000072
2124,0.107716895,20.85,3.8361585,0.007317708318018443,-0.5,0.0,-7.640000000000072
2125,3.932730145,19.44,7.988646675,0.028372183171886656,-0.75,0.0,-6.680000000000064
2126,2.694296357,19.44,4.709759875,0.009751695070686147,-0.5499999999999998,0.0,-6.6800000000000495
2127,1.617272069,5.24,3.285403639,0.0061039974869285234,-0.25,0.0,-7.105427357601002e-15
2128,0.165237255,2.05,2.489802473,0.00469556373243307,-0.10000000000000053,0.0,-7.105427357601002e-15
2129,0.839112892,6.28,2.483711248,0.004686136210123368,-0.20000000000000018,0.0,-0.8100000000000094
2130,0.024840633,18.62,6.186920725,0.01581529964382405,-0.20000000000000018,0.0,-3.7900000000000205
2131,8.466891749,14.44,3.567712566,0.006698814978440909,-0.2999999999999998,0.0,-6.610000040000017
2132,0.073508863,11.4,6.03225972,0.015036768117372616,-0.25,0.0,-1.4210854715202004e-14
2133,2.645581342,14.4,3.774211943,0.007170035988079314,-0.6500000000000004,0.0,-7.950000009999968
2134,2.364953892,4.64,4.604369696,0.009420038219085651,-0.14999999999999947,0.0,-7.105427357601002e-15
2135,0.39896941,11.38,4.443517353,0.008935265449898496,-0.2999999999999998,0.0,-0.40000000000002844
2136,0.061628106,13.31,4.456910185,0.008974666935752657,-0.40000000000000036,0.0,-3.730000010000026
2137,0.381342389,17.34,4.205852333,0.00826390377809659,-0.2999999999999998,0.0,-7.710000000000036
2138,1.24407544,16.59,3.83209561,0.007307931088456174,-0.5,0.0,-6.160000000000053
2139,0.219002855,9.61,6.268758006,0.01624316215076266,-0.35000000000000053,0.0,-2.842170943040401e-14
2140,0.980517112,6.24,4.110816834,0.008009666646951788,-0.14999999999999947,0.0,-1.4210854715202004e-14
2141,0.08690934,15.12,3.10659536,0.005754719490630053,-0.25,0.0,-5.160000020000027
2142,0.650954711,6.51,3.847685023,0.007345517297376345,-0.2999999999999998,0.0,-1.4210854715202004e-14
2143,3.809335034,5.47,2.919976518,0.005411365342616181,-0.1999999999999993,0.0,-1.4210854715202004e-14
2144,0.009042895,12.24,3.262805636,0.006058717845024274,-0.15000000000000036,0.0,-5.090000000000032
2145,0.081937505,17.41,6.57608665,0.017953963741862995,-0.5,0.0,-5.410000000000025
2146,0.445004394,13.79,5.583936356,0.0129871186401315,-0.39999999999999947,0.0,-3.67000000000003
2147,0.080695461,13.79,4.121229709,0.008037140136229977,-0.35000000000000053,0.0,-3.670000010000024
2148,0.558373518,11.76,3.105052972,0.005751794765058539,-0.35000000000000053,0.0,-5.080000000000027
2149,0.05030464,11.76,2.213982663,0.004287030429484262,-0.3000000000000007,0.0,-5.080000000000027
2150,3.336803303,3.59,0.848246455,0.002730309397857371,0.0,0.0,-1.3200000000000074
2151,1.802302702,5.28,1.716198397,0.003637261832796772,-0.10000000000000053,0.0,-0.8100000000000094
2152,0.633191505,12.44,6.470362361,0.01734634542048329,-0.09999999999999964,0.0,-2.842170943040401e-14
2153,0.042411038,4.31,4.478674968,0.009039066126976,-0.15000000000000036,0.0,-7.105427357601002e-15
2154,0.210156689,17.28,4.781489518,0.009984010558476676,-0.5499999999999998,0.0,-6.72000000000003
2155,3.677297365,15.85,8.695611761,0.03559848277635033,-0.14999999999999947,0.0,-2.842170943040401e-14
2156,3.164180544,12.63,5.838552569,0.014114747150780945,-0.25,0.0,-2.842170943040401e-14
2157,1.062085666,16.24,4.783978716,0.009992170101424369,-0.20000000000000018,0.0,-3.4900000000000233
2158,2.910805739,7.28,3.918140991,0.00751779458639351,-0.09999999999999964,0.0,-1.4210854715202004e-14
2159,0.014972059,26.98,7.124863618,0.02145922759143783,-0.6499999999999995,0.0,-7.580000000000069
2160,1.793164648,14.51,4.669743011,0.009624424141092916,-0.40000000000000036,0.0,-6.310000010000024
2161,1.280273605,20.57,8.658301819,0.03517629602785605,-0.75,0.0,-8.170000000000044
2162,0.02814016,2.13,1.155054783,0.0030217303610550867,-0.10000000000000053,0.0,-3.552713678800501e-15
2163,0.660379234,14.97,7.241626604,0.022287258027332012,-0.39999999999999947,0.0,-5.684341886080802e-14
2164,0.018888214,7.27,3.082082923,0.005708412705473136,-0.1999999999999993,0.0,-1.0400000000000063
2165,1.333691848,7.73,5.3536426,0.012044048471909204,-0.25,0.0,-1.4210854715202004e-14
2166,0.285242381,7.73,4.951751119,0.010557611160225303,-0.2999999999999998,0.0,-1.4210854715202004e-14
2167,0.07468177,16.3,6.965555963,0.020377854215724134,-0.10000000000000053,0.0,-3.3500000000000227
2168,0.419556023,12.66,5.02744715,0.010822984103699678,-0.4499999999999993,0.0,-6.08000001000002
2169,0.053258261,12.66,2.343178025,0.004473785736938372,-0.3000000000000007,0.0,-6.080000030000022
2170,0.182440603,4.3,3.275192665,0.006083496246980613,-0.14999999999999947,0.0,-7.105427357601002e-15
2171,2.580844913,22.05,6.564343796,0.017885456788673017,-0.5,0.0,-7.210000000000036
2172,0.28299316,22.05,5.730079848,0.013623007569211705,-0.2999999999999998,0.0,-7.210000000000036
2173,13.2862839,3.15,2.41642839,0.004583246128996805,-0.1999999999999993,0.0,-1.4210854715202004e-14
2174,0.061717458,3.15,1.710006617,0.0036298308082326446,-0.20000000000000018,0.0,-7.105427357601002e-15
2175,0.205057691,16.21,3.66448092,0.006915677957434305,-0.35000000000000053,0.0,-5.640000020000031
2176,0.036744723,16.21,2.261154099,0.004354300835114429,-0.20000000000000018,0.0,-5.640000040000032
2177,0.121398403,12.56,4.519100487,0.00915989744952217,-0.25,0.0,-3.730000000000018
2178,0.016792016,12.56,3.078956868,0.005702533930498706,-0.35000000000000053,0.0,-3.7300000000000324
2179,0.051567839,17.75,5.33239485,0.011960523821774708,-0.35000000000000053,0.0,-3.1100000000000136
2180,0.050326517,17.75,5.189942678,0.011415139316766331,-0.4500000000000002,0.0,-3.110000000000028
2181,0.012093119,17.75,7.262238677,0.02243663764822179,-0.34999999999999964,0.0,-3.1100000000000136
2182,1.85097991,15.99,5.695676614,0.013470605209756674,-0.35000000000000053,0.0,-3.9500000999999827
2183,0.331480921,15.99,6.562678514,0.017875762456039262,-0.20000000000000018,0.0,-3.9500000000000313
2184,0.387102313,11.03,1.298722863,0.0031686582047872414,-0.15000000000000036,0.0,-5.690000000000026
2185,0.172711051,19.91,5.422958289,0.012320553341812349,-0.2999999999999998,0.0,-6.80000000000004
2186,1.312754416,12.05,6.350100599,0.01667971383879005,-0.35000000000000053,0.0,-0.44000000000001194
2187,1.090328606,10.03,5.805523046,0.013963189931896188,-0.25,0.0,-1.6200000000000188
2188,0.3508584,10.03,5.242710668,0.011614236807348901,-0.3000000000000007,0.0,-1.6200000000000188
2189,0.055464794,13.39,4.432153936,0.008901968931969205,-0.39999999999999947,0.0,-5.290000010000014
2190,6.80678864,2.98,2.789783797,0.005183969908721708,-0.09999999999999964,0.0,-7.105427357601002e-15
2191,3.768388445,7.24,1.160269194,0.0030269423481547857,-0.15000000000000036,0.0,-2.190000000000012
2192,0.261594846,7.24,1.221426397,0.003088744214888741,-0.14999999999999947,0.0,-2.190000000000012
2193,0.044236442,4.4,1.630014164,0.0035351775813388373,-0.15000000000000036,0.0,-1.3900000000000077
2194,0.017722134,20.4,7.574654689,0.02482412272848725,-0.7999999999999998,0.0,-7.30000000000004
2195,0.845957509,5.62,3.879702627,0.007423314793710589,-0.15000000000000036,0.0,-1.4210854715202004e-14
2196,0.312708238,5.62,4.948697724,0.010547042801203641,-0.09999999999999964,0.0,-1.4210854715202004e-14
2197,0.188490621,25.73,6.365212143,0.01676207601962283,-0.8999999999999995,0.0,-8.240000000000066
2198,0.207161346,3.2,3.463962043,0.006473803782518127,-0.15000000000000036,0.0,-7.105427357601002e-15
2199,0.013842834,9.93,3.397912861,0.006334486531741479,-0.25,-1.7763568394002505e-15,-1.4210854715202004e-14
2200,2.695757862,7.59,4.702034745,0.0097269966938813,-0.1999999999999993,0.0,-1.4210854715202004e-14
2201,0.857133907,9.78,3.386524903,0.0063107688687689045,-0.20000000000000018,0.0,-1.420000000000016
2202,0.718931274,9.78,4.44319835,0.008934329041652934,-0.25,0.0,-1.420000000000016
2203,0.012170755,9.78,3.980182146,0.007672812681594882,-0.2999999999999998,0.0,-1.4200000000000175
2204,0.208916856,8.34,4.138545899,0.00808303454976648,-0.2999999999999998,0.0,-0.680000000000021
2205,0.485182853,2.89,0.597130764,0.0025127761775317883,-0.09999999999999964,0.0,-1.3900000000000077
2206,1.183868202,9.04,3.194621701,0.005924111065583808,-0.20000000000000018,0.0,-1.4210854715202004e-14
2207,0.313280228,5.4,3.343170083,0.006221278610981403,-0.10000000000000053,0.0,-7.105427357601002e-15
2208,0.976066513,8.37,4.483688712,0.009053965919340358,-0.2999999999999998,0.0,0.0
2209,2.706229416,8.91,3.802521384,0.007237151221963069,-0.34999999999999964,0.0,-3.0300000000000296
2210,0.120992633,8.91,3.1460681,0.005830074148710144,-0.10000000000000053,0.0,-3.0300000000000153
2211,0.023040025,19.63,7.12684987,0.021473058405422896,-0.4500000000000002,0.0,-4.870000000000033
2212,0.0103765,19.63,6.984086524,0.02050084404814378,-0.14999999999999947,0.0,-4.870000000000036
2213,0.024499973,24.69,5.886588003,0.01433805743722541,-0.6500000000000004,0.0,-7.120000000000033
2214,0.015769309,24.69,6.484989167,0.01742918887661275,-0.5999999999999996,0.0,-7.120000000000061
2215,0.297503915,6.32,1.45552023,0.003337151181431679,-0.14999999999999947,0.0,-1.8200000000000145
2216,0.136703167,6.32,1.017557892,0.0028874797522512926,-0.1999999999999993,0.0,-1.8200000000000145
2217,0.032981728,8.26,5.739715171,0.013665994911099811,-0.34999999999999964,0.0,-1.4210854715202004e-14
2218,1.097672352,5.44,3.090877629,0.005724984135372547,-0.14999999999999947,0.0,-1.4210854715202004e-14
2219,0.63013917,6.75,1.146081275,0.00301278196301427,-0.20000000000000018,0.0,-2.0500000000000114
2220,0.860769204,10.05,6.57161705,0.017927858109044847,-0.3000000000000007,0.0,-0.3500000000000085
2221,0.188801893,10.05,5.865172195,0.014238071329099973,-0.35000000000000053,0.0,-0.3500000000000085
2222,0.035846004,10.05,4.233898904,0.008340451387372834,-0.14999999999999947,0.0,-0.3500000000000085
2223,1.994268593,20.87,6.737111481,0.018919756801907966,-0.3000000000000007,0.0,-7.850000000000051
2224,0.27384396,20.87,5.65019716,0.01327171483467271,-0.5499999999999998,0.0,-7.850000000000037
2225,0.225746794,6.52,0.988865947,0.002860224213082948,-0.14999999999999947,0.0,-2.170000000000009
2226,0.776447913,8.43,5.532710792,0.012771235527408765,-0.25,0.0,-1.4210854715202004e-14
2227,0.247159271,18.07,5.839298855,0.014118190178392694,-0.4500000000000002,0.0,-5.700000010000025
2228,0.032984411,18.07,4.458928396,0.008980619387412993,-0.5,0.0,-5.700000030000027
2229,0.020026855,18.07,4.194778288,0.008233871558788164,-0.3000000000000007,0.0,-5.700000000000031
2230,9.673643123,13.8,5.855971938,0.014195328484457394,-0.15000000000000036,0.0,-3.8000000000000256
2231,6.005935602,8.83,5.447420532,0.01241962388892074,-0.3000000000000007,0.0,-1.4210854715202004e-14
2232,4.01796768,14.63,7.712941949,0.025958375035091078,-0.40000000000000036,0.0,-2.842170943040401e-14
2233,0.034154896,20.35,6.326633529,0.016552599668236766,-0.5,0.0,-7.010000000000048
2234,0.02671478,20.35,5.26511291,0.011699796297258218,-0.7000000000000002,0.0,-7.010000010000013
2235,0.01069558,7.97,3.022893715,0.005598119277508519,-0.15000000000000036,0.0,-1.5600000000000165
2236,1.943766018,14.88,6.878073124,0.01980690916047815,-0.25,0.0,-1.950000000000017
2237,0.086280131,14.88,5.055397463,0.010922630370268388,-0.35000000000000053,0.0,-1.950000000000017
2238,0.057082093,17.12,5.321342905,0.011917305249337361,-0.14999999999999947,0.0,-6.120000000000033
2239,0.638100767,20.23,5.06935283,0.0109727220109385,-0.15000000000000036,0.0,-6.770000000000067
2240,0.591399092,20.48,7.390728907,0.02339012434012599,-0.2999999999999998,0.0,-7.09000000000006
2241,0.658264874,4.24,0.636811152,0.0025459629973727505,-0.10000000000000053,0.0,-1.4300000000000104
2242,0.404933796,4.24,1.083980683,0.0029515750286197412,-0.14999999999999947,0.0,-1.4300000000000104
2243,1.830300861,15.37,5.726527041,0.013607190634465574,-0.39999999999999947,0.0,-1.5100000000000477
2244,0.101220283,18.13,3.911812236,0.007502157121367183,-0.6999999999999993,0.0,-7.940000010000034
2245,0.163212684,16.78,5.337942111,0.011982274682428962,-0.5999999999999996,0.0,-6.850000000000051
2246,0.08565426,16.78,5.02520148,0.010815017148735489,-0.39999999999999947,0.0,-6.850000000000051
2247,0.103870784,7.96,3.307142601,0.0061478732070649675,-0.1999999999999993,0.0,-1.4210854715202004e-14
2248,0.119939975,7.41,3.852151203,0.007356320612817588,-0.2999999999999998,0.0,-3.5500000000000256
2249,0.008862347,6.62,2.007875839,0.004005037885724146,-0.15000000000000036,0.0,-1.5400000000000134
2250,3.040191388,8.67,5.754807848,0.01373359887987151,-0.20000000000000018,0.0,-1.4210854715202004e-14
2251,0.033515865,20.88,8.824084068,0.03708987237601876,-0.34999999999999964,0.0,-1.2800000000000296
2252,3.060737388,15.26,2.631794734,0.004920756750555932,-0.2999999999999998,0.0,-7.700000000000038
2253,0.05160773,15.26,4.926324222,0.010469922687364274,-0.6999999999999993,0.0,-7.700000020000033
2254,0.24173487,21.95,8.68610502,0.03549044663592812,-0.40000000000000036,0.0,-5.110000000000046
2255,1.879534514,5.38,2.894138245,0.005365460470178739,-0.3000000000000007,0.0,-1.4210854715202004e-14
2256,1.879534514,5.38,3.893637686,0.007457429595854173,-0.1999999999999993,0.0,-1.4210854715202004e-14
2257,1.846161849,6.34,3.903406115,0.0074814366803252295,-0.1999999999999993,0.0,-1.4210854715202004e-14
2258,1.473805433,6.34,3.28958561,0.006112413709906753,-0.20000000000000018,0.0,0.0
2259,0.685249286,6.34,3.891423569,0.007451998775858573,-0.10000000000000053,0.0,-1.4210854715202004e-14
2260,2.705871717,11.88,4.29324568,0.008504752270052124,-0.2999999999999998,0.0,-5.500000000000028
2261,0.435497264,11.88,3.083452743,0.005710990650474695,-0.09999999999999964,0.0,-5.500000020000016
2262,0.622040053,6.6,3.908550413,0.007494110225287196,-0.20000000000000018,0.0,-1.4210854715202004e-14
2263,0.198628218,6.6,5.243112286,0.011615765225190625,-0.2999999999999998,0.0,0.0
2264,0.080512136,13.98,3.823209569,0.007286592254799092,-0.2999999999999998,0.0,-7.260000029999958
2265,0.060701514,17.16,5.015769262,0.010781617803098551,-0.4500000000000002,0.0,-3.7300000000000466
2266,0.017292874,17.16,8.030961454,0.028761446811404693,-0.25,0.0,-3.7300000000000324
2267,0.009571491,14.48,3.925747821,0.007536632806692488,-0.4499999999999993,0.0,-5.350000000000023
2268,0.033183553,21.42,7.459136063,0.02391377219765718,-0.10000000000000053,0.0,-2.7300000000000466
2269,0.672074008,5.75,2.788657678,0.005182045076654454,-0.2999999999999998,0.0,-1.4210854715202004e-14
2270,2.019864123,6.63,3.854617072,0.007362292099492103,-0.3000000000000007,0.0,-1.4210854715202004e-14
2271,0.513110418,6.63,4.14294317,0.008094730296897957,-0.15000000000000036,0.0,-2.842170943040401e-14
2272,0.312708238,5.66,4.052604309,0.007857785212269075,-0.20000000000000018,0.0,-1.4210854715202004e-14
2273,0.025360028,14.89,3.679904118,0.006950880510350425,-0.2999999999999998,0.0,-4.690000020000028
2274,0.011343596,11.45,1.345265561,0.003217767694663976,-0.20000000000000018,0.0,-5.650000000000034
2275,0.315993057,5.61,4.687230327,0.009679837756476368,-0.2999999999999998,0.0,-1.4210854715202004e-14
2276,0.209757198,13.6,3.412717884,0.006365453371307685,-0.3000000000000007,0.0,-3.9700000000000273
2277,1.133223408,6.4,2.054856221,0.0040676448702215255,-0.15000000000000036,0.0,-1.7600000000000122
2278,0.729612443,6.4,1.255564084,0.0031237871519216574,-0.15000000000000036,0.0,-1.7600000000000122
2279,1.582857709,14.51,5.138876657,0.011225676852466717,-0.25,0.0,-2.080000040000016
2280,0.516095513,14.51,5.1650371,0.011322344329638556,-0.35000000000000053,0.0,-2.0800000000000125
2281,0.479169441,14.51,5.860362143,0.01421570883909641,-0.35000000000000053,0.0,-2.0800000100000062
2282,0.365493815,6.79,1.153684298,0.003020361998547271,-0.14999999999999947,0.0,-1.480000000000011
2283,0.070451178,6.79,1.577686657,0.003474594428306879,-0.14999999999999947,0.0,-1.480000000000011
2284,0.231081034,9.69,2.989468808,0.005536774051787743,-0.20000000000000018,0.0,-2.680000000000021
2285,0.097888232,9.69,3.146781809,0.005831445630935561,-0.2999999999999998,0.0,-2.680000000000021
2286,1.845800239,17.7,5.11822868,0.0111499554704847,-0.8500000000000005,0.0,-7.560000000000031
2287,0.100254279,6.11,0.815343364,0.002700770708252239,-0.10000000000000053,0.0,-2.2200000000000095
2288,0.05772878,6.11,0.42335509,0.0023724477423712437,-0.10000000000000053,0.0,-2.220000000000013
2289,0.077402212,5.77,1.01128204,0.002881496046006974,0.0,0.0,-1.9700000000000095
2290,0.018609013,5.77,1.406873489,0.0032839418840264955,-0.15000000000000036,0.0,-1.970000000000013
2291,0.142962545,2.44,0.529703581,0.0024573698760664703,-0.09999999999999964,0.0,-7.105427357601002e-15
2292,0.028317301,13.47,5.723022001,0.013591604103840362,-0.35000000000000053,0.0,-2.2700000000000244
2293,0.014678608,13.47,6.11675894,0.01545732243729615,-0.15000000000000036,0.0,-2.2700000000000244
2294,0.6806234,7.94,4.077103302,0.00792135382857966,-0.2999999999999998,0.0,-1.4210854715202004e-14
2295,0.995890978,12.06,5.999940547,0.014878911244765853,-0.20000000000000018,0.0,-2.842170943040401e-14
2296,2.133205738,14.33,3.496935502,0.00654448950962736,-0.34999999999999964,0.0,-7.820000000000036
2297,0.650954711,6.5,3.972325841,0.007653008604271701,-0.25,0.0,-1.4210854715202004e-14
2298,0.011077692,8.43,5.129722762,0.011192044660195018,-0.25,0.0,-2.842170943040401e-14
2299,0.255880451,8.43,3.672604989,0.006934198549253266,-0.15000000000000036,0.0,-0.7600000000000193
2300,0.213801861,8.43,4.00497345,0.007735640314722119,-0.1999999999999993,0.0,-0.7600000000000193
2301,0.008335517,8.43,3.668039669,0.006923784850262902,-0.15000000000000036,0.0,-0.7600000000000193
2302,1.549420282,12.84,3.753559986,0.007121465056481776,-0.25,0.0,-2.67000000000003
2303,0.168289988,12.84,4.164285358,0.008151734555804655,-0.25,0.0,-2.67000000000003
2304,0.102684175,21.05,5.696444703,0.013473989331811572,-0.4500000000000002,0.0,-5.890000000000029
2305,0.076069482,21.05,6.210420344,0.015937012758943412,-0.1999999999999993,0.0,-5.890000000000043
2306,0.01069842,8.14,2.485545537,0.004688973195286792,-0.10000000000000053,0.0,-2.0400000000000134
2307,2.115524577,17.32,8.915194937,0.038183768850728224,-0.20000000000000018,0.0,-2.842170943040401e-14
2308,0.16046343,5.38,2.783553406,0.00517332945091773,-0.10000000000000053,0.0,-0.240000000000002
2309,0.16046343,5.38,3.573669363,0.006711967177860248,-0.20000000000000018,0.0,-0.24000000000000996
2310,2.559891602,4.67,0.615001021,0.002527668279738957,-0.10000000000000053,0.0,-2.400000000000013
2311,0.15164761,4.67,0.412201413,0.0023637126430686634,-0.09999999999999964,0.0,-2.400000000000013
2312,0.15164761,4.67,0.115408109,0.0021427028912061868,-0.09999999999999964,0.0,-2.400000000000013
2313,2.327044126,13.06,4.522215794,0.009169275201296456,-0.15000000000000036,0.0,-2.6400000000000206
2314,0.007665405,13.06,3.979314692,0.0076706235191503725,-0.2999999999999998,0.0,-2.6400000000000383
2315,1.311790395,5.15,3.926283089,0.007537960154100242,-0.1999999999999993,0.0,-1.4210854715202004e-14
2316,0.039467202,18.64,5.837192673,0.014108475330900223,0.0,0.0,-6.4500000000000455
2317,9.531668999,7.83,4.268174762,0.00843495584444115,-0.20000000000000018,0.0,-2.842170943040401e-14
2318,0.141421806,7.83,5.472023073,0.012520055961546548,-0.15000000000000036,0.0,-2.842170943040401e-14
2319,0.087122907,7.77,2.794569161,0.005192157284049161,-0.15000000000000036,0.0,-0.4900000000000091
2320,0.882432444,7.62,4.601613693,0.009411516822376419,-0.25,0.0,-2.842170943040401e-14
2321,0.450879187,7.62,4.939377754,0.01051484936620974,-0.15000000000000036,0.0,-1.4210854715202004e-14
2322,2.037777584,14.82,5.462987234,0.012483077183376814,-0.5,0.0,-6.380000010000018
2323,1.421269167,14.82,3.597895346,0.006765721268878136,-0.5,0.0,-6.380000000000038
2324,0.010786892,8.5,4.337766658,0.00863011093950961,-0.20000000000000018,0.0,-1.3400000000000176
2325,0.037414799,5.74,1.164217489,0.0030308947693772352,-0.09999999999999964,0.0,-2.5800000000000125
2326,0.453913458,8.08,4.822403515,0.010118966488082429,-0.25,0.0,-1.4210854715202004e-14
2327,0.026963582,28.5,6.741054234,0.01894403275469431,-1.0999999999999996,0.0,-8.57000000000005
2328,0.461016174,12.79,4.009139913,0.007746249206862865,-0.1999999999999993,0.0,-3.2800000000000153
2329,0.158514935,12.79,3.708919446,0.007017589247331674,-0.09999999999999964,0.0,-3.2800000000000225
2330,0.010924636,11.57,3.936842283,0.007564192122641605,-0.2999999999999998,0.0,-1.3600000000000279
2331,3.164180544,13.19,8.45294826,0.03293761620296529,-0.3000000000000007,0.0,-2.842170943040401e-14
2332,0.241622608,6.69,3.321153278,0.006176316890534743,-0.09999999999999964,0.0,-1.4210854715202004e-14
2333,0.849806159,5.99,2.128341104,0.004167532417156481,-0.25,0.0,-0.9300000000000068
2334,0.047824053,5.99,2.958337494,0.005480239733034257,-0.10000000000000053,0.0,-0.9300000000000139
2335,0.163212684,16.32,5.450862339,0.012433625969223852,-0.5999999999999996,0.0,-6.630000000000038
2336,0.052821493,8.28,2.375076971,0.004521129779697214,-0.10000000000000053,0.0,-4.280000000000015
2337,0.052821493,8.28,1.610670902,0.003512660888716521,-0.10000000000000053,0.0,-4.28000000000003
2338,1.590718011,18.54,9.387599379,0.04436984894964011,-0.34999999999999964,0.0,-2.842170943040401e-14
2339,0.020553638,11.75,3.559226485,0.006680122491190636,-0.1999999999999993,0.0,-2.8700000000000188
2340,0.702224731,13.09,4.958244892,0.010580122143407958,-0.35000000000000053,0.0,-1.9700000400000164
2341,0.443011085,13.09,5.036362633,0.010854670836894308,-0.34999999999999964,0.0,-1.970000000000013
2342,0.446505907,7.37,4.712089011,0.009759153837021525,-0.25,0.0,-0.3500000000000085
2343,0.13755661,7.37,3.863568351,0.007384009480405923,-0.25,0.0,-0.3500000000000085
2344,0.02562807,6.16,2.502034771,0.0047145529823374955,-0.15000000000000036,0.0,-1.1200000000000117
2345,0.023746509,6.16,3.09505596,0.005732873909145898,-0.20000000000000018,0.0,-1.120000000000005
2346,7.285580505,5.23,3.200710934,0.005936010383333623,-0.1999999999999993,0.0,-7.105427357601002e-15
2347,0.823280919,16.25,6.498640373,0.017506857266219932,-0.2999999999999998,0.0,-1.7100000000000222
2348,0.164230083,16.25,4.53226938,0.009199603609075449,-0.25,0.0,-1.710000000000008
2349,0.018249505,6.46,3.889731609,0.007447851356560156,-0.25,0.0,-0.09000000000000341
2350,0.327530554,11.85,2.160997522,0.0042127024616350015,-0.20000000000000018,0.0,-4.03000000000003
2351,0.954678587,5.13,2.594950415,0.0048613111031655535,-0.2999999999999998,0.0,-1.4210854715202004e-14
2352,0.013194696,6.11,3.109973263,0.005761129944551039,-0.15000000000000036,0.0,-1.0800000000000125
2353,0.059413512,21.18,6.346662895,0.01666103299796824,-0.2999999999999998,0.0,-3.620000000000033
2354,0.008902614,21.18,7.177930985,0.0218317602349022,-0.3000000000000007,0.0,-3.620000000000033
2355,2.772058482,4.75,3.792866902,0.007214192858277109,-0.25,0.0,-1.4210854715202004e-14
2356,1.542905137,1.54,2.275337942,0.004374732944399549,-0.14999999999999947,0.0,-7.105427357601002e-15
2357,1.404152533,12.72,2.297508994,0.0044068621671782505,-0.25,0.0,-5.750000000000028
2358,0.373276547,13.82,3.160339793,0.005857560017139166,-0.5999999999999996,0.0,-7.620000020000035
2359,0.830229955,4.14,3.768923547,0.007157567076635853,-0.20000000000000018,0.0,-7.105427357601002e-15
2360,0.171714893,7.68,4.260636467,0.008414080805216783,-0.14999999999999947,0.0,-1.4210854715202004e-14
2361,1.144540469,22.65,5.422999917,0.012320721267923631,-0.7000000000000002,0.0,-8.190000000000055
2362,2.126208287,16.29,5.493629211,0.012608917203841037,-0.5,0.0,-4.370000000000033
2363,1.588693459,16.29,7.551291487,0.02463732343014211,-0.5,0.0,-4.370000000000033
2364,6.350223613,10.03,4.177197211,0.008186414785889561,-0.10000000000000053,0.0,-1.4210854715202004e-14
2365,0.054737206,25.65,7.144688663,0.021597666177203496,-0.35000000000000053,0.0,-5.420000000000044
2366,0.167345133,4.49,2.263453462,0.0043576066490864955,-0.15000000000000036,0.0,-0.22000000000000597
2367,0.079338425,4.49,2.177619766,0.004235881079498297,-0.25,0.0,-0.22000000000000597
2368,0.029327453,4.49,2.871574742,0.005325690546946547,-0.14999999999999947,0.0,-0.22000000000000597
2369,1.678415989,4.23,2.85549663,0.005297530663784936,-0.15000000000000036,0.0,-7.105427357601002e-15
2370,0.116928188,4.23,3.537693259,0.006632922959772012,-0.15000000000000036,0.0,-1.4210854715202004e-14
2371,0.048213101,4.23,3.27866669,0.0060904635816751785,-0.25,0.0,-7.105427357601002e-15
2372,0.008685695,22.39,4.854506956,0.010226123416340695,-0.25,0.0,-7.410000000000025
2373,0.102585278,16.34,3.073357508,0.005692018968125003,-1.1999999999999997,0.0,-9.030000000000044
2374,3.502257154,9.0,2.33720916,0.00446498178998735,-0.20000000000000018,0.0,-4.560000000000031
2375,0.091422691,6.92,4.640682252,0.00953303070680521,-0.25,0.0,-1.4210854715202004e-14
2376,0.074618761,6.92,4.273422075,0.00844951700283402,-0.15000000000000036,0.0,-1.4210854715202004e-14
2377,0.951697358,16.47,5.820930151,0.014033685341779754,-0.40000000000000036,0.0,-6.72000000000003
2378,0.080096715,16.47,4.525652042,0.0091796300878772,-0.4499999999999993,0.0,-6.720000000000056
2379,8.550737918,3.44,0.112039651,0.0021403167087542373,0.0,0.0,-1.3300000000000054
2380,0.030272225,3.12,2.207913122,0.004278450237285792,-0.10000000000000053,0.0,-7.105427357601002e-15
2381,1.370677128,16.12,5.603548239,0.013070720161496041,-0.4500000000000002,0.0,-5.67000000000003
2382,2.45388646,8.41,3.930364907,0.007548089801738814,-0.25,0.0,-1.4210854715202004e-14
2383,1.355611947,16.98,6.468580587,0.01733628025756357,-0.4500000000000002,0.0,-3.830000000000041
2384,1.168010505,6.21,2.420465817,0.004589356313721003,-0.20000000000000018,0.0,-0.8800000000000097
2385,4.263840051,20.99,3.855018254,0.007363264079290864,-1.0,0.0,-7.960000000000058
2386,0.613100895,22.5,10.46805868,0.06229007511023736,-0.35000000000000053,0.0,-5.684341886080802e-14
2387,8.428573651,1.68,1.657712821,0.0035676710955638022,-0.15000000000000036,0.0,-0.05000000000000426
2388,4.859534137,1.68,1.522113947,0.003411386591688264,-0.09999999999999964,0.0,-0.05000000000000426
2389,3.94817629,3.91,0.122684764,0.0021478666669539222,-0.09999999999999964,0.0,-2.6200000000000117
2390,0.023454665,10.62,2.715322795,0.005058215403554799,-0.20000000000000018,0.0,-1.4600000000000222
2391,0.336558553,6.77,1.522257978,0.0034115489208944726,0.0,0.0,-2.730000000000018
2392,4.810786083,5.71,4.193751655,0.008231092873061842,-0.20000000000000018,0.0,-1.4210854715202004e-14
2393,3.13195676,11.98,6.872774941,0.019772839123947422,-0.14999999999999947,0.0,-2.842170943040401e-14
2394,0.078780114,24.86,5.861882644,0.014222774080414573,-0.7000000000000002,0.0,-8.010000000000048
2395,0.613043039,6.04,4.291465902,0.008499778614096246,-0.20000000000000018,0.0,-1.4210854715202004e-14
2396,0.034915575,6.04,4.378768352,0.008747179686258754,-0.14999999999999947,0.0,-1.4210854715202004e-14
2397,1.27491798,8.07,4.914520699,0.010429461742204507,-0.3000000000000007,0.0,-1.4210854715202004e-14
2398,0.127595972,7.49,3.09845575,0.005739301571305894,-0.15000000000000036,0.0,-1.4100000000000108
2399,0.048918816,7.49,2.340951059,0.004470498990981803,0.0,0.0,-1.4100000000000037
2400,1.205234884,8.95,5.133350381,0.011205360908847467,-0.25,0.0,-1.4210854715202004e-14
2401,0.129429713,8.95,3.682363996,0.0069565114682023504,-0.25,0.0,-2.842170943040401e-14
2402,0.459998748,19.58,1.905065373,0.0038713588836738104,-0.4500000000000002,0.0,-7.840000000000046
2403,0.040053783,19.58,3.383063323,0.006303576950371076,-0.09999999999999964,0.0,-7.840000000000046
2404,0.184038844,7.55,2.949963995,0.005465131716356916,-0.1999999999999993,0.0,-3.0200000000000173
2405,0.034043021,7.55,1.247705364,0.0031156850824333344,-0.20000000000000018,0.0,-3.0200000000000173
2406,1.750873719,3.78,0.840056624,0.002722927011578205,-0.09999999999999964,0.0,-1.5400000000000063
2407,1.639771667,3.78,1.039800775,0.002908787157655594,0.0,0.0,-1.5400000000000063
2408,0.962429914,3.78,0.757347212,0.0026494786506226866,0.0,0.0,-1.5400000000000098
2409,0.131685711,3.78,0.435796436,0.0023822292910864883,-0.10000000000000053,0.0,-1.5400000000000098
2410,0.108555357,19.32,4.667514222,0.009617384187070508,-0.4500000000000002,0.0,-8.410000000000053
2411,1.331269742,5.83,4.019873813,0.007773647039055683,-0.14999999999999947,0.0,-1.4210854715202004e-14
2412,1.023215068,5.83,4.107318343,0.008000457097265304,-0.3000000000000007,0.0,-1.4210854715202004e-14
2413,0.312708238,5.83,4.105982217,0.007996942605074862,-0.20000000000000018,0.0,-1.4210854715202004e-14
2414,0.015542036,18.4,3.146586067,0.0058310694559774055,-0.4500000000000002,0.0,-6.060000020000032
2415,0.014961193,10.06,2.062864348,0.004078413470259026,-0.25,0.0,-2.5200000000000173
2416,0.089898951,17.4,6.260978255,0.01620200305320821,-0.4500000000000002,0.0,-0.9700000000000273
2417,0.042535807,17.4,8.909929936,0.03811972125060295,-0.34999999999999964,0.0,-0.9700000000000273
2418,0.014867146,9.34,4.87618865,0.010299128550371947,-0.20000000000000018,0.0,-0.8200000000000074
2419,8.64901433,15.44,8.405934383,0.0324447856138775,-0.40000000000000036,0.0,-2.842170943040401e-14
2420,1.95090149,16.18,8.671751272,0.0353279264965243,-0.25,0.0,-0.6700000000000159
2421,1.710817379,16.18,7.14979829,0.02163348810868929,-0.40000000000000036,0.0,-0.6700000000000159
2422,1.072002998,6.22,4.38103259,0.008753690244657253,-0.1999999999999993,0.0,-1.4210854715202004e-14
2423,2.182411887,3.09,3.237786657,0.006008976608607748,-0.20000000000000018,0.0,-1.4210854715202004e-14
2424,4.996542377,4.24,3.402648947,0.006344376420188306,-0.1999999999999993,0.0,-1.4210854715202004e-14
2425,3.290308823,4.57,2.532468824,0.004762130672640179,-0.1999999999999993,0.0,-1.4210854715202004e-14
2426,0.035973865,1.41,0.166028597,0.0021788833011235297,0.0,0.0,-3.552713678800501e-15
2427,0.015133662,19.71,2.611114624,0.004887302388783276,-1.6499999999999995,0.0,-9.080000000000044
2428,0.015133662,19.71,2.75416634,0.0051234334879688564,-1.4000000000000004,0.0,-9.080000050000038
2429,0.087515463,7.86,4.613253644,0.009447558910445157,-0.25,0.0,-0.6700000000000159
2430,0.447571294,13.6,4.022072195,0.007779270168288522,-0.25,0.0,-5.510000030000029
2431,0.045156508,13.6,3.386411778,0.006310533706878725,-0.09999999999999964,0.0,-5.5100000000000335
2432,4.461413046,8.13,4.064689905,0.007889080738023881,-0.25,0.0,-1.4210854715202004e-14
2433,1.399442205,8.13,3.363903355,0.006263916472416312,-0.2999999999999998,0.0,-1.4210854715202004e-14
2434,0.056448465,13.4,3.02359495,0.005599413476674124,-0.35000000000000053,0.0,-2.1800000000000073
2435,0.626125335,4.96,1.786684622,0.0037229313395323723,-0.1999999999999993,0.0,-0.7600000000000122
2436,0.285411995,4.96,2.421702604,0.004591229671451841,-0.20000000000000018,0.0,-0.7600000000000122
2437,0.146669375,4.96,2.077451923,0.004098102528638848,-0.14999999999999947,0.0,-0.7600000000000122
2438,0.051646147,17.16,3.430984213,0.0064038673768335936,-0.7000000000000002,0.0,-8.320000000000036
2439,0.857961778,5.29,4.545880899,0.009240823565574005,-0.20000000000000018,0.0,-1.4210854715202004e-14
2440,0.684834968,5.29,4.570100966,0.009314622473554487,0.0,0.0,-1.4210854715202004e-14
2441,0.552201462,5.29,2.808477766,0.005216026893427405,-0.09999999999999964,0.0,0.0
2442,0.065380114,9.24,3.148473644,0.005834697987568907,-0.1999999999999993,0.0,-1.5300000000000153
2443,2.080339439,9.43,3.314079862,0.0061619405334181815,-0.20000000000000018,0.0,-2.250000000000014
2444,0.148814423,9.43,4.485541294,0.00905947755853946,-0.2999999999999998,0.0,-2.2500000000000284
2445,0.020471516,9.43,3.827270653,0.0072963368087575475,-0.25,0.0,-2.250000000000014
2446,1.34401536,5.0,2.643391612,0.0049396167212953064,-0.20000000000000018,0.0,-0.4200000000000088
2447,4.864331135,9.38,6.412759903,0.017023841017258914,-0.34999999999999964,0.0,-2.842170943040401e-14
2448,0.891679224,12.94,4.446883455,0.008945152307587483,-0.25,0.0,-3.4600000000000133
2449,0.595242982,12.94,2.744375575,0.005106916415173068,-0.2999999999999998,0.0,-3.460000000000022
2450,0.007895444,12.94,4.876328916,0.010299602519730007,-0.25,0.0,-3.4600000300000175
2451,0.008000757,5.98,2.812706152,0.005223305160640537,-0.14999999999999947,0.0,-1.3700000000000117
2452,0.102684175,21.79,8.635633652,0.034922150974706904,-0.6499999999999995,0.0,-5.960000000000036
2453,0.095420582,14.72,4.045269221,0.007838851170653884,-0.2999999999999998,0.0,-5.630000000000038
2454,1.346341802,6.93,3.42029077,0.006381351253339192,-0.25,0.0,-2.842170943040401e-14
2455,0.160398428,6.93,4.824590559,0.010126231134294434,-0.25,0.0,-1.4210854715202004e-14
2456,4.65217571,10.09,3.765797574,0.007150206823854162,-0.1999999999999993,0.0,-3.3700000000000188
2457,0.343203071,19.07,9.911675123,0.052347698253889574,-0.25,0.0,-2.842170943040401e-14
2458,0.375621861,4.72,1.733951841,0.0036586526542374005,-0.10000000000000053,0.0,-1.8400000000000105
2459,0.517026119,17.18,5.692132661,0.013455001767805437,-0.35000000000000053,0.0,-2.930000000000021
2460,6.953566659,7.06,4.635737311,0.009517565116273951,-0.25,0.0,-1.4210854715202004e-14
2461,0.019935632,4.9,0.930490218,0.0028055603378120937,-0.10000000000000053,0.0,-1.6600000000000108
2462,0.015678936,21.66,7.890889856,0.02749235387398749,-0.5,0.0,-5.30000000000004
2463,0.054755476,11.64,3.074380116,0.005693937869961106,-0.10000000000000053,0.0,-1.970000000000013
2464,0.409887965,6.02,1.398620042,0.0032749986266148805,-0.10000000000000053,0.0,-2.500000000000014
2465,0.140153612,10.53,5.093684182,0.011060601289550984,-0.15000000000000036,0.0,-1.170000000000016
2466,0.007794963,18.64,2.37317686,0.004518295739602037,-0.40000000000000036,0.0,-7.3800000200000255
2467,2.097498311,6.17,4.458351685,0.00897891805397246,-0.2999999999999998,0.0,-1.4210854715202004e-14
2468,1.649774312,6.17,3.660392337,0.006906375728455622,-0.25,0.0,-2.842170943040401e-14
2469,1.476599524,6.17,4.145536529,0.00810163591290186,-0.15000000000000036,0.0,-1.4210854715202004e-14
2470,0.172259328,11.37,3.440822006,0.0064246515479363855,-0.3000000000000007,0.0,-2.5300000000000153
2471,0.048681543,6.03,0.910705834,0.0027872713316920146,-0.14999999999999947,0.0,-2.230000000000011
2472,0.039658612,6.03,0.88069068,0.002759751591710681,-0.10000000000000053,0.0,-2.230000000000011
2473,0.031356047,6.03,0.164495209,0.002177778428126174,-0.09999999999999964,0.0,-2.230000000000011
2474,0.115235917,5.83,3.245696309,0.006024658069831477,-0.25,0.0,-0.1500000000000199
2475,0.028754658,5.83,2.778681703,0.005165024541892973,-0.20000000000000018,0.0,-0.1500000000000128
2476,0.055833767,15.17,4.837865958,0.010170438571894506,-0.34999999999999964,0.0,-3.7800000000000296
2477,0.058468235,2.94,0.637847481,0.0025468355675901154,0.0,0.0,-7.105427357601002e-15
2478,2.008413583,17.51,5.78495505,0.013869624643182518,-1.0,0.0,-8.220000040000016
2479,4.57606662,6.31,4.322726108,0.008587557393055022,-0.1999999999999993,0.0,-1.4210854715202004e-14
2480,2.080162974,6.31,4.324347231,0.008592133943079417,-0.20000000000000018,0.0,-1.4210854715202004e-14
2481,1.509784557,6.31,4.036895467,0.00781729134897183,-0.10000000000000053,0.0,-1.4210854715202004e-14
2482,0.357711411,6.31,3.588170582,0.006744092190226372,-0.25,0.0,-1.4210854715202004e-14
2483,1.654210331,11.12,4.576372951,0.009333828286612977,-0.34999999999999964,0.0,-0.5200000300000056
2484,0.070098946,6.7,4.012236578,0.007754143467252534,-0.15000000000000036,0.0,-0.05000000000001137
2485,0.030355024,17.26,5.481654,0.012559589187127709,-0.35000000000000053,0.0,-2.7900000000000205
2486,3.791613902,21.01,8.059529909,0.029027180240771375,-0.5,0.0,-5.230000000000047
2487,0.017403653,11.19,3.715443315,0.007032675499660841,-0.3000000000000007,0.0,-3.1600000300000204
2488,1.304104095,16.36,5.171607569,0.01134675239263163,-0.34999999999999964,0.0,-5.840000000000046
2489,0.533305353,16.36,6.233178137,0.016055761856202815,-0.25,0.0,-5.840000000000046
2490,0.396282006,11.1,4.414651945,0.008850925862449658,-0.14999999999999947,0.0,-4.0300000000000225
2491,5.448048861,4.26,0.395122317,0.0023503991420201773,0.0,0.0,-1.740000000000009
2492,3.863056491,4.18,3.043176105,0.005635672843010587,-0.25,0.0,-7.105427357601002e-15
2493,0.007722697,2.79,0.61875485,0.0025308076882555315,0.0,0.0,-7.105427357601002e-15
2494,2.257189178,11.64,4.137629348,0.008080598842943772,-0.25,0.0,-4.2900000000000205
2495,0.024575398,11.64,3.715229108,0.007032179641431512,-0.35000000000000053,0.0,-4.2900000000000205
2496,0.043963077,2.59,0.204112217,0.0022065043840737326,-0.10000000000000053,0.0,-7.105427357601002e-15
2497,0.022099142,11.3,2.069031288,0.004086725556259347,-0.20000000000000018,0.0,-4.0400000000000205
2498,0.009367626,17.73,4.492214963,0.009079360045738276,-0.25,0.0,-6.360000000000042
2499,0.223972587,6.6,4.597760508,0.009399615802808061,0.0,0.0,-1.4210854715202004e-14
2500,0.600799785,13.09,4.853223745,0.010221818763380134,-0.2999999999999998,0.0,-2.842170943040401e-14
2501,17.05032367,1.62,1.051906434,0.002920449490479018,-0.14999999999999947,0.0,-0.07000000000000384
2502,7.941813841,1.62,1.226085501,0.0030935036754692847,-0.15000000000000036,0.0,-0.07000000000000384
2503,1.648107049,11.43,6.830522187,0.019503179582763642,-0.35000000000000053,0.0,-1.4210854715202004e-14
2504,2.539146476,14.82,5.689476922,0.013443320672510245,-0.4499999999999993,0.0,-4.690000020000028
2505,0.009264233,14.82,4.716806571,0.009774278543905654,-0.10000000000000053,0.0,-4.690000000000026
2506,11.04473306,9.3,6.040380246,0.015076689841945762,-0.2999999999999998,0.0,-1.4210854715202004e-14
2507,0.388750307,7.0,3.143631796,0.0058253948971817805,-0.25,0.0,-0.3500000000000085
2508,1.017203558,5.66,1.340959482,0.0032131924685607563,-0.15000000000000036,0.0,-1.190000000000012
2509,3.932701644,9.03,5.459946989,0.01247065937517387,-0.2999999999999998,0.0,-2.842170943040401e-14
2510,0.011992772,15.59,5.294064303,0.011811291683857666,-0.3000000000000007,0.0,-1.660000000000025
2511,0.243161808,8.12,5.107816827,0.011111964311592384,-0.2999999999999998,0.0,-0.6000000000000085
2512,0.131414084,11.23,2.370882765,0.004514876423662298,-0.25,0.0,-4.080000010000006
2513,0.044641065,5.28,2.635341995,0.004926518032096276,-0.20000000000000018,0.0,-1.250000000000007
2514,0.024244096,6.56,1.189467385,0.003056293001329671,-0.09999999999999964,0.0,-2.250000000000014
2515,0.651320347,5.76,4.682888629,0.009666050419411983,-0.25,0.0,-1.4210854715202004e-14
2516,5.518906897,18.78,6.65346131,0.018411845778193173,-0.4500000000000002,0.0,-4.890000000000043
2517,0.228131335,18.78,6.112524917,0.015435976745886905,-0.15000000000000036,0.0,-4.890000000000043
2518,0.065977954,18.78,5.4916009,0.01260054879759894,-0.35000000000000053,0.0,-4.890000000000043
2519,3.644681359,4.55,1.801321135,0.003740971171083402,-0.09999999999999964,0.0,-0.5500000000000043
2520,0.097035017,4.55,2.104457338,0.0041348022848915105,-0.20000000000000018,0.0,-0.5500000000000114
2521,0.064268343,5.13,1.19074766,0.0030575864345782533,-0.15000000000000036,0.0,-1.0200000000000067
2522,0.011699973,21.4,4.854734934,0.010226888377816759,-0.2999999999999998,0.0,-7.970000030000037
2523,0.013492603,14.55,4.492707049,0.009080827800286509,-0.35000000000000053,0.0,-5.2400000000000375
2524,0.265003033,5.35,4.332237695,0.008614443852895982,-0.20000000000000018,0.0,-1.4210854715202004e-14
2525,0.14138015,5.35,3.436029034,0.006414517142680341,-0.15000000000000036,0.0,-1.4210854715202004e-14
2526,1.588624897,9.14,5.022535597,0.010805566935537534,-0.20000000000000018,0.0,-1.4210854715202004e-14
2527,0.052929486,9.14,6.288566295,0.01634842352479219,-0.25,0.0,-1.4210854715202004e-14
2528,1.508263165,8.38,4.452605081,0.008961982651322508,-0.25,0.0,-1.4210854715202004e-14
2529,0.16366652,2.62,0.310020473,0.002285167403067547,-0.10000000000000053,0.0,-3.552713678800501e-15
2530,2.706423011,0.0,2.951720196,0.005468296933018658,-0.20000000000000018,0.0,0.0
2531,0.912488233,0.0,0.505810787,0.002438030515326397,-0.14999999999999947,0.0,-3.552713678800501e-15
2532,0.957538025,0.0,1.350346438,0.003223174498689698,-0.09999999999999964,0.0,0.0
2533,2.657947679,0.0,2.323793379,0.0044452567013702595,-0.09999999999999964,0.0,0.0
2534,0.856567506,0.0,1.739148117,0.003664937236883079,-0.14999999999999947,0.0,0.0
2535,0.155340097,0.0,2.829259062,0.00525189478841598,-0.09999999999999964,0.0,0.0
2536,0.102224193,0.0,1.336419184,0.0032083754067111026,-0.09999999999999964,0.0,0.0
2537,0.829619881,0.0,1.24783158,0.003115815041113479,-0.14999999999999947,0.0,0.0
2538,0.021790984,0.0,1.595604143,0.003495221355106902,-0.14999999999999947,0.0,0.0
2539,0.377210352,0.0,2.017204886,0.004017393118010547,-0.14999999999999947,0.0,0.0
2540,0.340900566,0.0,1.772779784,0.003705873598481198,-0.09999999999999964,0.0,0.0
2541,1.044721061,0.0,2.029651968,0.004033936955589521,-0.09999999999999964,0.0,0.0
2542,0.012610838,0.0,1.241152486,0.0031089453097335883,0.0,0.0,0.0
2543,0.716049229,0.0,1.657986295,0.003567993389207695,-0.09999999999999964,0.0,0.0
2544,0.004395633,0.0,1.395682186,0.003271821090948517,-0.14999999999999947,0.0,0.0
2545,1.489869613,0.0,0.830222881,0.002714089085033521,0.0,0.0,-1.7763568394002505e-15
2546,0.434812788,0.0,1.281351246,0.0031505206441861974,-0.14999999999999947,0.0,0.0
2547,0.194901915,0.0,1.438415584,0.003318345057871789,-0.14999999999999947,0.0,0.0
2548,0.223557994,0.0,2.467978116,0.004661872778666064,-0.09999999999999964,0.0,0.0
2549,0.061680298,0.0,1.255012977,0.0031232182954478317,-0.14999999999999947,0.0,0.0
2550,2.199808022,0.0,1.140105734,0.003006837801910942,-0.14999999999999947,0.0,0.0
2551,0.003263989,0.0,1.013765568,0.0028838624841334318,-0.09999999999999964,0.0,0.0
2552,0.106549156,0.0,1.488632755,0.0033738599444454306,-0.09999999999999964,0.0,0.0
2553,6.555220333,0.0,1.152028509,0.003018709597938864,-0.14999999999999947,0.0,0.0
2554,0.090208701,0.0,0.967139532,0.0028397562975941036,-0.14999999999999947,0.0,0.0
2555,2.184378528,0.0,2.198242123,0.004264814166850614,-0.14999999999999947,0.0,0.0
2556,0.427218985,0.0,1.742227465,0.003668666596967469,-0.09999999999999964,0.0,0.0
2557,0.002598916,0.0,1.044440881,0.002913251838105429,-0.09999999999999964,0.0,0.0
2558,1.565049807,0.0,1.903975658,0.0038699660556714205,-0.14999999999999947,0.0,0.0
2559,0.166799913,0.0,1.728900019,0.003652553073783609,-0.14999999999999947,0.0,0.0
2560,0.056760146,0.0,1.632438727,0.0035380100396067444,0.0,0.0,0.0
2561,0.895523458,0.0,2.144339017,0.0041895999923657135,-0.09999999999999964,0.0,0.0
2562,0.046216098,0.0,1.820603111,0.0037648696369846505,-0.14999999999999947,0.0,0.0
2563,0.063716254,0.0,1.360691532,0.0032342112133137996,-0.09999999999999964,0.0,0.0
2564,0.318868871,0.0,1.743300512,0.003669967038973932,-0.20000000000000018,0.0,0.0
2565,1.200901559,0.0,2.016330126,0.0040162329895728115,0.0,0.0,0.0
2566,1.692418966,0.0,0.628644331,0.00253909710820694,-0.10000000000000053,0.0,-1.7763568394002505e-15
2567,0.595259427,0.0,1.75072582,0.0036789784765426355,-0.14999999999999947,0.0,0.0
2568,1.152446222,0.0,3.166558933,0.005869577727556454,-0.20000000000000018,0.0,0.0
2569,2.981746817,0.0,0.685276661,0.0025870909234551455,-0.09999999999999964,0.0,-1.7763568394002505e-15
2570,0.568697064,0.0,1.896337786,0.003860217648553268,-0.20000000000000018,0.0,0.0
2571,0.247101124,0.0,1.614569565,0.0035171876327661556,0.0,0.0,0.0
2572,0.021381473,0.0,1.8971225,0.0038612180701588393,-0.14999999999999947,0.0,0.0
2573,0.106781948,0.0,1.879247967,0.003838493992138076,-0.14999999999999947,0.0,0.0
2574,0.221978971,0.0,1.734333658,0.003659114073171495,-0.09999999999999964,0.0,0.0
2575,0.131664194,0.0,2.29270665,0.004399882968565032,-0.14999999999999947,0.0,0.0
2576,0.120193846,0.0,2.036785853,0.004043449413864263,-0.14999999999999947,0.0,0.0
2577,1.318007691,0.0,1.872231365,0.0038296101694454136,-0.09999999999999964,0.0,0.0
2578,2.965081895,0.0,0.381934884,0.002340170476855391,0.0,0.0,-8.881784197001252e-16
2579,5.49893775,0.0,1.420743454,0.00329902593689158,-0.09999999999999964,0.0,0.0
2580,0.235301761,0.0,2.09911307,0.004127513660059563,-0.14999999999999947,0.0,0.0
2581,0.132131713,0.0,1.82565704,0.003771158694652505,-0.09999999999999964,0.0,0.0
2582,0.795885448,0.0,1.645479857,0.0035532839765388324,-0.14999999999999947,0.0,0.0
2583,4.949789697,0.0,1.772097367,0.003705038451753665,0.0,0.0,-3.552713678800501e-15
2584,0.226568033,0.0,1.964592586,0.003948207580800315,-0.09999999999999964,0.0,0.0
2585,0.014061517,0.0,1.785172396,0.0037210724338592955,-0.14999999999999947,0.0,0.0
2586,0.174775586,0.0,1.45436051,0.0033358727486172686,-0.09999999999999964,0.0,0.0
2587,1.798970165,0.0,1.616168331,0.0035190456428539174,-0.14999999999999947,0.0,0.0
2588,10.03195587,0.0,1.410486811,0.003287864858978588,-0.14999999999999947,0.0,-3.552713678800501e-15
2589,0.284040958,0.0,1.659407954,0.003569669305382112,-0.14999999999999947,0.0,0.0
2590,0.046216098,0.0,1.580756833,0.0034781202373382956,-0.14999999999999947,0.0,0.0
2591,1.613426639,0.0,2.009447542,0.004007116768598706,-0.14999999999999947,0.0,0.0
2592,0.834723943,0.0,2.324547191,0.004446362719770103,-0.20000000000000018,0.0,0.0
2593,0.043692427,0.0,1.499842632,0.0033863782467253973,-0.14999999999999947,0.0,0.0
2594,0.03210756,0.0,1.323662885,0.003194880007628526,-0.09999999999999964,0.0,0.0
2595,1.840221587,0.0,1.902865583,0.0038685477176085563,-0.14999999999999947,0.0,0.0
2596,1.085891129,0.0,3.481153914,0.006510563113203927,-0.14999999999999947,0.0,0.0
2597,0.046357035,0.0,1.697706858,0.0036151141718527915,-0.14999999999999947,0.0,0.0
2598,0.206981596,0.0,1.967198837,0.0039516067110911286,-0.09999999999999964,0.0,0.0
2599,0.078796319,0.0,1.330541613,0.003202150244625518,-0.14999999999999947,0.0,0.0
2600,1.188660017,0.0,0.457272247,0.002399208610951307,-0.09999999999999964,0.0,-1.7763568394002505e-15
2601,0.317079099,0.0,2.266120377,0.004361444025732851,-0.20000000000000018,0.0,0.0
2602,1.153757305,0.0,0.587174881,0.002504517479438062,-0.10000000000000053,0.0,-1.7763568394002505e-15
2603,0.020542516,0.0,1.194741648,0.003061624979156701,-0.09999999999999964,0.0,0.0
2604,0.004486806,0.0,1.087462057,0.002954973263878701,-0.14999999999999947,0.0,0.0
2605,0.122307029,0.0,1.517711704,0.003406428783620358,-0.14999999999999947,0.0,0.0
2606,0.01973526,0.0,1.370715324,0.003244941075935453,-0.09999999999999964,0.0,0.0
2607,0.05828805,0.0,1.646966359,0.0035550291527196433,-0.09999999999999964,0.0,0.0
2608,0.127833559,0.0,1.418201908,0.003296256761982313,-0.14999999999999947,0.0,0.0
2609,0.069850174,0.0,1.539963234,0.0034315622620795893,-0.14999999999999947,0.0,0.0
2610,3.324748591,0.0,1.421157624,0.0032994774209296985,-0.14999999999999947,0.0,0.0
2611,0.218749677,0.0,1.660885761,0.0035714122428230307,0.0,0.0,0.0
2612,0.096117209,0.0,1.716302499,0.0036373868996111927,-0.14999999999999947,0.0,0.0
2613,0.669529656,0.0,1.56084431,0.0034553158404641254,0.0,0.0,0.0
2614,1.366391472,0.0,1.110372971,0.0029774345573165303,-0.14999999999999947,0.0,0.0
2615,0.075577381,0.0,1.669889325,0.0035820494542426746,-0.09999999999999964,0.0,0.0
2616,0.002598916,0.0,1.30636816,0.0031766735446055517,-0.14999999999999947,0.0,0.0
2617,4.668980191,0.0,0.869392649,0.0027494631988611833,-0.10000000000000053,0.0,-3.552713678800501e-15
2618,0.06565252,0.0,1.389060404,0.0032646703468823058,-0.14999999999999947,0.0,0.0
2619,0.453940543,0.0,1.841216426,0.0037905864197894574,-0.14999999999999947,0.0,0.0
2620,0.535868985,0.0,1.695027889,0.0036119166837748017,0.0,0.0,0.0
2621,0.150523253,0.0,1.781098712,0.0037160694521954137,-0.14999999999999947,0.0,0.0
2622,0.063431981,0.0,1.768005268,0.0037000344440916272,-0.14999999999999947,0.0,0.0
2623,1.600019207,0.0,2.605304923,0.0048779447831856886,-0.09999999999999964,0.0,0.0
2624,0.340900566,0.0,1.453910988,0.0033353773433219174,-0.09999999999999964,0.0,0.0
2625,0.47963278,0.0,1.997854369,0.003991807780029632,-0.14999999999999947,0.0,0.0
2626,0.166611263,0.0,2.054158417,0.004066707869258991,-0.14999999999999947,0.0,0.0
2627,0.052191969,0.0,2.655610925,0.004959566780948332,-0.14999999999999947,0.0,0.0
2628,0.029028387,0.0,1.574639229,0.003471098265442704,-0.14999999999999947,0.0,0.0
2629,0.048720785,0.0,2.136806516,0.0041791951770208296,-0.20000000000000018,0.0,0.0
2630,1.028279833,0.0,1.799286029,0.003738457654196128,-0.14999999999999947,0.0,0.0
2631,2.083721914,0.0,3.539205249,0.006636226309587638,0.0,0.0,0.0
2632,0.13185351,0.0,1.662950382,0.0035738486933769493,-0.14999999999999947,0.0,0.0
2633,0.002860421,0.0,1.430544927,0.00330972699133997,-0.09999999999999964,0.0,0.0
2634,0.005672649,0.0,1.922667122,0.0038939259987693206,-0.14999999999999947,0.0,0.0
2635,0.656609469,0.0,1.711021132,0.0036310473348208317,-0.09999999999999964,0.0,0.0
2636,0.011166109,0.0,1.397904101,0.0032742239935280946,-0.20000000000000018,0.0,0.0
2637,0.033534847,0.0,1.321903088,0.0031930226948144007,-0.14999999999999947,0.0,0.0
2638,0.324585115,0.0,1.770944376,0.003703627839266981,-0.14999999999999947,0.0,0.0
2639,0.453448265,0.0,2.226653532,0.004304997830049023,-0.14999999999999947,0.0,0.0
2640,0.040838784,0.0,1.658405263,0.003568487206212308,0.0,0.0,0.0
2641,2.961104252,0.0,1.358716029,0.0032321007322952734,-0.14999999999999947,0.0,0.0
2642,0.035542728,0.0,1.602929657,0.0035036897176854913,0.0,0.0,0.0
2643,0.352929518,0.0,1.515716069,0.0034041836645861243,-0.09999999999999964,0.0,0.0
2644,0.009844343,0.0,1.461125536,0.0033433371523179977,0.0,0.0,0.0
2645,0.543741361,0.0,1.086947891,0.0029544711312736896,-0.09999999999999964,0.0,0.0
2646,0.07038964,0.0,1.819821022,0.0037638973474025585,-0.14999999999999947,0.0,0.0
2647,0.013862129,0.0,1.263014411,0.0031314875751808527,-0.14999999999999947,0.0,0.0
2648,3.776806152,0.0,2.544593895,0.0047812186891430415,-0.09999999999999964,0.0,0.0
2649,0.014491219,0.0,1.222128803,0.0030894612830516936,-0.14999999999999947,0.0,0.0
2650,0.849950125,0.0,1.844920187,0.003795225673760416,-0.09999999999999964,0.0,0.0
2651,0.025133327,0.0,1.781241715,0.0037162449638039135,-0.14999999999999947,0.0,0.0
2652,2.965081895,0.0,0.523897665,0.002452656409187712,-0.10000000000000053,0.0,-8.881784197001252e-16
2653,0.073993422,0.0,1.456670298,0.0033384194564582957,-0.09999999999999964,0.0,0.0
2654,0.672804973,0.0,1.543862976,0.0034359860799925463,-0.14999999999999947,0.0,0.0
2655,0.686077224,0.0,1.693143207,0.003609668906979918,0.0,0.0,0.0
2656,0.007386454,0.0,1.458941334,0.003340925326642653,-0.14999999999999947,0.0,0.0
2657,0.006774675,0.0,1.594635295,0.003494102885986862,-0.14999999999999947,0.0,0.0
2658,0.018987391,0.0,1.768838224,0.003701052475069144,-0.14999999999999947,0.0,0.0
2659,6.044766185,0.0,1.527321521,0.0034172606492696685,-0.09999999999999964,0.0,0.0
2660,0.071521472,0.0,2.802159116,0.005205169479130418,-0.14999999999999947,0.0,0.0
2661,2.477571709,0.0,0.467924166,0.002407675024836828,-0.10000000000000053,0.0,-1.7763568394002505e-15
2662,3.497235586,0.0,1.436240402,0.0033159610833400992,-0.14999999999999947,0.0,0.0
2663,0.014517054,0.0,1.87656303,0.003835092131819489,-0.14999999999999947,0.0,0.0
2664,0.015776313,0.0,1.355110884,0.0032282528002930515,-0.14999999999999947,0.0,0.0
2665,0.129413988,0.0,1.711511377,0.003631635343635614,-0.14999999999999947,0.0,0.0
2666,0.007448984,0.0,1.17285794,0.0030395622095498844,-0.14999999999999947,0.0,0.0
2667,0.208337695,0.0,1.494278782,0.003380159204694497,-0.09999999999999964,0.0,0.0
2668,6.202946357,0.0,2.017464152,0.004017737027135334,-0.14999999999999947,0.0,0.0
2669,0.009705787,0.0,1.273230386,0.0031420772569528315,0.0,0.0,0.0
2670,0.040134879,0.0,0.903702049,0.00278082545279499,-0.14999999999999947,0.0,0.0
2671,0.015648206,0.0,1.18552034,0.0030523088220268464,-0.14999999999999947,0.0,0.0
2672,1.489869613,0.0,0.717698263,0.002614973215788689,-0.10000000000000053,0.0,-1.7763568394002505e-15
2673,0.22800607,0.0,2.246948203,0.0043339321919072925,-0.14999999999999947,0.0,0.0
2674,0.046216098,0.0,1.485820524,0.0033707267107189157,-0.14999999999999947,0.0,0.0
2675,0.26258699,0.0,1.455190304,0.0033367874334138455,-0.09999999999999964,0.0,0.0
2676,0.215656819,0.0,2.320145522,0.0044399083109743056,-0.09999999999999964,0.0,0.0
2677,0.008880695,0.0,2.469242213,0.004663817624321534,-0.14999999999999947,0.0,0.0
2678,0.403852537,0.0,1.301629007,0.003171702632240954,-0.09999999999999964,0.0,0.0
2679,1.404274959,0.0,1.689158811,0.0036049214811537163,-0.14999999999999947,0.0,0.0
2680,0.834172855,0.0,1.620506159,0.0035240917893727946,-0.14999999999999947,0.0,0.0
2681,0.244028817,0.0,1.338449603,0.003210528703975823,-0.09999999999999964,0.0,0.0
2682,0.137612591,0.0,1.888530553,0.0038502783621236283,-0.14999999999999947,0.0,0.0
2683,0.014517054,0.0,2.45776751,0.004646193064036165,-0.14999999999999947,0.0,0.0
2684,0.002640087,0.0,1.736024224,0.0036611577883644032,-0.14999999999999947,0.0,0.0
2685,0.632002581,0.0,2.093804775,0.004120286761983526,-0.20000000000000018,0.0,0.0
2686,0.052942712,0.0,1.311332327,0.0031818888027913264,-0.14999999999999947,0.0,0.0
2687,0.088548003,0.0,1.44867832,0.003329615961929291,-0.14999999999999947,0.0,0.0
2688,0.62004621,0.0,1.714645449,0.0036353966494926584,-0.09999999999999964,0.0,0.0
2689,3.1912807,0.0,2.607872007,0.0048820773496170075,-0.20000000000000018,0.0,0.0
2690,0.354082818,0.0,3.24723444,0.006027712247263446,-0.14999999999999947,0.0,0.0
2691,1.202697092,0.0,0.614126251,0.0025269372488975587,-0.10000000000000053,0.0,-3.552713678800501e-15
2692,0.02974561,0.0,1.473064716,0.003356551256922527,-0.14999999999999947,0.0,0.0
2693,0.065167233,0.0,1.423496991,0.003302028706282104,-0.09999999999999964,0.0,0.0
2694,0.231026933,0.0,2.346622338,0.004478873885286522,-0.14999999999999947,0.0,0.0
2695,0.879560534,0.0,1.40958185,0.003286881906804989,-0.14999999999999947,0.0,0.0
2696,0.457777336,0.0,1.815527377,0.003758563961608186,-0.09999999999999964,0.0,0.0
2697,0.448775543,0.0,1.655577556,0.003565155647624237,-0.14999999999999947,0.0,0.0
2698,0.033421888,0.0,1.303081216,0.003173225034271307,-0.09999999999999964,0.0,0.0
2699,0.17958761,0.0,3.008014606,0.0055707284039566984,-0.20000000000000018,0.0,0.0
2700,0.781289638,0.0,0.8086728,0.0026948211901592738,-0.10000000000000053,0.0,-3.552713678800501e-15
2701,0.209367311,0.0,1.623459688,0.0035275317218109604,-0.20000000000000018,0.0,0.0
2702,0.083551558,0.0,1.326789137,0.0031981821511784343,-0.14999999999999947,0.0,0.0
2703,0.311432498,0.0,1.651311753,0.003560135611037501,-0.14999999999999947,0.0,0.0
2704,0.11399807,0.0,1.185852787,0.0030526441969451626,-0.09999999999999964,0.0,0.0
2705,0.036343678,0.0,1.23977294,0.003107528270692233,-0.14999999999999947,0.0,0.0
2706,0.118294227,0.0,1.933161205,0.003907442710283279,-0.09999999999999964,0.0,0.0
2707,1.799101873,0.0,0.593518273,0.002509776374472205,-0.09999999999999964,0.0,-1.7763568394002505e-15
2708,0.456240066,0.0,1.872785718,0.003830311298122843,-0.20000000000000018,0.0,0.0
2709,0.00630289,0.0,1.664966228,0.0035762291827260567,-0.09999999999999964,0.0,0.0
2710,0.012967781,0.0,1.857672083,0.0038112417377919325,-0.14999999999999947,0.0,0.0
2711,1.017572707,0.0,0.69710243,0.0025972264598140126,-0.09999999999999964,0.0,-8.881784197001252e-16
2712,2.066081054,0.0,1.373903531,0.0032483612903903285,-0.14999999999999947,0.0,0.0
2713,0.148617536,0.0,1.405434021,0.0032823803569076927,-0.14999999999999947,0.0,0.0
2714,0.296768874,0.0,1.699528714,0.003617290262247037,-0.09999999999999964,0.0,0.0
2715,0.032890206,0.0,1.021285115,0.002891039332644986,-0.09999999999999964,0.0,0.0
2716,0.355889356,0.0,1.438301948,0.003318220471839813,-0.14999999999999947,0.0,0.0
2717,0.05576746,0.0,2.393128587,0.004548142413768045,-0.09999999999999964,0.0,0.0
2718,1.54250003,0.0,1.652180073,0.0035611568868208184,-0.09999999999999964,0.0,0.0
2719,0.727309123,0.0,0.563945637,0.0024853532708673147,-0.10000000000000053,0.0,-1.7763568394002505e-15
2720,0.011407976,0.0,1.550446672,0.003443467441607937,-0.14999999999999947,0.0,0.0
2721,0.264019962,0.0,1.306019327,0.0031763073879577264,-0.14999999999999947,0.0,0.0
2722,2.367750254,0.0,2.754017457,0.005123181924056236,-0.20000000000000018,0.0,0.0
2723,1.687209452,0.0,1.520525321,0.003409596651633496,-0.14999999999999947,0.0,0.0
2724,2.965081895,0.0,0.369886431,0.002330864074119438,-0.09999999999999964,0.0,-1.7763568394002505e-15
2725,0.158936295,0.0,1.832766897,0.0037800238500269733,-0.14999999999999947,0.0,0.0
2726,0.204891258,0.0,1.81535224,0.0037583465736552085,0.0,0.0,0.0
2727,0.710120564,0.0,2.086657087,0.004110575553820018,-0.14999999999999947,0.0,0.0
2728,0.547529869,0.0,1.569092901,0.0034647442323669656,-0.09999999999999964,0.0,0.0
2729,0.106518225,0.0,2.38261606,0.004532391878128292,-0.20000000000000018,0.0,0.0
2730,0.435161955,0.0,3.259668444,0.00605245829644393,-0.09999999999999964,0.0,0.0
2731,1.489869613,0.0,0.803009203,0.0026897800534789918,-0.10000000000000053,0.0,-1.7763568394002505e-15
2732,0.08474909,0.0,1.344437787,0.003216887677612345,-0.14999999999999947,0.0,0.0
2733,1.236915783,0.0,2.267415386,0.004363308604520521,-0.14999999999999947,0.0,0.0
2734,0.820614397,0.0,2.080364512,0.00410204501387357,-0.14999999999999947,0.0,0.0
2735,0.149342957,0.0,1.498192683,0.0033845328133244048,-0.14999999999999947,0.0,0.0
2736,0.95080672,0.0,2.298736801,0.00440864829529226,-0.20000000000000018,0.0,0.0
2737,1.123992731,0.0,1.157269315,0.0030239427697222863,-0.14999999999999947,0.0,0.0
2738,11.3897761,0.0,0.966845737,0.0028394805238400062,-0.15000000000000036,0.0,-1.7763568394002505e-15
2739,0.120740492,0.0,1.29252267,0.003162172720575804,0.0,0.0,0.0
2740,0.269488414,0.0,2.503745363,0.0047172145660130645,-0.20000000000000018,0.0,0.0
2741,0.005251217,0.0,1.12712014,0.002993960682588895,-0.09999999999999964,0.0,0.0
2742,2.467138497,0.0,1.434787282,0.0033143694316407697,-0.14999999999999947,0.0,0.0
2743,0.144655813,0.0,1.600901396,0.0035013429843945483,-0.14999999999999947,0.0,0.0
2744,0.116906033,0.0,1.561607947,0.0034561876259105815,-0.14999999999999947,0.0,0.0
2745,0.790945673,0.0,1.906367115,0.0038730233702359692,-0.09999999999999964,0.0,0.0
2746,1.798970165,0.0,2.448062139,0.004631337866106333,-0.20000000000000018,0.0,0.0
2747,0.025201143,0.0,1.555543971,0.003449270888461367,-0.14999999999999947,0.0,0.0
2748,0.426535374,0.0,2.558274781,0.004802847401817342,0.0,0.0,0.0
2749,0.058172781,0.0,1.348707148,0.003221429063065409,-0.09999999999999964,0.0,0.0
2750,0.047075707,0.0,2.016621043,0.0040166187738873375,-0.14999999999999947,0.0,0.0
2751,0.031298056,0.0,1.6634918,0.0035744878925396996,-0.09999999999999964,0.0,0.0
2752,0.361789191,0.0,1.556001939,0.0034497927774331232,-0.09999999999999964,0.0,0.0
2753,0.016356288,0.0,1.715908866,0.0036369140164765825,0.0,0.0,0.0
2754,0.221375993,0.0,1.314386706,0.0031851019147780338,-0.14999999999999947,0.0,0.0
2755,1.257880885,0.0,0.480135311,0.0024174174247775554,-0.10000000000000053,0.0,-1.7763568394002505e-15
2756,0.005233467,0.0,2.631099704,0.004919628703777334,-0.14999999999999947,0.0,0.0
2757,0.413438378,0.0,1.157765352,0.0030244385524501004,-0.09999999999999964,0.0,0.0
2758,0.664448339,0.0,2.179227119,0.004238129149128709,0.0,0.0,0.0
2759,0.236244802,0.0,1.815582473,0.0037586323518415004,-0.09999999999999964,0.0,0.0
2760,1.968557813,0.0,2.681498416,0.0050020976470805485,-0.14999999999999947,0.0,0.0
2761,1.80028267,0.0,0.49556808,0.0024297864051540815,-0.09999999999999964,0.0,-8.881784197001252e-16
2762,3.884834744,0.0,1.322609786,0.0031937684237878013,-0.14999999999999947,0.0,0.0
2763,0.13194937,0.0,1.596753422,0.0034965485821710487,0.0,0.0,0.0
2764,0.328559676,0.0,3.43349864,0.006409173208636574,-0.20000000000000018,0.0,0.0
2765,0.625968543,0.0,2.26488163,0.004359661196410925,-0.09999999999999964,0.0,0.0
2766,0.008821882,0.0,1.1892542,0.00305607767826733,0.0,0.0,0.0
2767,0.020169554,0.0,2.146024092,0.004191931153392572,-0.14999999999999947,0.0,0.0
2768,1.97951094,0.0,1.600535692,0.003500920025194342,-0.20000000000000018,0.0,0.0
2769,0.335420327,0.0,1.991380331,0.003983284061920738,-0.14999999999999947,0.0,0.0
2770,0.092352831,0.0,1.478667179,0.003362769909174824,-0.09999999999999964,0.0,0.0
2771,0.018987391,0.0,1.720850267,0.0036428547142231017,-0.14999999999999947,0.0,0.0
2772,1.693137205,0.0,3.003589922,0.005562608764325454,-0.20000000000000018,0.0,0.0
2773,1.872903273,0.0,0.854196502,0.002735685338343572,-0.10000000000000053,0.0,-1.7763568394002505e-15
2774,0.015026885,0.0,1.785036307,0.003720905191648133,-0.09999999999999964,0.0,0.0
2775,0.077754778,0.0,1.749827709,0.003677887348000391,0.0,0.0,0.0
2776,1.117943553,0.0,2.28977082,0.004395621777154361,-0.14999999999999947,0.0,0.0
2777,1.275654467,0.0,0.711560677,0.002609672045129538,0.0,0.0,-1.7763568394002505e-15
2778,0.031759003,0.0,1.026361773,0.0028958946926385676,-0.14999999999999947,0.0,0.0
2779,0.333293806,0.0,1.487961943,0.003373112298954185,-0.14999999999999947,0.0,0.0
2780,0.008541856,0.0,1.738868614,0.003664598921309498,-0.14999999999999947,0.0,0.0
2781,0.052141689,0.0,1.219687709,0.003086969946746523,-0.09999999999999964,0.0,0.0
2782,0.009396301,0.0,1.525103073,0.0034147570451352333,-0.09999999999999964,0.0,0.0
2783,0.144641376,0.0,1.594220067,0.0034936236426917223,0.0,0.0,0.0
2784,1.173982568,0.0,2.258251421,0.004350131195355473,-0.14999999999999947,0.0,0.0
2785,0.319885847,0.0,1.520822087,0.003409930953344568,-0.20000000000000018,0.0,0.0
2786,0.107522019,0.0,1.373292159,0.003247705150200729,-0.14999999999999947,0.0,0.0
2787,0.032418024,0.0,1.273941353,0.0031428155588047266,-0.09999999999999964,0.0,0.0
2788,0.197238962,0.0,1.82452028,0.0037697432104530594,0.0,0.0,0.0
2789,0.28550513,0.0,1.44186278,0.0033221266443684582,-0.09999999999999964,0.0,0.0
2790,0.005695793,0.0,1.055152154,0.0029235842655868506,-0.09999999999999964,0.0,0.0
2791,1.471027017,0.0,1.925857897,0.0038980308829859927,-0.14999999999999947,0.0,0.0
2792,0.012600167,0.0,1.92971703,0.0039030013593473216,-0.09999999999999964,0.0,0.0
2793,1.029261499,0.0,0.82406814,0.002708572167022322,-0.15000000000000036,0.0,-1.7763568394002505e-15
2794,0.00563176,0.0,1.418726023,0.003296827628701439,-0.14999999999999947,0.0,0.0
2795,0.128821946,0.0,1.751553073,0.0036799838039826395,-0.14999999999999947,0.0,0.0
2796,0.08523458,0.0,1.178470119,0.003045205151743404,-0.14999999999999947,0.0,0.0
2797,3.01654971,0.0,2.14488089,0.004190349487715148,-0.14999999999999947,0.0,0.0
2798,2.758690718,0.0,0.519622889,0.0024491917465555096,0.0,0.0,-1.7763568394002505e-15
2799,0.485831419,0.0,2.240637407,0.004324914129683912,-0.20000000000000018,0.0,0.0
2800,0.781289638,0.0,0.765442401,0.0026565793076131685,-0.10000000000000053,0.0,-1.7763568394002505e-15
2801,2.319965963,0.0,2.34804156,0.004480972121761759,-0.09999999999999964,0.0,0.0
2802,0.036993336,0.0,1.773468992,0.0037067172464400056,0.0,0.0,0.0
2803,1.66523669,0.0,1.324393519,0.00319565144465866,-0.14999999999999947,0.0,0.0
2804,0.364623233,0.0,1.820493908,0.003764733861270576,0.0,0.0,0.0
2805,0.020177792,0.0,1.58653493,0.0034847655113529052,-0.09999999999999964,0.0,0.0
2806,0.109136226,0.0,1.301615639,0.003171688621476429,0.0,0.0,0.0
2807,0.018987391,0.0,1.951081388,0.003930632605547268,-0.14999999999999947,0.0,0.0
2808,3.627516473,0.0,2.326172247,0.00444874798874326,-0.14999999999999947,0.0,0.0
2809,0.907574429,0.0,1.147828445,0.0030145221703964113,-0.09999999999999964,0.0,0.0
2810,0.09772244,0.0,1.132616284,0.002999404190298878,-0.09999999999999964,0.0,0.0
2811,0.862703813,0.0,0.65728396,0.0025632561012786546,-0.09999999999999964,0.0,-1.7763568394002505e-15
2812,0.415459363,0.0,2.053979128,0.004066467157335628,-0.09999999999999964,0.0,0.0
2813,0.338266848,0.0,1.417385649,0.0032953678878466087,-0.14999999999999947,0.0,0.0
2814,0.081650021,0.0,1.516189709,0.0034047163831255763,0.0,0.0,0.0
2815,0.069802926,0.0,1.813195254,0.0037556702521270957,-0.14999999999999947,0.0,0.0
2816,0.049816187,0.0,1.204790646,0.0030718096203398645,-0.09999999999999964,0.0,0.0
2817,0.006264784,0.0,1.381254055,0.003256260413921254,-0.09999999999999964,0.0,0.0
2818,0.023593788,0.0,1.575692049,0.0034723057170364365,-0.14999999999999947,0.0,0.0
2819,0.580700606,0.0,1.465363796,0.0033480220483721804,-0.09999999999999964,0.0,0.0
2820,2.240518856,0.0,2.36384386,0.0045044011046797726,-0.14999999999999947,0.0,0.0
2821,0.280880707,0.0,1.324399827,0.00319565810574398,0.0,0.0,0.0
2822,0.13778436,0.0,1.003258308,0.002873863830580086,0.0,0.0,0.0
2823,1.19567379,0.0,1.311345184,0.003181902321182669,-0.09999999999999964,0.0,0.0
2824,0.068794768,0.0,1.246937485,0.0031148945499655015,-0.09999999999999964,0.0,0.0
2825,0.85361648,0.0,2.414495182,0.0045803233070157295,-0.09999999999999964,0.0,0.0
2826,2.046429323,0.0,0.561971228,0.002483731137147986,-0.10000000000000053,0.0,-1.7763568394002505e-15
2827,1.307208984,0.0,2.437958353,0.004615923072476568,-0.09999999999999964,0.0,0.0
2828,0.121954696,0.0,1.513086908,0.003401228070419901,-0.14999999999999947,0.0,0.0
2829,0.022628844,0.0,1.781857504,0.003717000833336918,-0.09999999999999964,0.0,0.0
2830,1.277183766,0.0,2.71875166,0.005063939056058928,-0.20000000000000018,0.0,0.0
2831,0.044526533,0.0,1.468057084,0.0033510025595940933,-0.14999999999999947,0.0,0.0
2832,0.024707463,0.0,1.65668241,0.003566456999653063,-0.14999999999999947,0.0,0.0
2833,1.729109987,0.0,2.091530229,0.004117193973546496,-0.20000000000000018,0.0,0.0
2834,0.138496259,0.0,1.445611054,0.003326243388882453,-0.09999999999999964,0.0,0.0
2835,0.009633484,0.0,1.306837964,0.0031771667463743256,-0.14999999999999947,0.0,0.0
2836,0.100371174,0.0,1.664177325,0.0035752973881429265,-0.14999999999999947,0.0,0.0
2837,0.02986359,0.0,1.422705168,0.003301164933643762,-0.14999999999999947,0.0,0.0
2838,0.34752001,0.0,2.691148582,0.005018044703566196,-0.09999999999999964,0.0,0.0
2839,0.010456282,0.0,1.474782415,0.0033584566584911493,-0.14999999999999947,0.0,0.0
2840,0.143422805,0.0,2.220748745,0.004296615481672594,-0.14999999999999947,0.0,0.0
2841,0.361789191,0.0,1.210631598,0.0030777449286339582,-0.09999999999999964,0.0,0.0
2842,0.670968765,0.0,2.339223253,0.0044679506039364825,-0.14999999999999947,0.0,0.0
2843,0.339152061,0.0,1.748910725,0.0036767736230182125,-0.20000000000000018,0.0,0.0
2844,0.113452752,0.0,1.854235629,0.0038069190214568165,-0.20000000000000018,0.0,0.0
2845,0.392063736,0.0,1.326364898,0.0031977338438928396,-0.14999999999999947,0.0,0.0
2846,1.305194262,0.0,1.990770889,0.003982482604786903,-0.14999999999999947,0.0,0.0
2847,0.023605379,0.0,1.308930383,0.0031793643018436383,0.0,0.0,0.0
2848,0.097356413,0.0,1.294831595,0.003164586339053584,-0.14999999999999947,0.0,0.0
2849,0.175303951,0.0,1.812645899,0.0037549889328392107,-0.14999999999999947,0.0,0.0
2850,0.036890221,0.0,1.182105749,0.0030488662836235065,-0.14999999999999947,0.0,0.0
2851,1.022532149,0.0,1.054767058,0.0029232121575572846,-0.14999999999999947,0.0,0.0
2852,0.060699437,0.0,1.211398755,0.003078525327419619,-0.14999999999999947,0.0,0.0
2853,0.091827161,0.0,1.2236808,0.003091046265247259,0.0,0.0,0.0
2854,0.146905793,0.0,1.195214388,0.003062103344834143,-0.09999999999999964,0.0,0.0
2855,0.170937567,0.0,1.191589736,0.003058437462648692,-0.14999999999999947,0.0,0.0
2856,0.605158284,0.0,1.472216015,0.0033556102113302165,-0.14999999999999947,0.0,0.0
2857,0.162835011,0.0,1.463815208,0.00334630950909172,-0.09999999999999964,0.0,0.0
2858,7.561425753,0.0,0.552852366,0.0024762529599512105,-0.10000000000000053,0.0,-8.881784197001252e-16
2859,0.022830852,0.0,1.43291924,0.0033123244203539888,-0.14999999999999947,0.0,0.0
2860,0.788140966,0.0,2.587680939,0.004849667012877171,-0.20000000000000018,0.0,0.0
2861,0.320004284,0.0,1.559557164,0.0034538469011264057,-0.09999999999999964,0.0,0.0
2862,1.059267066,0.0,2.0616025,0.00407671476948213,-0.14999999999999947,0.0,0.0
2863,0.931807494,0.0,1.384233783,0.0032594679822350535,-0.09999999999999964,0.0,0.0
2864,0.109605624,0.0,1.260841867,0.003129240149783876,-0.14999999999999947,0.0,0.0
2865,0.218085429,0.0,1.260075817,0.0031284480797125224,-0.09999999999999964,0.0,0.0
2866,0.031235757,0.0,1.961617402,0.0039443308396580066,-0.14999999999999947,0.0,0.0
2867,0.078796319,0.0,1.33901647,0.003211130134202991,-0.09999999999999964,0.0,0.0
2868,0.004385661,0.0,1.730844843,0.003654900057988443,0.0,0.0,0.0
2869,0.020143061,0.0,1.692309529,0.003608675060807103,-0.09999999999999964,0.0,0.0
2870,4.668980191,0.0,0.85877381,0.0027398281751189486,-0.15000000000000036,0.0,-3.552713678800501e-15
2871,0.067063277,0.0,2.223069373,0.004299907870782703,-0.14999999999999947,0.0,0.0
2872,1.932878038,0.0,0.378118785,0.0023372188614922437,-0.09999999999999964,0.0,-8.881784197001252e-16
2873,0.088423186,0.0,1.625794713,0.0035302536596879754,0.0,0.0,0.0
2874,0.953238649,0.0,1.663071312,0.0035739914536951703,-0.09999999999999964,0.0,0.0
2875,0.221375993,0.0,1.489788509,0.003375148463660466,-0.14999999999999947,0.0,0.0
2876,2.796628161,0.0,2.181898883,0.004241868549908532,-0.14999999999999947,0.0,0.0
2877,1.261591634,0.0,1.678515474,0.0035922703803597336,-0.14999999999999947,0.0,0.0
2878,3.470382982,0.0,2.081300809,0.0041033131891271835,-0.20000000000000018,0.0,0.0
2879,0.661373159,0.0,1.86891446,0.003825417719881927,-0.14999999999999947,0.0,0.0
2880,0.027363078,0.0,1.563926758,0.003458836177075015,0.0,0.0,0.0
2881,0.781289638,0.0,0.78806062,0.0026765195274160688,-0.09999999999999964,0.0,-1.7763568394002505e-15
2882,0.082392336,0.0,1.069953814,0.0029379225666190437,-0.09999999999999964,0.0,0.0
2883,0.008503834,0.0,2.433406303,0.004608994955756397,0.0,0.0,0.0
2884,1.928427017,0.0,1.342185079,0.0032144940097106815,-0.09999999999999964,0.0,0.0
2885,0.060824269,0.0,3.238568465,0.006010524791347527,-0.20000000000000018,0.0,0.0
2886,0.781289638,0.0,0.743700876,0.0026375516544973414,-0.09999999999999964,0.0,-3.552713678800501e-15
2887,0.281884611,0.0,1.116014354,0.0029829912971614876,0.0,0.0,0.0
2888,3.363619068,0.0,2.962622299,0.005487986717066047,-0.20000000000000018,0.0,0.0
2889,0.258153409,0.0,1.302298645,0.003172404546948506,-0.14999999999999947,0.0,0.0
2890,0.033168785,0.0,1.679268046,0.0035931634626538617,-0.14999999999999947,0.0,0.0
2891,0.172576665,0.0,1.400243423,0.0032767557674159525,-0.09999999999999964,0.0,0.0
2892,0.539936171,0.0,1.370292638,0.0032444879004267973,-0.14999999999999947,0.0,0.0
2893,0.272601894,0.0,1.438568977,0.003318513239305896,-0.14999999999999947,0.0,0.0
2894,0.087497291,0.0,1.315292699,0.0031860556131289735,-0.09999999999999964,0.0,0.0
2895,0.045565015,0.0,1.235682336,0.0031033302770270064,-0.14999999999999947,0.0,0.0
2896,0.073704007,0.0,0.956179907,0.002829486992801583,0.0,0.0,0.0
2897,0.023758877,0.0,2.59729186,0.004865067499761641,-0.14999999999999947,0.0,0.0
2898,0.321297047,0.0,1.426085444,0.0033048539332653083,-0.14999999999999947,0.0,0.0
2899,0.017195528,0.0,1.759753125,0.0036899638136142815,-0.14999999999999947,0.0,0.0
2900,0.078577488,0.0,2.517772391,0.00473909630780564,-0.09999999999999964,0.0,0.0
2901,0.427218985,0.0,1.28400114,0.003153280672345256,-0.14999999999999947,0.0,0.0
2902,1.05864699,0.0,1.895133605,0.0038586829560571054,-0.20000000000000018,0.0,0.0
2903,1.364531235,0.0,0.655582622,0.0025618145514414072,-0.09999999999999964,0.0,-1.7763568394002505e-15
2904,0.020542516,0.0,1.039860803,0.0029088448726337477,-0.09999999999999964,0.0,0.0
2905,0.079554531,0.0,2.082316572,0.004104689439331893,-0.20000000000000018,0.0,0.0
2906,0.125558268,0.0,1.113790547,0.0029807996226115475,0.0,0.0,0.0
2907,0.065870255,0.0,1.378521344,0.003253321516235235,0.0,0.0,0.0
2908,0.013116344,0.0,1.261336348,0.0031297515327590375,0.0,0.0,0.0
2909,0.218560133,0.0,1.826280063,0.003771934702372547,-0.09999999999999964,0.0,0.0
2910,0.199287068,0.0,2.142155181,0.004186580757515923,-0.14999999999999947,0.0,0.0
2911,0.503218042,0.0,1.759297261,0.0036894082895589835,-0.14999999999999947,0.0,0.0
2912,0.022419698,0.0,1.420428004,0.0032986821081959277,-0.14999999999999947,0.0,0.0
2913,0.036288998,0.0,2.020784984,0.0040221446121482705,-0.14999999999999947,0.0,0.0
2914,0.01759981,0.0,1.275257492,0.0031441827563752985,-0.14999999999999947,0.0,0.0
2915,0.017850067,0.0,2.058683442,0.004072787831222014,-0.20000000000000018,0.0,0.0
2916,0.107452822,0.0,1.776333273,0.003710225415274971,-0.14999999999999947,0.0,0.0
2917,0.125497173,0.0,1.473189117,0.003356689215719611,0.0,0.0,0.0
2918,0.065167233,0.0,1.582638839,0.003480283306997151,-0.09999999999999964,0.0,0.0
2919,1.368034005,0.0,1.760265731,0.0036905885840322317,-0.14999999999999947,0.0,0.0
2920,0.422280014,0.0,1.829897762,0.0037764438803640967,0.0,0.0,0.0
2921,0.057889992,0.0,2.325157986,0.0044472590997223895,-0.09999999999999964,0.0,0.0
2922,0.012110177,0.0,1.232895644,0.003100473664679227,0.0,0.0,0.0
2923,0.208288348,0.0,1.412716775,0.003290288255975712,0.0,0.0,0.0
2924,0.686077224,0.0,1.669355544,0.0035814179422303375,-0.14999999999999947,0.0,0.0
2925,0.150518495,0.0,2.306838719,0.004420452483835546,-0.14999999999999947,0.0,0.0
2926,0.025277374,0.0,1.697882076,0.003615323401836933,-0.14999999999999947,0.0,0.0
2927,0.23194109,0.0,1.620598404,0.0035241991752023,0.0,0.0,0.0
2928,0.004352038,0.0,1.271805623,0.0031405982358420686,-0.14999999999999947,0.0,0.0
2929,0.055989786,0.0,1.525929948,0.0034156899917062774,-0.14999999999999947,0.0,0.0
2930,0.135897188,0.0,1.647779445,0.0035559840894905017,-0.09999999999999964,0.0,0.0
2931,0.04871773,0.0,1.21993845,0.0030872257561460584,-0.14999999999999947,0.0,0.0
2932,0.229533886,0.0,2.19816874,0.004264710862711288,0.0,0.0,0.0
2933,0.217042203,0.0,1.984958224,0.003974846626813494,-0.20000000000000018,0.0,0.0
2934,0.054790071,0.0,1.393541529,0.0032695077277328953,-0.09999999999999964,0.0,0.0
2935,1.528767436,0.0,2.482066838,0.004683594351767425,-0.20000000000000018,0.0,0.0
2936,1.794589255,0.0,0.598747813,0.0025141201292998108,-0.09999999999999964,0.0,-1.7763568394002505e-15
2937,0.123556172,0.0,1.015822087,0.002885823511899192,-0.09999999999999964,0.0,0.0
2938,0.056718606,0.0,1.540092366,0.003431708656880556,-0.14999999999999947,0.0,0.0
2939,0.041937816,0.0,2.294847975,0.0044029935743699206,-0.20000000000000018,0.0,0.0
2940,0.206810477,0.0,1.423505629,0.003302038130422966,-0.14999999999999947,0.0,0.0
2941,0.151338834,0.0,1.192606016,0.0030594648611531106,-0.09999999999999964,0.0,0.0
2942,0.044104563,0.0,1.333202953,0.003204967479482507,-0.14999999999999947,0.0,0.0
2943,0.040134879,0.0,1.540012874,0.003431618537385696,-0.14999999999999947,0.0,0.0
2944,0.105275452,0.0,1.391864988,0.003267697063453507,-0.14999999999999947,0.0,0.0
2945,0.019932419,0.0,1.401110846,0.003277695047595699,0.0,0.0,0.0
2946,0.543741361,0.0,1.390605215,0.003266337166308649,-0.09999999999999964,0.0,0.0
2947,0.01691312,0.0,1.730228176,0.0036541557109391037,-0.14999999999999947,0.0,0.0
2948,0.104448708,0.0,1.720683919,0.0036426545685895387,-0.14999999999999947,0.0,0.0
2949,0.014211226,0.0,0.974898277,0.002847048798456452,-0.14999999999999947,0.0,0.0
2950,0.450732014,0.0,2.352484015,0.004487546358449606,-0.20000000000000018,0.0,0.0
2951,0.910157002,0.0,1.865251592,0.0038207932974815046,-0.14999999999999947,0.0,0.0
2952,0.04732205,0.0,1.689636984,0.003605490897774368,0.0,0.0,0.0
2953,0.75279311,0.0,3.461414666,0.006468374597704566,-0.09999999999999964,0.0,0.0
2954,0.018972413,0.0,0.955260534,0.002828627214257115,-0.09999999999999964,0.0,0.0
2955,0.031248046,0.0,1.433437416,0.0033128915597749396,-0.14999999999999947,0.0,0.0
2956,0.050241543,0.0,1.846359284,0.003797029782185384,-0.14999999999999947,0.0,0.0
2957,0.216413913,0.0,2.11743035,0.0041525485148313996,-0.09999999999999964,0.0,0.0
2958,1.928427017,0.0,1.747220455,0.003674721582227239,-0.20000000000000018,0.0,0.0
2959,0.745267652,0.0,1.796905391,0.003735519513087846,-0.20000000000000018,0.0,0.0
2960,1.364531235,0.0,0.493146791,0.002427841634931538,0.0,0.0,-1.7763568394002505e-15
2961,0.007876424,0.0,2.203843504,0.004272706809577218,-0.09999999999999964,0.0,0.0
2962,1.73590606,0.0,1.601453676,0.0035019818267463254,-0.09999999999999964,0.0,0.0
2963,11.45768357,0.0,1.289947904,0.0031594833711215704,-0.14999999999999947,0.0,0.0
2964,0.130915911,0.0,2.230207537,0.0043100508903972925,-0.09999999999999964,0.0,0.0
2965,1.849216396,0.0,2.155774078,0.0042054448277232875,-0.14999999999999947,0.0,0.0
2966,0.033559571,0.0,2.291981552,0.004398830147493376,-0.20000000000000018,0.0,0.0
2967,0.109082101,0.0,1.533453321,0.0034241901417656688,0.0,0.0,0.0
2968,0.541003321,0.0,1.661962053,0.003572682163902123,-0.14999999999999947,0.0,0.0
2969,0.003440618,0.0,1.732123953,0.003656444487628995,-0.14999999999999947,0.0,0.0
2970,0.21809596,0.0,1.74872377,0.003676546597641654,-0.14999999999999947,0.0,0.0
2971,0.170265787,0.0,1.537098216,0.00342831583917365,-0.09999999999999964,0.0,0.0
2972,0.134703668,0.0,2.074590976,0.004094233619907111,-0.14999999999999947,0.0,0.0
2973,0.027128281,0.0,1.057316628,0.0029256766181818333,-0.14999999999999947,0.0,0.0
2974,0.165348462,0.0,0.866027848,0.0027464064887904364,0.0,0.0,0.0
2975,0.297860558,0.0,1.558182307,0.0034522785500702958,-0.14999999999999947,0.0,0.0
2976,0.123844622,0.0,2.238940996,0.004322493163693172,-0.14999999999999947,0.0,0.0
2977,0.014850278,0.0,1.338686144,0.0032107796537899974,0.0,0.0,0.0
2978,0.374300826,0.0,3.238277327,0.0060099482162243685,-0.09999999999999964,0.0,0.0
2979,1.59385677,0.0,0.593963626,0.0025101460013020028,-0.10000000000000053,0.0,-1.7763568394002505e-15
2980,0.02209181,0.0,1.846160253,0.0037967802182212853,-0.14999999999999947,0.0,0.0
2981,0.031712012,0.0,1.486583729,0.0033715767450982793,-0.14999999999999947,0.0,0.0
2982,0.643837839,0.0,1.441049874,0.003321234496716876,-0.09999999999999964,0.0,0.0
2983,10.03195587,0.0,0.786261756,0.0026749282000445747,-0.10000000000000053,0.0,-3.552713678800501e-15
2984,0.869643194,0.0,0.637578593,0.0025466091401193636,0.0,0.0,-1.7763568394002505e-15
2985,0.014358877,0.0,1.237830742,0.0031055343792549075,-0.14999999999999947,0.0,0.0
2986,0.301166835,0.0,1.49307883,0.0033788194407052678,-0.14999999999999947,0.0,0.0
2987,0.435022024,0.0,1.244810722,0.0031127060882488165,0.0,0.0,0.0
2988,0.20164924,0.0,3.163825758,0.005864293192631564,-0.20000000000000018,0.0,0.0
2989,2.293466807,0.0,0.766987036,0.0026579363315863773,-0.14999999999999947,0.0,-1.7763568394002505e-15
2990,0.034931264,0.0,1.660982216,0.0035715260320989535,-0.09999999999999964,0.0,0.0
2991,0.080048304,0.0,1.83383985,0.003781363497937843,0.0,0.0,0.0
2992,0.039343432,0.0,1.45166543,0.003332903676125784,-0.14999999999999947,0.0,0.0
2993,1.421317592,0.0,2.474396289,0.004671755664702075,-0.14999999999999947,0.0,0.0
2994,2.724036665,0.0,2.48691941,0.004691099202141297,-0.14999999999999947,0.0,0.0
2995,0.380488548,0.0,1.278743869,0.0031478072506599354,-0.09999999999999964,0.0,0.0
2996,3.470382982,0.0,1.479277751,0.0033634483286910134,-0.20000000000000018,0.0,0.0
2997,0.445631717,0.0,1.559291859,0.003453544202464221,-0.14999999999999947,0.0,0.0
2998,0.554656855,0.0,1.901837406,0.0038672344821806016,-0.09999999999999964,0.0,0.0
2999,0.131692681,0.0,2.437848429,0.004615755648571288,-0.09999999999999964,0.0,0.0
3000,8.59675229,0.0,2.725864149,0.005075832172736015,-0.14999999999999947,0.0,0.0
3001,4.949789697,0.0,1.062316334,0.0029305154407285277,-0.14999999999999947,0.0,-3.552713678800501e-15
3002,0.271787913,0.0,1.895509083,0.003859161426262682,-0.09999999999999964,0.0,0.0
3003,0.411122095,0.0,1.401722748,0.003278357800877314,-0.09999999999999964,0.0,0.0
3004,3.1912807,0.0,2.02577216,0.004028772905926288,0.0,0.0,0.0
3005,0.153366143,0.0,1.269830165,0.00313854869619603,-0.14999999999999947,0.0,0.0
3006,0.445631717,0.0,1.96507007,0.003948830108034923,-0.14999999999999947,0.0,0.0
3007,0.010456282,0.0,1.615249483,0.0035179776817542744,-0.14999999999999947,0.0,0.0
3008,0.189882603,0.0,1.297777826,0.0031676688277422925,-0.14999999999999947,0.0,0.0
3009,2.182193739,0.0,2.509942858,0.0047268700450832,-0.09999999999999964,0.0,0.0
3010,0.195544666,0.0,2.393709869,0.004549014915277889,-0.20000000000000018,0.0,0.0
3011,0.970299056,0.0,0.812384598,0.002698130151336352,-0.10000000000000053,0.0,-1.7763568394002505e-15
3012,0.100366857,0.0,1.510230772,0.0033980202183282993,-0.14999999999999947,0.0,0.0
3013,0.632002581,0.0,2.273340064,0.0043718491957536725,-0.14999999999999947,0.0,0.0
3014,0.009471191,0.0,1.451834042,0.003333089352630585,-0.09999999999999964,0.0,0.0
3015,1.366391472,0.0,0.897698593,0.002775312052396842,-0.14999999999999947,0.0,0.0
3016,0.804814568,0.0,2.174584167,0.004231638680428419,-0.20000000000000018,0.0,0.0
3017,0.119362901,0.0,1.444138799,0.0033246257992753073,-0.14999999999999947,0.0,0.0
3018,8.999971876,0.0,2.283556385,0.0043866154242494185,-0.20000000000000018,0.0,0.0
3019,0.192673855,0.0,1.22072467,0.0030880280055758337,-0.14999999999999947,0.0,0.0
3020,0.750677744,0.0,1.347042504,0.003219657595859669,-0.09999999999999964,0.0,0.0
3021,0.034053995,0.0,1.806426468,0.0037472840730155103,-0.14999999999999947,0.0,0.0
3022,1.463478528,0.0,2.827070161,0.005248105279897281,-0.20000000000000018,0.0,0.0
3023,0.801653588,0.0,1.605652158,0.0035068421627887036,-0.14999999999999947,0.0,0.0
3024,0.168497923,0.0,1.943148304,0.003920349810654398,-0.14999999999999947,0.0,0.0
3025,0.01145967,0.0,1.323999903,0.0031952358236887702,-0.09999999999999964,0.0,0.0
3026,0.104069155,0.0,1.652566151,0.0035616110667489164,-0.09999999999999964,0.0,0.0
3027,0.178538774,0.0,1.904446501,0.0038705678061891407,0.0,0.0,0.0
3028,0.716831674,0.0,0.648967248,0.002556217002047196,0.0,0.0,-1.7763568394002505e-15
3029,0.160432742,0.0,1.421760559,0.003300134786555487,-0.09999999999999964,0.0,0.0
3030,2.157753555,0.0,2.494013935,0.004702092939529702,-0.09999999999999964,0.0,0.0
3031,0.017653448,0.0,1.822737866,0.003767524828720567,-0.14999999999999947,0.0,0.0
3032,0.059944015,0.0,1.20136714,0.0030683361155918695,-0.09999999999999964,0.0,0.0
3033,1.677734024,0.0,1.643759658,0.003551265501981494,-0.14999999999999947,0.0,0.0
3034,0.862703813,0.0,0.648135446,0.0025555140429257407,-0.10000000000000053,0.0,-3.552713678800501e-15
3035,10.03195587,0.0,0.789590325,0.0026778734917022456,0.0,0.0,-3.552713678800501e-15
3036,0.103347003,0.0,1.754803363,0.003683936402242554,-0.14999999999999947,0.0,0.0
3037,1.092068564,0.0,2.310635197,0.004425994630454906,-0.09999999999999964,0.0,0.0
3038,1.538613725,0.0,1.577379889,0.0034742423298247433,-0.14999999999999947,0.0,0.0
3039,0.013379964,0.0,2.180373345,0.0042397330047880405,0.0,0.0,0.0
3040,0.014708696,0.0,1.881606776,0.0038414851231385167,-0.14999999999999947,0.0,0.0
3041,0.531842932,0.0,2.714068673,0.005056123561218463,-0.20000000000000018,0.0,0.0
3042,10.03195587,0.0,1.153866791,0.0030205441732571816,-0.10000000000000053,0.0,-3.552713678800501e-15
3043,0.05720366,0.0,1.507561491,0.0033950249570980965,-0.09999999999999964,0.0,0.0
3044,1.123992731,0.0,1.137236232,0.003003987525722612,-0.14999999999999947,0.0,0.0
3045,0.011467054,0.0,1.45423224,0.0033357313784544203,-0.09999999999999964,0.0,0.0
3046,0.541140337,0.0,1.633207422,0.003538908527709132,-0.20000000000000018,0.0,0.0
3047,0.045223412,0.0,1.268483728,0.003137152530596071,0.0,0.0,0.0
3048,0.178869862,0.0,1.483327609,0.003367951666190824,-0.09999999999999964,0.0,0.0
3049,0.446051599,0.0,1.825770971,0.003771300589785847,-0.14999999999999947,0.0,0.0
3050,0.11399807,0.0,1.794868297,0.0037330071944329073,-0.09999999999999964,0.0,0.0
3051,0.123556172,0.0,1.470227563,0.0033534064314735407,-0.14999999999999947,0.0,0.0
3052,0.012696533,0.0,2.224167178,0.004301466255865792,-0.14999999999999947,0.0,0.0
3053,0.025976885,0.0,1.391367189,0.003267159632996622,-0.14999999999999947,0.0,0.0
3054,0.054165013,0.0,1.898842288,0.003863411508713168,-0.09999999999999964,0.0,0.0
3055,0.011466774,0.0,1.733037687,0.003657548151214332,-0.14999999999999947,0.0,0.0
3056,0.147411226,0.0,2.362920305,0.00450302846415565,-0.14999999999999947,0.0,0.0
3057,0.30545609,0.0,1.844520674,0.0037947249800541504,-0.09999999999999964,0.0,0.0
3058,0.376442159,0.0,1.585380657,0.0034834369945115616,-0.14999999999999947,0.0,0.0
3059,2.965081895,0.0,0.439565097,0.0023852001933350703,0.0,0.0,-1.7763568394002505e-15
3060,0.490102447,0.0,2.400266618,0.004558868110843076,-0.14999999999999947,0.0,0.0
3061,0.080048304,0.0,1.592918609,0.0034921219645361224,-0.14999999999999947,0.0,0.0
3062,0.002332035,0.0,1.881908924,0.0038418684351661002,-0.14999999999999947,0.0,0.0
3063,1.152446222,0.0,2.518931552,0.0047409090766372475,-0.14999999999999947,0.0,0.0
3064,0.002987842,0.0,1.286603383,0.003155993414691049,-0.09999999999999964,0.0,0.0
3065,0.354238001,0.0,2.276264814,0.004376071439820623,-0.20000000000000018,0.0,0.0
3066,0.011611187,0.0,2.349072867,0.004482497462537947,-0.09999999999999964,0.0,0.0
3067,0.066209818,0.0,1.464622583,0.00334720225310742,-0.14999999999999947,0.0,0.0
3068,1.021987612,0.0,2.695188516,0.005024735771775824,-0.20000000000000018,0.0,0.0
3069,1.59385677,0.0,0.848145885,0.0027302186222283678,-0.10000000000000053,0.0,-3.552713678800501e-15
3070,2.536207538,0.0,1.957728453,0.003939269155746478,0.0,0.0,0.0
3071,0.033421888,0.0,1.366735128,0.0032406762762919165,-0.09999999999999964,0.0,0.0
3072,0.04109472,0.0,1.082279534,0.0029499159222201293,-0.09999999999999964,0.0,0.0
3073,5.403431788,0.0,2.052274055,0.004064178649521782,-0.09999999999999964,0.0,0.0
3074,1.1299655,0.0,0.459900555,0.0024012948923629427,0.0,0.0,-1.7763568394002505e-15
3075,0.437446555,0.0,1.154495424,0.003021171793709959,-0.14999999999999947,0.0,0.0
3076,0.002640087,0.0,1.466055191,0.0033487869243948275,-0.14999999999999947,0.0,0.0
3077,1.643539965,0.0,1.699621781,0.003617401459853785,-0.14999999999999947,0.0,0.0
3078,0.00728299,0.0,1.727642709,0.0036510365703165586,-0.14999999999999947,0.0,0.0
3079,0.104448708,0.0,2.157515519,0.004207863061554759,-0.09999999999999964,0.0,0.0
3080,0.884364481,0.0,2.317912069,0.00443663684434563,-0.14999999999999947,0.0,0.0
3081,0.087019306,0.0,1.562403405,0.003457095972020178,-0.09999999999999964,0.0,0.0
3082,0.005900909,0.0,1.703520103,0.0036220622838359297,-0.14999999999999947,0.0,0.0
3083,0.107577074,0.0,1.571798004,0.0034678418269544,-0.14999999999999947,0.0,0.0
3084,0.005124137,0.0,1.451688743,0.003332929347921405,-0.09999999999999964,0.0,0.0
3085,0.002347457,0.0,1.816578537,0.0037598689721073057,-0.09999999999999964,0.0,0.0
3086,0.050849882,0.0,1.510462674,0.0033982805651684845,0.0,0.0,0.0
3087,0.190412848,0.0,1.446511352,0.0033272329468575623,-0.09999999999999964,0.0,0.0
3088,0.644895539,0.0,1.651383572,0.0035602200699829858,-0.09999999999999964,0.0,0.0
3089,1.249240772,0.0,1.844344126,0.0037945037404534944,-0.14999999999999947,0.0,0.0
3090,0.767221704,0.0,2.101214981,0.004130378762620886,-0.14999999999999947,0.0,0.0
3091,0.051587841,0.0,1.589005124,0.0034876102913472405,-0.09999999999999964,0.0,0.0
3092,0.069841826,0.0,1.839968737,0.00378902486296598,-0.14999999999999947,0.0,0.0
3093,0.01691312,0.0,1.451808388,0.003333061101633197,0.0,0.0,0.0
3094,0.236244802,0.0,2.388639112,0.004541409342483218,-0.09999999999999964,0.0,0.0
3095,0.139988871,0.0,2.120878994,0.004157278781644376,-0.14999999999999947,0.0,0.0
3096,0.811721325,0.0,2.271368555,0.004369005363552035,-0.09999999999999964,0.0,0.0
3097,3.952828278,0.0,2.571743124,0.004824235203596507,-0.20000000000000018,0.0,0.0
3098,1.692418966,0.0,0.679705778,0.0025823299543213806,-0.09999999999999964,0.0,-1.7763568394002505e-15
3099,0.048622964,0.0,1.757773678,0.0036875522285088427,-0.14999999999999947,0.0,0.0
3100,4.89213682,0.0,1.739348332,0.0036651795999317212,-0.20000000000000018,0.0,0.0
3101,0.013712512,0.0,2.23602596,0.004318336236101099,-0.09999999999999964,0.0,0.0
3102,0.014199589,0.0,1.283230462,0.0031524777151734455,-0.09999999999999964,0.0,0.0
3103,0.227982729,0.0,1.507386065,0.003394828199744111,-0.14999999999999947,0.0,0.0
3104,0.693013911,0.0,1.74563468,0.003672797439065417,-0.09999999999999964,0.0,0.0
3105,0.166861327,0.0,1.237333931,0.0031050245500355224,-0.14999999999999947,0.0,0.0
3106,2.51513637,0.0,0.836653864,0.0027198655902912583,0.0,0.0,-3.552713678800501e-15
3107,0.367226394,0.0,1.888061038,0.0038496814420087245,-0.20000000000000018,0.0,0.0
3108,0.581405749,0.0,1.462064499,0.003344374501338141,-0.14999999999999947,0.0,0.0
3109,0.08523458,0.0,1.493092734,0.0033788349616939773,-0.14999999999999947,0.0,0.0
3110,0.080137367,0.0,1.822206292,0.0037668634867192062,-0.09999999999999964,0.0,0.0
3111,0.656609469,0.0,2.047429233,0.004057683044191528,-0.14999999999999947,0.0,0.0
3112,0.758362921,0.0,2.066056932,0.004082714478003025,-0.14999999999999947,0.0,0.0
3113,0.719077417,0.0,0.584258282,0.0025021032064321217,0.0,0.0,-8.881784197001252e-16
3114,0.434126302,0.0,1.526022589,0.0034157945325216025,-0.14999999999999947,0.0,0.0
3115,1.80028267,0.0,0.557532878,0.002480088534638223,0.0,0.0,-8.881784197001252e-16
3116,0.013727997,0.0,1.901267483,0.0038665067413536473,-0.14999999999999947,0.0,0.0
3117,0.054165013,0.0,1.977083968,0.003964525632347533,0.0,0.0,0.0
3118,0.9580092,0.0,0.479927594,0.002417251373890328,-0.10000000000000053,0.0,-8.881784197001252e-16
3119,0.020151449,0.0,1.592730349,0.0034919047953169873,-0.14999999999999947,0.0,0.0
3120,0.182484916,0.0,1.407786398,0.0032849325864480355,-0.14999999999999947,0.0,0.0
3121,1.57458885,0.0,2.003821524,0.003999680223707554,-0.14999999999999947,0.0,0.0
3122,0.012798149,0.0,1.146442141,0.0030131413088463057,-0.14999999999999947,0.0,0.0
3123,0.047901311,0.0,1.863657755,0.00381878279504739,-0.14999999999999947,0.0,0.0
3124,0.120740492,0.0,1.06961337,0.002937591993604278,-0.14999999999999947,0.0,0.0
3125,8.034099826,0.0,2.732215771,0.005086476496177118,0.0,0.0,0.0
3126,2.981746817,0.0,0.67192655,0.002575696315068557,-0.09999999999999964,0.0,-1.7763568394002505e-15
3127,2.5550706,0.0,1.567712518,0.0034631646280587724,-0.09999999999999964,0.0,0.0
3128,0.020151449,0.0,1.661399359,0.0035720181829675215,-0.14999999999999947,0.0,0.0
3129,0.030298095,0.0,1.160518405,0.003027191667594818,-0.09999999999999964,0.0,0.0
3130,0.076021552,0.0,2.642206201,0.0049376855949519825,-0.09999999999999964,0.0,0.0
3131,0.316203573,0.0,1.919016242,0.0038892344780439474,-0.14999999999999947,0.0,0.0
3132,0.075632396,0.0,2.073078426,0.004092189642195045,-0.14999999999999947,0.0,0.0
3133,0.08523458,0.0,1.327847933,0.00319930128899851,-0.14999999999999947,0.0,0.0
3134,0.392063736,0.0,1.492525133,0.0033782014083489046,0.0,0.0,0.0
3135,0.031599325,0.0,1.630265572,0.003535471179818008,-0.14999999999999947,0.0,0.0
3136,0.02118944,0.0,1.066377526,0.0029344518219732193,-0.09999999999999964,0.0,0.0
3137,0.060003548,0.0,1.246952004,0.0031149094954408553,-0.14999999999999947,0.0,0.0
3138,0.056519207,0.0,1.540338337,0.003431987527331637,-0.14999999999999947,0.0,0.0
3139,0.02364485,0.0,1.852185403,0.003804342368212212,-0.14999999999999947,0.0,0.0
3140,1.888079076,0.0,1.572845015,0.0034690414926029827,-0.14999999999999947,0.0,0.0
3141,0.202513887,0.0,1.528154818,0.0034182015296083273,-0.09999999999999964,0.0,0.0
3142,0.065086881,0.0,2.308389546,0.004422715565530565,-0.14999999999999947,0.0,0.0
3143,2.609358639,0.0,2.090887314,0.004116320196250243,-0.14999999999999947,0.0,0.0
3144,0.249700608,0.0,1.75241607,0.003681032861373728,-0.14999999999999947,0.0,0.0
3145,0.372341353,0.0,1.88008782,0.003839558717072675,-0.09999999999999964,0.0,0.0
3146,0.037519497,0.0,1.168840479,0.0030355291302809548,-0.14999999999999947,0.0,0.0
3147,0.043550641,0.0,1.845997788,0.003796576516292711,-0.14999999999999947,0.0,0.0
3148,1.57458885,0.0,2.127117944,0.004165849957110225,-0.20000000000000018,0.0,0.0
3149,0.102920268,0.0,1.944278837,0.003921813558974809,-0.09999999999999964,0.0,0.0
3150,0.056718606,0.0,1.213793445,0.003080962621003826,-0.14999999999999947,0.0,0.0
3151,1.388147685,0.0,2.37670767,0.004523563399249095,-0.14999999999999947,0.0,0.0
3152,6.799219561,0.0,3.205169542,0.005944738267894505,-0.20000000000000018,0.0,0.0
3153,4.949789697,0.0,1.017576538,0.002887497548712986,-0.10000000000000053,0.0,-1.7763568394002505e-15
3154,0.02118944,0.0,1.354234968,0.0032273185857908783,-0.09999999999999964,0.0,0.0
3155,0.249625626,0.0,1.620315146,0.0035238694344134932,0.0,0.0,0.0
3156,0.039125931,0.0,1.883541696,0.003843940467296538,-0.09999999999999964,0.0,0.0
3157,0.011977674,0.0,1.256294889,0.0031245416532158913,-0.14999999999999947,0.0,0.0
3158,0.020025068,0.0,1.435124134,0.0033147383292684305,-0.14999999999999947,0.0,0.0
3159,0.073011251,0.0,1.33595812,0.0032078866403263562,-0.09999999999999964,0.0,0.0
3160,0.040426973,0.0,1.293427412,0.0031631182675277546,-0.09999999999999964,0.0,0.0
3161,0.540916075,0.0,2.862610054,0.00530997110054341,-0.20000000000000018,0.0,0.0
3162,0.305588015,0.0,1.799768348,0.003739053204149751,-0.14999999999999947,0.0,0.0
3163,0.032727609,0.0,1.496843635,0.003383024676175758,-0.09999999999999964,0.0,0.0
3164,1.82206599,0.0,2.81751925,0.005231602180510187,-0.14999999999999947,0.0,0.0
3165,0.719077417,0.0,0.540351039,0.0024660373863322604,-0.09999999999999964,0.0,-8.881784197001252e-16
3166,0.339152061,0.0,1.454443375,0.0033359640797607703,-0.14999999999999947,0.0,0.0
3167,0.255859561,0.0,1.686675363,0.003601965589450353,-0.14999999999999947,0.0,0.0
3168,0.054348657,0.0,1.428957602,0.0033079916365481746,0.0,0.0,0.0
3169,0.073011251,0.0,1.35087944,0.0032237422161392197,-0.14999999999999947,0.0,0.0
3170,0.013346145,0.0,1.683975995,0.003598755440743186,-0.14999999999999947,0.0,0.0
3171,0.727309123,0.0,0.495894193,0.002430048456609706,-0.10000000000000053,0.0,-3.552713678800501e-15
3172,0.947590766,0.0,1.260956428,0.0031293586192073525,-0.14999999999999947,0.0,0.0
3173,0.010492497,0.0,1.395059543,0.0032711480454864898,-0.09999999999999964,0.0,0.0
3174,0.578627013,0.0,1.187948047,0.0030547587558213676,-0.14999999999999947,0.0,0.0
3175,0.005294842,0.0,1.623015312,0.003527013949766898,-0.14999999999999947,0.0,0.0
3176,0.018713205,0.0,1.425924637,0.003304678346573577,0.0,0.0,0.0
3177,0.011977674,0.0,1.48253051,0.003367064837969947,-0.14999999999999947,0.0,0.0
3178,1.80028267,0.0,0.468447651,0.0024080918714174957,-0.10000000000000053,0.0,-1.7763568394002505e-15
3179,0.012721306,0.0,1.393328514,0.00326927761608711,-0.14999999999999947,0.0,0.0
3180,0.026735057,0.0,1.41035589,0.003287722636845277,-0.14999999999999947,0.0,0.0
3181,0.187844233,0.0,1.122250005,0.0029891454198821914,0.0,0.0,0.0
3182,0.384251126,0.0,2.142487796,0.0041870404702709476,-0.09999999999999964,0.0,0.0
3183,0.030396903,0.0,1.117402007,0.002984359713535735,-0.09999999999999964,0.0,0.0
3184,0.031728936,0.0,1.406465027,0.003283498711427098,-0.09999999999999964,0.0,0.0
3185,0.352909844,0.0,1.540651607,0.0034323427309488844,-0.14999999999999947,0.0,0.0
3186,0.712860302,0.0,1.769203565,0.0037014990794353416,-0.09999999999999964,0.0,0.0
3187,0.064437609,0.0,2.063230406,0.004078906389725065,-0.14999999999999947,0.0,0.0
3188,0.006411289,0.0,1.650951876,0.0035597124267458297,-0.14999999999999947,0.0,0.0
3189,0.026386068,0.0,2.255749758,0.004346540795382365,-0.09999999999999964,0.0,0.0
3190,0.177406671,0.0,1.719700752,0.003641471871067921,-0.09999999999999964,0.0,0.0
3191,0.012467933,0.0,2.07516556,0.004095010347889361,-0.14999999999999947,0.0,0.0
3192,0.02590244,0.0,1.039531424,0.0029085281994470744,-0.14999999999999947,0.0,0.0
3193,0.809758827,0.0,1.560917662,0.003455399571268654,-0.09999999999999964,0.0,0.0
3194,0.113452752,0.0,1.880166074,0.0038396579386835183,-0.14999999999999947,0.0,0.0
3195,0.133519664,0.0,1.603699597,0.0035045809620267774,-0.14999999999999947,0.0,0.0
3196,0.0893827,0.0,1.50662783,0.0033939778960055604,-0.14999999999999947,0.0,0.0
3197,0.804814568,0.0,2.23793324,0.004321055623411634,-0.09999999999999964,0.0,0.0
3198,0.332952419,0.0,1.574206166,0.003470601718327363,-0.14999999999999947,0.0,0.0
3199,0.044733983,0.0,1.560583443,0.0034550180789555732,0.0,0.0,0.0
3200,0.036624311,0.0,1.509820582,0.003397559763555263,-0.14999999999999947,0.0,0.0
3201,0.225328114,0.0,2.307712204,0.004421726996043535,-0.09999999999999964,0.0,0.0
3202,1.869557964,0.0,2.346154295,0.00447818212565895,-0.20000000000000018,0.0,0.0
3203,2.046429323,0.0,0.673547553,0.0025770772017629233,-0.10000000000000053,0.0,-1.7763568394002505e-15
3204,0.437446555,0.0,1.613364391,0.003515787682860542,-0.14999999999999947,0.0,0.0
3205,0.009475502,0.0,0.905051924,0.0027820666422300137,-0.14999999999999947,0.0,0.0
3206,0.009224167,0.0,1.709019087,0.00362864702997037,-0.09999999999999964,0.0,0.0
3207,0.077497895,0.0,1.619145861,0.0035225085944782363,-0.14999999999999947,0.0,0.0
3208,0.09646628,0.0,1.194994672,0.0030618810049133577,-0.14999999999999947,0.0,0.0
3209,0.094136179,0.0,1.632714935,0.0035383328587838825,-0.14999999999999947,0.0,0.0
3210,0.038846684,0.0,1.272066776,0.0031408692821678487,-0.14999999999999947,0.0,0.0
3211,0.238699915,0.0,1.23207841,0.0030996364228191953,-0.14999999999999947,0.0,0.0
3212,0.021670675,0.0,1.458052118,0.003339943938932444,-0.14999999999999947,0.0,0.0
3213,0.004259757,0.0,2.077452682,0.004098103555530778,-0.14999999999999947,0.0,0.0
3214,0.04576507,0.0,1.378303368,0.0032530872075401413,-0.09999999999999964,0.0,0.0
3215,0.062500616,0.0,2.119461703,0.004155334132336062,-0.09999999999999964,0.0,0.0
3216,0.0747272,0.0,1.21863559,0.003085896790880678,-0.14999999999999947,0.0,0.0
3217,2.579730971,0.0,2.698530793,0.005030278067318225,-0.20000000000000018,0.0,0.0
3218,8.847652151,0.0,0.49350805,0.002428131698216946,0.0,0.0,-1.7763568394002505e-15
3219,0.997359561,0.0,1.823739334,0.003768771089638682,-0.14999999999999947,0.0,0.0
3220,0.030882673,0.0,1.592335278,0.0034914491009397568,-0.14999999999999947,0.0,0.0
3221,2.64248272,0.0,2.444829234,0.004626400033527424,-0.20000000000000018,0.0,0.0
3222,1.275654467,0.0,0.61726173,0.002529558494085378,-0.15000000000000036,0.0,-3.552713678800501e-15
3223,1.371522335,0.0,2.016400553,0.00401632637925769,-0.14999999999999947,0.0,0.0
3224,1.546921746,0.0,2.293225858,0.004400636997511953,-0.20000000000000018,0.0,0.0
3225,1.66523669,0.0,1.086488576,0.0029540226378961393,-0.14999999999999947,0.0,0.0
3226,1.489869613,0.0,0.504904181,0.0024372996856046234,-0.10000000000000053,0.0,-1.7763568394002505e-15
3227,0.102666317,0.0,1.694128573,0.0036108439354769948,-0.09999999999999964,0.0,0.0
3228,2.145690095,0.0,0.674924183,0.0025782504938046662,-0.09999999999999964,0.0,-8.881784197001252e-16
3229,0.011381903,0.0,2.753324339,0.005122010941520446,-0.20000000000000018,0.0,0.0
3230,0.395575932,0.0,1.58018962,0.003477468578045519,-0.09999999999999964,0.0,0.0
3231,0.4563059,0.0,1.860810583,0.003815193929635109,-0.14999999999999947,0.0,0.0
3232,0.141056896,0.0,1.601504922,0.0035020411107458864,-0.09999999999999964,0.0,0.0
3233,0.587990003,0.0,1.395351053,0.00327146313581056,-0.09999999999999964,0.0,0.0
3234,0.440219115,0.0,1.848113207,0.0037992297239964425,-0.14999999999999947,0.0,0.0
3235,0.025280788,0.0,1.585987196,0.003484135030964046,-0.09999999999999964,0.0,0.0
3236,0.062194329,0.0,1.579536285,0.0034767181257466424,-0.09999999999999964,0.0,0.0
3237,0.027613242,0.0,1.458048044,0.0033399394433031096,0.0,0.0,0.0
3238,0.051594229,0.0,1.121496651,0.0029884012438866265,0.0,0.0,0.0
3239,0.221978971,0.0,1.906776871,0.0038735474566980337,-0.14999999999999947,0.0,0.0
3240,0.34752001,0.0,3.064958267,0.005676282283561821,-0.20000000000000018,0.0,0.0
3241,0.685315719,0.0,1.525179503,0.0034148432689271656,-0.14999999999999947,0.0,0.0
3242,2.184378528,0.0,2.971601468,0.00550425651571319,-0.20000000000000018,0.0,0.0
3243,1.97951094,0.0,1.849458021,0.003800917381269248,-0.14999999999999947,0.0,0.0
3244,3.747147167,0.0,1.67145731,0.0035839051664434346,-0.20000000000000018,0.0,0.0
3245,0.022737699,0.0,1.060928766,0.0029291717232907332,0.0,0.0,0.0
3246,5.427215325,0.0,2.221482128,0.004297655696842968,-0.20000000000000018,0.0,0.0
3247,0.753180681,0.0,2.45141572,0.0046364655583521035,-0.14999999999999947,0.0,0.0
3248,0.032727609,0.0,1.370999274,0.003245245543460343,-0.14999999999999947,0.0,0.0
3249,0.545716039,0.0,1.875744829,0.00383405605457727,0.0,0.0,0.0
3250,0.036624311,0.0,1.43607115,0.003315775656683441,-0.14999999999999947,0.0,0.0
3251,0.568697064,0.0,2.062694804,0.004078185189004137,-0.14999999999999947,0.0,0.0
3252,0.32951768,0.0,1.320512991,0.003191556329122731,-0.14999999999999947,0.0,0.0
3253,0.065134914,0.0,1.784224322,0.0037199074843543827,-0.09999999999999964,0.0,0.0
3254,0.088007672,0.0,1.617420007,0.00352050096396694,-0.09999999999999964,0.0,0.0
3255,3.724811877,0.0,2.042819646,0.00405151242465526,-0.14999999999999947,0.0,0.0
3256,0.134802826,0.0,1.248476997,0.00311647968112125,-0.09999999999999964,0.0,0.0
3257,3.609942193,0.0,0.684541959,0.0025864625340999182,-0.09999999999999964,0.0,-1.7763568394002505e-15
3258,0.003514316,0.0,1.289527113,0.0031590440706877935,-0.14999999999999947,0.0,0.0
3259,0.16538796,0.0,2.065425819,0.004081863892690217,-0.20000000000000018,0.0,0.0
3260,0.369725621,0.0,1.665401382,0.0035767432583788277,-0.14999999999999947,0.0,0.0
3261,1.489869613,0.0,0.86417575,0.002744725420567352,-0.10000000000000053,0.0,-1.7763568394002505e-15
3262,0.008918661,0.0,1.342882485,0.003215234865071555,-0.09999999999999964,0.0,0.0
3263,0.187728294,0.0,1.561356542,0.003455900592018833,0.0,0.0,0.0
3264,0.008790608,0.0,1.931975851,0.0039059135984145063,-0.14999999999999947,0.0,0.0
3265,0.0428094,0.0,1.727499375,0.00365086372796454,-0.09999999999999964,0.0,0.0
3266,1.364531235,0.0,0.706194921,0.002605046303627903,-0.09999999999999964,0.0,-1.7763568394002505e-15
3267,0.493198404,0.0,1.995532967,0.003988749335152115,-0.20000000000000018,0.0,0.0
3268,1.404660821,0.0,0.589887363,0.0025067648759086697,-0.09999999999999964,0.0,-1.7763568394002505e-15
3269,0.051350306,0.0,1.667704241,0.0035794650012693626,0.0,0.0,0.0
3270,0.124660557,0.0,1.861641927,0.003816241492801831,-0.20000000000000018,0.0,0.0
3271,0.009475502,0.0,1.055955174,0.0029243603543983917,-0.14999999999999947,0.0,0.0
3272,0.671231867,0.0,1.860346069,0.003814608727785275,-0.14999999999999947,0.0,0.0
3273,0.183389396,0.0,3.040642245,0.005630967653419881,-0.09999999999999964,0.0,0.0
3274,2.981746817,0.0,0.693639247,0.0025942541683985514,-0.09999999999999964,0.0,-1.7763568394002505e-15
3275,3.728932775,0.0,2.139020086,0.004182250159066295,-0.20000000000000018,0.0,0.0
3276,0.324585115,0.0,1.583219466,0.003480950916884685,-0.09999999999999964,0.0,0.0
3277,0.104069155,0.0,1.866949781,0.0038229365921624717,0.0,0.0,0.0
3278,0.100366857,0.0,1.552772214,0.003446113941627225,-0.14999999999999947,0.0,0.0
3279,0.011891337,0.0,1.626534915,0.003531116949715957,-0.14999999999999947,0.0,0.0
3280,0.145787369,0.0,1.220076666,0.003087366775035696,-0.09999999999999964,0.0,0.0
3281,3.538290987,0.0,0.743158672,0.0026370788719758966,0.0,0.0,-8.881784197001252e-16
3282,0.034931264,0.0,2.543425754,0.004779376421643633,-0.09999999999999964,0.0,0.0
3283,0.004889543,0.0,1.507062644,0.0033944654813641935,-0.09999999999999964,0.0,0.0
3284,0.043550641,0.0,1.678898843,0.003592725299310301,-0.14999999999999947,0.0,0.0
3285,0.00558601,0.0,1.373940295,0.0032484007506741164,-0.14999999999999947,0.0,0.0
3286,0.007142124,0.0,1.584106327,0.003481970883580789,-0.14999999999999947,0.0,0.0
3287,0.319178641,0.0,1.093824744,0.0029611940862979483,-0.09999999999999964,0.0,0.0
3288,0.01891995,0.0,2.150654567,0.0041983436836356735,-0.14999999999999947,0.0,0.0
3289,0.046764047,0.0,1.443906244,0.003324370359170441,0.0,0.0,0.0
3290,0.141056896,0.0,1.498078828,0.003384405505864767,-0.09999999999999964,0.0,0.0
3291,0.478681992,0.0,2.073578312,0.004092865048462962,-0.09999999999999964,0.0,0.0
3292,0.112617183,0.0,2.303467346,0.004415536703013073,-0.14999999999999947,0.0,0.0
3293,1.007297543,0.0,2.044697402,0.004054024952150095,-0.09999999999999964,0.0,0.0
3294,1.80028267,0.0,0.405413456,0.002358412308263131,-0.10000000000000053,0.0,-8.881784197001252e-16
3295,0.729466856,0.0,1.819675348,0.003763716273768607,-0.20000000000000018,0.0,0.0
3296,2.485714143,0.0,3.058248785,0.005663742590747794,-0.20000000000000018,0.0,0.0
3297,1.828693166,0.0,1.374159061,0.0032486355709249546,-0.14999999999999947,0.0,0.0
3298,0.077140015,0.0,1.082259292,0.0029498961860846755,-0.09999999999999964,0.0,0.0
3299,0.17428567,0.0,1.9077007,0.0038747293124294893,-0.14999999999999947,0.0,0.0
3300,0.027128281,0.0,1.623324223,0.003527373874501575,-0.09999999999999964,0.0,0.0
3301,0.261065399,0.0,1.477577906,0.003361559933471224,0.0,0.0,0.0
3302,1.404274959,0.0,1.595785352,0.0034954305881735397,-0.09999999999999964,0.0,0.0
3303,0.605158284,0.0,1.263798262,0.003132298838226298,-0.14999999999999947,0.0,0.0
3304,0.03281375,0.0,1.581075197,0.0034784860524762723,0.0,0.0,0.0
3305,0.580285718,0.0,2.124492481,0.004162240909014621,-0.14999999999999947,0.0,0.0
3306,0.450732014,0.0,2.533810868,0.004764239660976712,-0.20000000000000018,0.0,0.0
3307,0.160432742,0.0,1.310304453,0.0031808082379964704,-0.09999999999999964,0.0,0.0
3308,0.150048693,0.0,1.981439746,0.0039702315618779386,-0.14999999999999947,0.0,0.0
3309,0.060764363,0.0,1.543616145,0.00343570590963387,-0.09999999999999964,0.0,0.0
3310,0.011466774,0.0,1.824850958,0.003770154913380178,-0.14999999999999947,0.0,0.0
3311,0.262320225,0.0,1.524441335,0.0034140106022886568,-0.09999999999999964,0.0,0.0
3312,0.023845312,0.0,1.99782245,0.003991765710945144,-0.09999999999999964,0.0,0.0
3313,0.00728299,0.0,1.515947183,0.003404443595751184,0.0,0.0,0.0
3314,0.008188172,0.0,1.287013666,0.003156421331842027,-0.14999999999999947,0.0,0.0
3315,0.55158846,0.0,2.650551201,0.004951296233242881,-0.09999999999999964,0.0,0.0
3316,0.018566396,0.0,0.937081641,0.0028116800933995615,0.0,0.0,0.0
3317,0.014820597,0.0,1.172587802,0.003039290853913673,-0.09999999999999964,0.0,0.0
3318,0.434812788,0.0,1.417564573,0.003295562708640267,-0.14999999999999947,0.0,0.0
3319,0.032537103,0.0,1.390715332,0.0032664560126775544,-0.14999999999999947,0.0,0.0
3320,0.054790071,0.0,1.753756518,0.0036826628980667618,-0.09999999999999964,0.0,0.0
3321,0.065223749,0.0,1.107003941,0.0029741209993532974,-0.09999999999999964,0.0,0.0
3322,1.282275196,0.0,2.90016334,0.0053761300445123615,-0.20000000000000018,0.0,0.0
3323,3.748330272,0.0,0.760732253,0.002652445517841857,-0.09999999999999964,0.0,-1.7763568394002505e-15
3324,0.097356413,0.0,1.829047416,0.003775383508245515,0.0,0.0,0.0
3325,0.716670216,0.0,1.436328356,0.0033160574467913217,-0.09999999999999964,0.0,0.0
3326,0.033992934,0.0,1.305754588,0.003176029529642872,-0.09999999999999964,0.0,0.0
3327,0.117079471,0.0,2.393380672,0.004548520771692758,-0.09999999999999964,0.0,0.0
3328,0.075409644,0.0,1.739689391,0.0036655924933760055,-0.09999999999999964,0.0,0.0
3329,0.203412238,0.0,1.72693439,0.003650182508185002,-0.14999999999999947,0.0,0.0
3330,0.061781558,0.0,1.561522577,0.0034560901546866977,-0.09999999999999964,0.0,0.0
3331,0.016434696,0.0,1.765841848,0.0036973916356561882,-0.14999999999999947,0.0,0.0
3332,0.740447143,0.0,2.602158375,0.004872884126779682,-0.20000000000000018,0.0,0.0
3333,0.004177273,0.0,1.501108318,0.003387794569664295,0.0,0.0,0.0
3334,0.063282518,0.0,1.767171593,0.00369901581370569,-0.14999999999999947,0.0,0.0
3335,0.359107546,0.0,2.627099508,0.004913141310863478,-0.09999999999999964,0.0,0.0
3336,0.06872701,0.0,1.635999571,0.0035421740404988785,-0.14999999999999947,0.0,0.0
3337,0.01690941,0.0,1.458417694,0.0033403473739390685,-0.09999999999999964,0.0,0.0
3338,0.142176376,0.0,1.626234045,0.0035307660227375903,-0.14999999999999947,0.0,0.0
3339,0.535381761,0.0,1.750264287,0.0036784177128924168,-0.14999999999999947,0.0,0.0
3340,0.051519151,0.0,1.620100996,0.003523620162691664,-0.14999999999999947,0.0,0.0
3341,0.138484455,0.0,1.985622177,0.003975718109908629,-0.20000000000000018,0.0,0.0
3342,1.030301189,0.0,0.924333377,0.0027998560648920252,-0.14999999999999947,0.0,-1.7763568394002505e-15
3343,0.034585209,0.0,1.892401544,0.0038552032797872214,-0.09999999999999964,0.0,0.0
3344,0.361671187,0.0,1.400894699,0.0032774609699127624,-0.14999999999999947,0.0,0.0
3345,0.689280442,0.0,2.27097993,0.004368445003039943,-0.14999999999999947,0.0,0.0
3346,10.03195587,0.0,1.430254293,0.0033094091857286605,-0.15000000000000036,0.0,-3.552713678800501e-15
3347,0.587990003,0.0,1.73260078,0.0036570203869223977,-0.14999999999999947,0.0,0.0
3348,0.734009322,0.0,1.39529435,0.0032714018437195293,-0.09999999999999964,0.0,0.0
3349,0.0844124,0.0,1.38969741,0.0032653575605657474,-0.09999999999999964,0.0,0.0
3350,0.098863193,0.0,1.364754743,0.003238556365955872,-0.09999999999999964,0.0,0.0
3351,0.574446961,0.0,1.630629042,0.0035358956891366877,-0.09999999999999964,0.0,0.0
3352,0.761784053,0.0,2.623678844,0.004907600537282868,-0.09999999999999964,0.0,0.0
3353,1.489869613,0.0,0.639014134,0.002547818225171727,-0.09999999999999964,0.0,-1.7763568394002505e-15
3354,1.326273769,0.0,1.927163699,0.0038997120203632793,-0.14999999999999947,0.0,0.0
3355,0.122307029,0.0,1.554115264,0.0034476432749424076,-0.14999999999999947,0.0,0.0
3356,0.231026933,0.0,1.936096146,0.0039112313635180475,-0.14999999999999947,0.0,0.0
3357,0.101809862,0.0,1.772109505,0.0037050533046854577,-0.20000000000000018,0.0,0.0
3358,4.949789697,0.0,0.854653266,0.002736098466240647,0.0,0.0,-1.7763568394002505e-15
3359,0.191003324,0.0,1.533629728,0.0034243897048339316,-0.14999999999999947,0.0,0.0
3360,0.119402356,0.0,1.482617084,0.003367161146315202,-0.20000000000000018,0.0,0.0
3361,0.119584944,0.0,2.570306499,0.0048219493268780705,-0.09999999999999964,0.0,0.0
3362,0.009688603,0.0,1.670767239,0.003583088348564241,-0.14999999999999947,0.0,0.0
3363,0.702999561,0.0,1.532297806,0.0034228832346356475,-0.14999999999999947,0.0,0.0
3364,1.471027017,0.0,2.073105404,0.004092226089892655,-0.09999999999999964,0.0,0.0
3365,1.007297543,0.0,1.627879997,0.003532686243596132,-0.09999999999999964,0.0,0.0
3366,0.669797089,0.0,2.605864456,0.0048788452388928176,-0.14999999999999947,0.0,0.0
3367,70.2971636,0.0,0.376205577,0.0023357404620025952,0.0,0.0,-8.881784197001252e-16
3368,0.92261941,0.0,1.390526084,0.003266251764972323,-0.14999999999999947,0.0,0.0
3369,3.81246855,0.0,2.292420029,0.004399466773282715,0.0,0.0,0.0
3370,0.366024872,0.0,2.120155577,0.0041562860759698705,-0.09999999999999964,0.0,0.0
3371,0.063680573,0.0,1.325501171,0.0031968213087831825,-0.14999999999999947,0.0,0.0
3372,0.048420838,0.0,1.315685748,0.003186469446776295,-0.14999999999999947,0.0,0.0
3373,1.206524132,0.0,2.00651798,0.004003242718046191,-0.20000000000000018,0.0,0.0
3374,0.776585669,0.0,0.884221325,0.0027629745905411256,-0.10000000000000053,0.0,-3.552713678800501e-15
3375,0.191735036,0.0,1.427244816,0.0033061201377881876,-0.09999999999999964,0.0,0.0
3376,0.100366857,0.0,1.875269737,0.00383345457974166,-0.14999999999999947,0.0,0.0
3377,0.086697991,0.0,1.529355282,0.003419557434149416,-0.14999999999999947,0.0,0.0
3378,0.544270913,0.0,1.655137291,0.0035646372134408096,-0.09999999999999964,0.0,0.0
3379,0.065870255,0.0,1.738260613,0.003663863093169589,-0.09999999999999964,0.0,0.0
3380,0.050812031,0.0,2.070502502,0.004088711017527092,-0.09999999999999964,0.0,0.0
3381,1.694119992,0.0,2.198150598,0.004264685323887488,-0.09999999999999964,0.0,0.0
3382,0.061966431,0.0,2.206661073,0.004276682409742011,-0.09999999999999964,0.0,0.0
3383,2.319965963,0.0,1.892498004,0.0038553260823510583,-0.09999999999999964,0.0,0.0
3384,2.64127503,0.0,3.578234964,0.0067220650715133085,-0.20000000000000018,0.0,0.0
3385,0.057010282,0.0,1.203166662,0.003070161430343958,-0.09999999999999964,0.0,0.0
3386,2.702966226,0.0,1.613098677,0.003515479099829861,-0.14999999999999947,0.0,0.0
3387,0.129992381,0.0,1.810737649,0.0037526232457529684,-0.14999999999999947,0.0,0.0
3388,0.093803512,0.0,1.465843044,0.003348552212027637,0.0,0.0,0.0
3389,0.166799913,0.0,1.945806878,0.003923792842682126,-0.09999999999999964,0.0,0.0
3390,0.429637687,0.0,2.224914908,0.0043025280152031746,-0.14999999999999947,0.0,0.0
3391,0.781289638,0.0,0.589994307,0.0025068535243647455,-0.09999999999999964,0.0,-1.7763568394002505e-15
3392,2.33132817,0.0,0.742813496,0.0026367779348657736,-0.10000000000000053,0.0,-1.7763568394002505e-15
3393,0.022230126,0.0,3.038548372,0.005627082434702377,-0.09999999999999964,0.0,0.0
3394,29.9348413,0.0,1.518298908,0.0034070896777820187,0.0,0.0,-3.552713678800501e-15
3395,0.009371345,0.0,1.21789254,0.003085139107866591,0.0,0.0,0.0
3396,0.35617277,0.0,1.487927015,0.0033730733748923636,-0.14999999999999947,0.0,0.0
3397,0.323643704,0.0,1.525364458,0.0034150519331644334,-0.14999999999999947,0.0,0.0
3398,0.045696106,0.0,2.0873541,0.0041115215468335575,-0.14999999999999947,0.0,0.0
3399,0.218560133,0.0,1.277206346,0.003146208303626524,-0.09999999999999964,0.0,0.0
3400,2.981746817,0.0,0.63540284,0.002544777702144463,-0.10000000000000053,0.0,-3.552713678800501e-15
3401,1.199174908,0.0,1.349330126,0.003222092268482107,0.0,0.0,0.0
3402,1.136504754,0.0,1.907989844,0.0038750992885517544,-0.14999999999999947,0.0,0.0
3403,0.008382768,0.0,1.236100302,0.003103758956345894,-0.14999999999999947,0.0,0.0
3404,0.392063736,0.0,1.56985713,0.0034656190661130435,0.0,0.0,0.0
3405,1.73590606,0.0,1.714832309,0.003635621029068964,0.0,0.0,0.0
3406,0.013450258,0.0,1.356704848,0.0032299535456807266,-0.09999999999999964,0.0,0.0
3407,0.82949045,0.0,2.122347247,0.004159294311094088,-0.09999999999999964,0.0,0.0
3408,0.009396301,0.0,1.807754546,0.0037489280212513916,-0.09999999999999964,0.0,0.0
3409,0.092307675,0.0,1.519538723,0.0034084855010037083,-0.20000000000000018,0.0,0.0
3410,0.392169249,0.0,1.706774383,0.003625957674748619,-0.20000000000000018,0.0,0.0
3411,0.338266848,0.0,1.23760103,0.003105298637610139,-0.14999999999999947,0.0,0.0
3412,0.01151802,0.0,1.846908967,0.003797719111809785,-0.14999999999999947,0.0,0.0
3413,0.003547467,0.0,1.231800529,0.003099351789972189,-0.09999999999999964,0.0,0.0
3414,0.033315465,0.0,1.424609325,0.0033032424939141666,-0.09999999999999964,0.0,0.0
3415,0.352909844,0.0,2.224157267,0.0043014521842266494,-0.14999999999999947,0.0,0.0
3416,0.013897719,0.0,2.555295126,0.004798128455721897,-0.14999999999999947,0.0,0.0
3417,0.293451141,0.0,1.214824357,0.0030820124660438336,-0.14999999999999947,0.0,0.0
3418,0.046026895,0.0,1.622095019,0.0035259418959665526,-0.14999999999999947,0.0,0.0
3419,0.812965382,0.0,2.231619524,0.004312060082769759,-0.20000000000000018,0.0,0.0
3420,0.261076969,0.0,1.507058865,0.003394461243423785,0.0,0.0,0.0
3421,0.149587026,0.0,1.301443871,0.003171508599960792,-0.09999999999999964,0.0,0.0
3422,0.781566896,0.0,1.018450332,0.002888331654078073,-0.14999999999999947,0.0,0.0
3423,0.351104414,0.0,1.478083453,0.00336212144633506,-0.09999999999999964,0.0,0.0
3424,0.050380037,0.0,1.085799838,0.0029533502540080225,-0.14999999999999947,0.0,0.0
3425,0.060764363,0.0,1.565070953,0.003460143824342446,-0.09999999999999964,0.0,0.0
3426,0.422280014,0.0,1.904730747,0.003870931125640608,-0.09999999999999964,0.0,0.0
3427,0.089665404,0.0,1.667309712,0.0035789985620522163,-0.14999999999999947,0.0,0.0
3428,1.320505859,0.0,1.652509332,0.0035615442215837386,-0.09999999999999964,0.0,0.0
3429,0.097526832,0.0,2.30653533,0.004420009890968891,-0.20000000000000018,0.0,0.0
3430,0.031712012,0.0,1.213255318,0.003080414752748722,-0.14999999999999947,0.0,0.0
3431,0.010780074,0.0,1.607729761,0.0035092497673148452,-0.14999999999999947,0.0,0.0
3432,0.005695793,0.0,1.276191848,0.003145153719817026,-0.09999999999999964,0.0,0.0
3433,0.244028817,0.0,1.255062245,0.0031232691460161247,-0.09999999999999964,0.0,0.0
3434,0.543585227,0.0,2.414406894,0.004580189868479296,-0.14999999999999947,0.0,0.0
3435,0.25047426,0.0,1.75911907,0.0036891911654585692,-0.20000000000000018,0.0,0.0
3436,0.135178744,0.0,1.50659826,0.00339394473976669,-0.14999999999999947,0.0,0.0
3437,0.13241301,0.0,1.798699696,0.0037377337988075154,-0.14999999999999947,0.0,0.0
3438,0.00407998,0.0,1.574994413,0.0034715055698639856,-0.09999999999999964,0.0,0.0
3439,0.085030052,0.0,1.32049196,0.003191534149396877,-0.14999999999999947,0.0,0.0
3440,1.059267066,0.0,2.25339388,0.004343162324386404,-0.14999999999999947,0.0,0.0
3441,2.145690095,0.0,0.369546906,0.002330602355603241,-0.09999999999999964,0.0,-1.7763568394002505e-15
3442,0.543585227,0.0,2.426755238,0.004598890791591072,-0.14999999999999947,0.0,0.0
3443,0.25673152,0.0,1.903663875,0.003869567639566801,-0.14999999999999947,0.0,0.0
3444,0.024972687,0.0,1.373152281,0.0032475550480961708,-0.09999999999999964,0.0,0.0
3445,0.034104479,0.0,1.742385846,0.003668858512429049,-0.14999999999999947,0.0,0.0
3446,0.055786933,0.0,1.141605562,0.0030083286537667723,-0.09999999999999964,0.0,0.0
3447,0.004403259,0.0,1.128238436,0.002995067469988459,-0.09999999999999964,0.0,0.0
3448,3.365980818,0.0,1.856092413,0.003809254063614894,-0.09999999999999964,0.0,0.0
3449,0.347235237,0.0,1.757390213,0.003687085229885443,-0.14999999999999947,0.0,0.0
3450,0.097667332,0.0,1.612199325,0.003514434850916003,-0.09999999999999964,0.0,0.0
3451,1.436442357,0.0,1.86060974,0.0038149408935746637,-0.14999999999999947,0.0,0.0
3452,1.318007691,0.0,2.235297424,0.004317297944061608,-0.14999999999999947,0.0,0.0
3453,0.734042131,0.0,0.547179756,0.002471612313793178,-0.09999999999999964,0.0,-8.881784197001252e-16
3454,0.647118035,0.0,2.194111344,0.004259002982185356,-0.14999999999999947,0.0,0.0
3455,0.338266848,0.0,1.223217731,0.0030905732696308525,-0.14999999999999947,0.0,0.0
3456,2.981746817,0.0,0.688653783,0.0025899813292799443,-0.09999999999999964,0.0,-1.7763568394002505e-15
3457,0.245968986,0.0,2.127741951,0.0041667081959775275,-0.14999999999999947,0.0,0.0
3458,7.118690824,0.0,2.214535941,0.004287813421171026,-0.14999999999999947,0.0,0.0
3459,1.447269702,0.0,0.548038874,0.0024723145828025963,0.0,0.0,-8.881784197001252e-16
3460,0.041281942,0.0,1.643233325,0.003550648133267339,-0.14999999999999947,0.0,0.0
3461,0.006507269,0.0,1.261624115,0.0031300491743400044,-0.14999999999999947,0.0,0.0
3462,1.80028267,0.0,0.453394913,0.0023961341866536347,-0.09999999999999964,0.0,-8.881784197001252e-16
3463,0.090882802,0.0,1.896309195,0.0038601812031371944,-0.14999999999999947,0.0,0.0
3464,0.530212703,0.0,1.792215683,0.003729738286783031,-0.09999999999999964,0.0,0.0
3465,0.032083633,0.0,1.07331735,0.002941190572861975,-0.14999999999999947,0.0,0.0
3466,0.025280788,0.0,1.712726537,0.0036330932378144895,-0.09999999999999964,0.0,0.0
3467,0.097657506,0.0,1.305063671,0.0031753044879223574,-0.14999999999999947,0.0,0.0
3468,0.002860421,0.0,1.688671206,0.0036043409250168415,-0.09999999999999964,0.0,0.0
3469,0.436673516,0.0,1.825783823,0.0037713165966170655,-0.20000000000000018,0.0,0.0
3470,0.064678097,0.0,1.582433009,0.0034800466725379334,0.0,0.0,0.0
3471,0.439863882,0.0,1.386184371,0.0032615694243072466,-0.09999999999999964,0.0,0.0
3472,0.298238316,0.0,1.274768071,0.003143674279445426,-0.14999999999999947,0.0,0.0
3473,0.091121688,0.0,1.581531469,0.0034790103972127807,-0.14999999999999947,0.0,0.0
3474,0.073432245,0.0,1.68517388,0.0036001796403654224,0.0,0.0,0.0
3475,0.150518495,0.0,1.284616237,0.003153921678431654,0.0,0.0,0.0
3476,0.19553973,0.0,1.975990242,0.003963094169763287,0.0,0.0,0.0
3477,0.067192433,0.0,2.414998504,0.0045810841021069,-0.20000000000000018,0.0,0.0
3478,0.309584691,0.0,1.815876563,0.0037589974244255473,0.0,0.0,0.0
3479,0.036973358,0.0,1.121280043,0.0029881873089832502,-0.09999999999999964,0.0,0.0
3480,0.364623233,0.0,2.29167176,0.004398380415049915,-0.09999999999999964,0.0,0.0
3481,0.051594229,0.0,1.850696976,0.003802472853072288,-0.14999999999999947,0.0,0.0
3482,2.694117105,0.0,2.030411792,0.004034949057960017,0.0,0.0,0.0
3483,0.714242997,0.0,1.571964246,0.0034680322794948815,-0.14999999999999947,0.0,0.0
3484,0.109971467,0.0,1.303568799,0.00317373634809053,-0.14999999999999947,0.0,0.0
3485,0.884522094,0.0,1.996578553,0.003990126604711251,-0.14999999999999947,0.0,0.0
3486,2.965081895,0.0,0.358901239,0.0023224111333095404,0.0,0.0,-8.881784197001252e-16
3487,0.359107546,0.0,2.874850404,0.0053314459103242446,-0.09999999999999964,0.0,0.0
3488,2.264461002,0.0,1.95225283,0.0039321532932198614,-0.09999999999999964,0.0,0.0
3489,0.018716471,0.0,1.617470442,0.003520559617205745,-0.14999999999999947,0.0,0.0
3490,0.568697064,0.0,1.664438185,0.00357560547014203,-0.14999999999999947,0.0,0.0
3491,0.043630216,0.0,1.458589274,0.003340536739489682,-0.09999999999999964,0.0,0.0
3492,0.039217147,0.0,1.667448605,0.0035791627639658883,-0.14999999999999947,0.0,0.0
3493,0.045720619,3.19,1.543373463,0.003435430470874412,-0.14999999999999947,-3.490000000000016,-7.105427357601002e-15
3494,1.062517274,5.91,3.001917577,0.005559542946591831,-0.25,-2.1300000000000097,-1.4210854715202004e-14
3495,1.068164252,3.28,1.843383364,0.0037932999950663995,-0.14999999999999947,-1.6400000000000148,-7.105427357601002e-15
3496,1.809546741,3.9,0.570150361,0.002490457826099801,-0.09999999999999964,-0.4800000000000111,-1.4210854715202004e-14
3497,0.01177462,3.66,2.196732792,0.004262689923469562,-0.20000000000000018,-1.95000000000001,-7.105427357601002e-15
3498,0.046092551,0.7,0.717796481,0.002615058136132021,-0.09999999999999964,-1.1400000000000041,-1.7763568394002505e-15
3499,5.89408179,0.7,1.620422212,0.0035239940663870034,-0.15000000000000036,-1.7000000000000064,-1.7763568394002505e-15
3500,0.431822526,2.26,1.625540501,0.0035299572233498185,-0.15000000000000036,-2.260000000000005,-7.105427357601002e-15
3501,0.143491875,2.26,0.718748602,0.0026158814928118126,-0.14999999999999947,-0.7600000000000087,-7.105427357601002e-15
3502,1.149726073,2.23,2.044358908,0.004053571916334367,-0.15000000000000036,-0.7600000000000087,-1.4210854715202004e-14
3503,0.749708255,2.23,1.069451101,0.0029374344425554307,-0.15000000000000036,-1.7100000000000115,-3.552713678800501e-15
3504,0.431702636,4.6,2.18242269,0.004242602055256986,-0.20000000000000018,-2.2500000000000284,-1.4210854715202004e-14
3505,1.135685186,4.6,2.648117755,0.00494732344816576,-0.1999999999999993,-2.760000000000012,-1.4210854715202004e-14
3506,0.160427352,6.19,4.081283036,0.007932249997597575,-0.25,-2.2300000000000253,-7.105427357601002e-15
3507,0.107714863,6.61,3.780760044,0.007185504900931644,-0.25,-3.910000000000018,-1.4210854715202004e-14
3508,4.890128532,2.81,1.218845734,0.003086111106931461,-0.09999999999999964,-1.1300000000000097,-7.105427357601002e-15
3509,0.426486195,2.81,1.147021492,0.0030137183086701345,-0.15000000000000036,-0.7500000000000071,-7.105427357601002e-15
3510,0.504149839,7.03,3.914716239,0.007509328493213225,-0.2999999999999998,-3.1100000000000136,-1.4210854715202004e-14
3511,0.448725655,13.21,4.537063016,0.009214099423846142,-0.25,-3.90000000000002,-2.842170943040401e-14
3512,0.052771871,4.98,3.576492227,0.006718208821994705,-0.09999999999999964,-1.970000000000013,-7.105427357601002e-15
3513,1.827346204,3.19,2.163479271,0.004216155058805316,-0.15000000000000036,-1.4400000000000084,-7.105427357601002e-15
3514,0.027057252,5.01,2.913550945,0.005399913159463878,-0.15000000000000036,-1.910000000000018,-1.4210854715202004e-14
3515,0.014707564,12.98,6.686149031,0.018608708203636845,-0.2999999999999998,-3.0600000000000307,-2.842170943040401e-14
3516,0.211968879,4.02,0.957416146,0.002830643508658284,-0.09999999999999964,-2.910000000000011,-7.105427357601002e-15
3517,0.060627993,4.02,2.502245286,0.00471488045101414,-0.20000000000000018,-1.7500000000000089,-7.105427357601002e-15
3518,0.416378876,4.02,2.570232636,0.004821831829374109,-0.20000000000000018,-2.0600000000000094,-7.105427357601002e-15
3519,0.072564648,9.54,3.920961351,0.007524773715731525,-0.34999999999999964,-3.2500000000000213,-2.842170943040401e-14
3520,0.01151264,3.04,2.469564701,0.004664313909654506,-0.15000000000000036,-1.0200000000000102,-7.105427357601002e-15
3521,0.389110722,3.04,0.936128995,0.002810794794382785,-0.15000000000000036,-0.4300000000000104,-7.105427357601002e-15
3522,0.985823212,3.04,1.753572243,0.003682438769899666,-0.20000000000000018,-1.5100000000000193,-7.105427357601002e-15
3523,0.059651714,1.74,1.058785264,0.0029270971686252444,-0.15000000000000036,-3.552713678800501e-15,-7.105427357601002e-15
3524,0.082020011,3.9,1.881861318,0.00384180803855131,-0.15000000000000036,-1.3700000000000117,-1.4210854715202004e-14
3525,0.018613846,4.02,3.582254075,0.006730966761936585,-0.25,-2.0900000000000105,-1.4210854715202004e-14
3526,0.558662809,7.05,3.68573493,0.0069642353008390456,-0.2999999999999998,-2.8200000000000216,-1.4210854715202004e-14
3527,0.013585524,7.05,4.141019091,0.008089610617582144,-0.25,-2.260000000000012,-1.4210854715202004e-14
3528,1.732912658,2.0,1.493374405,0.0033791494053901747,-0.14999999999999947,-1.5300000000000082,-3.552713678800501e-15
3529,0.107376098,0.81,0.408149252,0.002360547109965658,-0.09999999999999964,-1.7763568394002505e-15,-3.552713678800501e-15
3530,2.918163076,2.21,1.709126872,0.0036287762159904627,-0.20000000000000018,-1.8500000000000085,-7.105427357601002e-15
3531,1.05468162,9.05,4.663670834,0.009605256264368166,-0.14999999999999947,-2.8700000000000188,-1.4210854715202004e-14
3532,0.177882077,3.39,1.941656876,0.0039184196289277304,-0.09999999999999964,-0.9600000000000151,-7.105427357601002e-15
3533,0.052886049,1.91,1.296150516,0.0031659658878521947,-0.10000000000000053,-3.552713678800501e-15,-1.4210854715202004e-14
3534,0.333521581,2.32,1.389185633,0.0032648054348250423,-0.14999999999999947,-0.7600000000000087,-3.552713678800501e-15
3535,0.758773159,2.32,0.761763173,0.0026533497403543045,-0.09999999999999964,-0.70000000000001,-3.552713678800501e-15
3536,0.984599008,2.94,1.873825257,0.003831626419913354,-0.09999999999999964,-1.1800000000000068,-7.105427357601002e-15
3537,0.067594166,2.65,2.14690231,0.004193146606864724,-0.10000000000000053,-1.2700000000000102,-3.552713678800501e-15
3538,0.013706084,4.8,2.966466621,0.005494946570528859,-0.20000000000000018,-1.8400000000000105,-1.4210854715202004e-14
3539,0.031101549,8.63,4.483110228,0.009052245545395896,-0.2999999999999998,-3.250000000000014,-1.4210854715202004e-14
3540,0.366584261,3.86,1.350106141,0.003222918583274718,-0.09999999999999964,-0.8700000000000117,-7.105427357601002e-15
3541,2.056601205,8.59,3.981167609,0.007675300411304107,-0.14999999999999947,-2.090000000000046,-1.4210854715202004e-14
3542,1.278963595,9.43,4.096687925,0.00797253761429323,-0.1999999999999993,-4.490000000000023,-2.842170943040401e-14
3543,0.016682543,5.08,2.562034485,0.004808808320079913,-0.10000000000000053,-2.0600000000000165,-1.4210854715202004e-14
3544,0.451400824,8.43,2.8174566,0.005231494097647837,-0.15000000000000036,-2.5600000000000165,-2.842170943040401e-14
3545,1.743474796,2.25,1.566720875,0.0034620303109299585,-0.14999999999999947,-1.180000000000014,-7.105427357601002e-15
3546,0.070974487,2.25,1.540438971,0.0034321016279784985,-0.15000000000000036,-1.5300000000000082,-3.552713678800501e-15
3547,0.578565919,20.79,7.230236875,0.022205131833744767,-0.25,-4.570000000000036,-5.684341886080802e-14
3548,0.736778026,1.05,1.255774301,0.00312400416658131,-0.15000000000000036,-2.0500000000000087,-1.7763568394002505e-15
3549,0.221251035,6.45,2.578272984,0.004834638746433173,-0.15000000000000036,-1.5200000000000244,-1.4210854715202004e-14
3550,0.034219927,0.63,1.03069208,0.002900042660987818,-0.09999999999999964,-1.3600000000000065,-3.552713678800501e-15
3551,0.026315888,0.63,1.287980348,0.003157429790963564,-0.09999999999999964,-1.7800000000000074,-3.552713678800501e-15
3552,0.049934747,6.51,3.60693593,0.0067858904350308535,-0.2999999999999998,-3.6500000000000163,-2.842170943040401e-14
3553,0.012814518,6.26,3.890992725,0.007450942451427137,-0.1999999999999993,-1.470000000000013,-7.105427357601002e-15
3554,0.875569529,8.79,3.582192393,0.006730830057710302,-0.2999999999999998,-2.6000000000000227,-1.4210854715202004e-14
3555,3.429060262,2.33,1.049975586,0.0029185862326431894,-0.14999999999999947,-0.5100000000000087,-7.105427357601002e-15
3556,1.161731777,2.33,1.767310318,0.0036991852962307272,-0.1999999999999993,-1.550000000000006,-7.105427357601002e-15
3557,2.716096866,2.44,1.122951922,0.0029898389517947844,-0.14999999999999947,-0.2000000000000064,-7.105427357601002e-15
3558,0.039142026,3.26,3.459760671,0.006464851886283545,-0.20000000000000018,-2.4900000000000126,-7.105427357601002e-15
3559,3.866486258,1.68,1.310279071,0.0031807815594947684,-0.14999999999999947,-1.300000000000006,-7.105427357601002e-15
3560,0.867043639,1.68,0.783700153,0.002672663760001941,-0.14999999999999947,-0.3900000000000059,-7.105427357601002e-15
3561,0.209278194,4.89,3.233147947,0.005999798908356742,-0.20000000000000018,-1.6100000000000136,-7.105427357601002e-15
3562,3.011794701,4.89,2.614698875,0.0048930844001126485,-0.25,-2.420000000000009,-7.105427357601002e-15
3563,1.997875643,1.58,1.181868151,0.003048626885047053,-0.10000000000000053,-3.3700000000000117,-1.7763568394002505e-15
3564,0.018400197,1.28,1.604047566,0.0035049838277932243,-0.09999999999999964,-1.6400000000000077,-3.552713678800501e-15
3565,0.204877995,1.28,0.799435905,0.002686604320389956,-0.09999999999999964,-0.5300000000000082,-3.552713678800501e-15
3566,1.770105325,5.11,2.21310756,0.004285792285980165,-0.10000000000000053,-1.7800000000000225,-1.4210854715202004e-14
3567,1.225171932,1.94,0.79681648,0.0026842787080082666,-0.09999999999999964,-0.48000000000000753,-7.105427357601002e-15
3568,0.484708155,2.05,1.346592499,0.0032191788799731313,-0.15000000000000036,-1.5300000000000082,-3.552713678800501e-15
3569,4.032329263,1.69,1.237721306,0.0031054220684755066,-0.15000000000000036,-1.2600000000000087,-3.552713678800501e-15
3570,0.047005644,1.69,1.793569785,0.0037314066368705867,-0.20000000000000018,-1.190000000000012,-3.552713678800501e-15
3571,0.144850064,3.64,1.608181449,0.003509773418298602,-0.20000000000000018,-1.670000000000016,-1.4210854715202004e-14
3572,6.811901704,0.51,0.427914864,0.002376028036080976,-0.09999999999999964,-8.881784197001252e-16,-3.552713678800501e-15
3573,0.03466228,5.7,4.832726393,0.010153301066665043,0.0,-1.8600000000000136,-7.105427357601002e-15
3574,5.339682977,2.67,1.912217949,0.0038805134095832926,-0.14999999999999947,-2.090000000000008,-7.105427357601002e-15
3575,4.499692675,1.44,1.237896836,0.0031056022114425126,-0.09999999999999964,-0.6200000000000045,-3.552713678800501e-15
3576,1.697104078,7.46,5.455247677,0.012451489140234839,-0.20000000000000018,-2.930000000000014,-1.4210854715202004e-14
3577,4.106374616,3.52,2.537074686,0.004769372548688519,-0.20000000000000018,-1.760000000000007,-7.105427357601002e-15
3578,0.021873031,4.04,2.89719017,0.005370862354454143,-0.1999999999999993,-1.2900000000000134,-7.105427357601002e-15
3579,0.622986455,4.09,2.854850307,0.005296401768166026,-0.20000000000000018,-0.9600000000000151,-7.105427357601002e-15
3580,0.269535728,4.09,3.059842607,0.0056667188692544595,-0.20000000000000018,-2.8000000000000185,-7.105427357601002e-15
3581,0.015300301,9.4,3.42949263,0.0064007219673783596,-0.25,-3.190000000000019,-2.842170943040401e-14
3582,0.692287688,1.48,1.030803112,0.002900149095561763,-0.09999999999999964,-3.552713678800501e-15,-7.105427357601002e-15
3583,0.042491816,1.48,0.612592562,0.0025256560792833206,0.0,-3.552713678800501e-15,-1.4210854715202004e-14
3584,0.050024246,7.74,5.112449499,0.011128852347794068,-0.25,-2.700000000000017,-1.4210854715202004e-14
3585,1.027723069,1.93,1.44255418,0.0033228856296418714,-0.10000000000000053,-4.600000000000017,-3.552713678800501e-15
3586,0.323752197,3.8,2.345018954,0.004476504552778875,-0.25,-3.440000000000012,-1.4210854715202004e-14
3587,0.638311431,0.65,0.26752552,0.002253273781343109,0.0,-1.7763568394002505e-15,-7.105427357601002e-15
3588,1.412393488,0.84,0.343157284,0.0023103496944563936,0.0,-3.552713678800501e-15,-3.552713678800501e-15
3589,0.06092944,2.4,2.131119159,0.004171356153728683,-0.20000000000000018,-2.79000000000001,-7.105427357601002e-15
3590,0.805836308,3.23,2.702991539,0.005037684529262987,-0.14999999999999947,-1.440000000000012,-7.105427357601002e-15
3591,0.014248775,6.26,4.142943574,0.008094731372217423,-0.25,-1.950000000000017,-1.4210854715202004e-14
3592,0.480992382,1.24,0.851344513,0.002733107215297712,-0.09999999999999964,-2.240000000000009,-3.552713678800501e-15
3593,0.336952409,1.24,0.858067321,0.0027391883369223885,-0.09999999999999964,-4.090000000000007,-1.7763568394002505e-15
3594,0.305570996,13.08,5.776428536,0.013831018407489579,-0.2999999999999998,-4.2900000000000205,-2.842170943040401e-14
3595,2.127541249,2.31,1.78218037,0.0037173972065458515,-0.15000000000000036,-1.870000000000008,-3.552713678800501e-15
3596,1.627950848,7.27,3.657763707,0.00690040170677598,-0.25,-3.190000000000026,-1.4210854715202004e-14
3597,0.797002844,8.31,4.770814131,0.009949091583638858,-0.25,-1.870000000000033,-1.4210854715202004e-14
3598,1.947469727,3.1,2.236337548,0.004318780379749894,-0.20000000000000018,-2.0100000000000087,-7.105427357601002e-15
3599,0.85777664,3.63,2.510863705,0.00472830636973228,-0.1999999999999993,-2.240000000000009,-7.105427357601002e-15
3600,0.02336429,6.96,3.638156438,0.006856002359581177,-0.20000000000000018,-2.160000000000018,-2.842170943040401e-14
3601,0.360909149,8.16,5.390396374,0.012189889533255657,-0.25,-4.200000000000017,-1.4210854715202004e-14
3602,0.046775393,2.53,1.266372194,0.003134964256991772,-0.15000000000000036,-0.7500000000000071,-7.105427357601002e-15
3603,0.012203551,4.07,1.897639588,0.00386187744004046,-0.09999999999999964,-1.5100000000000122,-7.105427357601002e-15
3604,0.223719156,4.07,1.867055682,0.0038230702901258205,-0.14999999999999947,-1.8800000000000097,-7.105427357601002e-15
3605,0.029207451,3.36,2.855797669,0.005298056553177957,-0.25,-1.8100000000000094,-7.105427357601002e-15
3606,0.38867682,0.67,0.908901526,0.002785609327491418,-0.09999999999999964,-2.0500000000000087,-8.881784197001252e-16
3607,0.155506464,9.1,3.690350403,0.006974824563641387,-0.15000000000000036,-2.6200000000000188,-2.842170943040401e-14
3608,0.070872323,1.35,1.954526692,0.00393510674172485,-0.15000000000000036,-0.5200000000000067,-7.105427357601002e-15
3609,7.896197665,1.35,0.883774827,0.0027625667913374584,-0.14999999999999947,-0.3500000000000032,-7.105427357601002e-15
3610,4.802626682,1.35,1.383043761,0.0032581865894935297,-0.15000000000000036,-1.6400000000000077,-7.105427357601002e-15
3611,0.319516072,1.88,1.113262827,0.002980279763535647,-0.15000000000000036,-1.240000000000009,-3.552713678800501e-15
3612,0.182265925,11.35,5.471232197,0.012516815021634889,0.0,-3.190000000000026,-2.842170943040401e-14
3613,1.78103854,11.51,6.807628519,0.019358579805754617,-0.34999999999999964,-4.110000000000028,-2.842170943040401e-14
3614,0.273269793,1.39,0.295583491,0.002274281854658389,0.0,-0.3500000000000032,-3.552713678800501e-15
3615,2.05904161,3.65,3.471185874,0.006489224455593269,-0.25,-1.5600000000000165,-7.105427357601002e-15
3616,0.182258322,16.61,4.363005219,0.0087019874167244,-0.2999999999999998,-3.05000000000004,-2.842170943040401e-14
3617,0.085015333,0.67,0.777740718,0.0026674030538564983,-0.10000000000000053,-1.0300000000000065,-3.552713678800501e-15
3618,1.56590877,5.41,3.16425479,0.005865122403696063,-0.14999999999999947,-2.0300000000000225,-7.105427357601002e-15
3619,0.0300292,5.41,4.696321854,0.009708771590622396,-0.2999999999999998,-1.7800000000000225,-1.4210854715202004e-14
3620,1.656740641,1.53,1.43503941,0.0033146455413969296,-0.14999999999999947,-1.5300000000000082,-3.552713678800501e-15
3621,0.192323998,1.53,0.987518978,0.002858951000710177,-0.15000000000000036,-2.260000000000005,-3.552713678800501e-15
3622,3.625918592,1.53,1.266409362,0.0031350027626313396,-0.09999999999999964,-2.5600000000000094,-7.105427357601002e-15
3623,0.118895334,2.18,1.773406716,0.0037066410075694183,0.0,-1.5300000000000082,-7.105427357601002e-15
3624,1.84715272,0.68,0.247231515,0.002238199656735187,0.0,-1.7763568394002505e-15,-3.552713678800501e-15
3625,1.200683895,1.92,0.940070127,0.0028144591140823734,0.0,-1.7400000000000055,-3.552713678800501e-15
3626,2.06411847,4.57,2.760177743,0.00513360107832841,-0.25,-1.5400000000000134,-7.105427357601002e-15
3627,0.05093154,0.85,1.497679372,0.0033839588901570855,-0.09999999999999964,-0.47000000000000597,-3.552713678800501e-15
3628,1.455967491,12.35,6.486444521,0.01743745295305261,-0.14999999999999947,-3.2600000000000193,-2.842170943040401e-14
3629,0.148831657,1.32,0.748891404,0.002642081889952653,0.0,-3.552713678800501e-15,-7.105427357601002e-15
3630,0.019653462,0.59,0.254475952,0.002243569147791597,0.0,-1.7763568394002505e-15,-3.552713678800501e-15
3631,0.276783573,4.53,2.79034702,0.0051849328710207076,-0.15000000000000036,-2.5400000000000205,-1.4210854715202004e-14
3632,1.982962418,4.98,4.090003912,0.007955032389234463,-0.14999999999999947,-2.2500000000000284,-7.105427357601002e-15
3633,0.027174286,5.78,3.227481322,0.005988606379600235,-0.25,-2.5200000000000244,-1.4210854715202004e-14
3634,0.080136706,0.92,0.235763206,0.002229725684670087,0.0,-0.5300000000000047,-1.7763568394002505e-15
3635,1.748059992,0.83,0.547107858,0.002471553551219808,0.0,-1.300000000000006,-1.7763568394002505e-15
3636,0.55738187,0.83,0.62214951,0.00253365006472702,-0.09999999999999964,-2.6400000000000077,-1.7763568394002505e-15
3637,0.284243709,2.94,2.439016479,0.004617535000470066,-0.20000000000000018,-1.5900000000000105,-7.105427357601002e-15
3638,0.117810665,6.09,3.666320372,0.006919867083843484,-0.25,-2.15000000000002,-7.105427357601002e-15
3639,0.631551637,8.75,3.512852803,0.006578885547917648,-0.14999999999999947,-2.1000000000000227,-1.4210854715202004e-14
3640,0.158287455,8.75,4.256384604,0.008402329152728106,-0.15000000000000036,-2.92000000000003,-1.4210854715202004e-14
3641,2.41154016,6.09,4.198791224,0.008244741902252505,-0.25,-2.2800000000000225,-1.4210854715202004e-14
3642,1.125143415,7.07,2.844143033,0.005277734761509716,-0.15000000000000036,-1.460000000000015,-1.4210854715202004e-14
3643,0.024501015,6.62,4.619371503,0.009466557099807168,-0.25,-3.660000000000025,-1.4210854715202004e-14
3644,0.15483904,4.57,3.071315354,0.005688188834160259,-0.20000000000000018,-1.8400000000000105,-7.105427357601002e-15
3645,0.431952057,6.9,4.043771001,0.007834989389975169,-0.2999999999999998,-2.1000000000000227,-1.4210854715202004e-14
3646,0.434227213,6.9,3.059697442,0.005666447726025676,-0.1999999999999993,-1.7700000000000244,-1.4210854715202004e-14
3647,0.016804497,3.49,2.094462039,0.004121180900144205,-0.1999999999999993,-1.1000000000000156,-1.4210854715202004e-14
3648,12.10043154,0.76,0.575014575,0.0024944668708623005,-0.09999999999999964,-1.2000000000000028,-1.7763568394002505e-15
3649,0.817810155,0.76,0.500167251,0.0024334847223854736,0.0,-0.5300000000000047,-3.552713678800501e-15
3650,0.033252584,0.72,0.709099647,0.0026075494101975107,-0.15000000000000036,-1.0500000000000043,-3.552713678800501e-15
3651,0.368939025,1.58,0.750619246,0.0026435916523324787,0.0,-1.1700000000000088,-1.7763568394002505e-15
3652,0.116597359,13.78,4.869034402,0.010274982413461526,-0.2999999999999998,-3.90000000000002,-2.842170943040401e-14
3653,0.167040314,7.26,5.319874348,0.011911574089676866,-0.20000000000000018,-3.8100000000000165,-1.4210854715202004e-14
3654,5.553064111,1.24,0.791548697,0.0026796078725091557,-0.09999999999999964,-0.850000000000005,-1.7763568394002505e-15
3655,0.016883852,5.3,3.545484691,0.006649962939133115,-0.20000000000000018,-2.2500000000000284,-7.105427357601002e-15
3656,1.618900381,3.44,2.096626627,0.0041241269595112635,-0.1999999999999993,-2.220000000000013,-7.105427357601002e-15
3657,0.053310394,3.44,1.941546809,0.003918277219528704,-0.20000000000000018,-2.6100000000000065,-7.105427357601002e-15
3658,1.370077784,1.88,1.128548192,0.002995374110366388,-0.15000000000000036,-2.330000000000009,-3.552713678800501e-15
3659,0.632821679,5.19,2.71095624,0.005050935823110433,-0.20000000000000018,-1.7400000000000162,-1.4210854715202004e-14
3660,1.80093896,9.74,4.074583107,0.007914791096664531,-0.25,-4.17000000000003,-2.842170943040401e-14
3661,2.367672417,1.91,1.519297057,0.003408213381014505,-0.14999999999999947,-1.0900000000000034,-3.552713678800501e-15
3662,0.052492675,0.35,0.642045274,0.0025503730854452484,-0.10000000000000053,-1.0400000000000063,-1.7763568394002505e-15
3663,3.380590104,1.1,1.179504344,0.003046246184951243,0.0,-2.1900000000000084,-3.552713678800501e-15
3664,0.027930296,0.81,1.565017442,0.003460082658128657,-0.09999999999999964,-0.5200000000000067,-3.552713678800501e-15
3665,0.201570312,0.81,0.95965925,0.0028327431620512934,-0.15000000000000036,-0.970000000000006,-3.552713678800501e-15
3666,10.41441103,0.81,1.494138173,0.003380002185305179,-0.09999999999999964,-1.8600000000000083,-3.552713678800501e-15
3667,0.053552973,6.16,3.517221324,0.006588356944907027,-0.25,-4.430000000000021,-1.4210854715202004e-14
3668,1.401564177,5.05,2.853163409,0.005293456486538513,-0.09999999999999964,-2.5700000000000145,-7.105427357601002e-15
3669,0.105508308,1.73,1.553067264,0.003446449857607162,-0.15000000000000036,-2.3200000000000074,-3.552713678800501e-15
3670,1.742054725,17.47,4.298534006,0.008519547724470992,-0.15000000000000036,-4.60000000000008,-2.842170943040401e-14
3671,0.045291816,17.47,7.148334654,0.02162322109959195,-0.15000000000000036,-3.580000000000041,-2.842170943040401e-14
3672,0.034383046,5.16,2.864511823,0.005313301962765689,-0.15000000000000036,-1.210000000000015,-1.4210854715202004e-14
3673,0.030712571,5.16,1.906838772,0.0038736266355085852,-0.15000000000000036,-0.8700000000000117,-1.4210854715202004e-14
3674,0.400678942,5.16,3.975476257,0.007660944035340331,-0.09999999999999964,-1.5900000000000105,-1.4210854715202004e-14
3675,1.526772497,2.91,1.188175068,0.0030549879555136755,-0.10000000000000053,-1.380000000000006,-3.552713678800501e-15
3676,0.117789694,2.43,2.065270852,0.004081655062225583,-0.10000000000000053,-1.1600000000000108,-7.105427357601002e-15
3677,0.068312028,6.65,3.066650298,0.0056794489626513945,-0.15000000000000036,-2.410000000000025,-1.4210854715202004e-14
3678,0.952626441,5.32,3.398261287,0.0063352135921329695,-0.25,-1.7600000000000122,-1.4210854715202004e-14
3679,0.199382904,4.34,2.679987619,0.0049996055995822014,-0.20000000000000018,-1.490000000000009,-7.105427357601002e-15
3680,0.449331546,6.87,3.075985591,0.0056969518068143874,-0.20000000000000018,-1.700000000000017,-1.4210854715202004e-14
3681,0.055747064,6.87,4.17757318,0.008187426798651544,-0.3000000000000007,-2.5200000000000244,-1.4210854715202004e-14
3682,0.364689917,0.48,1.260689147,0.00312908222646049,-0.15000000000000036,-0.6500000000000057,-3.552713678800501e-15
3683,1.528766031,0.95,0.727378844,0.002623356388832826,-0.09999999999999964,-3.552713678800501e-15,-3.552713678800501e-15
3684,0.03724255,1.13,0.511031299,0.0024422431099329093,-0.09999999999999964,-3.552713678800501e-15,-7.105427357601002e-15
3685,0.031262641,4.44,2.625451744,0.004910471494769228,-0.20000000000000018,-0.9800000000000111,-7.105427357601002e-15
3686,0.020534302,4.44,3.0216519,0.005595828113748565,-0.20000000000000018,-1.8900000000000112,-7.105427357601002e-15
3687,5.195594252,1.06,0.484649529,0.002421028944476937,-0.10000000000000053,-3.552713678800501e-15,-3.552713678800501e-15
3688,3.658502693,2.8,1.856800351,0.003810144723255328,-0.10000000000000053,-2.330000000000009,-7.105427357601002e-15
3689,0.350547995,4.32,2.788659357,0.00518204794597554,-0.15000000000000036,-2.240000000000009,-7.105427357601002e-15
3690,0.383655143,11.83,3.490875237,0.0065314407605406525,-0.25,-2.8300000000000267,-1.4210854715202004e-14
3691,0.501101945,4.21,2.872899836,0.005328018002640724,-0.09999999999999964,-1.3900000000000148,-1.4210854715202004e-14
3692,0.029049821,1.99,1.256025124,0.0031242631199567355,-0.10000000000000053,-3.552713678800501e-15,-7.105427357601002e-15
3693,0.168891935,1.28,0.704230992,0.002603355273670256,-0.15000000000000036,-3.552713678800501e-15,-7.105427357601002e-15
3694,0.22692775,1.44,0.974601404,0.00284676942208299,-0.10000000000000053,-0.5100000000000051,-3.552713678800501e-15
3695,0.68165632,2.9,1.868358059,0.0038247148968079897,0.0,-1.5400000000000134,-7.105427357601002e-15
3696,9.446574551,2.9,2.249666967,0.004337823045490037,-0.14999999999999947,-1.1100000000000065,-7.105427357601002e-15
3697,0.325585744,1.82,1.47005408,0.003353214230566955,-0.15000000000000036,-3.670000000000009,-3.552713678800501e-15
3698,0.297930725,3.04,2.408786543,0.004571703225719875,-0.15000000000000036,-2.79000000000001,-7.105427357601002e-15
3699,0.054749375,5.15,3.125366039,0.005790431764890009,-0.25,-2.5300000000000153,-1.4210854715202004e-14
3700,0.049917464,1.76,1.169762822,0.0030364545869044483,-0.15000000000000036,-2.3200000000000074,-3.552713678800501e-15
3701,0.65684193,2.13,0.426587701,0.0023749854038220895,-0.10000000000000053,-0.70000000000001,0.0
3702,0.062525898,9.65,5.617782228,0.013131729158911818,-0.14999999999999947,-1.6800000000000281,-1.4210854715202004e-14
3703,1.859643271,11.15,4.361862677,0.008698720804510559,-0.25,-3.5400000000000347,-2.842170943040401e-14
3704,0.012745544,0.72,1.125661358,0.0029925175260751783,-0.09999999999999964,-1.0700000000000074,-1.7763568394002505e-15
3705,13.77999671,16.55,7.01341084,0.020696959976835107,-0.40000000000000036,-2.80000000000004,-5.684341886080802e-14
3706,0.389065359,1.35,1.059959749,0.002928233693938024,-0.15000000000000036,-3.552713678800501e-15,-7.105427357601002e-15
3707,0.58956143,3.72,2.814693336,0.0052267291639452275,-0.25,-4.500000000000016,-7.105427357601002e-15
3708,0.33168155,2.22,1.65906466,0.00356926454300834,0.0,-1.1700000000000088,-7.105427357601002e-15
3709,0.474107645,1.85,1.391165264,0.003266941657183641,-0.10000000000000053,-3.670000000000009,-3.552713678800501e-15
3710,0.034666391,1.85,1.735495627,0.0036605186484159765,-0.09999999999999964,-2.2700000000000102,-7.105427357601002e-15
3711,0.056811733,11.5,4.355832732,0.008681500869935457,-0.25,-2.160000000000039,-2.842170943040401e-14
3712,0.129184787,11.5,4.45291966,0.008962908904931248,-0.25,-2.6200000000000188,-2.842170943040401e-14
3713,0.224629458,3.62,3.02381502,0.005599819699151562,-0.10000000000000053,-3.540000000000017,-7.105427357601002e-15
3714,1.581928236,3.78,1.388072152,0.003263604487900714,-0.15000000000000036,-0.6200000000000117,-7.105427357601002e-15
3715,2.481701869,5.04,2.107440282,0.004138876058612588,-0.10000000000000053,-1.4700000000000202,-7.105427357601002e-15
3716,0.596648277,2.12,3.482116776,0.006512628007370691,-0.25,-1.8300000000000076,-7.105427357601002e-15
3717,0.247785954,7.04,4.366214638,0.008711169889806119,-0.25,-3.1300000000000168,-1.4210854715202004e-14
3718,3.930904264,0.83,0.440820561,0.002386190718381514,-0.10000000000000053,-1.340000000000007,-1.7763568394002505e-15
3719,0.101878413,4.56,2.687480083,0.005011976498211771,-0.20000000000000018,-2.000000000000014,-7.105427357601002e-15
3720,4.169562396,21.48,5.684521589,0.013421551701437533,-0.10000000000000053,-3.6600000000000534,-2.842170943040401e-14
3721,0.493933605,2.05,1.28491673,0.0031542348760102085,-0.14999999999999947,-1.1300000000000079,-3.552713678800501e-15
3722,0.371534895,2.05,1.263119096,0.0031315959089990185,-0.09999999999999964,-2.3200000000000074,-3.552713678800501e-15
3723,0.029824692,2.05,2.327882883,0.004451260248933834,-0.09999999999999964,-1.9400000000000068,-7.105427357601002e-15
3724,1.871725175,1.14,1.804876516,0.003745366388393352,0.0,-2.110000000000009,0.0
3725,1.16630324,5.51,2.950497912,0.005466093806894779,-0.20000000000000018,-2.960000000000015,-1.4210854715202004e-14
3726,5.116456622,4.81,3.851625163,0.007355047347166165,-0.15000000000000036,-1.7600000000000122,-7.105427357601002e-15
3727,2.022138768,15.92,6.933008774,0.020163580812861726,-0.25,-3.080000000000041,-2.842170943040401e-14
3728,0.017960217,7.34,3.311979013,0.006157677073919056,-0.20000000000000018,-1.6100000000000207,-1.4210854715202004e-14
3729,0.684563804,10.25,4.674233227,0.009638622641555832,-0.20000000000000018,-3.120000000000033,-1.4210854715202004e-14
3730,0.047162234,6.18,2.481123187,0.004682136316317796,-0.20000000000000018,-1.7300000000000182,-1.4210854715202004e-14
3731,2.271158943,3.83,2.648237717,0.0049475192208779115,-0.10000000000000053,-1.8700000000000117,-7.105427357601002e-15
3732,0.800238677,11.47,5.824404211,0.014049629358409822,-0.25,-3.2600000000000193,-2.842170943040401e-14
3733,0.171569629,6.55,3.437233629,0.0064170626795905395,-0.25,-1.6400000000000219,-1.4210854715202004e-14
3734,3.496164351,14.88,3.798894095,0.007228517032963661,-0.2999999999999998,-3.290000000000049,-2.842170943040401e-14
3735,4.386320422,2.5,1.739544442,0.0036654170093014357,-0.20000000000000018,-1.6600000000000108,-7.105427357601002e-15
3736,0.229601083,2.5,2.927415492,0.005424653865800607,-0.20000000000000018,-2.0700000000000074,-7.105427357601002e-15
3737,1.562596901,5.07,3.340202364,0.0062151991552628055,0.0,-1.680000000000021,-7.105427357601002e-15
3738,0.016510109,5.07,3.794696703,0.007218538566101712,-0.25,-1.720000000000013,-7.105427357601002e-15
3739,0.044028855,12.15,4.045470751,0.00783937077425597,-0.20000000000000018,-3.7800000000000153,-2.842170943040401e-14
3740,0.670168368,16.2,5.465569334,0.0124936332964717,-0.2999999999999998,-3.6200000000000614,-5.684341886080802e-14
3741,4.195564313,16.2,5.95807778,0.01467686475067502,-0.2999999999999998,-3.390000000000043,-5.684341886080802e-14
3742,0.094332621,2.76,1.728288334,0.00365181521202679,-0.14999999999999947,-2.2300000000000084,-7.105427357601002e-15
3743,1.389483142,1.22,1.705324288,0.003624221387803899,-0.14999999999999947,-0.5100000000000051,-3.552713678800501e-15
3744,0.237269517,3.27,2.46941866,0.0046640891567761335,-0.10000000000000053,-2.630000000000013,-7.105427357601002e-15
3745,0.355000552,5.68,3.123159303,0.005786221922879428,-0.20000000000000018,-2.3200000000000145,-1.4210854715202004e-14
3746,3.187409431,8.01,4.608403222,0.009432523419148532,-0.15000000000000036,-1.670000000000016,-1.4210854715202004e-14
3747,4.738688395,3.6,2.937624277,0.005442943053005367,-0.20000000000000018,-2.5000000000000107,-7.105427357601002e-15
3748,1.375104408,2.1,1.203530831,0.0030705309506988553,-0.09999999999999964,-2.2300000000000084,-3.552713678800501e-15
3749,9.663026566,0.35,0.306148129,0.0022822425472120546,-0.09999999999999964,-8.881784197001252e-16,-3.552713678800501e-15
3750,0.079667222,1.21,1.59174679,0.003490770419732611,-0.14999999999999947,-1.940000000000012,-1.7763568394002505e-15
3751,5.850609369,26.17,6.724233406,0.01884067749077446,-0.20000000000000018,-5.050000000000068,-5.684341886080802e-14
3752,0.062937195,2.78,2.020409595,0.004021646134563271,-0.09999999999999964,-1.170000000000007,-7.105427357601002e-15
3753,0.020211927,7.85,3.410264042,0.006360310427563876,-0.14999999999999947,-2.950000000000017,-1.4210854715202004e-14
3754,0.14464497,4.11,2.252685474,0.004342146938890976,-0.1999999999999993,-1.7700000000000102,-7.105427357601002e-15
3755,1.204253802,4.11,1.767063524,0.0036988837894611263,-0.1999999999999993,-2.420000000000009,-7.105427357601002e-15
3756,0.517325115,5.79,2.438744018,0.0046171198852765355,-0.25,-2.200000000000017,-1.4210854715202004e-14
3757,0.087812101,1.87,0.974077624,0.0028462765784523516,-0.14999999999999947,-1.1300000000000079,-7.105427357601002e-15
3758,2.947229129,2.43,2.158876511,0.004209753952772588,-0.15000000000000036,-1.6500000000000092,-7.105427357601002e-15
3759,2.906956964,5.86,4.126302305,0.00805055758928834,-0.25,-2.15000000000002,-7.105427357601002e-15
3760,0.158964962,5.86,4.040162344,0.007825695537280995,-0.1999999999999993,-2.6200000000000188,-7.105427357601002e-15
3761,0.183042226,2.19,1.335500209,0.0032074012898450927,-0.10000000000000053,-1.190000000000012,-7.105427357601002e-15
3762,0.016266208,2.19,1.613053804,0.0035154269898976845,-0.20000000000000018,-1.6200000000000188,-7.105427357601002e-15
3763,0.033974243,7.23,4.273118264,0.00844867325583401,0.0,-3.3100000000000165,-1.4210854715202004e-14
3764,0.114383121,7.43,4.706496312,0.009741253413536488,-0.25,-2.7800000000000296,-1.4210854715202004e-14
3765,0.36378014,2.24,1.627598673,0.003532357968200422,-0.15000000000000036,-2.2800000000000082,-3.552713678800501e-15
3766,0.866853525,1.42,1.593132723,0.0034923689742557035,-0.15000000000000036,-2.54000000000001,-3.552713678800501e-15
3767,0.015588513,7.75,3.611078499,0.006795152273269712,-0.25,-3.0200000000000173,-2.842170943040401e-14
3768,0.062953562,2.05,1.827026883,0.0037728651153636317,-0.20000000000000018,-0.7500000000000071,-7.105427357601002e-15
3769,1.566370286,12.33,3.299432382,0.006132275928121341,-0.15000000000000036,-2.4900000000000375,-1.4210854715202004e-14
3770,0.120588121,12.33,6.113214886,0.015439453222591337,-0.2999999999999998,-3.2700000000000244,-1.4210854715202004e-14
3771,0.410366075,2.54,2.230696235,0.004310746179610095,-0.14999999999999947,-1.7800000000000074,-7.105427357601002e-15
3772,2.013456101,1.29,1.465068889,0.0033476958518172807,-0.09999999999999964,-0.980000000000004,-3.552713678800501e-15
3773,0.014451627,1.29,1.567803202,0.00346326837783699,-0.14999999999999947,-1.4300000000000068,-3.552713678800501e-15
3774,1.920908662,0.62,0.292705075,0.0022721177099157336,0.0,-1.7763568394002505e-15,-3.552713678800501e-15
3775,0.590549479,2.69,1.566219438,0.0034614568698776316,-0.09999999999999964,-1.6100000000000136,-3.552713678800501e-15
3776,0.020060547,2.69,1.807778846,0.0037489581074588783,0.0,-1.190000000000012,-3.552713678800501e-15
3777,0.533293099,3.06,2.536084135,0.004767814163787745,-0.15000000000000036,-1.0300000000000153,-7.105427357601002e-15
3778,0.047000191,2.12,1.368404562,0.0032424644023948093,-0.15000000000000036,-2.260000000000005,-3.552713678800501e-15
3779,0.052455736,2.07,2.776383842,0.005161111927660477,-0.15000000000000036,-1.470000000000013,-1.4210854715202004e-14
3780,0.998579179,2.34,2.073224888,0.004092387518521832,-0.15000000000000036,-1.0300000000000082,-7.105427357601002e-15
3781,0.479413588,2.34,0.256067206,0.0022447502869615624,-0.10000000000000053,-0.5500000000000078,-7.105427357601002e-15
3782,1.858123625,3.47,4.279475742,0.00846634673658815,-0.25,-1.960000000000015,-7.105427357601002e-15
3783,1.789928946,1.63,1.363041866,0.003236723925357507,-0.15000000000000036,-1.740000000000009,-3.552713678800501e-15
3784,0.218768754,4.73,3.187242109,0.005909721960104216,-0.25,-1.3800000000000239,-7.105427357601002e-15
3785,0.055986159,4.73,3.315873513,0.006165582887256034,-0.10000000000000053,-2.390000000000015,-7.105427357601002e-15
3786,0.057817512,2.59,1.346220505,0.003218783205852578,-0.15000000000000036,-1.1700000000000088,-7.105427357601002e-15
3787,1.135792727,2.59,1.761502546,0.003692096463127332,-0.20000000000000018,-1.7600000000000087,-7.105427357601002e-15
3788,2.30932647,1.33,1.213211976,0.0030803706303918887,-0.14999999999999947,-1.7800000000000074,-3.552713678800501e-15
3789,1.895451415,1.23,1.013928028,0.0028840173522088133,-0.09999999999999964,-1.1600000000000037,-3.552713678800501e-15
3790,1.153945469,1.9,1.411472142,0.003288935440757414,-0.14999999999999947,-1.3800000000000097,-3.552713678800501e-15
3791,0.22211093,1.9,1.073561951,0.002941428368128397,-0.14999999999999947,-1.2500000000000053,-7.105427357601002e-15
3792,0.011898062,2.15,1.892966295,0.0038559223157880497,-0.1999999999999993,-0.6600000000000072,-3.552713678800501e-15
3793,0.660217788,2.15,1.982258278,0.003971304725162705,-0.15000000000000036,-0.9600000000000151,-3.552713678800501e-15
3794,0.026674383,5.57,5.580335732,0.012971827336961669,-0.09999999999999964,-3.160000000000011,-7.105427357601002e-15
3795,0.118272981,4.78,2.281741862,0.004383989169607927,-0.14999999999999947,-1.40000000000002,-7.105427357601002e-15
3796,3.976296372,4.78,3.237389178,0.006008189649023498,-0.1999999999999993,-2.190000000000012,-7.105427357601002e-15
3797,0.082688038,2.68,1.286017658,0.003155382615169822,-0.15000000000000036,-0.7200000000000131,-3.552713678800501e-15
3798,0.596483751,1.83,0.781507597,0.002670727073621785,0.0,-3.552713678800501e-15,0.0
3799,0.335532775,1.54,1.318545576,0.003189482117701252,-0.10000000000000053,-1.500000000000007,-3.552713678800501e-15
3800,4.869646472,16.63,6.392339725,0.016910933105787354,-0.35000000000000053,-2.530000000000058,-2.842170943040401e-14
3801,0.235889364,2.35,1.869743123,0.003826464691715089,-0.20000000000000018,-0.7800000000000082,-3.552713678800501e-15
3802,2.06035866,2.35,1.671730975,0.0035842291474810534,-0.09999999999999964,-1.4000000000000092,-7.105427357601002e-15
3803,0.606754533,3.56,1.329350718,0.0032008903894390735,0.0,-1.210000000000015,-1.4210854715202004e-14
3804,0.064441538,3.56,1.991020153,0.003982810384263289,-0.20000000000000018,-3.1100000000000136,-1.4210854715202004e-14
3805,0.271281786,1.65,1.68626129,0.0036014729793915783,-0.20000000000000018,-1.180000000000014,-7.105427357601002e-15
3806,0.948934014,5.42,3.408964248,0.006357587895944098,-0.20000000000000018,-3.5000000000000284,-7.105427357601002e-15
3807,0.075142351,1.53,0.360673109,0.002323772489183825,-0.10000000000000053,-0.4700000000000095,-3.552713678800501e-15
3808,0.03263444,1.75,0.952509427,0.002826055991930565,-0.10000000000000053,-1.1700000000000088,-3.552713678800501e-15
3809,0.988663796,3.09,2.041001428,0.004049081039724067,-0.10000000000000053,-2.2900000000000134,-7.105427357601002e-15
3810,0.912457752,6.03,3.653400297,0.006890496421042319,-0.20000000000000018,-1.940000000000019,-7.105427357601002e-15
3811,2.499275223,0.91,2.411907859,0.00457641442997309,-0.14999999999999947,-1.4500000000000064,-7.105427357601002e-15
3812,0.135766683,10.97,2.586020388,0.004847011074496039,-0.14999999999999947,-2.2600000000000335,-2.842170943040401e-14
3813,0.021399256,10.97,5.143507903,0.011242730490016582,-0.20000000000000018,-3.5300000000000296,-2.842170943040401e-14
3814,0.455663473,7.42,2.78669638,0.005178694402410122,-0.25,-2.930000000000021,-1.4210854715202004e-14
3815,0.12874215,4.8,2.111783108,0.004144814154762615,-0.09999999999999964,-2.500000000000014,-1.4210854715202004e-14
3816,0.866629243,5.53,3.695486388,0.006986626830437656,-0.20000000000000018,-2.200000000000017,-7.105427357601002e-15
3817,0.436078014,4.37,3.190192136,0.005915469900561833,-0.25,-2.250000000000014,-7.105427357601002e-15
3818,0.026424638,0.31,1.419624257,0.00329780621546762,0.0,-1.0700000000000038,0.0
3819,2.926741628,4.18,2.541277933,0.004775990950643146,-0.14999999999999947,-1.7800000000000118,-7.105427357601002e-15
3820,0.141743404,1.65,1.049989263,0.0029185994267048342,-0.15000000000000036,-3.552713678800501e-15,-7.105427357601002e-15
3821,0.023707815,4.19,2.297149725,0.004406339663916075,-0.15000000000000036,-0.8400000000000176,-7.105427357601002e-15
3822,0.052413593,4.19,3.288550341,0.0061103291559554285,-0.15000000000000036,-2.430000000000014,-7.105427357601002e-15
3823,0.530945926,1.18,0.552763015,0.002476179796395952,-0.10000000000000053,-1.6400000000000077,-1.7763568394002505e-15
3824,0.174567939,1.52,1.30572488,0.0031759983509554836,0.0,-3.552713678800501e-15,-7.105427357601002e-15
3825,4.133786554,0.96,0.654646152,0.002561021422100145,-0.10000000000000053,-1.300000000000006,-1.7763568394002505e-15
3826,1.47124937,2.13,0.453818768,0.0023964700792778034,-0.09999999999999964,-0.3400000000000105,-7.105427357601002e-15
3827,12.04987822,0.85,1.145608966,0.003012311708196562,-0.15000000000000036,-1.500000000000007,-3.552713678800501e-15
3828,0.678989034,13.05,4.600514011,0.009408118802782667,-0.15000000000000036,-2.0200000000000244,-5.684341886080802e-14
3829,2.858314783,13.05,5.260736526,0.011683033036022828,-0.14999999999999947,-2.9600000000000364,-5.684341886080802e-14
3830,0.165902565,13.05,8.127832523,0.029672195779190627,-0.34999999999999964,-3.190000000000026,-5.684341886080802e-14
3831,3.92412815,3.69,2.625325221,0.004910266553535665,-0.14999999999999947,-1.960000000000015,-7.105427357601002e-15
3832,0.736779892,5.88,5.170455313,0.011342468219369907,-0.2999999999999998,-2.5300000000000153,-1.4210854715202004e-14
3833,6.122742326,2.88,1.992122567,0.003984260369043856,-0.09999999999999964,-1.430000000000014,-7.105427357601002e-15
3834,0.10080249,5.54,2.56041156,0.004806234309804542,-0.10000000000000053,-1.6300000000000097,-7.105427357601002e-15
3835,6.146301573,18.17,6.645070217,0.018361640771472808,-0.25,-2.850000000000051,-5.684341886080802e-14
3836,1.174837789,2.64,1.922402123,0.003893585275242165,-0.20000000000000018,-1.9000000000000128,-7.105427357601002e-15
3837,3.117524455,2.64,2.365870043,0.004507413993790487,-0.14999999999999947,-1.6700000000000053,-7.105427357601002e-15
3838,1.041834788,4.5,2.558862565,0.0048037788337248885,-0.15000000000000036,-2.8100000000000165,-7.105427357601002e-15
3839,0.449519955,0.41,0.75337991,0.0026460056649041954,-0.09999999999999964,-2.6900000000000066,-1.7763568394002505e-15
3840,0.043003157,2.28,2.436299795,0.004613397585316204,-0.10000000000000053,-1.5300000000000082,-7.105427357601002e-15
3841,0.017571643,2.28,1.552411308,0.0034457030926081022,-0.15000000000000036,-0.45000000000000995,0.0
3842,1.082036355,6.24,3.991136654,0.007700511584260914,-0.1999999999999993,-2.260000000000012,-1.4210854715202004e-14
3843,0.020031767,6.24,4.554792417,0.009267909497178253,-0.10000000000000053,-1.8600000000000207,-1.4210854715202004e-14
3844,2.252292976,7.84,5.001973477,0.010732950786382632,-0.2999999999999998,-3.0200000000000244,-1.4210854715202004e-14
3845,2.355647291,2.22,1.367493419,0.0032414883578035496,-0.09999999999999964,-1.6700000000000088,-7.105427357601002e-15
3846,0.481944569,6.04,3.556908223,0.0066750250178575585,-0.25,-2.0900000000000176,-1.4210854715202004e-14
3847,0.012939816,5.32,2.882454446,0.005344830130680007,0.0,-1.3900000000000148,-1.4210854715202004e-14
3848,5.234895164,1.12,1.104450898,0.0029716124418924226,-0.09999999999999964,-2.0300000000000082,-3.552713678800501e-15
3849,4.823749661,9.34,5.963764868,0.014704153452176716,-0.3000000000000007,-2.2800000000000296,-2.842170943040401e-14
3850,0.047801351,1.9,2.816423695,0.005229712465230167,-0.20000000000000018,-1.20000000000001,-7.105427357601002e-15
3851,0.137068442,7.49,4.515445408,0.009148906980578193,-0.20000000000000018,-1.9600000000000222,-1.4210854715202004e-14
3852,0.698173552,7.49,3.928780734,0.007544156834211322,0.0,-3.230000000000018,-1.4210854715202004e-14
3853,6.966200623,16.96,4.031461976,0.007803333275519503,-0.25,-3.05000000000004,-2.842170943040401e-14
3854,2.839103372,0.82,0.719597457,0.0026166157671384392,-0.09999999999999964,-2.0000000000000053,-1.7763568394002505e-15
3855,0.011542656,1.19,0.516565875,0.002446717062208037,0.0,-3.552713678800501e-15,-3.552713678800501e-15
3856,3.009328488,3.39,3.542853135,0.006644202828993682,-0.25,-1.090000000000007,-1.4210854715202004e-14
3857,0.013981764,1.71,1.562900169,0.0034576633553840097,-0.14999999999999947,-0.5700000000000109,-3.552713678800501e-15
3858,0.811586795,3.39,2.12782693,0.004166825086942295,-0.20000000000000018,-1.220000000000013,-7.105427357601002e-15
3859,1.724294494,2.01,1.891314657,0.0038538198406829435,-0.09999999999999964,-1.0500000000000043,-3.552713678800501e-15
3860,13.72788464,2.01,1.912048868,0.003880296755495119,-0.09999999999999964,-1.2900000000000045,-7.105427357601002e-15
3861,0.095302342,0.57,0.789192743,0.0026775215203706003,0.0,-1.7763568394002505e-15,-3.552713678800501e-15
3862,1.392601081,7.77,4.106172122,0.00799744203018433,-0.25,-2.510000000000012,-1.4210854715202004e-14
3863,3.84568801,1.28,0.92072871,0.0027965217338154612,-0.15000000000000036,-0.9800000000000075,-3.552713678800501e-15
3864,14.34893209,0.72,0.774296066,0.0026643669898110244,-0.10000000000000053,-1.0100000000000038,-3.552713678800501e-15
3865,3.772659564,0.73,1.633580771,0.0035393449982064067,-0.10000000000000053,-1.260000000000007,-3.552713678800501e-15
3866,0.022522323,8.43,4.805138901,0.01006179987560973,-0.20000000000000018,-2.160000000000025,-2.842170943040401e-14
3867,0.013820266,8.43,4.003801001,0.007732657556412665,-0.1999999999999993,-2.2700000000000315,-2.842170943040401e-14
3868,3.405881621,4.35,0.493788507,0.002428356907526688,-0.09999999999999964,-0.44000000000001904,-1.4210854715202004e-14
3869,5.235155579,1.56,0.918804772,0.0027947437046636357,-0.15000000000000036,-3.552713678800501e-15,0.0
3870,0.312988411,5.83,2.778524797,0.005164757281045875,0.0,-2.3100000000000165,-1.4210854715202004e-14
3871,1.416746225,3.39,1.733361093,0.0036579388602032176,-0.15000000000000036,-1.960000000000008,-7.105427357601002e-15
3872,0.511810413,1.34,0.947435062,0.00282131953318337,-0.09999999999999964,-3.380000000000013,-1.7763568394002505e-15
3873,1.022318243,1.72,0.930678432,0.0028057348992824413,-0.14999999999999947,-3.552713678800501e-15,-7.105427357601002e-15
3874,0.555022364,12.9,6.917744456,0.020063850300794793,-0.3000000000000007,-3.6000000000000227,-2.842170943040401e-14
3875,0.064288025,5.06,2.247154096,0.004334226726036386,-0.1999999999999993,-1.5100000000000122,-7.105427357601002e-15
3876,0.265657642,7.79,3.764244769,0.007146553464163532,-0.2999999999999998,-2.680000000000028,-1.4210854715202004e-14
3877,4.129401195,4.28,2.843291871,0.0052762536609829835,-0.09999999999999964,-1.180000000000014,-7.105427357601002e-15
3878,0.084269798,21.95,4.432619254,0.00890332996596387,-0.25,-2.150000000000091,-5.684341886080802e-14
3879,1.186784847,1.57,1.345002285,0.0032174877765847594,-0.10000000000000053,-1.3200000000000145,-3.552713678800501e-15
3880,0.243772347,5.74,2.340256301,0.004469474100025692,-0.14999999999999947,-1.9900000000000233,-1.4210854715202004e-14
3881,1.131462231,5.74,3.413564455,0.0063672286359734735,-0.25,-2.000000000000014,-1.4210854715202004e-14
3882,0.124347904,2.7,1.777771799,0.0037119885682908474,-0.20000000000000018,-3.470000000000013,-7.105427357601002e-15
3883,4.39748667,21.13,4.404292814,0.008820851097850099,-0.10000000000000053,-2.8600000000000705,-5.684341886080802e-14
3884,1.118789554,21.13,6.192337624,0.015843274376834464,-0.2999999999999998,-3.5100000000000477,-5.684341886080802e-14
3885,0.025097703,4.25,2.355113882,0.00449144273200168,-0.15000000000000036,-1.5900000000000176,-7.105427357601002e-15
3886,2.141864678,3.32,1.632893982,0.00353854213634276,-0.15000000000000036,-1.6100000000000136,-7.105427357601002e-15
3887,0.169172066,4.6,3.471679709,0.00649027997413087,-0.10000000000000053,-3.0200000000000244,-1.4210854715202004e-14
3888,0.475601359,6.76,4.520034849,0.009162709084362427,-0.1999999999999993,-1.8100000000000165,-1.4210854715202004e-14
3889,2.000579488,6.76,3.379652192,0.006296497813887759,-0.25,-2.620000000000033,-1.4210854715202004e-14
3890,1.302083297,6.58,3.703469333,0.0070050106626578105,-0.25,-2.7700000000000244,-1.4210854715202004e-14
3891,0.015189977,1.5,1.698809205,0.0036164306989013456,-0.15000000000000036,-1.6400000000000077,-3.552713678800501e-15
3892,0.703440145,6.25,3.176365981,0.005888578440645811,-0.25,-2.510000000000012,-1.4210854715202004e-14
3893,0.051513217,1.55,1.405458673,0.0032824070930346817,-0.14999999999999947,-0.9900000000000091,-3.552713678800501e-15
3894,0.377609613,1.06,0.564967297,0.002486193060507357,-0.10000000000000053,-3.552713678800501e-15,-7.105427357601002e-15
3895,0.715522736,1.34,1.163051734,0.0030297272610863546,-0.10000000000000053,-0.730000000000004,-1.7763568394002505e-15
3896,0.012984184,3.07,3.94997549,0.00759694509309986,-0.25,-0.7800000000000082,-1.4210854715202004e-14
3897,0.021910118,5.42,3.671965401,0.006932738684115407,0.0,-2.5400000000000134,-7.105427357601002e-15
3898,0.195530635,5.43,3.266238992,0.006065575695334719,-0.20000000000000018,-3.3700000000000188,-1.4210854715202004e-14
3899,0.062512466,5.53,2.736193848,0.005093154437051778,-0.1999999999999993,-1.9900000000000233,-7.105427357601002e-15
3900,0.314544025,2.06,1.253154986,0.0031213012250747504,-0.15000000000000036,-0.7300000000000075,-3.552713678800501e-15
3901,2.378072094,0.22,0.919134237,0.0027950481034715448,0.0,-0.7500000000000036,-1.7763568394002505e-15
3902,0.258742407,4.5,2.867000353,0.0053176636494439026,-0.25,-3.40000000000002,-1.4210854715202004e-14
3903,0.999230957,4.2,3.080878123,0.005706146277683089,-0.25,-1.8600000000000136,-1.4210854715202004e-14
3904,1.323322486,1.26,0.680035242,0.002582611276443212,-0.09999999999999964,-0.7100000000000044,-1.7763568394002505e-15
3905,5.300051099,1.44,1.217593755,0.003084834491124157,0.0,-1.4100000000000072,-3.552713678800501e-15
3906,0.042764119,0.82,0.840704966,0.0027235107065354427,-0.09999999999999964,-1.7763568394002505e-15,-3.552713678800501e-15
3907,6.37245924,0.37,0.623283894,0.0025346006033259713,-0.09999999999999964,-0.9400000000000048,-1.7763568394002505e-15
3908,0.220296293,6.1,3.456654517,0.0064582414877109775,-0.09999999999999964,-3.3500000000000156,-1.4210854715202004e-14
3909,0.049944512,5.98,3.184428585,0.005904245159736375,-0.14999999999999947,-2.430000000000021,-1.4210854715202004e-14
3910,0.174094044,3.73,2.436106731,0.0046131036960406656,-0.14999999999999947,-1.5900000000000176,-1.4210854715202004e-14
3911,0.021596083,6.32,2.671945225,0.004986360511202157,-0.10000000000000053,-1.8600000000000136,-1.4210854715202004e-14
3912,0.40648013,7.84,3.168308079,0.005872962147573259,-0.2999999999999998,-2.2200000000000273,-1.4210854715202004e-14
3913,0.04838242,7.84,4.461729183,0.008988886427786441,-0.14999999999999947,-3.640000000000015,-1.4210854715202004e-14
3914,4.285116969,2.53,1.398867754,0.0032752666883148615,-0.10000000000000053,-2.8300000000000196,-3.552713678800501e-15
3915,0.197278838,4.47,4.628101364,0.009493732047260126,-0.20000000000000018,-2.960000000000015,-7.105427357601002e-15
3916,0.21887998,2.87,2.464595815,0.004656672990352073,-0.25,-1.100000000000012,0.0
3917,1.982090877,7.93,5.925113334,0.014519669360930498,-0.3000000000000007,-4.200000000000017,-1.4210854715202004e-14
3918,0.729122693,3.21,1.948749807,0.0039276076460122555,-0.15000000000000036,-1.960000000000015,-7.105427357601002e-15
3919,0.022613162,1.53,0.998697399,0.002869534459223219,-0.09999999999999964,-1.1900000000000084,-3.552713678800501e-15
3920,0.263976188,1.53,1.444540464,0.0033250670371083703,-0.15000000000000036,-2.1700000000000075,-3.552713678800501e-15
3921,0.763229036,5.49,2.879219354,0.005339131818309572,-0.25,-1.9900000000000233,-1.4210854715202004e-14
3922,0.041139783,5.49,3.363160432,0.006262383651046898,-0.14999999999999947,-1.960000000000015,-1.4210854715202004e-14
3923,0.893597173,5.49,3.402912638,0.006344927510045536,-0.15000000000000036,-2.230000000000011,-1.4210854715202004e-14
3924,0.811651663,4.37,3.074294387,0.005693776976645691,-0.25,-1.3200000000000145,-7.105427357601002e-15
3925,0.98717905,4.37,2.857733848,0.005301440133566294,-0.20000000000000018,-2.500000000000014,-7.105427357601002e-15
3926,0.038631408,5.55,1.938065565,0.003913775696056124,-0.10000000000000053,-1.45000000000001,-7.105427357601002e-15
3927,1.450602274,27.61,5.963175351,0.014701322416403729,-0.20000000000000018,-3.890000000000043,-5.684341886080802e-14
3928,3.701838618,1.85,1.490539703,0.0033759862127159335,-0.14999999999999947,-1.9100000000000072,-3.552713678800501e-15
3929,2.134076308,3.25,1.940117446,0.003916428316569182,-0.09999999999999964,-2.79000000000001,-7.105427357601002e-15
3930,0.060847579,7.96,5.257271368,0.011669776964384515,-0.3000000000000007,-3.3700000000000188,-1.4210854715202004e-14
3931,0.060427836,4.35,2.519050843,0.0047410956705609564,-0.09999999999999964,-1.7700000000000173,-1.4210854715202004e-14
3932,3.030620034,3.02,2.570418208,0.004822127033287304,-0.3000000000000007,-2.3200000000000145,-7.105427357601002e-15
3933,0.363344399,3.02,3.76697283,0.007152973138374574,-0.15000000000000036,-1.4300000000000104,-7.105427357601002e-15
3934,0.177901889,3.02,3.861512363,0.007379015672696399,-0.09999999999999964,-2.220000000000013,0.0
3935,0.096061877,5.17,3.920859152,0.007524520706683597,-0.14999999999999947,-1.740000000000009,-1.4210854715202004e-14
3936,0.011600425,5.17,2.017998404,0.004018445789992919,-0.14999999999999947,-0.8700000000000117,-1.4210854715202004e-14
3937,2.267464278,2.09,1.215467799,0.0030826679058214243,-0.09999999999999964,-2.9500000000000104,-7.105427357601002e-15
3938,0.397223237,3.12,2.307762695,0.004421800679237431,-0.20000000000000018,-1.3200000000000145,-7.105427357601002e-15
3939,0.0113615,2.79,2.530457758,0.00475897207229393,-0.10000000000000053,-1.4100000000000108,-7.105427357601002e-15
3940,0.556573412,0.62,0.39179481,0.0023478140037163308,-0.09999999999999964,-3.552713678800501e-15,-3.552713678800501e-15
3941,0.991393159,6.98,4.01402021,0.007758694063688378,-0.2999999999999998,-3.0600000000000165,-2.842170943040401e-14
3942,0.502585881,6.02,3.631844735,0.0068417703827795716,-0.20000000000000018,-2.5100000000000193,-7.105427357601002e-15
3943,0.082718768,7.26,3.52583222,0.0066070659227452306,-0.20000000000000018,-3.0800000000000196,-1.4210854715202004e-14
3944,0.165697374,11.18,4.943447745,0.010528896126178373,-0.35000000000000053,-3.2300000000000324,-2.842170943040401e-14
3945,0.07073151,6.22,4.455195909,0.008969613971876829,-0.14999999999999947,-1.940000000000019,-1.4210854715202004e-14
3946,0.019310663,6.22,4.3297023,0.008607268890299068,-0.15000000000000036,-2.5300000000000296,-1.4210854715202004e-14
3947,0.835701605,8.98,4.129681985,0.008059509464106747,-0.20000000000000018,-3.0500000000000256,-1.4210854715202004e-14
3948,0.655208653,8.98,5.645476966,0.01325123920449675,-0.10000000000000053,-4.90000000000002,-1.4210854715202004e-14
3949,0.095316107,6.33,4.18841429,0.00821666173451534,-0.20000000000000018,-2.7700000000000244,-1.4210854715202004e-14
3950,0.273384585,11.52,3.365670281,0.006267563545909738,-0.2999999999999998,-2.9700000000000273,-2.842170943040401e-14
3951,1.369283181,3.18,2.207565774,0.004277959727204908,-0.09999999999999964,-1.160000000000018,-7.105427357601002e-15
3952,1.095155941,2.43,0.65004069,0.0025571244571382023,-0.10000000000000053,-0.70000000000001,-7.105427357601002e-15
3953,1.360587863,2.43,1.631409798,0.003536807733098298,-0.1999999999999993,-3.620000000000015,-7.105427357601002e-15
3954,0.103166625,0.56,0.475600323,0.0024137946999194635,-0.10000000000000053,-0.6200000000000028,-8.881784197001252e-16
3955,0.018470097,12.0,6.11756386,0.015461383701240672,-0.20000000000000018,-4.81000000000002,-1.4210854715202004e-14
3956,0.249662627,6.33,3.757429715,0.007130541258916715,-0.15000000000000036,-2.8200000000000145,-1.4210854715202004e-14
3957,0.042616558,6.07,4.298381555,0.008519120846523795,-0.25,-3.240000000000016,-7.105427357601002e-15
3958,0.893287545,6.07,3.978233089,0.0076678947847247615,-0.20000000000000018,-2.720000000000013,-7.105427357601002e-15
3959,0.102526596,0.75,1.432773719,0.0033121651662063514,-0.15000000000000036,-0.47000000000000597,-3.552713678800501e-15
3960,6.738947736,0.75,0.190550126,0.0021966283164120163,0.0,-0.30000000000000426,-3.552713678800501e-15
3961,0.044583914,0.75,1.711376521,0.0036314735854251746,0.0,-1.460000000000008,-7.105427357601002e-15
3962,0.019859737,6.26,2.862853253,0.005310396936726233,-0.14999999999999947,-1.7400000000000233,-2.842170943040401e-14
3963,2.827894269,6.26,3.798607151,0.007227834444684707,-0.15000000000000036,-2.2400000000000233,-7.105427357601002e-15
3964,1.022032142,10.0,3.728855754,0.007063792595803823,-0.2999999999999998,-3.7800000000000153,-2.842170943040401e-14
3965,0.142372205,6.38,4.45505344,0.008969194160155238,-0.25,-2.200000000000017,-1.4210854715202004e-14
3966,1.474590611,3.0,1.711293912,0.0036313745004318723,-0.15000000000000036,-1.870000000000008,-3.552713678800501e-15
3967,1.359505223,4.95,1.979263174,0.003967379300634834,-0.20000000000000018,-0.940000000000019,-1.4210854715202004e-14
3968,0.279493475,4.24,2.363632542,0.004504086994977887,-0.25,-1.2800000000000153,-7.105427357601002e-15
3969,0.291167153,4.24,2.472463664,0.004668777561365619,-0.15000000000000036,-1.210000000000015,-7.105427357601002e-15
3970,0.121813736,5.74,4.130382089,0.008061365087781089,-0.25,-2.710000000000022,-1.4210854715202004e-14
3971,0.150403436,6.41,2.528071092,0.0047552262562135265,-0.20000000000000018,-2.880000000000013,-1.4210854715202004e-14
3972,0.502745156,4.23,2.496230475,0.004705532963512821,-0.15000000000000036,-2.5400000000000134,-1.4210854715202004e-14
3973,0.116238808,8.1,3.03310762,0.005616999479402355,-0.25,-2.350000000000037,-2.842170943040401e-14
3974,0.919922785,5.52,3.499827036,0.006550724581600144,-0.20000000000000018,-2.5100000000000193,-1.4210854715202004e-14
3975,0.055155864,2.99,1.694713601,0.0036115417495198275,-0.10000000000000053,-1.0500000000000114,-7.105427357601002e-15
3976,0.927265237,0.96,0.601315476,0.002516255622792527,0.0,-1.7763568394002505e-15,-3.552713678800501e-15
3977,0.05133485,4.74,2.123355835,0.004160679403845167,-0.15000000000000036,-0.8700000000000117,-7.105427357601002e-15
3978,0.028710196,5.09,3.525060691,0.0066053874639227725,-0.25,-1.7800000000000225,-1.4210854715202004e-14
3979,0.410423629,5.09,3.491294945,0.00653234362741157,-0.1999999999999993,-1.8700000000000188,-7.105427357601002e-15
3980,0.085207656,0.82,0.418111483,0.0023683371620014486,-0.10000000000000053,-1.7763568394002505e-15,-7.105427357601002e-15
3981,0.022779072,2.47,1.61464817,0.0035172789609188002,-0.15000000000000036,-2.930000000000014,-3.552713678800501e-15
3982,1.071092855,11.72,3.903323808,0.007481234080945296,-0.1999999999999993,-1.8000000000000398,-1.4210854715202004e-14
3983,7.267679412,3.11,1.267230181,0.0031358532422790415,-0.10000000000000053,-1.2800000000000082,-7.105427357601002e-15
3984,0.187813377,4.13,2.589545408,0.004852650830191234,0.0,-1.2800000000000153,-1.4210854715202004e-14
3985,0.70844998,5.11,3.292384282,0.006118052482173493,-0.09999999999999964,-1.7900000000000205,-7.105427357601002e-15
3986,0.984908535,0.66,0.348481128,0.0023144212799454922,0.0,-1.7763568394002505e-15,-7.105427357601002e-15
3987,0.012915486,8.23,4.160637047,0.008141961905981604,-0.25,-2.710000000000015,-1.4210854715202004e-14
3988,2.813892858,8.0,4.901083281,0.010383588311576741,-0.20000000000000018,-2.570000000000036,-1.4210854715202004e-14
3989,0.724451156,8.0,6.012048503,0.014937858151852128,0.0,-2.160000000000011,-1.4210854715202004e-14
3990,0.560249733,4.7,2.920279731,0.0054119063501197546,-0.20000000000000018,-2.210000000000015,-7.105427357601002e-15
3991,0.515561654,4.7,4.640239963,0.009531646409321401,-0.20000000000000018,-1.95000000000001,-7.105427357601002e-15
3992,1.947109029,3.25,3.158814381,0.005854616086743597,-0.20000000000000018,-1.3500000000000156,-7.105427357601002e-15
3993,0.058467676,4.46,2.513640788,0.0047326406569237036,-0.09999999999999964,-1.940000000000012,-1.4210854715202004e-14
3994,0.075583099,6.6,2.990240385,0.005538182572580468,-0.1999999999999993,-2.140000000000015,-1.4210854715202004e-14
3995,2.05888328,28.64,4.313546598,0.008561688504578762,-0.2999999999999998,-3.060000000000059,-5.684341886080802e-14
3996,0.111019742,2.56,2.139913913,0.004183484373657118,-0.20000000000000018,-0.9400000000000119,-7.105427357601002e-15
3997,0.155600985,5.06,3.201234955,0.005937035512268244,-0.10000000000000053,-2.5400000000000134,-7.105427357601002e-15
3998,0.012738663,2.13,1.733912646,0.003658605291070372,-0.15000000000000036,-0.5700000000000109,-3.552713678800501e-15
3999,0.024648848,2.13,0.828614038,0.0027126458874192584,-0.10000000000000053,-0.3700000000000081,-7.105427357601002e-15
4000,1.242997602,2.13,1.376885361,0.003251563361445931,-0.09999999999999964,-1.210000000000008,-7.105427357601002e-15
4001,0.458305672,4.57,2.52657311,0.004752876707695932,-0.25,-1.5500000000000114,-7.105427357601002e-15
4002,0.021860406,4.95,1.700677053,0.0036186625502168195,-0.20000000000000018,-0.8700000000000117,-7.105427357601002e-15
4003,0.06963612,4.95,3.316574197,0.00616700634219506,-0.25,-2.8500000000000156,-1.4210854715202004e-14
4004,3.840425903,15.9,3.879957883,0.007423938298137378,-0.20000000000000018,-3.3200000000000216,-2.842170943040401e-14
4005,0.020364046,5.27,4.007484893,0.007742033370861499,-0.20000000000000018,-1.5100000000000122,-1.4210854715202004e-14
4006,0.103208551,3.01,2.613673369,0.00489142938831567,-0.14999999999999947,-1.3800000000000097,-3.552713678800501e-15
4007,0.703580382,3.01,0.661270978,0.002566637486528048,0.0,-0.45000000000000995,-7.105427357601002e-15
4008,0.494167212,6.2,4.019981431,0.007773922215751163,-0.25,-2.410000000000025,-1.4210854715202004e-14
4009,0.017386976,9.16,5.813267435,0.01399858073936171,-0.3000000000000007,-4.81000000000002,-1.4210854715202004e-14
4010,0.013224046,7.16,3.61908052,0.006813078527535893,-0.20000000000000018,-3.0200000000000173,-1.4210854715202004e-14
4011,0.044795545,1.41,0.492240083,0.0024271137701524256,0.0,-3.552713678800501e-15,-7.105427357601002e-15
4012,0.105945188,7.28,3.993870896,0.007707440681142044,-0.09999999999999964,-2.65000000000002,-2.842170943040401e-14
4013,2.29489665,3.66,2.139461648,0.0041828598315772885,0.0,-1.960000000000015,-7.105427357601002e-15
4014,3.179482823,7.69,5.83752912,0.014110026763614392,-0.20000000000000018,-2.3000000000000185,-1.4210854715202004e-14
4015,5.569214948,10.04,3.720495234,0.007044380031247932,-0.1999999999999993,-2.890000000000029,-2.842170943040401e-14
4016,0.030463273,1.13,0.509408254,0.0024409326468864344,-0.09999999999999964,-0.5000000000000071,-3.552713678800501e-15
4017,2.421993883,4.39,0.973287001,0.002845532813680938,-0.10000000000000053,-0.45000000000001705,-7.105427357601002e-15
4018,0.427663551,4.56,3.541951402,0.006642230201135597,-0.09999999999999964,-2.0500000000000096,-7.105427357601002e-15
4019,1.035365275,5.16,2.618344573,0.004898972518912119,-0.20000000000000018,-3.950000000000017,-1.4210854715202004e-14
4020,5.838620562,6.35,2.938492012,0.005444500437786143,-0.20000000000000018,-2.5300000000000296,-1.4210854715202004e-14
4021,0.066422127,4.69,3.070286901,0.005686260903555304,-0.25,-2.2500000000000284,-1.4210854715202004e-14
4022,2.658950207,1.89,1.250464236,0.003118526995406579,-0.20000000000000018,-2.110000000000009,-3.552713678800501e-15
4023,0.24114424,1.07,1.155526313,0.0030222013036802693,-0.15000000000000036,-0.47000000000000597,-7.105427357601002e-15
4024,0.109548917,1.07,1.027219818,0.00289671613723375,-0.09999999999999964,-1.510000000000007,-1.7763568394002505e-15
4025,2.619774817,3.93,2.803357448,0.00520722685882714,-0.20000000000000018,-2.730000000000011,-7.105427357601002e-15
4026,2.091865798,5.28,3.653553964,0.006890845017286834,-0.25,-2.7700000000000173,-1.4210854715202004e-14
4027,0.681769765,7.24,4.017897048,0.007768594216184008,-0.25,-3.0300000000000296,-1.4210854715202004e-14
4028,0.242517482,4.89,3.587139735,0.006741803488499069,-0.25,-1.7900000000000205,-1.4210854715202004e-14
4029,1.100894316,1.42,0.772078446,0.002662414237012276,-0.14999999999999947,-1.0200000000000067,-3.552713678800501e-15
4030,1.790652152,1.73,1.376829611,0.0032515034648416164,-0.09999999999999964,-0.5100000000000051,-3.552713678800501e-15
4031,0.244991508,1.73,2.399976334,0.004558431435634394,-0.1999999999999993,-1.500000000000007,-7.105427357601002e-15
4032,0.063385547,1.65,1.200326872,0.003067281430827173,-0.14999999999999947,-1.100000000000005,-3.552713678800501e-15
4033,0.690436041,3.65,2.492012534,0.004698988957217057,-0.20000000000000018,-1.7500000000000107,-7.105427357601002e-15
4034,0.07011084,5.31,3.272316846,0.006077734638436559,-0.25,-2.5400000000000134,-1.4210854715202004e-14
4035,0.023758702,3.64,2.477518642,0.004676571090127042,-0.15000000000000036,-1.2300000000000182,-7.105427357601002e-15
4036,0.350920118,2.74,1.640974721,0.0035480000900356507,-0.15000000000000036,-1.1400000000000148,-7.105427357601002e-15
4037,1.833406544,8.74,4.344650676,0.008649657246037558,-0.15000000000000036,-3.0500000000000256,-1.4210854715202004e-14
4038,0.085412378,4.31,2.529956994,0.004758185891633412,-0.1999999999999993,-1.190000000000019,-7.105427357601002e-15
4039,0.644392754,3.7,1.655104748,0.0035645988954029957,0.0,-1.960000000000008,-7.105427357601002e-15
4040,0.158476014,6.32,3.899565115,0.007471987825969577,-0.25,-1.660000000000025,-1.4210854715202004e-14
4041,1.856058876,6.32,4.712816325,0.009761484126180693,-0.14999999999999947,-2.2500000000000213,-7.105427357601002e-15
4042,1.583500914,6.32,3.712219311,0.007025216066165153,-0.25,-2.3100000000000165,-1.4210854715202004e-14
4043,1.059685189,3.18,0.635698245,0.0025450262819192958,-0.09999999999999964,-0.6700000000000088,-7.105427357601002e-15
4044,0.066238943,3.98,2.775806169,0.0051601287760846635,-0.15000000000000036,-2.0800000000000125,-7.105427357601002e-15
4045,0.303886529,7.31,4.061950068,0.007881975137474823,-0.25,-2.410000000000011,-2.842170943040401e-14
4046,1.830242594,9.44,2.603981539,0.004875815721160237,-0.1999999999999993,-2.0800000000000125,-1.4210854715202004e-14
4047,0.283985012,4.85,3.387687378,0.006313185902095357,-0.09999999999999964,-1.710000000000008,-1.4210854715202004e-14
4048,1.708389989,6.72,4.690160234,0.009689152864737928,-0.25,-2.410000000000011,-1.4210854715202004e-14
4049,1.314218631,3.27,1.887344522,0.0038487706736854694,-0.14999999999999947,-0.6200000000000117,-7.105427357601002e-15
4050,0.015243242,5.09,3.506071134,0.0065642089913467115,-0.20000000000000018,-1.690000000000019,-1.4210854715202004e-14
4051,2.220517451,5.09,3.764392891,0.00714690187800912,-0.2999999999999998,-2.210000000000015,0.0
4052,0.108983176,4.96,2.820834369,0.005237324544874518,-0.10000000000000053,-1.40000000000002,-1.4210854715202004e-14
4053,4.073727561,5.7,2.46333037,0.0046547290397874344,-0.25,-1.940000000000019,-7.105427357601002e-15
4054,1.034754115,5.7,3.573121418,0.006710756282500708,-0.15000000000000036,-2.5400000000000205,-7.105427357601002e-15
4055,4.925999536,2.1,0.647037022,0.002554586055932876,-0.10000000000000053,-0.29000000000000625,0.0
4056,2.784160778,12.85,4.754433616,0.009895746201191312,-0.10000000000000053,-3.0200000000000387,-2.842170943040401e-14
4057,0.105156915,13.51,7.516357798,0.02436056643810313,-0.20000000000000018,-3.5000000000000426,-2.842170943040401e-14
4058,0.586372278,12.28,3.982717996,0.007679215870746176,-0.34999999999999964,-3.910000000000018,-5.450000000000017
4059,3.290046026,12.28,1.398492653,0.0032748607810410943,-0.25,-4.560000000000031,-5.450000000000024
4060,0.03367478,13.31,3.45718624,0.006459372603764937,-0.2999999999999998,-3.900000000000034,-2.910000000000025
4061,2.871041648,14.59,2.688890489,0.005014308640649344,0.0,-4.900000000000034,-5.560000000000045
4062,0.596646936,14.59,3.800841554,0.0072331513797106554,-0.25,-3.7000000000000313,-5.560000020000032
4063,0.26304429,12.01,3.428144483,0.006397880352534728,-0.20000000000000018,-5.050000000000026,-6.390000020000031
4064,1.069221471,7.56,0.102110458,0.0021332983832324684,-0.10000000000000053,-1.9600000000000222,-3.1600000000000144
4065,0.01500516,7.56,1.497917602,0.003384225238480796,-0.20000000000000018,-2.410000000000011,-3.160000000000025
4066,7.345947021,6.13,0.810256655,0.002696232656037479,-0.20000000000000018,-4.130000000000017,-5.630000000000024
4067,0.100621853,6.17,1.273643707,0.0031425064480396876,-0.15000000000000036,-4.03000000000003,-3.680000000000021
4068,0.544494518,8.37,2.218740455,0.004293768247972682,-0.20000000000000018,-1.7900000000000205,-2.980000000000018
4069,0.274669485,7.52,1.781417189,0.003716460339269371,-0.1999999999999993,-3.950000000000017,-6.49000000000003
4070,0.048131903,8.83,2.850159381,0.005288215562143586,-0.2999999999999998,-2.160000000000025,-3.7900000000000205
4071,0.017306149,10.08,3.156049907,0.005849284607656579,-0.25,-4.0600000000000165,-5.710000000000036
4072,2.408273586,10.08,0.862236839,0.002742966655398578,-0.10000000000000053,-5.710000000000036,-5.710000000000036
4073,0.447578056,8.92,1.963352887,0.003946591760159096,-0.3000000000000007,-2.40000000000002,-5.180000000000025
4074,0.112948801,13.61,1.473797478,0.003357363960115986,-0.5,-6.600000000000037,-8.590000000000046
4075,1.417462198,9.32,1.609442762,0.0035112360961634076,-0.3000000000000007,-4.17000000000003,-6.700000000000031
4076,0.069484888,10.89,1.261512446,0.003129933670123833,-0.09999999999999964,-3.9600000000000364,-3.9900000000000233
4077,0.447468521,11.38,1.60127836,0.003501779019773906,-0.25,-2.3300000000000267,-5.490000000000023
4078,0.055198839,11.38,0.877472031,0.0027568166698128923,-0.20000000000000018,-3.410000000000025,-5.490000000000023
4079,0.311909244,20.43,5.07796706,0.011003755403286505,-0.6500000000000004,-7.920000000000073,-6.640000000000029
4080,0.816783005,11.45,0.710283585,0.002608570340041104,-0.20000000000000018,-5.890000000000043,-5.03000000000003
4081,0.469580816,13.67,3.705720069,0.007010202531407074,-0.4499999999999993,-7.470000000000034,-7.120000000000033
4082,0.369502878,13.67,1.577891107,0.0034748291092131546,-0.34999999999999964,-5.620000000000033,-7.120000000000033
4083,0.013298413,20.46,2.165243975,0.004218611820428765,-0.40000000000000036,-4.390000000000043,-6.680000019999966
4084,2.66532523,20.46,0.565413203,0.0024865596774686486,-0.14999999999999947,-5.000000000000057,-6.680000000000035
4085,5.857606546,7.08,1.823979815,0.003769070413537625,-0.25,-1.5400000000000205,-4.840000000000025
4086,0.011528139,8.46,0.619460642,0.0025313983916275635,-0.14999999999999947,-3.0800000000000267,-4.690000000000023
4087,8.543351009,26.63,2.034288594,0.004040116982384672,-0.20000000000000018,-5.410000000000082,-3.9500000000000455
4088,0.084590655,12.53,0.412795983,0.002364177475090824,-0.10000000000000053,-5.050000000000026,-7.580000000000034
4089,0.018042253,15.55,0.891983937,0.0027700740046928563,-0.10000000000000053,-2.4900000000000375,-7.040000000000049
4090,0.255918368,12.5,2.790551808,0.0051852830484243745,-0.1999999999999993,-3.3500000000000227,-6.910000000000039
4091,0.357317144,12.5,2.58694202,0.004848484983403453,-0.4500000000000002,-5.050000000000026,-6.910000000000039
4092,0.733185566,8.38,0.657399691,0.002563354189958451,-0.09999999999999964,-2.15000000000002,-3.920000000000016
4093,0.569943617,8.44,4.260680852,0.008414203566078344,0.0,-2.2900000000000276,-0.8500000000000227
4094,3.262883106,14.51,1.087182392,0.0029547001335258984,-0.15000000000000036,-3.2800000000000438,-6.270000000000024
4095,0.736444725,9.94,3.332762448,0.006199984217979936,-0.15000000000000036,-2.900000000000034,-4.480000000000032
4096,2.356814595,7.91,0.573049125,0.0024928461888261964,-0.09999999999999964,-2.0300000000000153,-4.0300000000000225
4097,15.66219419,5.36,0.45157439,0.0023946920097137406,-0.10000000000000053,-1.590000000000006,-2.1000000000000085
4098,3.555052404,8.1,1.671040136,0.00358341134698918,-0.1999999999999993,-1.6000000000000227,-2.0500000000000114
4099,0.044976111,15.44,3.091483416,0.005726127349031462,-0.25,-3.390000000000043,-3.4500000000000313
4100,0.489833952,17.76,2.386293468,0.004537895420017166,-0.3000000000000007,-4.3600000000000705,-3.0600000000000307
4101,0.18654265,9.23,2.208380354,0.0042791101307841466,-0.2999999999999998,-2.8200000000000216,-4.380000000000024
4102,0.617326301,7.54,1.382589775,0.0032576978784469835,-0.1999999999999993,-2.7600000000000335,-3.5800000000000196
4103,4.028121539,7.54,0.864960689,0.0027454377499870333,-0.15000000000000036,-2.3100000000000165,-3.5800000000000196
4104,0.113643443,17.51,0.802089076,0.002688961942032862,-0.15000000000000036,-4.810000000000059,-4.97000002999998
4105,0.268628286,11.81,2.121950004,0.00415874890378316,-0.25,-4.010000000000048,-5.220000000000027
4106,1.551998829,10.95,0.1183776,0.002144808650844016,-0.10000000000000053,-4.620000000000033,-5.520000000000039
4107,0.057826676,10.95,6.287266871,0.016341497865670622,-0.39999999999999947,-4.890000000000029,-5.520000000000024
4108,1.037593248,10.42,1.450144613,0.0033312294094484714,-0.20000000000000018,-2.7600000000000335,-6.110000000000028
4109,0.269931903,5.56,0.714809295,0.0026124766127404485,-0.15000000000000036,-1.3600000000000279,-3.90000000000002
4110,0.236908314,9.24,0.576573747,0.002495753289413223,-0.20000000000000018,-3.960000000000065,-6.470000000000027
4111,0.031951144,8.3,2.758908576,0.005131452759347497,-0.34999999999999964,-4.200000000000017,-6.090000000000032
4112,4.474251033,16.78,2.210714172,0.004282407808209061,-0.2999999999999998,-6.070000000000078,-4.500000000000021
4113,0.293894212,7.64,0.81188912,0.002697688212708024,-0.15000000000000036,-2.2700000000000315,-5.250000000000028
4114,2.330967637,9.57,2.897198611,0.005370877302459137,0.0,-3.5700000000000216,-6.2600000000000335
4115,0.035996887,9.57,0.374526358,0.0023344436424098313,-0.14999999999999947,-3.72000000000002,-6.260000000000026
4116,0.87707703,8.98,0.337149231,0.0023057634198253253,-0.10000000000000053,-3.130000000000024,-6.200000000000031
4117,3.836266262,8.98,0.359786529,0.0023230912161941123,-0.15000000000000036,-3.410000000000039,-6.200000000000031
4118,1.406337407,7.68,0.863659805,0.0027442573026632763,-0.15000000000000036,-1.8100000000000307,-4.510000000000019
4119,0.063061749,7.68,2.07742413,0.004098064926170413,-0.15000000000000036,-2.260000000000012,-4.510000000000026
4120,3.374221036,6.24,0.914661379,0.002790918368139319,0.0,-2.47000000000002,-3.5300000000000225
4121,0.247586157,13.46,0.711655481,0.0026097538479106504,-0.1999999999999993,-5.7200000000000415,-5.680000039999996
4122,0.698717408,13.46,4.976967967,0.010645292767566752,-0.39999999999999947,-3.5800000000000267,-5.680000000000035
4123,0.189784541,15.56,5.357196214,0.012058073816023085,-0.2999999999999998,-3.2800000000000438,-2.0500000000000256
4124,0.722095498,12.9,2.808653612,0.005216329373768701,-0.25,-3.330000000000041,-3.160000000000025
4125,1.381835116,13.49,1.902459106,0.0038680284932157364,-0.20000000000000018,-6.620000000000026,-6.670000000000044
4126,0.902423361,15.2,2.437068815,0.004614568401427761,-0.20000000000000018,-4.330000000000041,-4.7600000000000335
4127,0.77806229,15.2,4.498583721,0.009098374444187292,-0.14999999999999947,-4.190000000000026,-4.7600000000000335
4128,0.228685404,9.76,3.725215505,0.0070553336625911655,-0.25,-4.250000000000043,-1.2300000000000182
4129,0.026400531,12.51,2.446984078,0.004629690688558829,0.0,-3.410000000000025,-4.560000000000024
4130,0.034443167,18.31,4.631630837,0.009504740768108692,-0.3000000000000007,-4.2900000000000205,-4.370000000000033
4131,0.1480939,8.41,3.003619815,0.005562663580802907,-0.09999999999999964,-2.910000000000018,-5.300000000000026
4132,5.087731354,5.9,0.421245706,0.002370793294237743,0.0,-3.890000000000022,-3.4000000000000163
4133,0.927641898,19.61,2.309259314,0.0044239853002766266,-0.2999999999999998,-4.250000000000028,-4.860000000000042
4134,0.192818027,14.98,2.65635371,0.004960782082544125,-0.39999999999999947,-4.100000000000023,-5.890000000000043
4135,1.120984596,11.28,0.710677581,0.0026089101778878996,-0.15000000000000036,-3.9500000000000455,-4.840000000000021
4136,0.055935107,11.28,1.397562704,0.0032738546734698525,-0.20000000000000018,-3.7400000000000375,-4.840000000000018
4137,0.112965622,12.87,1.685581613,0.0036006645338480456,-0.25,-4.610000000000021,-6.670000000000037
4138,0.012093921,15.01,3.233448451,0.006000393034043172,-0.2999999999999998,-2.7000000000000455,-4.190000000000026
4139,0.548972825,15.01,3.46749079,0.006481332026015723,-0.15000000000000036,-3.410000000000025,-4.190000020000028
4140,3.128553857,12.19,1.219716779,0.0030869996032754,-0.09999999999999964,-4.67000000000003,-6.050000000000026
4141,0.108760018,10.84,2.128570107,0.004167847486624855,-0.2999999999999998,-2.6000000000000227,-5.000000000000028
4142,1.253569153,10.84,0.952553022,0.002826096718236494,-0.14999999999999947,-2.55000000000004,-5.000000000000028
4143,0.013532125,10.84,2.344134523,0.004475198156482762,-0.25,-2.710000000000022,-5.000000000000028
4144,0.724816352,10.84,3.006530936,0.005568004441447632,-0.34999999999999964,-4.550000000000026,-5.000000000000028
4145,0.044615678,8.4,3.741752963,0.007093843264513908,-0.2999999999999998,-2.500000000000014,-1.4200000000000175
4146,0.032204392,8.4,4.721669926,0.009789894971870418,-0.25,-3.0800000000000267,-1.420000000000016
4147,0.027430879,11.4,4.090447165,0.007956192073933208,-0.35000000000000053,-3.750000000000014,-4.950000000000031
4148,0.030097432,8.63,2.591502546,0.0048557849164022285,-0.25,-3.2400000000000233,-4.020000000000024
4149,0.02272319,14.34,0.334475846,0.0023037256003541175,-0.10000000000000053,-2.4900000000000375,-3.8200000000000216
4150,0.062066759,14.34,1.319433068,0.003190417618672093,-0.15000000000000036,-2.7200000000000557,-3.820000000000036
4151,0.046165565,9.27,4.985468593,0.010675012376156048,-0.20000000000000018,-2.90000000000002,-4.460000000000022
4152,0.017207443,4.8,2.304124349,0.004416494248408201,0.0,-1.65000000000002,-2.430000000000014
4153,0.123562851,4.8,1.07657276,0.0029443569755575696,-0.10000000000000053,-1.3500000000000085,-2.430000000000014
4154,0.208772337,7.77,3.494517709,0.006539280500802802,-0.25,-1.5600000000000165,-3.130000000000024
4155,2.265625231,7.77,0.706863612,0.0026056223262102135,-0.09999999999999964,-3.890000000000015,-3.1300000000000168
4156,1.60117298,7.85,1.700637458,0.0036186152247702397,-0.25,-3.7900000000000205,-2.680000000000021
4157,0.612540898,9.67,3.836378485,0.007318238076080428,0.0,-2.6800000000000352,-0.21000000000000796
4158,1.763497951,11.69,3.023560976,0.0055993507674096344,-0.09999999999999964,-4.830000000000027,-5.430000000000021
4159,0.504139992,11.69,2.10220291,0.004131726086974895,-0.25,-6.620000000000026,-5.430000000000021
4160,0.506957649,9.71,1.26442547,0.003132948131200068,-0.2999999999999998,-3.2300000000000324,-6.2600000000000335
4161,0.736452967,9.89,2.048430525,0.004059024659728721,-0.25,-3.8100000000000165,-4.170000000000023
4162,0.87195773,10.43,0.123518967,0.002148459440182451,-0.09999999999999964,-5.2000000000000455,-6.930000000000028
4163,0.365429679,5.59,0.658593089,0.0025643658817947885,-0.15000000000000036,-2.000000000000014,-4.350000000000019
4164,4.949159689,10.99,2.081785105,0.004103969301072281,-0.20000000000000018,-4.110000000000042,-4.750000000000028
4165,1.27798122,10.99,3.016387289,0.005586125193842336,-0.25,-3.390000000000029,-4.750000020000016
4166,3.226707196,14.55,1.957703554,0.003939236769163148,-0.15000000000000036,-3.57000000000005,-6.6500000300000295
4167,0.072541159,7.55,3.448753949,0.006441458047066647,0.0,-3.200000000000017,-4.610000000000028
4168,0.990721219,7.46,4.280574555,0.008469405096494617,-0.25,-6.53000000000003,-3.9700000000000166
4169,0.293891068,7.92,2.223606511,0.004300670292821931,-0.35000000000000053,-4.800000000000026,-7.42000000000003
4170,0.044268339,14.19,2.085248874,0.004108664974355668,-0.25,-3.0400000000000347,-4.19000001000002
4171,1.505188423,14.19,4.704389883,0.009734519846028217,-0.25,-4.5400000000000205,-4.190000020000028
4172,0.076709639,6.36,0.798613093,0.0026858735842262564,-0.10000000000000053,-2.930000000000014,-4.480000000000025
4173,0.241693176,7.28,0.946748588,0.0028206793802340946,0.0,-4.17000000000003,-5.430000000000021
4174,0.448479418,13.84,0.648393537,0.0025557321360040173,-0.20000000000000018,-2.710000000000065,-6.520000000000039
4175,2.029923218,13.84,2.422828598,0.0045929358732778635,-0.20000000000000018,-4.270000000000024,-6.520000000000039
4176,1.570523567,10.08,3.646303893,0.0068744171699912735,-0.34999999999999964,-3.500000000000014,-6.470000000000027
4177,0.164218583,10.5,2.525503241,0.004751199351348311,-0.2999999999999998,-4.740000000000023,-4.800000000000026
4178,0.252718179,7.02,0.245798243,0.0022371388527569302,0.0,-1.8000000000000256,-2.7800000000000153
4179,0.024696751,20.1,3.961164121,0.007624959469460334,-0.34999999999999964,-7.830000000000041,-6.7000000000000455
4180,0.454369793,8.67,0.72845474,0.0026242897449053355,-0.20000000000000018,-4.400000000000034,-6.7600000000000335
4181,0.430367122,16.33,3.595126281,0.006759555519516467,-0.25,-4.6500000000000625,-3.9600000000000364
4182,0.091202398,13.47,3.068774425,0.005683426807173643,-0.2999999999999998,-5.7200000000000415,-6.080000000000027
4183,2.332049086,9.61,2.066262542,0.004082991627902144,-0.25,-3.8200000000000216,-4.060000000000024
4184,0.013593773,10.3,1.714224716,0.003634891488117005,-0.15000000000000036,-2.0000000000000284,-2.1900000199999994
4185,0.02585306,10.3,3.009564079,0.005573574592918627,-0.10000000000000053,-2.580000000000041,-2.190000000000026
4186,0.015666014,6.84,2.419238085,0.004587497424100711,-0.15000000000000036,-3.5200000000000173,-3.40000000000002
4187,2.982065893,18.63,0.453432159,0.002396163701131107,-0.1999999999999993,-6.1100000000000705,-7.19000000000004
4188,1.371327439,7.84,2.507860662,0.004723623864901248,-0.25,-3.3700000000000188,-4.170000000000023
4189,0.055756322,15.12,2.551507127,0.004792135978246086,-0.3000000000000007,-4.400000000000034,-5.1200000100000125
4190,2.622797459,18.04,3.619132395,0.006813194891822798,-0.35000000000000053,-5.140000000000043,-5.8100000599999175
4191,4.261058731,4.98,2.920401883,0.005412124314908759,-0.10000000000000053,-2.850000000000012,-2.65000000000002
4192,1.009540007,10.27,1.451643711,0.0033328797597874673,-0.20000000000000018,-1.9800000000000324,-4.740000000000023
4193,0.424938556,5.1,1.447305505,0.0033281060796523407,-0.15000000000000036,-1.910000000000018,-5.110000000000021
4194,5.39549793,8.01,1.648368262,0.003556675790915332,-0.1999999999999993,-3.3900000000000183,-7.600000000000037
4195,0.580526569,11.44,1.201816862,0.003068792182081409,-0.25,-4.620000000000026,-6.660000000000032
4196,0.077711703,18.43,3.108928467,0.005759146413046993,-0.35000000000000053,-5.960000000000065,-6.250000030000024
4197,0.117357397,10.27,4.674681017,0.00964003973408723,-0.10000000000000053,-5.450000000000024,-5.01000000000003
4198,3.298079885,9.46,1.176197822,0.003042919141950604,-0.25,-3.5000000000000213,-3.8200000000000216
4199,0.332520784,11.99,2.723090609,0.005071191108378152,-0.2999999999999998,-3.900000000000034,-6.500000010000008
4200,2.307121607,28.67,8.186443863,0.030236751118238307,-0.25,-7.190000000000111,-6.960000000000065
4201,1.360772677,12.09,0.769807329,0.0026604158562064284,-0.25,-4.630000000000038,-6.140000000000029
4202,2.538048777,7.29,1.499925828,0.0033864713262618416,-0.14999999999999947,-2.1200000000000188,-2.3600000000000136
4203,0.100170424,8.66,0.457584642,0.0023994564871247957,0.0,-2.8500000000000227,-4.020000000000021
4204,0.025002246,6.98,1.326630714,0.003198014733062051,-0.1999999999999993,-2.4800000000000324,-2.640000000000015
4205,0.390768659,6.5,0.58687786,0.0025042715081475837,-0.10000000000000053,-2.780000000000012,-3.250000000000014
4206,0.043203427,14.48,4.558994845,0.0092807097563052,-0.40000000000000036,-4.070000000000022,-5.350000000000023
4207,0.018987064,5.88,0.448370336,0.0023921559337446736,-0.10000000000000053,-2.3000000000000185,-4.100000000000017
4208,0.148432315,18.76,4.142477828,0.008093491798608552,-0.40000000000000036,-2.6500000000000625,-4.890000000000043
4209,0.028266311,17.48,0.201446018,0.0022045593353121036,0.0,-5.78000000000003,-7.090000000000032
4210,0.161891785,10.14,3.679640249,0.0069502767511982035,-0.4500000000000002,-3.2400000000000375,-6.880000000000038
4211,0.575204853,10.14,3.801933163,0.007235750359517915,-0.15000000000000036,-4.060000000000031,-6.880000000000038
4212,1.154257907,8.47,1.706061204,0.0036251036386066872,-0.34999999999999964,-2.0400000000000205,-6.680000000000028
4213,0.028505194,22.95,0.429220043,0.0023770538428406277,-0.10000000000000053,-5.020000000000067,-6.350000000000051
4214,0.930023335,16.36,5.489997416,0.012593937023709235,-0.35000000000000053,-5.940000000000026,-6.730000000000047
4215,0.497425555,8.23,0.52859306,0.0024564676138772537,-0.09999999999999964,-2.930000000000021,-5.630000000000024
4216,0.545764151,19.36,0.2958024,0.0022744465261008116,-0.10000000000000053,-3.1200000000000614,-5.2000000000000455
4217,0.127713208,19.36,3.257082773,0.006047304014103696,-0.25,-4.350000000000023,-5.2000000000000455
4218,0.019587762,18.84,2.5974756,0.004865362397325192,-0.10000000000000053,-4.470000000000084,-6.180000020000037
4219,0.01615056,14.0,3.382254201,0.006301897060470021,-0.25,-4.350000000000051,-3.3500000000000227
4220,0.526658941,14.19,5.182902083,0.011388831009186372,-0.5500000000000007,-5.330000000000027,-7.7600000000000335
4221,4.820301951,12.44,1.06803627,0.0029360611045140044,-0.34999999999999964,-4.190000000000055,-8.140000000000029
4222,1.311170693,9.96,3.210204049,0.005954608830154573,-0.40000000000000036,-2.1800000000000352,-6.020000000000024
4223,1.056679423,9.96,1.375129054,0.003249676951181011,-0.20000000000000018,-2.660000000000025,-6.0200000000000315
4224,0.30838536,9.96,3.310198638,0.006154066278839586,-0.3000000000000007,-3.2700000000000244,-6.020000000000024
4225,0.021091395,14.48,0.608052735,0.0025218675235864014,-0.10000000000000053,-3.7700000000000387,-7.340000000000032
4226,0.037084273,10.46,2.401104076,0.004560128135123427,-0.20000000000000018,-5.850000000000051,-4.080000000000027
4227,0.576068154,10.46,2.206793513,0.004276869373674731,0.0,-4.17000000000003,-4.080000000000027
4228,0.038725861,10.46,4.364107073,0.008705138850677425,-0.09999999999999964,-5.370000000000022,-4.080000000000027
4229,0.333207724,9.7,2.266443523,0.004361909223247012,-0.25,-4.81000000000002,-5.800000000000026
4230,0.080129178,9.7,4.40315253,0.00881754680462903,-0.35000000000000053,-6.570000000000036,-5.800000000000026
4231,0.037539469,23.13,5.983361621,0.01479856913409712,-0.34999999999999964,-4.320000000000078,-5.4200000000000355
4232,0.607786031,9.0,0.525831201,0.0024542251259346295,-0.09999999999999964,-4.700000000000031,-3.7700000000000173
4233,0.045790809,9.0,2.083328033,0.004106060317561188,-0.09999999999999964,-3.130000000000024,-3.7700000000000244
4234,0.170816715,9.0,0.893686754,0.0027716337729838136,-0.10000000000000053,-2.8800000000000168,-3.7700000000000173
4235,1.840739122,9.74,0.695994818,0.002596275477892087,-0.14999999999999947,-3.5200000000000244,-5.930000000000025
4236,0.143252538,12.99,5.551664402,0.012850696944749178,-0.3000000000000007,-3.2200000000000273,-1.7300000000000182
4237,1.116119656,8.98,1.760405677,0.0036907591702298862,-0.1999999999999993,-3.130000000000024,-3.070000000000015
4238,0.034402548,12.15,6.042390821,0.015086590238716691,-0.20000000000000018,-6.210000000000036,-6.950000000000028
4239,0.033782365,9.81,0.994841807,0.002865879671878552,-0.14999999999999947,-2.7000000000000313,-4.830000000000027
4240,1.089471775,12.28,0.338333945,0.0023066670571310513,-0.09999999999999964,-3.2200000000000273,-5.210000000000022
4241,1.226500389,9.48,2.095653584,0.004122802363818672,-0.14999999999999947,-3.3500000000000227,-5.220000000000027
4242,0.017972283,9.22,1.610161953,0.003512070375761391,-0.25,-2.1800000000000495,-5.620000000000033
4243,4.347293011,7.49,1.409790055,0.003287108029343092,-0.25,-5.080000000000027,-5.020000000000024
4244,3.256053189,13.15,2.814314775,0.005226076714987557,-0.34999999999999964,-4.630000000000052,-4.760000050000016
4245,0.011605215,13.15,2.307352832,0.004421202587854974,0.0,-3.8400000000000176,-4.7600000000000335
4246,0.024043176,13.37,3.643967907,0.006869132376896855,-0.25,-3.620000000000033,-5.460000000000036
4247,0.01214042,5.44,3.895311385,0.0074615374771212,-0.2999999999999998,-2.2800000000000225,-1.4000000000000106
4248,1.638727824,9.81,2.105908123,0.004136783106963059,-0.25,-6.840000000000046,-7.7500000000000355
4249,0.693949805,9.81,3.421737029,0.006384391891731951,-0.20000000000000018,-4.890000000000029,-7.750000000000028
4250,0.185365152,10.36,2.650558886,0.004951308784614875,-0.1999999999999993,-3.2300000000000324,-3.930000000000021
4251,0.266669989,14.02,4.958720717,0.010581773480094175,-0.5,-6.780000000000058,-5.480000030000028
4252,0.183068105,8.17,4.182239162,0.008199996763063143,-0.39999999999999947,-3.40000000000002,-5.550000000000026
4253,1.394761827,28.24,0.655102685,0.0025614080453353503,-0.14999999999999947,-4.450000000000102,-7.190000000000055
4254,0.332774527,15.57,3.468080897,0.006482591811295575,-0.34999999999999964,-3.250000000000057,-3.8200000000000283
4255,1.781304659,15.57,6.155277468,0.01565285155865207,-0.25,-3.860000000000042,-3.82000000000005
4256,0.872872935,17.78,5.601171072,0.013060558560455515,-0.75,-4.930000000000021,-7.600000000000023
4257,0.307639897,26.34,6.962407549,0.020357029694357317,-0.6500000000000004,-7.270000000000039,-6.860000000000042
4258,1.013749453,12.56,3.127972661,0.005795408401743102,-0.09999999999999964,-3.8300000000000267,-6.320000000000037
4259,1.798799232,9.32,1.489396115,0.003374710939108254,-0.10000000000000053,-5.090000000000021,-4.610000000000021
4260,0.135402457,17.54,2.123759652,0.004161234094029886,-0.2999999999999998,-4.280000000000058,-5.540000039999981
4261,0.012508407,16.37,3.684166263,0.006960639949987266,-0.2999999999999998,-4.460000000000065,-6.040000020000008
4262,0.024190338,16.25,2.015614032,0.004015283536303181,-0.20000000000000018,-2.4900000000000375,-6.0100000000000335
4263,3.164009286,22.49,2.386361579,0.004537997416421666,-0.2999999999999998,-4.630000000000052,-7.07000000000005
4264,0.05362933,16.64,6.451457945,0.017239847232848476,-0.6500000000000004,-7.410000000000053,-7.9900000000000375
4265,0.017338759,8.07,0.959197355,0.0028323106791490636,-0.1999999999999993,-3.0500000000000256,-3.5600000000000165
4266,0.301166555,7.42,0.911783588,0.0027882645561111805,-0.20000000000000018,-4.790000000000035,-5.260000000000019
4267,0.048283538,5.92,2.443285939,0.004624044703756103,-0.25,-1.870000000000033,-4.940000000000019
4268,1.314577919,5.92,2.168025798,0.004222487475950894,-0.15000000000000036,-2.390000000000015,-4.940000000000019
4269,0.243351972,11.32,0.337392806,0.0023059491771318503,-0.14999999999999947,-5.410000000000039,-4.020000000000024
4270,0.511084484,15.89,2.330993141,0.004455831629492092,-0.09999999999999964,-2.6800000000000637,-4.0300000400000044
4271,0.374765352,17.1,5.179670765,0.011376776747759413,-0.25,-4.32000000000005,-5.45000004000002
4272,0.145924265,12.68,2.717212242,0.005061368577129996,-0.5,-5.470000000000027,-8.13000002000004
4273,0.013003954,16.29,0.839935181,0.0027228176916946323,-0.15000000000000036,-3.640000000000043,-4.930000010000015
4274,0.042271111,9.48,5.216283186,0.011514098672192422,-0.15000000000000036,-5.480000000000022,-2.430000000000021
4275,4.849851293,11.6,0.740254103,0.0026345476303492603,-0.20000000000000018,-5.260000000000048,-5.950000000000031
4276,0.012980105,11.98,3.347254217,0.006229654737455642,-0.6500000000000004,-4.4900000000000375,-7.570000000000023
4277,0.267437996,9.33,1.540064814,0.00343167742111404,-0.10000000000000053,-3.670000000000016,-5.710000000000036
4278,7.259272283,9.33,0.906159455,0.0027830854126256717,-0.09999999999999964,-5.370000000000026,-5.710000000000026
4279,0.921348224,11.97,0.386628467,0.002343805894765361,-0.10000000000000053,-2.4300000000000352,-4.060000000000024
4280,0.052599798,8.99,2.448112642,0.004631415044323103,0.0,-2.070000000000036,-2.180000000000021
4281,0.300142509,8.99,2.362563953,0.004502498944667591,-0.25,-2.17000000000003,-2.180000000000021
4282,1.746843891,16.28,1.240303294,0.0031080729623533254,-0.20000000000000018,-3.890000000000043,-6.610000000000042
4283,0.018687443,6.43,2.872953835,0.0053281128704046315,-0.15000000000000036,-2.1800000000000352,-5.5500000000000345
4284,0.018999459,6.43,1.774900221,0.0037084698011617743,-0.20000000000000018,-3.0500000000000256,-5.550000000000026
4285,0.791276575,7.06,3.051601274,0.005651345882907934,-0.15000000000000036,-3.3900000000000183,-6.85000000000003
4286,0.012104184,14.02,1.852530754,0.0038047762717187466,-0.25,-3.3100000000000245,-3.5900000000000176
4287,0.018733447,23.7,6.514602117,0.017598102619962402,-0.5499999999999998,-6.6500000000000625,-6.170000000000044
4288,0.050104088,8.26,0.050343763,0.0020970780193516137,-0.10000000000000053,-5.840000000000032,-5.300000000000026
4289,2.612516664,5.57,1.625007369,0.0035293356192540987,-0.25,-1.5600000000000165,-5.350000000000023
4290,0.288025367,10.23,0.757729005,0.002649813112848329,-0.15000000000000036,-1.9400000000000261,-4.310000000000031
4291,1.497391335,10.23,0.180235596,0.0021891466988505862,-0.09999999999999964,-2.890000000000029,-4.3100000000000165
4292,0.859657148,13.07,0.292506176,0.002271968243088485,-0.10000000000000053,-3.270000000000053,-6.340000030000027
4293,0.011495483,17.31,6.254546009,0.016168050466151274,-0.5,-4.350000000000023,-8.150000000000041
4294,5.963390861,9.18,1.862979376,0.00381792739203469,-0.15000000000000036,-5.33000000000002,-4.110000000000021
4295,8.206810712,5.59,0.803484155,0.002690202444130158,-0.20000000000000018,-1.5200000000000173,-5.550000000000022
4296,0.04267203,5.59,2.225572157,0.004303461509101077,-0.20000000000000018,-1.930000000000014,-5.550000000000026
4297,0.365853342,5.86,1.081373209,0.0029490323760469448,-0.25,-2.0600000000000307,-5.930000000000028
4298,0.299989922,12.81,0.381343051,0.0023397124717814085,-0.10000000000000053,-3.7400000000000375,-5.840000000000023
4299,0.030206876,7.17,3.349415568,0.0062340919731533615,-0.2999999999999998,-3.5800000000000267,-5.59000000000003
4300,0.481468348,8.59,2.478180635,0.00467759267841613,-0.25,-4.130000000000024,-5.570000000000029
4301,0.045978995,16.69,2.760737323,0.005134548563594612,-0.5,-6.55000000000004,-7.670000050000027
4302,0.014048826,6.6,0.682418841,0.0025846474904098306,-0.15000000000000036,-1.8300000000000267,-5.770000000000028
4303,0.868090143,11.35,0.514616109,0.002445140009458298,-0.15000000000000036,-4.400000000000034,-5.770000000000024
4304,1.104011786,10.21,1.479156515,0.0033633136099441283,0.0,-4.180000000000035,-3.920000000000023
4305,1.610636693,15.74,2.194718909,0.004259857210526555,-0.4500000000000002,-6.570000000000022,-6.9900000000000375
4306,2.338682463,16.0,7.002089588,0.020621028713224677,-0.40000000000000036,-3.2300000000000466,-3.340000000000032
4307,0.091482452,9.1,4.063184733,0.00788517637978762,-0.20000000000000018,-3.3100000000000307,-0.9900000000000091
4308,0.137628381,10.97,1.638224783,0.0035447786510729037,-0.15000000000000036,-3.910000000000039,-5.390000040000018
4309,0.462689006,8.63,0.412309256,0.002363796947448,-0.14999999999999947,-2.3400000000000176,-3.5100000000000158
4310,2.339557857,10.17,0.746195799,0.002639728227938973,-0.09999999999999964,-5.340000000000032,-2.960000000000015
4311,1.363509794,10.17,4.21188636,0.008280313431031978,-0.14999999999999947,-4.0600000000000165,-2.960000000000022
4312,0.036453612,7.8,2.367354025,0.004509621914683483,-0.20000000000000018,-4.190000000000019,-3.5900000000000176
4313,0.264519539,7.28,2.004345438,0.0040003721593424675,-0.20000000000000018,-4.720000000000027,-7.080000000000027
4314,0.028457554,6.18,1.629349932,0.003534401996951979,-0.15000000000000036,-5.080000000000027,-4.360000000000014
4315,2.351188327,9.6,3.510060267,0.006572838134332322,-0.35000000000000053,-2.7500000000000213,-3.5200000000000244
4316,0.011708928,15.72,5.476314056,0.01253765447808649,-0.25,-3.140000000000043,-3.380000000000024
4317,0.011316179,15.72,2.047528635,0.004057816211633849,-0.1999999999999993,-3.5100000000000477,-3.380000000000024
4318,0.408353443,16.55,3.261883343,0.006056876952994907,-0.2999999999999998,-3.0300000000000438,-4.340000000000032
4319,0.773337067,16.55,4.488394443,0.009067972500228234,-0.25,-4.540000000000049,-4.340000000000032
4320,3.740294401,13.23,0.741900946,0.0026359825052328168,-0.10000000000000053,-4.660000000000053,-4.4200000000000195
4321,1.043204725,8.0,1.656328443,0.003566040028183118,-0.09999999999999964,-2.0300000000000153,-2.690000000000012
4322,0.63182101,8.0,3.996643898,0.00771447432202645,-0.15000000000000036,-2.390000000000015,-2.690000000000012
4323,0.598667737,6.84,0.973805819,0.0028460208607848218,-0.15000000000000036,-1.470000000000013,-3.97000000000002
4324,0.193305105,10.05,4.312028583,0.008557418018427515,-0.35000000000000053,-4.680000000000021,-5.180000000000035
4325,4.82718977,6.67,0.231534763,0.0022266093576758517,-0.09999999999999964,-4.340000000000018,-4.82000000000002
4326,0.020278451,11.19,1.481641524,0.0033660760535648387,-0.25,-4.550000000000026,-5.770000000000024
4327,0.026368267,22.01,1.230901634,0.0030984312324194947,-0.20000000000000018,-1.7100000000000932,-5.760000000000048
4328,0.146995409,22.01,1.364846668,0.0032386547368086272,-0.09999999999999964,-3.850000000000051,-5.7600000000000335
4329,0.142818352,12.81,3.908820556,0.0074947763408418884,-0.34999999999999964,-3.30000000000004,-3.430000000000021
4330,3.081209416,12.81,2.192868349,0.004257255879078753,-0.15000000000000036,-3.5400000000000347,-3.4300000200000085
4331,0.056530132,12.11,3.151165641,0.005839876757535085,-0.25,-3.380000000000038,-5.370000000000033
4332,1.171020927,12.12,0.385558686,0.0023429767997306676,-0.09999999999999964,-2.4900000000000375,-5.000000000000021
4333,0.58534936,8.25,1.793321792,0.003731101036232857,-0.20000000000000018,-3.940000000000019,-4.7900000000000205
4334,0.097099479,12.32,1.65924424,0.003569476271930927,-0.20000000000000018,-2.890000000000029,-5.420000020000018
4335,0.030959265,12.32,6.005296482,0.014904958005295931,-0.2999999999999998,-4.740000000000023,-5.420000000000044
4336,1.747899252,16.57,0.504296529,0.0024368099698549267,-0.25,-6.650000000000034,-7.650000000000034
4337,1.208800565,6.3,2.273871462,0.004372616033897018,-0.20000000000000018,-2.0800000000000196,-1.230000000000011
4338,0.419841716,8.36,2.104211264,0.004134466402684798,-0.20000000000000018,-3.2500000000000213,-3.2600000000000193
4339,0.628227017,8.12,2.949016193,0.0054634242414832316,-0.40000000000000036,-4.800000000000026,-6.070000000000029
4340,0.075090069,8.17,0.748339879,0.0026416001567732507,-0.10000000000000053,-2.5500000000000256,-5.730000000000025
4341,0.065578492,7.51,2.662069461,0.00497014378006736,-0.09999999999999964,-3.3100000000000165,-2.600000000000016
4342,0.072970995,8.91,3.970121523,0.007647461104412541,-0.39999999999999947,-2.210000000000022,-5.230000000000032
4343,0.52185125,8.91,1.032470887,0.002901748282859448,-0.1999999999999993,-2.3000000000000185,-5.230000000000032
4344,0.056021189,6.32,1.113385177,0.002980400282958577,-0.1999999999999993,-2.5500000000000256,-3.6400000000000183
4345,7.722680519,6.89,0.054808838,0.00210017783081,0.0,-1.6100000000000136,-2.780000000000012
4346,0.195576025,6.89,1.50729901,0.003394730563297294,-0.20000000000000018,-1.680000000000014,-2.7800000000000153
4347,0.015852151,6.89,2.065914083,0.004082521937182858,-0.15000000000000036,-3.2200000000000273,-2.7800000000000153
4348,0.038515919,6.97,1.770515549,0.0037031033327320126,-0.20000000000000018,-2.5200000000000244,-3.910000000000018
4349,0.125920279,13.79,0.999119518,0.002869934875824665,-0.25,-6.440000000000026,-6.720000000000027
4350,0.676139926,9.64,0.703467874,0.0026026984906339246,-0.25,-1.9800000000000324,-6.260000000000026
4351,0.616640163,14.08,4.270471315,0.008441325655686473,-0.4500000000000002,-2.900000000000034,-5.4700000200000005
4352,0.027513281,5.28,1.48120641,0.0033655921987469405,-0.1999999999999993,-3.890000000000022,-2.1200000000000117
4353,0.634569346,11.33,0.945940558,0.0028199260590692737,-0.09999999999999964,-4.4900000000000375,-4.950000000000031
4354,0.029916066,11.33,1.866923323,0.0038229031901766196,-0.25,-2.8100000000000165,-4.950000000000017
4355,0.683874743,11.88,3.333503632,0.006201498308515397,-0.35000000000000053,-3.7600000000000335,-5.2700000400000135
4356,0.079852932,10.71,3.307852127,0.006149310512170854,-0.25,-3.0100000000000335,-4.390000000000029
4357,1.09493209,10.71,3.450144105,0.0064444080571408316,-0.3000000000000007,-4.42000000000003,-4.390000000000029
4358,3.426459688,11.63,0.208945699,0.0022100348786304007,-0.09999999999999964,-4.120000000000047,-5.100000000000023
4359,0.426754638,11.63,1.553229942,0.0034466350813226825,-0.20000000000000018,-3.390000000000029,-5.100000000000033
4360,0.056075197,18.34,1.29343102,0.003163122038817045,-0.25,-5.380000000000052,-5.910000000000053
4361,0.165291004,10.07,0.421987993,0.002371375359140918,-0.15000000000000036,-3.2000000000000313,-5.480000000000025
4362,1.251367516,11.7,5.854269318,0.014187432277831102,-0.25,-2.5600000000000307,-0.9400000099999914
4363,0.33849016,6.68,0.244742496,0.0022363577862617506,-0.09999999999999964,-1.7600000000000193,-2.590000000000014
4364,0.110744325,17.37,4.662792685,0.009602487365909523,-0.2999999999999998,-3.330000000000055,-4.470000020000015
4365,0.534417354,17.37,5.981302932,0.014788622520747604,-0.34999999999999964,-4.2000000000000455,-4.470000000000027
4366,0.029486854,13.39,4.949064051,0.010548310173282735,-0.2999999999999998,-4.230000000000032,-2.0600000000000165
4367,0.69927744,11.52,2.299802621,0.004410199360354603,-0.20000000000000018,-4.370000000000033,-4.960000000000022
4368,0.910825565,11.84,3.033855989,0.005618385311651795,0.0,-4.140000000000029,-3.5200000000000244
4369,0.445833704,12.81,4.564909267,0.009298754285549637,-0.40000000000000036,-6.840000000000032,-4.600000000000023
4370,12.87721076,27.16,1.656289892,0.003565994618218895,-0.1999999999999993,-6.400000000000034,-6.260000000000048
4371,0.889902354,10.61,2.796925641,0.005196193758516433,-0.39999999999999947,-2.2700000000000387,-6.11000003999996
4372,1.951852701,10.61,0.795302616,0.0026829355649220996,-0.25,-4.160000000000039,-6.110000000000028
4373,0.318711577,16.83,5.642780993,0.013239558386898314,-0.5,-7.680000000000035,-4.120000000000033
4374,0.887501334,9.73,0.525556352,0.0024540020743885503,-0.10000000000000053,-2.730000000000018,-5.78000000000003
4375,0.037947524,6.12,0.076495767,0.002115298815668161,-0.09999999999999964,-2.510000000000012,-4.0500000000000185
4376,1.365401886,7.68,1.034102234,0.0029033133909168035,-0.20000000000000018,-2.7300000000000324,-4.5400000000000205
4377,0.046709877,13.14,2.653928603,0.004956815358769387,-0.10000000000000053,-3.5100000000000477,-4.420000019999975
4378,0.176658358,16.23,0.963620749,0.0028364551099609556,-0.25,-4.960000000000065,-8.31000004000002
4379,1.172336747,14.5,0.550228139,0.0024741050541603215,-0.20000000000000018,-6.210000000000036,-7.970000040000002
4380,0.11721326,14.5,4.366263808,0.008711310644833322,-0.7000000000000002,-6.120000000000033,-7.970000020000015
4381,5.008900411,9.74,2.226684328,0.004305041590249763,-0.14999999999999947,-4.330000000000027,-6.53000000000003
4382,0.135606145,12.48,4.302699722,0.008531220353280114,-0.2999999999999998,-3.850000000000037,-5.250000040000032
4383,3.010999947,12.48,2.544619884,0.00478125968425968,-0.1999999999999993,-4.380000000000024,-5.250000000000028
4384,0.107491372,8.4,0.939872424,0.0028142751836645018,-0.15000000000000036,-3.2600000000000335,-5.180000000000021
4385,0.350390077,9.52,2.982689919,0.005524414432321752,-0.1999999999999993,-3.190000000000019,-4.400000000000034
4386,1.076018036,9.17,2.095790643,0.004122988915505894,-0.15000000000000036,-5.240000000000023,-4.3100000000000245
4387,0.232621068,11.08,4.217347078,0.008295191810212524,0.0,-2.3700000000000188,-5.750000000000031
4388,0.180769442,6.22,3.631092151,0.00684007537372647,0.0,-3.8100000000000165,-6.480000000000025
4389,0.023722671,7.65,1.295511145,0.003165297051571984,-0.14999999999999947,-2.410000000000011,-3.920000000000016
4390,0.389394492,8.81,0.850892658,0.0027326989726734457,-0.20000000000000018,-2.3100000000000165,-5.980000000000032
4391,3.992595647,5.93,2.550888102,0.004791157411347215,-0.15000000000000036,-1.7300000000000182,-3.200000000000017
4392,1.176931206,8.86,2.052965006,0.004065105872658431,-0.25,-2.910000000000018,-4.630000000000024
4393,1.757055635,7.87,1.753012175,0.003681757659371565,-0.25,-6.310000000000031,-4.870000000000019
4394,1.582695804,5.73,2.078469724,0.004099479796624759,-0.25,-5.41000000000002,-2.150000000000006
4395,0.536159072,8.16,1.656660454,0.0035664311341745917,-0.09999999999999964,-4.550000000000026,-3.0200000000000173
4396,0.014015312,8.88,1.677002479,0.003590475568189275,-0.20000000000000018,-4.660000000000025,-4.500000000000021
4397,0.155854046,12.41,4.505991146,0.009120539496246896,-0.34999999999999964,-3.7900000000000205,-5.160000020000027
4398,0.015080957,7.7,4.492482414,0.009080157747910404,-0.25,-4.660000000000025,-6.510000000000039
4399,0.643783184,8.08,1.182622357,0.0030493868712849104,-0.1999999999999993,-2.0100000000000335,-4.360000000000021
4400,3.247490014,11.83,0.98347222,0.00285512923140643,-0.1999999999999993,-2.630000000000038,-4.890000000000029
4401,0.022377507,10.24,4.482839608,0.009051440850255565,-0.10000000000000053,-2.350000000000037,-3.5200000000000244
4402,2.097454147,10.24,2.175199611,0.0042324984516503746,-0.20000000000000018,-3.0100000000000193,-3.5200000000000244
4403,0.429538906,10.24,3.342694497,0.006220303962230488,-0.25,-3.2300000000000324,-3.5200000000000244
4404,1.178566202,9.4,0.450565723,0.0023938933394718792,-0.20000000000000018,-5.240000000000023,-7.2400000000000375
4405,0.116307869,5.3,1.675431898,0.0035886133889632484,-0.20000000000000018,-1.3900000000000148,-3.2700000000000173
4406,4.720265512,16.17,0.710153559,0.002608458196927903,-0.14999999999999947,-3.8800000000000523,-6.690000000000033
4407,2.612631837,9.31,0.532065744,0.002459290156265064,-0.15000000000000036,-4.940000000000026,-7.040000000000035
4408,4.242339947,9.31,2.025821745,0.004028838862330482,-0.39999999999999947,-7.480000000000032,-7.040000000000035
4409,0.304828834,6.55,0.704048191,0.0026031979296103768,-0.14999999999999947,-2.0200000000000387,-4.710000000000022
4410,0.588682865,6.55,0.488096977,0.002423790638167292,-0.14999999999999947,-3.1000000000000227,-4.710000000000022
4411,0.043674429,8.32,3.993042923,0.007705341784985863,-0.40000000000000036,-2.5100000000000264,-5.340000000000032
4412,3.286072815,8.32,2.741541535,0.0051021452685608,-0.2999999999999998,-2.5500000000000256,-5.340000000000026
4413,0.149729273,20.84,4.622303606,0.00947567576019459,-0.20000000000000018,-4.53000000000003,-4.080000000000041
4414,1.951783367,11.85,1.778414248,0.003712776266083292,-0.14999999999999947,-2.4800000000000324,-4.680000000000021
4415,0.687191134,6.6,0.485527574,0.0024217320337550246,0.0,-1.3900000000000148,-4.270000000000024
4416,0.124701295,7.73,0.451411631,0.0023945631179097997,0.0,-4.330000000000041,-3.7800000000000153
4417,0.184056256,9.47,3.62418083,0.006824528822649436,-0.2999999999999998,-3.8000000000000256,-2.2800000000000153
4418,1.95516562,12.74,0.730752959,0.0026262845942010777,-0.2999999999999998,-3.2600000000000193,-7.670000000000037
4419,0.025386707,15.91,0.376915273,0.002336288758836195,-0.14999999999999947,-5.190000000000055,-6.880000000000038
4420,0.049167014,11.17,4.424361308,0.008879206465813017,0.0,-5.570000000000036,-6.120000010000027
4421,0.740898718,9.16,1.079789534,0.0029474891371148396,-0.15000000000000036,-3.2200000000000273,-4.0500000000000185
4422,0.061216032,31.56,4.834307117,0.01015856883010964,-0.4500000000000002,-4.710000000000093,-5.150000000000034
4423,0.075921145,11.42,2.447238296,0.004630079057614936,-0.25,-4.600000000000037,-6.120000030000014
4424,5.423280384,6.46,1.077836044,0.002945586634836724,-0.15000000000000036,-3.6100000000000207,-5.860000000000028
4425,0.024602603,7.86,1.057246222,0.0029256085346590598,-0.15000000000000036,-3.960000000000022,-3.230000000000018
4426,3.08265177,26.81,3.371395233,0.006279394794933611,-0.4500000000000002,-6.440000000000111,-4.850000000000051
4427,5.169167584,26.81,9.140578517,0.0410244156631749,-0.4500000000000002,-6.710000000000093,-4.850000000000023
4428,0.345703697,20.9,4.991321834,0.010695523984229587,-0.3000000000000007,-5.30000000000004,-6.080000000000041
4429,0.530071744,12.58,5.402064745,0.012236554041395297,-0.5,-4.830000000000027,-7.470000030000037
4430,0.250953945,13.31,1.883364706,0.003843715808383392,-0.20000000000000018,-3.390000000000043,-5.17000000000003
4431,0.101954102,13.31,4.692054818,0.009695181076300699,-0.25,-4.230000000000018,-5.170000040000019
4432,0.020996533,13.31,2.698212769,0.005029750445648427,-0.20000000000000018,-5.180000000000028,-5.17000000000003
4433,0.866587707,12.99,2.436132799,0.00461314337664159,-0.20000000000000018,-2.620000000000047,-3.6400000199999596
4434,1.976865268,12.99,0.981988426,0.002853729209027939,-0.14999999999999947,-3.2000000000000313,-3.6400000000000206
4435,0.28774789,12.99,2.664604984,0.004974302281614607,-0.20000000000000018,-3.3100000000000165,-3.640000029999996
4436,0.165407788,7.0,2.196664196,0.004262593405994644,-0.10000000000000053,-2.5100000000000335,-1.220000000000006
4437,0.104937325,8.19,0.271795425,0.002256458287086405,-0.10000000000000053,-2.4700000000000273,-3.3600000000000207
4438,0.176431809,13.92,4.219370556,0.008300711747208043,-0.2999999999999998,-3.5100000000000477,-3.3300000500000237
4439,0.565138947,13.92,5.798329394,0.0139303949460519,-0.2999999999999998,-4.350000000000023,-3.3300000100000204
4440,0.01608186,8.44,3.168559643,0.005873449057925141,-0.25,-2.610000000000028,-2.8300000000000125
4441,0.222579858,7.26,1.204743935,0.00307176220077889,-0.09999999999999964,-3.910000000000025,-4.58000000000002
4442,2.336648354,5.81,2.219928786,0.004295452765732317,-0.2999999999999998,-2.7900000000000134,-5.050000000000026
4443,0.12695325,16.71,1.917523211,0.0038873174984751556,-0.20000000000000018,-3.520000000000067,-6.730000000000047
4444,0.032201805,10.95,2.687006928,0.005011194366080563,-0.4500000000000002,-5.590000000000032,-7.880000029999962
4445,1.27369551,14.68,1.289184184,0.0031586861022189637,-0.20000000000000018,-5.900000000000048,-7.030000010000009
4446,0.037408227,14.68,0.05895451,0.0021030599948100724,-0.15000000000000036,-6.390000000000029,-7.03000000000003
4447,0.471870415,7.02,3.068010396,0.005681995694084667,-0.34999999999999964,-2.960000000000015,-6.370000000000033
4448,0.354452196,10.99,0.160920363,0.0021752047659128713,-0.09999999999999964,-4.590000000000046,-4.47000000000002
4449,0.218348334,10.99,2.62728828,0.004913447263930635,-0.25,-3.430000000000021,-4.470000000000027
4450,0.073170542,10.99,1.377901771,0.0032526555633722283,-0.10000000000000053,-3.3300000000000267,-4.47000000000002
4451,0.820485874,25.16,2.576398961,0.004831650722033139,-0.09999999999999964,-5.220000000000027,-6.900000000000034
4452,0.431395648,12.95,1.473162377,0.0033566595609937763,-0.25,-3.7000000000000455,-5.2700000400000135
4453,0.142113017,12.95,3.062052105,0.005670847423968431,-0.40000000000000036,-5.330000000000041,-5.270000000000024
4454,0.327382621,7.2,0.181221607,0.002189860798878589,0.0,-2.430000000000014,-2.7900000000000134
4455,1.963028004,11.39,1.661323459,0.003571928630107575,-0.14999999999999947,-2.6000000000000227,-4.47000000000002
4456,0.237804712,11.39,6.418517864,0.017055811795971883,-0.40000000000000036,-3.3700000000000188,-4.470000000000013
4457,0.27393456,7.1,4.160910398,0.008142693722384955,-0.25,-2.0700000000000216,-0.5700000000000074
4458,1.69342637,13.18,0.181595011,0.0021901312904160338,-0.14999999999999947,-5.620000000000033,-7.260000000000026
4459,0.03406561,10.34,3.916898726,0.007514722574520833,-0.1999999999999993,-3.3100000000000307,-4.530000019999974
4460,2.18318375,7.79,3.286927319,0.00610706256073045,-0.34999999999999964,-1.8000000000000256,-5.200000000000031
4461,0.035347376,7.79,1.597040007,0.0034968796186452744,-0.09999999999999964,-2.3800000000000168,-5.200000000000024
4462,0.024340523,11.52,1.172742396,0.0030394461417839673,-0.15000000000000036,-2.830000000000041,-2.0300000000000296
4463,3.510253928,7.08,3.778114982,0.0071792523514943845,-0.10000000000000053,-1.7200000000000202,-0.9100000000000108
4464,0.439588064,7.09,0.737385034,0.0026320497048742874,-0.15000000000000036,-2.17000000000003,-4.980000000000025
4465,0.056267497,5.65,0.833615567,0.002717134972810816,-0.09999999999999964,-1.8000000000000256,-4.13000000000002
4466,1.352514021,5.65,0.271411999,0.0022561721436089705,-0.09999999999999964,-1.710000000000008,-4.13000000000002
4467,0.674902027,8.89,1.145687032,0.003012389429620863,-0.10000000000000053,-2.9700000000000273,-3.8600000000000207
4468,2.318799994,8.89,1.374701221,0.003249217590529492,-0.1999999999999993,-3.6200000000000188,-3.8600000000000207
4469,0.01832309,9.46,4.327803653,0.008601899752536026,-0.34999999999999964,-3.5200000000000173,-5.710000000000022
4470,0.059549346,10.98,0.370266827,0.00233115733235318,0.0,-3.05000000000004,-6.92000000000003
4471,0.022509402,9.37,0.530582797,0.002458084444932996,-0.20000000000000018,-3.940000000000026,-7.290000000000049
4472,0.088595444,9.37,3.783625686,0.007192284971238817,-0.2999999999999998,-3.8200000000000216,-7.290000000000035
4473,1.316471553,14.34,3.793072013,0.007214679859828404,-0.35000000000000053,-4.5400000000000205,-6.1600000200000204
4474,2.391606178,14.34,2.366385754,0.0045081811648215765,-0.40000000000000036,-5.590000000000032,-6.160000000000039
4475,1.802962671,8.23,2.272058786,0.004370000787836925,-0.20000000000000018,-1.6800000000000352,-1.4200000000000175
4476,0.980635028,9.3,2.929078067,0.005427628221378196,-0.15000000000000036,-4.520000000000024,-6.090000000000032
4477,4.536515728,5.66,1.34529536,0.0032177993788335825,-0.14999999999999947,-3.010000000000012,-2.3900000000000112
4478,0.137186442,9.8,5.479372224,0.012550211780378498,-0.34999999999999964,-3.7600000000000193,-5.190000000000026
4479,1.908646639,8.18,2.52156682,0.004745032842631413,-0.20000000000000018,-2.640000000000015,-5.420000000000023
4480,0.709898516,9.04,1.283026698,0.0031522654507678107,-0.20000000000000018,-2.0400000000000347,-5.480000000000032
4481,0.084282066,17.71,5.127865718,0.011185233886765627,-0.5499999999999998,-6.780000000000058,-6.410000000000025
4482,1.541775823,7.53,2.281335122,0.004383400688209255,-0.35000000000000053,-2.700000000000017,-6.5100000000000335
4483,0.035590839,7.53,0.55448581,0.002477590858056963,-0.1999999999999993,-2.8000000000000114,-6.5100000000000335
4484,0.434125461,12.89,5.102912977,0.011094115325264517,-0.35000000000000053,-5.010000000000048,-6.710000000000053
4485,0.128960555,5.65,1.101341828,0.002968560394527634,0.0,-1.450000000000017,-4.960000000000022
4486,0.391682887,5.65,0.861786705,0.002742558504495094,-0.14999999999999947,-2.440000000000026,-4.960000000000022
4487,0.02464434,10.02,0.353582004,0.0023183290584625894,-0.10000000000000053,-2.7400000000000375,-5.760000000000026
4488,0.508731706,10.02,4.098748843,0.007977942798670645,-0.25,-4.190000000000026,-5.760000000000019
4489,0.340975532,13.16,1.729317328,0.0036530565494112353,-0.09999999999999964,-4.700000000000031,-6.400000000000034
4490,0.024936345,17.8,4.205748308,0.008263621163059818,0.0,-4.120000000000033,-5.620000000000033
4491,0.089694532,7.23,1.748925808,0.003676791939391578,-0.14999999999999947,-1.6800000000000352,-2.0800000000000125
4492,0.357927026,7.23,0.7733607,0.002663543167553546,-0.15000000000000036,-2.2400000000000375,-2.0800000000000125
4493,0.02907086,10.97,2.552547408,0.004793780922934691,-0.40000000000000036,-2.7700000000000244,-6.2600000000000335
4494,2.446526649,6.58,2.667118366,0.004978427886564386,-0.25,-1.5600000000000165,-5.48000000000002
4495,0.588014453,6.11,0.522285184,0.002451348935767663,-0.10000000000000053,-3.230000000000018,-4.210000000000022
4496,0.021264951,5.04,3.155563968,0.00584834793961931,-0.15000000000000036,-1.4800000000000253,-3.6200000000000188
4497,0.464608069,17.84,1.834916425,0.003782708143507757,-0.40000000000000036,-6.040000000000106,-7.990000000000052
4498,2.165245144,14.13,0.469637423,0.0024090395443608767,-0.15000000000000036,-4.200000000000024,-5.7600000000000335
4499,5.025152595,5.58,1.359792283,0.0032332503520471484,-0.09999999999999964,-1.180000000000014,-2.170000000000016
4500,1.166503713,5.58,0.95018104,0.002823881670566467,-0.09999999999999964,-1.5800000000000196,-2.1700000000000124
4501,0.080456758,9.99,1.801928404,0.0037417215224255333,-0.15000000000000036,-2.7000000000000313,-4.370000000000019
4502,0.029220868,8.46,2.62804363,0.004914671690550484,-0.25,-2.6100000000000136,-3.150000000000024
4503,0.042558028,9.53,3.549428383,0.006658604420468301,-0.2999999999999998,-4.470000000000027,-3.0000000000000178
4504,0.485974855,14.81,2.111790395,0.004144824125656033,-0.20000000000000018,-4.140000000000043,-7.03000000000003
4505,0.245000426,9.31,2.199970712,0.004267248290407297,-0.25,-3.0300000000000296,-2.0900000000000176
4506,0.126490174,13.17,1.013575636,0.0028836814383671593,-0.15000000000000036,-5.620000000000033,-8.42000000000003
4507,0.447382937,8.2,2.277719336,0.004378172736366515,-0.10000000000000053,-2.2900000000000205,-3.0200000000000244
4508,0.092880173,8.04,2.002254217,0.003997610985731972,-0.25,-5.370000000000026,-4.98000000000002
4509,0.301738898,11.46,2.710080791,0.005049477597566847,-0.3000000000000007,-4.850000000000037,-5.0300000000000225
4510,0.01256531,11.46,5.321076658,0.011916265997254353,-0.25,-5.050000000000026,-5.0300000299999965
4511,0.835434416,14.28,0.647271254,0.0025547839151150026,-0.25,-5.330000000000027,-6.870000000000033
4512,0.109738594,14.28,4.258672095,0.00840864948660796,-0.5499999999999998,-6.780000000000058,-6.870000000000047
4513,1.503898691,9.89,1.477233891,0.0033611778882183586,-0.10000000000000053,-3.850000000000037,-4.570000000000029
4514,0.096272766,12.25,0.859423238,0.002740416466976461,-0.20000000000000018,-2.830000000000041,-4.950000029999984
4515,0.368807775,13.86,5.529622115,0.012758332545134561,-0.5500000000000007,-6.590000000000046,-7.460000000000036
4516,1.20050087,8.44,4.310472986,0.00855304399719541,-0.10000000000000053,-2.650000000000027,-1.4300000000000068
4517,1.827649391,28.91,4.60705166,0.00942833802840279,-0.5999999999999996,-5.220000000000027,-7.07000000000005
4518,0.187181497,13.56,0.748807113,0.0026420082597463173,-0.15000000000000036,-2.9900000000000517,-5.620000020000006
4519,0.469494436,13.56,0.488674974,0.0024242539695420824,-0.10000000000000053,-3.9500000000000455,-5.620000000000033
4520,0.1373295,13.56,5.281550546,0.011762971421397926,-0.5,-3.590000000000032,-5.620000000000033
4521,0.287017116,10.25,1.465487692,0.003348159099154624,-0.25,-2.5200000000000244,-6.560000000000031
4522,0.869675514,10.25,2.646687378,0.004944989729575046,-0.34999999999999964,-3.2500000000000426,-6.560000000000031
4523,0.357574059,15.22,3.119820863,0.005779858885738115,-0.35000000000000053,-3.140000000000043,-3.200000000000017
4524,0.739055013,15.22,3.284165949,0.0061015088433543216,-0.20000000000000018,-3.6300000000000523,-3.200000000000017
4525,0.820285856,6.8,1.125172195,0.0029920337579476854,-0.10000000000000053,-2.8200000000000145,-5.60000000000003
4526,0.044417027,19.56,4.492862755,0.009081292276584533,-0.5,-4.020000000000053,-5.790000000000049
4527,0.094999752,19.56,4.543364133,0.00923318824379136,-0.5,-3.9000000000000625,-5.790000000000049
4528,0.425707686,7.9,1.201419913,0.003068389629591772,-0.20000000000000018,-2.1100000000000136,-4.590000000000025
4529,0.294661615,7.11,1.605518098,0.0035066868655599815,-0.10000000000000053,-3.72000000000002,-4.90000000000002
4530,0.116253949,8.24,0.549620729,0.0024736081595589246,-0.09999999999999964,-4.200000000000031,-3.680000000000014
4531,0.097242711,8.24,1.899280659,0.0038639708109067233,-0.10000000000000053,-4.370000000000026,-3.680000000000021
4532,5.358931116,20.12,0.762631135,0.002654111270370494,-0.20000000000000018,-5.290000000000049,-7.090000000000032
4533,0.153613096,19.26,8.146298929,0.02984895615781667,-0.4500000000000002,-6.810000000000031,-5.600000000000051
4534,0.031660388,7.39,0.645198846,0.0025530338524196107,-0.09999999999999964,-3.660000000000025,-2.480000000000011
4535,0.170846428,11.45,0.474581991,0.0024129819615930303,-0.09999999999999964,-3.7400000000000375,-4.930000000000021
4536,0.418091964,8.75,4.024568288,0.007785659689865007,-0.40000000000000036,-5.240000000000023,-6.590000000000032
4537,2.662651402,6.87,2.77002331,0.005150297091392875,-0.1999999999999993,-6.310000000000031,-5.470000000000027
4538,7.794144616,7.55,2.623670546,0.004907587103788851,-0.34999999999999964,-4.890000000000018,-8.310000000000043
4539,7.531207335,6.42,1.951245988,0.003930846242884246,-0.25,-1.680000000000021,-1.2900000000000134
4540,0.975926359,6.42,2.18777492,0.004250104213179323,0.0,-1.680000000000021,-1.290000000000018
4541,0.96250704,6.42,3.685805345,0.006964396733736191,-0.15000000000000036,-2.880000000000013,-1.2900000000000134
4542,0.019155785,6.63,0.249409829,0.002239812847862669,0.0,-3.7400000000000233,-2.20000000000001
4543,1.892208104,19.86,0.100184083,0.0021319394114752426,0.0,-2.510000000000076,-4.010000000000048
4544,0.072289178,10.72,3.433882327,0.006409983231850238,-0.4500000000000002,-4.67000000000003,-6.560000029999969
4545,0.041495859,7.13,0.608460687,0.0025222077338959447,-0.10000000000000053,-4.330000000000041,-3.3400000000000176
4546,2.423502487,7.13,3.156725718,0.005850587509958262,-0.15000000000000036,-5.33000000000002,-3.3400000000000247
4547,1.559147693,10.82,0.636130997,0.0025453904812818883,0.0,-3.700000000000017,-5.300000000000026
4548,0.513275882,10.82,2.214524519,0.004287797255468783,-0.15000000000000036,-4.990000000000023,-5.300000000000026
4549,0.158063074,7.27,3.009997158,0.005574370363647143,-0.20000000000000018,-2.1000000000000085,-2.6300000000000097
4550,0.012531299,17.74,3.389700739,0.006317374285184253,-0.20000000000000018,-6.340000000000046,-6.960000030000032
4551,1.719477087,6.18,0.434685294,0.0023813540630277367,-0.15000000000000036,-2.4700000000000273,-4.940000000000019
4552,3.37735088,8.97,1.819880556,0.0037639713510108407,-0.2999999999999998,-2.9600000000000364,-7.790000000000035
4553,2.629842993,8.97,1.933840007,0.003908318636333287,-0.2999999999999998,-3.8200000000000216,-7.790000000000035
4554,0.135036278,9.11,1.507335741,0.0033947717585717445,-0.20000000000000018,-1.640000000000029,-5.770000000000024
4555,2.568887539,10.39,1.551918197,0.0034451418226582415,-0.14999999999999947,-5.340000000000032,-4.170000000000023
4556,0.261764417,10.87,3.230271917,0.005994115673779919,-0.20000000000000018,-2.9700000000000273,-2.2600000000000193
4557,10.07941811,6.31,1.117882725,0.0029848339134322475,-0.14999999999999947,-4.470000000000017,-2.500000000000014
4558,0.554644441,7.36,0.221500894,0.0022192318607496676,-0.09999999999999964,-2.360000000000028,-6.030000000000037
4559,0.973110875,9.33,0.258775637,0.002246762099309603,-0.09999999999999964,-2.400000000000034,-4.440000000000026
4560,0.01270025,9.33,0.825678834,0.0027100148615774493,0.0,-2.690000000000026,-4.440000000000026
4561,4.325749118,8.19,1.011132564,0.0028813536790815303,-0.25,-3.8700000000000188,-6.760000000000026
4562,1.821993081,10.65,2.082750164,0.004105277050093189,-0.15000000000000036,-3.2100000000000364,-3.170000000000016
4563,0.422784695,10.65,1.64361175,0.003551092000683404,-0.15000000000000036,-3.3500000000000227,-3.170000000000016
4564,0.014589734,7.53,3.112371804,0.0057656861129436925,-0.2999999999999998,-3.92000000000003,-3.1000000000000227
4565,0.022218137,8.43,3.859153682,0.007373290779959128,-0.3000000000000007,-4.480000000000032,-0.5500000000000114
4566,0.553315992,19.81,3.281594883,0.00609634238148314,-0.15000000000000036,-4.250000000000028,-5.470000000000027
4567,0.073006947,10.98,5.613030405,0.013111330958436947,-0.35000000000000053,-2.6200000000000188,-2.170000000000016
4568,0.305348733,4.46,1.505231474,0.003392412542698187,-0.20000000000000018,-2.0400000000000205,-3.950000000000024
4569,1.451982386,24.35,2.038627722,0.004045909023567301,-0.2999999999999998,-4.790000000000049,-6.55000000000004
4570,0.137971999,11.17,2.38735827,0.004539490224916923,-0.2999999999999998,-3.930000000000021,-6.390000030000039
4571,0.042584226,6.25,2.823597886,0.005242099524274649,-0.15000000000000036,-3.5200000000000173,-1.8300000000000196
4572,0.086120612,8.6,2.76439664,0.005140748838059998,-0.25,-3.6700000000000443,-4.220000000000027
4573,7.366236689,8.42,2.72114698,0.005067941280184604,-0.4500000000000002,-3.500000000000014,-7.350000000000037
4574,0.015728062,8.42,1.585757275,0.003483870409582463,-0.25,-3.8200000000000216,-7.350000000000037
4575,0.02568632,18.52,4.644438419,0.009544794968297483,-0.34999999999999964,-3.9200000000000443,-5.6100000200000295
4576,0.132468923,4.85,0.265833813,0.00225201334263506,-0.09999999999999964,-1.5900000000000176,-4.4300000000000175
4577,2.203091057,4.85,1.617509749,0.0035206053298439915,-0.10000000000000053,-2.950000000000017,-4.430000000000021
4578,1.420994204,10.92,1.360000924,0.003233473262783234,-0.25,-3.2600000000000335,-6.580000000000027
4579,0.341253478,14.98,1.580096337,0.003477361418785438,-0.2999999999999998,-3.0300000000000438,-6.790000000000035
4580,1.821457456,7.85,3.109107562,0.00575948637433165,-0.20000000000000018,-2.730000000000018,-1.910000000000018
4581,0.042911396,7.47,1.062680572,0.0029308682697418457,-0.15000000000000036,-2.1000000000000227,-3.980000000000018
4582,0.077649675,7.6,4.758491552,0.009908934979129936,0.0,-2.3600000000000136,-1.190000000000012
4583,0.017949773,7.52,1.726709872,0.00364991183509609,-0.15000000000000036,-3.1200000000000188,-2.500000000000014
4584,0.3891146,8.06,0.670493684,0.0025744763114899033,0.0,-1.9900000000000233,-4.78000000000003
4585,0.206218146,8.06,0.197384426,0.0022015996053753395,-0.09999999999999964,-2.8000000000000114,-4.7800000000000225
4586,0.037794418,8.22,3.584533577,0.006736020697972854,-0.2999999999999998,-5.33000000000002,-2.3300000000000196
4587,0.148863452,8.21,0.887158068,0.0027656582969814805,-0.14999999999999947,-5.370000000000033,-4.2900000000000205
4588,0.624036859,15.7,3.071571979,0.005688670002852633,-0.20000000000000018,-4.370000000000033,-5.320000000000022
4589,0.79354211,7.26,0.332233668,0.002302017859097734,-0.10000000000000053,-2.180000000000021,-3.2900000000000205
4590,0.051900883,7.26,3.400680883,0.006340264849870855,-0.2999999999999998,-2.0800000000000196,-3.2900000000000205
4591,0.793301469,11.01,2.254482667,0.004344723385474753,-0.20000000000000018,-2.940000000000026,-4.350000020000024
4592,0.176021245,13.8,0.58199803,0.002500233834470814,-0.15000000000000036,-3.3800000000000523,-4.66000003000002
4593,6.400140817,25.02,5.617544677,0.013130708678088713,-0.34999999999999964,-5.7600000000000335,-5.060000000000031
4594,0.020387118,8.39,1.07088945,0.0029388312654241512,-0.15000000000000036,-4.080000000000027,-4.750000000000021
4595,1.831805557,6.46,1.423554538,0.00330209149111676,-0.25,-3.6100000000000207,-5.0300000000000225
4596,2.473972106,6.74,3.235316676,0.006004088008992958,0.0,-2.2900000000000205,-3.0200000000000173
4597,0.477578114,15.43,4.06958237,0.007901784857152197,-0.34999999999999964,-5.330000000000069,-5.390000000000043
4598,1.989104195,8.11,0.363424472,0.0023258879832154054,-0.09999999999999964,-3.940000000000019,-5.780000000000026
4599,0.016985334,21.73,5.218684083,0.011523160719914485,-0.4499999999999993,-6.590000000000032,-5.730000000000047
4600,0.108930995,6.45,0.240266708,0.0022330495136160425,-0.10000000000000053,-2.0300000000000153,-4.170000000000023
4601,0.012106815,6.45,1.667814804,0.0035795957272891686,-0.1999999999999993,-2.200000000000017,-4.1700000000000195
4602,0.750518812,11.0,5.399078687,0.012224595335620527,-0.25,-4.800000000000026,-2.7700000299999914
4603,0.046323245,8.22,2.27479064,0.004373942777246379,-0.20000000000000018,-2.4800000000000324,-4.580000000000027
4604,0.015664407,15.1,1.604765944,0.003505815685522765,-0.25,-3.530000000000058,-6.380000029999991
4605,0.049076122,12.2,2.687907469,0.005012683077919315,-0.10000000000000053,-2.560000000000059,-1.7400000000000233
4606,0.87764898,5.57,1.537019824,0.0034282270542876116,-0.1999999999999993,-1.8300000000000125,-3.910000000000018
4607,0.015509948,12.12,0.256116235,0.0022447866895393786,-0.14999999999999947,-5.180000000000028,-7.080000000000034
4608,0.121215473,15.32,4.470559608,0.009015000459069718,-0.40000000000000036,-3.30000000000004,-5.920000000000044
4609,7.557810166,6.44,0.950405117,0.0028240908481860895,0.0,-1.5900000000000176,-2.010000000000012
4610,0.059521449,12.51,6.030151577,0.015026421201009641,-0.40000000000000036,-3.590000000000032,-6.450000000000031
4611,0.138418983,12.51,1.802986728,0.0037430295629454972,-0.34999999999999964,-4.230000000000032,-6.450000030000027
4612,0.022481186,11.07,2.933599102,0.005435724581805292,-0.25,-5.620000000000033,-4.830000000000027
4613,0.822324799,17.69,3.557902642,0.006677211106801708,-0.5,-6.950000000000031,-7.160000000000039
4614,0.05061967,10.64,1.291720705,0.0031613348215552865,-0.1999999999999993,-4.820000000000036,-6.170000030000011
4615,1.17767377,8.47,3.455129667,0.006454998817969568,-0.15000000000000036,-3.7400000000000233,-1.6400000000000148
4616,0.445227114,9.32,3.009742127,0.005573901737537101,-0.3000000000000007,-3.7600000000000193,-3.700000000000017
4617,0.053388058,7.23,1.109514504,0.002976589875930939,-0.10000000000000053,-3.1100000000000207,-2.250000000000014
4618,0.036718376,7.23,1.902277954,0.003867797116170515,-0.20000000000000018,-1.6100000000000207,-2.250000000000014
4619,1.896495048,12.39,0.228212181,0.002224163691929163,-0.15000000000000036,-3.730000000000018,-6.960000000000036
4620,0.278823113,7.38,1.304923968,0.0031751579049788346,0.0,-1.90000000000002,-2.1800000000000104
4621,0.545692646,19.8,0.835460601,0.0027187928393808403,0.0,-3.350000000000051,-6.430000029999988
4622,3.49964831,5.44,2.363387093,0.004503722179259371,-0.20000000000000018,-1.3300000000000125,-1.440000000000012
4623,0.415650496,5.44,1.94581245,0.003923800061958622,-0.09999999999999964,-1.3300000000000054,-1.440000000000012
4624,0.411375649,8.46,0.87718259,0.0027565528959101583,-0.10000000000000053,-4.550000000000026,-4.850000000000019
4625,0.019178219,22.65,5.397141808,0.012216844603743652,-0.40000000000000036,-3.6600000000000534,-3.7600000000000477
4626,7.399787965,21.89,4.626860685,0.00948986526648067,-0.5,-5.670000000000044,-6.810000020000047
4627,0.289841621,12.24,1.520461045,0.003409524250146449,-0.10000000000000053,-4.42000000000003,-7.180000009999944
4628,0.029240864,6.53,1.456437175,0.0033381623336474512,-0.14999999999999947,-2.2400000000000233,-3.0600000000000165
4629,0.079462598,6.47,0.640015351,0.002548661839561256,-0.15000000000000036,-2.7500000000000213,-3.3600000000000136
4630,0.091243889,13.0,0.224078703,0.0022211248878313294,-0.10000000000000053,-4.110000000000028,-5.670000009999995
4631,0.128705953,9.84,4.525902297,0.00918038466578697,-0.2999999999999998,-2.140000000000029,-1.1000000000000085
4632,0.194246225,9.84,3.879500555,0.007422821236739777,-0.10000000000000053,-3.0100000000000335,-1.1000000000000085
4633,0.012247876,5.97,4.131962408,0.008065555276844409,-0.2999999999999998,-2.070000000000011,-3.160000000000011
4634,0.029733651,10.22,3.004620448,0.0055644988078521855,-0.20000000000000018,-2.55000000000004,-5.910000000000025
4635,2.644227518,7.39,1.164618116,0.0030312961024687784,-0.15000000000000036,-2.0500000000000256,-2.6600000000000144
4636,3.671437856,7.39,0.175450523,0.002185684497738,0.0,-1.6300000000000097,-2.6600000000000144
4637,0.152111742,6.75,0.566527126,0.002487475763234997,-0.15000000000000036,-3.3500000000000156,-5.85000000000003
4638,0.555028394,12.16,3.955842781,0.007611623003734613,-0.20000000000000018,-2.4800000000000324,-2.750000000000014
4639,0.939398628,12.16,5.098102616,0.011076634163465012,0.0,-3.92000000000003,-2.7500000500000255
4640,0.775918468,11.12,2.672929366,0.004987979424925527,-0.25,-6.7600000000000335,-8.250000029999953
4641,1.018153456,9.44,3.945560519,0.00758591890179136,-0.39999999999999947,-4.400000000000034,-5.960000000000022
4642,2.642109024,15.27,0.755745638,0.0026480760820172234,-0.15000000000000036,-5.03000000000003,-7.16000004
4643,0.020639959,9.62,2.556477605,0.004800000621619013,-0.15000000000000036,-1.9400000000000261,-3.4700000000000273
4644,0.57341476,9.62,1.454610991,0.003336148828355381,-0.20000000000000018,-2.900000000000034,-3.47000000000002
4645,0.1019308,11.54,5.075761198,0.010995800367126765,-0.20000000000000018,-2.7300000000000324,-2.720000000000013
4646,0.178718096,15.1,5.361267391,0.01207416169880289,-0.25,-5.500000000000028,-6.750000000000043
4647,4.683888287,10.99,3.607971686,0.006788204972749052,-0.25,-3.0000000000000284,-3.2800000000000233
4648,0.198672827,13.66,5.289734448,0.011794550356816574,-0.35000000000000053,-3.4400000000000546,-4.1000000199999675
4649,0.470526335,13.66,6.357175054,0.016718221971241915,-0.35000000000000053,-4.020000000000024,-4.100000000000023
4650,0.011814179,13.66,3.269212538,0.0060715213464494775,-0.25,-5.190000000000026,-4.100000000000023
4651,0.045121786,6.59,3.586147094,0.006739600341375421,-0.3000000000000007,-2.380000000000024,-2.97000000000002
4652,0.034283449,7.11,2.779551197,0.00516650581624031,-0.2999999999999998,-2.7800000000000296,-3.8500000000000294
4653,0.211737412,7.11,1.634448278,0.0035403593803131892,-0.20000000000000018,-4.190000000000019,-3.8500000000000227
4654,0.235263935,12.42,3.382556212,0.006302524040236616,-0.15000000000000036,-3.8100000000000307,-4.780000000000032
4655,0.767158326,8.05,0.204303107,0.002206643708048022,-0.14999999999999947,-4.950000000000031,-6.980000000000032
4656,1.968313686,5.79,0.528506491,0.0024563972932667463,-0.15000000000000036,-3.7700000000000244,-4.090000000000018
4657,1.240711357,10.18,1.925113218,0.0038970724791846842,-0.2999999999999998,-4.700000000000031,-4.590000000000032
4658,0.204537333,6.7,0.262024097,0.002249177416091839,-0.10000000000000053,-1.8100000000000307,-5.2800000000000225
4659,2.186011315,6.7,0.998992832,0.0028698146972794057,-0.1999999999999993,-2.960000000000015,-5.2800000000000225
4660,1.070590648,9.72,2.000303034,0.003995036425113344,-0.25,-2.160000000000025,-4.260000000000019
4661,2.406144886,27.82,7.704874877,0.02589084390447812,-0.5,-4.830000000000041,-6.290000000000049
4662,4.368217191,7.33,4.918446275,0.010442900907240487,-0.15000000000000036,-1.4800000000000324,-0.7300000000000182
4663,0.034858422,7.33,4.45987309,0.008983406983919239,-0.25,-1.7700000000000244,-0.7300000000000182
4664,0.239667724,7.33,5.016691313,0.010784878268003747,-0.20000000000000018,-2.930000000000014,-0.7300000000000182
4665,1.191417462,12.23,1.855171745,0.0038080960777539807,-0.25,-4.0100000000000335,-4.730000000000032
4666,0.039533272,12.23,2.788450025,0.005181690220982551,-0.2999999999999998,-3.5500000000000256,-4.730000000000032
4667,0.936943369,5.9,0.500109184,0.002433437994164256,-0.09999999999999964,-2.5200000000000244,-5.020000000000024
4668,0.08843886,13.51,1.969494095,0.0039546026511698106,-0.25,-2.7300000000000324,-4.17000000000003
4669,0.2825186,13.51,0.727190538,0.002623193064574279,-0.15000000000000036,-3.350000000000051,-4.170000000000016
4670,0.041615013,13.51,4.907850766,0.010406666531106838,-0.10000000000000053,-3.4100000000000534,-4.170000000000031
4671,0.04450756,11.42,3.736547032,0.007081698129322129,-0.35000000000000053,-4.000000000000018,-3.190000000000026
4672,0.089872737,18.57,3.008634857,0.005571867554292028,-0.10000000000000053,-5.330000000000069,-7.290000000000035
4673,1.868133288,7.17,0.665274353,0.0025700372207025798,-0.09999999999999964,-2.930000000000014,-4.000000000000021
4674,3.952400728,9.51,0.055766805,0.0021008434805508927,0.0,-2.120000000000026,-4.6500000000000234
4675,0.842073477,9.51,2.320420709,0.004440311559288455,-0.20000000000000018,-3.940000000000026,-4.650000000000027
4676,0.104514029,16.02,0.398771093,0.0023532371383802385,-0.09999999999999964,-3.55000000000004,-6.74000000000003
4677,0.091794122,16.02,3.71035924,0.007020915962237246,-0.4499999999999993,-3.2800000000000296,-6.7400000000000375
4678,0.1153143,9.63,4.07708623,0.007921309353960296,-0.25,-3.6300000000000523,-2.760000000000008
4679,0.396044657,9.63,2.573057288,0.0048263271716744004,-0.2999999999999998,-3.130000000000024,-2.7600000000000193
4680,0.742337006,7.89,0.077566168,0.002116047948546197,-0.10000000000000053,-3.490000000000016,-3.3400000000000176
4681,3.940184794,13.89,1.23651468,0.003104184013970406,-0.2999999999999998,-6.110000000000042,-7.200000010000025
4682,0.022739193,14.12,3.815066402,0.007267091666556656,-0.3000000000000007,-3.7700000000000387,-5.610000030000023
4683,0.677539978,8.58,1.394009751,0.0032700135861093572,-0.25,-3.230000000000018,-4.0300000000000225
4684,0.185083688,8.58,1.542368783,0.003434290415166127,-0.20000000000000018,-4.000000000000021,-4.0300000000000225
4685,0.013708345,9.83,2.753336091,0.005122030793621497,-0.15000000000000036,-2.4300000000000352,-3.460000000000015
4686,0.020018956,9.83,2.343677479,0.004474523203852791,-0.1999999999999993,-2.4800000000000324,-3.460000000000015
4687,0.193615908,20.45,5.82677384,0.014060514889015802,-0.5999999999999996,-4.59000000000006,-5.920000000000044
4688,0.013051456,11.01,1.44437405,0.0033248842205898903,-0.20000000000000018,-3.640000000000029,-4.60000000000003
4689,0.048926035,11.01,5.066471272,0.010962360318808224,-0.15000000000000036,-3.5500000000000256,-4.6000000000000245
4690,0.053490515,6.17,2.930127393,0.005429506306042629,-0.15000000000000036,-2.680000000000028,-1.0400000000000063
4691,0.048379249,10.85,3.468488498,0.006483462117123507,-0.39999999999999947,-4.020000000000039,-5.30000000000003
4692,1.616134045,10.85,3.335785481,0.0062061619765735355,-0.2999999999999998,-3.440000000000026,-5.300000000000026
4693,0.211903681,10.85,0.691704316,0.0025925949832580806,-0.15000000000000036,-4.400000000000034,-5.300000000000026
4694,0.182158446,14.56,2.017482701,0.004017761632990893,-0.25,-6.290000000000035,-6.450000000000031
4695,0.271169205,4.6,2.137420094,0.004180041762784799,-0.25,-2.930000000000014,-2.5700000000000145
4696,3.686591666,4.6,0.145237236,0.0021639497249877227,-0.09999999999999964,-2.0900000000000105,-2.570000000000011
4697,6.179804722,10.88,0.319123326,0.0022920577000239833,-0.09999999999999964,-3.820000000000036,-5.930000000000028
4698,3.051568447,10.88,1.339773705,0.0032119337148301063,-0.1999999999999993,-4.140000000000029,-5.930000000000028
4699,0.592450902,11.66,3.130322608,0.005799898632078803,-0.4500000000000002,-6.340000000000046,-6.940000020000028
4700,0.019005533,4.99,4.260734175,0.008414351050175455,-0.15000000000000036,-1.5500000000000114,-0.39000000000001617
4701,0.090201848,8.26,3.24446284,0.006022209953402602,-0.25,-3.230000000000018,-4.650000000000027
4702,0.077951996,11.35,2.680739607,0.005000845843291375,-0.4500000000000002,-5.980000000000025,-7.4000000300000295
4703,0.319223641,7.97,2.978901324,0.00551751882675149,-0.15000000000000036,-2.1100000000000136,-2.5500000000000114
4704,0.013681365,10.11,2.481306706,0.004682419836191047,-0.15000000000000036,-2.4400000000000333,-6.2700000000000315
4705,0.165199698,6.29,1.64767841,0.00355586541404523,-0.20000000000000018,-2.420000000000016,-4.510000000000019
4706,0.032371513,7.31,1.891602357,0.0038541859901676566,0.0,-4.210000000000022,-5.200000000000024
4707,0.261217053,19.76,4.468367906,0.009008511979291867,-0.15000000000000036,-4.120000000000061,-7.300000050000023
4708,1.362481385,8.06,2.848321515,0.005285011706814076,-0.15000000000000036,-2.740000000000016,-5.500000000000027
4709,0.084967579,9.11,2.623421909,0.00490718460646317,-0.3000000000000007,-5.240000000000023,-6.640000000000043
4710,0.267125411,23.84,4.65837449,0.009588568309349411,-0.2999999999999998,-4.790000000000049,-4.740000000000054
4711,0.866913939,8.36,1.599265503,0.0034994513688636594,-0.20000000000000018,-2.910000000000025,-3.8500000000000227
4712,0.155712435,9.43,2.816220425,0.0052293619208916954,-0.25,-5.440000000000026,-3.640000000000022
4713,0.040661802,21.7,0.543053577,0.0024682422222959315,-0.15000000000000036,-4.550000000000068,-7.94000000000004
4714,0.080509181,21.7,0.239018125,0.002232127496584082,-0.09999999999999964,-5.140000000000043,-7.940000020000028
4715,0.012314256,11.64,5.088092993,0.011040345806638138,-0.39999999999999947,-2.9500000000000455,-5.330000000000031
4716,0.595297388,11.64,2.001905789,0.003997151118346047,-0.14999999999999947,-3.380000000000038,-5.330000000000041
4717,0.125312943,11.22,3.381638711,0.006300619485033983,-0.15000000000000036,-3.750000000000014,-1.5400000000000063
4718,2.060740196,10.83,3.110719904,0.005762547848801624,-0.25,-4.090000000000032,-5.100000000000023
4719,0.738112938,9.01,3.25085774,0.006034912907436597,-0.09999999999999964,-3.940000000000019,-5.820000000000029
4720,0.680811337,8.11,1.125234502,0.0029920953734438017,-0.14999999999999947,-2.660000000000025,-4.360000000000021
4721,1.966532194,8.11,0.183628753,0.0021916051058478276,0.0,-2.4800000000000324,-4.360000000000028
4722,0.238754773,16.31,3.048639721,0.005645831678498895,-0.2999999999999998,-5.5100000000000335,-6.74000000999996
4723,0.241150508,12.05,5.155738206,0.011287889362545515,-0.25,-4.430000000000035,-3.420000010000024
4724,0.266342413,10.1,1.987607706,0.003978325386319894,-0.3000000000000007,-3.380000000000038,-5.340000000000025
4725,0.363011892,9.67,3.288914576,0.00611106247656423,-0.20000000000000018,-3.2200000000000273,-3.2500000000000284
4726,0.853919746,19.34,6.15584459,0.01565574851084478,-0.25,-3.55000000000004,-4.1500000000000625
4727,0.178947007,6.55,1.438567847,0.0033185120003328974,-0.14999999999999947,-2.340000000000032,-2.220000000000013
4728,0.042586862,10.42,3.347257705,0.006229661895761775,-0.20000000000000018,-2.8300000000000267,-2.8300000000000196
4729,0.478794802,23.41,3.1029669,0.005747841439369586,-0.4500000000000002,-5.210000000000036,-6.630000000000038
4730,0.133290602,7.92,0.616819131,0.002529188319137452,-0.14999999999999947,-5.370000000000033,-4.4200000000000195
4731,0.163369908,6.26,1.489169061,0.003374457796681938,-0.20000000000000018,-1.9800000000000182,-4.74000000000002
4732,0.310806343,6.26,1.349353585,0.0032221172449535015,-0.20000000000000018,-2.5400000000000134,-4.740000000000023
4733,0.045753343,7.01,3.169798473,0.005875847439380951,-0.2999999999999998,-2.7900000000000205,-1.910000000000018
4734,4.680545382,7.44,0.32136513,0.0022937577856399737,-0.10000000000000053,-3.6500000000000163,-5.690000000000026
4735,0.710142269,23.27,3.186956044,0.005909164875976878,-0.6999999999999993,-5.290000000000049,-8.030000000000037
4736,0.012093535,10.01,5.447684899,0.01242069884378396,-0.1999999999999993,-3.7400000000000375,-1.3300000000000267
4737,0.880732663,9.91,4.009403447,0.007746920717779256,-0.3000000000000007,-4.370000000000047,-5.250000000000028
4738,0.138076504,10.21,0.813909537,0.0026994907646510522,-0.10000000000000053,-3.0200000000000387,-4.810000000000024
4739,0.930260565,7.3,3.18658929,0.005908450734131814,-0.25,-2.420000000000016,-3.880000000000024
4740,0.011321191,7.56,1.560620269,0.003455060111719145,-0.10000000000000053,-2.2500000000000284,-4.180000000000021
4741,5.733421831,8.46,1.19078225,0.0030576213876529605,-0.15000000000000036,-4.950000000000031,-3.7400000000000233
4742,3.058176425,7.9,1.616251393,0.003519142200296852,-0.25,-3.360000000000028,-5.940000000000026
4743,0.228040543,8.75,0.267279374,0.002253090341803586,0.0,-6.270000000000053,-4.140000000000015
4744,0.026442541,11.18,1.274380779,0.003143271966074641,-0.1999999999999993,-4.9900000000000375,-5.940000000000026
4745,0.147698353,9.04,1.40697946,0.003284056870051658,-0.20000000000000018,-3.640000000000015,-3.6200000000000188
4746,0.887279814,8.72,2.040760882,0.004048759482032183,-0.25,-2.360000000000028,-3.3000000000000185
4747,0.401988059,4.88,0.928548717,0.002803760299923103,-0.09999999999999964,-3.3500000000000156,-4.73000000000002
4748,0.170953607,16.62,3.136913636,0.005812511095600154,-0.34999999999999964,-3.360000000000042,-5.360000000000028
4749,0.842458416,8.8,0.708986634,0.002607451978006931,-0.15000000000000036,-3.2600000000000193,-4.760000000000019
4750,0.024008089,16.31,2.289082612,0.004394623476720615,-0.15000000000000036,-2.4900000000000375,-4.6200000299999715
4751,0.487655706,10.95,0.598043684,0.0025135348298503807,-0.2999999999999998,-6.570000000000036,-7.390000000000029
4752,0.244117788,10.79,1.755773359,0.0036851168099717533,-0.25,-4.240000000000052,-6.730000000000032
4753,0.049904837,9.3,1.501534254,0.003388271331631759,-0.34999999999999964,-3.5100000000000335,-7.55000000000004
4754,0.408999697,7.19,0.744359336,0.002638125921769534,-0.15000000000000036,-3.1100000000000207,-3.6000000000000227
4755,0.023807951,7.19,2.73426111,0.005089908888727217,-0.2999999999999998,-2.8300000000000267,-3.6000000000000227
4756,0.019398862,11.12,1.529747081,0.0034200000807458894,-0.15000000000000036,-4.610000000000021,-4.520000000000024
4757,1.822818381,13.36,1.053817667,0.002922294987970193,-0.10000000000000053,-2.610000000000042,-4.540000000000028
4758,0.193800942,11.36,3.403591729,0.00634634696655428,-0.10000000000000053,-2.460000000000022,-2.890000000000015
4759,0.458706931,11.36,4.699659337,0.00971941462370748,-0.2999999999999998,-4.140000000000029,-2.890000000000029
4760,0.382644945,9.21,3.977463464,0.0076659537141028225,-0.2999999999999998,-3.15000000000002,-3.0300000000000153
4761,0.203578432,22.22,3.332409251,0.006199262836459244,-0.40000000000000036,-4.730000000000075,-5.930000000000035
4762,0.620920453,9.54,2.639261107,0.004932891059717258,-0.10000000000000053,-3.140000000000029,-3.850000000000037
4763,0.013047013,9.98,1.237529252,0.0031052249791879913,-0.25,-4.90000000000002,-5.300000000000026
4764,0.090675356,7.95,1.912945692,0.003881446049876693,-0.10000000000000053,-3.940000000000026,-4.270000000000024
4765,1.331752425,7.53,1.902507558,0.003868090381044431,-0.10000000000000053,-5.090000000000021,-5.0400000000000205
4766,0.02170398,5.96,0.648941319,0.00255619508643583,-0.14999999999999947,-2.6700000000000443,-3.030000000000012
4767,0.090384441,13.04,1.117918747,0.0029848694500317053,-0.25,-6.110000000000042,-6.800000000000033
4768,0.033081698,11.19,0.779694203,0.0026691263588595323,-0.20000000000000018,-2.840000000000032,-5.820000000000029
4769,0.016134637,9.83,1.230208321,0.0030977213974022412,-0.15000000000000036,-2.910000000000025,-4.100000000000019
4770,2.770670977,7.41,0.457870219,0.002399683106362336,-0.09999999999999964,-3.0900000000000247,-3.190000000000019
4771,0.130991837,14.23,0.016341388,0.0020736216637058866,0.0,-3.140000000000043,-5.150000000000027
4772,1.531757147,7.45,0.603166997,0.0025177966325070516,0.0,-2.0700000000000216,-3.140000000000015
4773,1.581216512,13.0,4.644686919,0.009545573773627197,-0.34999999999999964,-6.010000000000048,-3.0200000400000135
4774,0.041884044,12.94,2.246965207,0.004333956515720594,-0.1999999999999993,-2.7300000000000324,-3.5800000000000267
4775,0.037501214,12.94,1.154126605,0.0030208035530100413,-0.10000000000000053,-2.360000000000042,-3.5800000000000267
4776,0.031283895,19.47,3.410077728,0.006359920105568896,-0.2999999999999998,-3.5700000000000784,-3.7300000000000466
4777,0.296261576,11.91,4.872670511,0.01028724755174038,-0.34999999999999964,-6.9900000000000375,-6.58000001000002
4778,1.122588486,11.91,0.683149343,0.0025852718497665042,-0.1999999999999993,-6.450000000000031,-6.580000000000034
4779,1.543322766,8.12,2.168238957,0.004222784596785324,-0.25,-3.230000000000018,-3.7400000000000233
4780,0.029533065,9.34,0.093516145,0.0021272421448542554,0.0,-2.0400000000000347,-4.860000000000021
4781,0.605965332,13.57,1.970079336,0.0039553669128033,-0.34999999999999964,-6.210000000000065,-7.540000000000035
4782,0.460978809,11.62,3.098442196,0.005739275931816759,-0.15000000000000036,-2.9500000000000313,-3.450000000000017
4783,0.109375065,11.01,1.828821986,0.0037751024492548987,-0.35000000000000053,-2.640000000000029,-6.370000039999979
4784,0.45626566,23.5,4.411268399,0.008841091548462783,-0.2999999999999998,-5.840000000000032,-6.040000000000049
4785,0.20850591,12.62,3.576715868,0.0067187035617542286,-0.4499999999999993,-4.020000000000039,-5.910000000000039
4786,2.480232538,8.15,1.597805526,0.003497764028499394,-0.20000000000000018,-2.630000000000024,-3.5400000000000205
4787,1.795653429,8.58,2.240007991,0.004324015725997645,-0.25,-5.110000000000028,-4.760000000000026
4788,0.124574955,7.7,2.762273738,0.005137150928256956,-0.20000000000000018,-2.1000000000000227,-2.430000000000014
4789,0.03748288,7.7,2.09245819,0.004118455478818759,-0.1999999999999993,-2.8500000000000227,-2.430000000000014
4790,0.044477089,4.95,1.791073205,0.003728331250554657,-0.09999999999999964,-3.3200000000000145,-5.490000000000023
4791,0.660263029,9.52,2.067955849,0.0040852748164468934,-0.10000000000000053,-5.010000000000019,-5.500000000000028
4792,0.023712949,4.99,0.29497867,0.002273826947774148,-0.10000000000000053,-2.20000000000001,-2.1700000000000124
4793,0.631213933,11.41,2.407512442,0.00456978153041955,-0.3000000000000007,-3.640000000000029,-5.060000000000031
4794,1.494731547,12.57,3.784224995,0.007193703731067902,-0.35000000000000053,-5.960000000000036,-5.380000000000024
4795,0.011885888,7.78,2.705366221,0.005041631790054384,-0.15000000000000036,-2.440000000000026,-2.0400000000000134
4796,0.120490866,19.28,3.00959501,0.005573631424032709,-0.2999999999999998,-3.3600000000000705,-3.830000000000041
4797,0.012467009,6.18,2.597459207,0.004865336086295768,-0.09999999999999964,-2.210000000000015,-3.4700000000000273
4798,2.409770644,8.89,0.945971118,0.0028199545463098103,0.0,-3.890000000000029,-4.330000000000023
4799,5.469193281,14.03,0.881672667,0.002760647635762555,-0.10000000000000053,-5.230000000000047,-6.320000000000036
4800,0.997587227,8.74,3.129250854,0.0057978503177659926,-0.4499999999999993,-3.0700000000000216,-6.85000000000003
4801,0.027644779,12.15,5.846943642,0.014153507492391257,-0.2999999999999998,-4.480000000000032,-2.430000000000021
4802,1.037099385,5.34,1.06109677,0.0029293343852580893,-0.14999999999999947,-2.5800000000000125,-2.940000000000012
4803,1.056710169,10.75,0.66360045,0.002568615167732287,0.0,-4.850000000000051,-5.980000000000032
4804,0.020784498,9.5,3.208781166,0.0059518175014937865,-0.25,-2.2400000000000233,-3.910000000000018
4805,0.069346484,9.5,1.150102673,0.0030167888366624367,-0.15000000000000036,-3.0100000000000335,-3.910000000000025
4806,0.420817131,25.7,3.684251457,0.006960835165453299,-0.14999999999999947,-3.190000000000083,-5.07000000000005
4807,0.067006966,24.74,1.348815816,0.003221544738261433,-0.20000000000000018,-3.1600000000000534,-5.620000000000033
4808,3.431521003,5.69,0.481663832,0.0024186396885812313,0.0,-1.8600000000000136,-2.8700000000000188
4809,0.074482164,11.33,1.383873416,0.003259079892984183,0.0,-2.7500000000000284,-5.000000000000021
4810,0.927353845,17.48,1.091396433,0.0029588183785095937,-0.20000000000000018,-4.700000000000074,-5.410000049999979
4811,2.990622141,6.51,0.016879947,0.002073991137339903,0.0,-1.5600000000000165,-2.8500000000000156
4812,1.321089642,13.05,4.292230932,0.008501916165480487,-0.25,-5.03000000000003,-3.460000010000016
4813,0.205427735,10.61,4.9770447,0.010645560672524812,-0.2999999999999998,-2.6000000000000227,-2.8300000000000267
4814,1.232831808,10.61,2.463480077,0.004654958974467474,-0.20000000000000018,-2.140000000000029,-2.8300000000000267
4815,0.230792889,10.97,4.161735691,0.008144903595979263,-0.20000000000000018,-2.9700000000000273,-4.1400000399999755
4816,0.094381803,5.66,2.540703655,0.004775086157901034,0.0,-1.2700000000000173,-2.65000000000002
4817,2.338285357,5.66,2.493895661,0.004701909451100191,-0.20000000000000018,-1.5900000000000176,-2.65000000000002
4818,0.854265482,6.03,0.470857399,0.0024100116616181362,0.0,-2.3200000000000145,-2.7900000000000134
4819,1.030672495,5.1,0.89436474,0.0027722550471021303,-0.09999999999999964,-3.950000000000017,-4.750000000000021
4820,1.203485099,13.6,0.796514341,0.0026840105881633285,-0.25,-3.9800000000000324,-6.310000000000031
4821,16.82032731,5.27,1.81330106,0.003755801488646857,-0.20000000000000018,-1.190000000000019,-1.5900000000000105
4822,1.206511749,6.16,0.597065448,0.002512721907561618,0.0,-1.8900000000000148,-2.1200000000000117
4823,0.04311527,6.16,2.343134696,0.004473721765371436,-0.09999999999999964,-2.8800000000000168,-2.1200000000000117
4824,0.029983144,13.69,2.224988407,0.004302632396171062,-0.3000000000000007,-4.81000000000002,-5.2900000000000205
4825,0.024026496,9.04,2.173534297,0.00423017242029108,-0.25,-1.7900000000000347,-4.020000000000024
4826,1.097051982,15.8,1.675675441,0.0035889020857464054,-0.20000000000000018,-3.6200000000000614,-3.4100000200000267
4827,0.543441321,8.36,0.552486456,0.0024759533544018698,-0.15000000000000036,-2.710000000000022,-5.40000000000002
4828,0.320302735,5.65,2.929239218,0.0054279166075916745,-0.25,-1.8000000000000114,-5.960000000000022
4829,0.413757919,14.56,0.971449197,0.002843804680420888,-0.10000000000000053,-5.970000000000027,-6.800000010000005
4830,0.027005506,7.94,2.85416461,0.005295204361815121,-0.34999999999999964,-3.250000000000014,-4.320000000000022
4831,0.186023937,9.82,3.779289939,0.007182029115273992,-0.35000000000000053,-4.200000000000017,-3.3000000000000256
4832,1.16020373,8.04,0.303167439,0.002279993719023759,-0.10000000000000053,-2.40000000000002,-3.660000000000018
4833,0.87244277,7.53,0.512736113,0.002443620349860932,0.0,-3.3200000000000145,-4.400000000000016
4834,0.033764139,12.12,4.085965984,0.007944475659563655,-0.10000000000000053,-4.920000000000044,-6.610000010000022
4835,0.014359941,10.35,3.842189677,0.00733224612298685,-0.5499999999999998,-4.700000000000031,-6.860000029999966
4836,0.021506641,8.14,1.224375343,0.003091755832168796,-0.09999999999999964,-6.03000000000003,-4.590000000000025
4837,1.551901965,7.39,0.505524003,0.0024377993104825035,-0.10000000000000053,-3.5100000000000335,-3.5800000000000196
4838,0.18928984,14.39,1.159093555,0.0030257664736443165,-0.14999999999999947,-3.2800000000000296,-3.390000000000034
4839,1.139231079,7.46,3.220650243,0.005975141445975722,-0.20000000000000018,-3.1000000000000227,-1.960000000000022
4840,0.25780462,6.8,0.348487125,0.0023144258703834244,-0.10000000000000053,-1.8700000000000188,-4.2900000000000205
4841,1.151853574,9.8,0.852916877,0.0027345282911721475,-0.14999999999999947,-4.620000000000026,-5.270000000000024
4842,0.047627487,9.21,0.243530201,0.00223546123746087,-0.14999999999999947,-5.440000000000026,-4.830000000000027
4843,0.071071209,7.76,2.094282626,0.00412093680855972,-0.15000000000000036,-2.680000000000021,-2.490000000000016
4844,0.33345799,19.21,5.565123802,0.012907420445726856,-0.25,-4.270000000000067,-5.490000000000066
4845,1.13412705,13.66,0.630706156,0.002540828750563163,-0.09999999999999964,-4.330000000000041,-5.460000000000029
4846,0.167173431,13.66,2.910574724,0.0053946168656844465,-0.2999999999999998,-4.990000000000023,-5.460000000000036
4847,0.134413139,14.39,4.413248483,0.008846845369439903,-0.2999999999999998,-3.4100000000000534,-4.240000050000006
4848,0.064005717,8.74,1.734589204,0.003659422928275204,-0.15000000000000036,-5.440000000000026,-7.450000000000031
4849,0.230134662,7.75,2.164257732,0.00421723863039343,-0.20000000000000018,-4.6600000000000215,-3.2800000000000153
4850,0.216658995,12.39,1.329544221,0.0032010950638359337,-0.2999999999999998,-5.050000000000026,-5.840000000000032
4851,0.426062261,8.99,0.733901686,0.0026290201383815963,-0.25,-4.880000000000024,-7.230000000000032
4852,2.515425003,10.61,0.123306006,0.0021483080974963723,0.0,-3.630000000000024,-3.440000000000026
4853,0.015184798,12.66,2.708619446,0.00504704438473965,-0.20000000000000018,-2.0600000000000307,-2.3200000000000216
4854,0.134753364,10.26,2.178610818,0.004237267040290769,-0.25,-2.8300000000000267,-3.3400000000000176
4855,0.064039222,6.14,1.651814602,0.003560727002020776,-0.14999999999999947,-3.1300000000000168,-7.03000000000003
4856,0.011314479,10.17,1.26382847,0.003132330106822247,-0.20000000000000018,-2.430000000000021,-6.360000000000028
4857,0.031266748,10.17,1.979011249,0.003967049300517324,-0.3000000000000007,-3.2400000000000233,-6.360000000000028
4858,0.170691293,10.79,4.340192035,0.008636992492781128,-0.34999999999999964,-4.470000000000027,-2.7800000500000124
4859,0.020339528,12.55,2.298544351,0.004408368284812094,-0.4500000000000002,-5.050000000000026,-7.470000000000034
4860,1.332417763,14.18,2.507156134,0.004722525995806855,-0.20000000000000018,-4.760000000000048,-5.17000000000003
4861,4.548147573,26.53,5.089050901,0.011043813462714434,-0.25,-5.430000000000064,-5.400000000000082
4862,0.027407095,7.42,4.331009714,0.008610968025978452,0.0,-5.130000000000024,-4.810000000000033
4863,0.041153494,5.74,0.821797715,0.002706539853762376,-0.14999999999999947,-3.570000000000018,-3.2500000000000178
4864,3.944110494,16.67,2.984251775,0.005527259653884033,-0.14999999999999947,-5.910000000000053,-5.7700000500000215
4865,0.070292581,6.7,0.329091568,0.0022996268226495057,-0.09999999999999964,-4.590000000000032,-3.1900000000000137
4866,0.044601872,8.56,3.539637255,0.006637170443293972,-0.20000000000000018,-4.880000000000024,-3.0900000000000176
4867,0.047443842,7.97,3.707134262,0.007013466665140323,-0.3000000000000007,-3.160000000000025,-2.92000000000003
4868,0.832448068,9.82,2.7311696,0.005084721751045018,-0.34999999999999964,-5.330000000000041,-5.260000000000034
4869,5.868512071,9.82,3.99384953,0.007707386511599474,-0.4500000000000002,-4.800000000000026,-5.2600000000000335
4870,0.798948166,15.96,3.556762095,0.006674703836116977,-0.3000000000000007,-3.330000000000055,-4.250000000000028
4871,0.032269561,6.68,1.520959765,0.003410086056296952,0.0,-4.200000000000031,-3.8100000000000165
4872,0.111057103,13.69,0.917993677,0.0027939944598523916,-0.15000000000000036,-4.910000000000025,-4.900000000000034
4873,4.161440436,15.35,2.532229379,0.004761754488541049,-0.25,-6.240000000000066,-4.530000010000023
4874,0.256353434,6.5,0.58180098,0.0025000709276422647,-0.10000000000000053,-2.000000000000009,-2.960000000000015
4875,0.883260949,8.45,1.711837339,0.003632026360928375,-0.34999999999999964,-3.940000000000026,-5.7400000000000375
4876,2.040211137,11.93,0.661610166,0.0025669253567393037,0.0,-3.090000000000032,-4.160000000000025
4877,0.092687974,7.81,1.790836191,0.003728039418582534,-0.25,-2.890000000000015,-3.430000000000021
4878,3.839240515,12.62,3.042725376,0.005634835587018358,-0.25,-4.730000000000032,-3.72000000000002
4879,0.083256403,7.43,0.138652182,0.0021592412816842715,-0.09999999999999964,-3.210000000000022,-3.9300000000000175
4880,0.014548961,13.32,2.535604462,0.004767059700105216,-0.20000000000000018,-3.410000000000025,-3.750000000000014
4881,0.026769892,13.32,2.818923309,0.005234025025329367,-0.14999999999999947,-4.580000000000041,-3.7500000000000213
4882,0.484355034,13.77,0.565216923,0.0024863982924688286,-0.20000000000000018,-2.9500000000000455,-5.810000000000031
4883,0.26006059,13.77,0.231283863,0.00222642458312242,-0.10000000000000053,-4.460000000000051,-5.810000000000031
4884,0.341843311,15.46,5.620643063,0.013144024992772913,-0.3000000000000007,-4.380000000000052,-6.430000030000031
4885,1.453268344,9.06,0.940691149,0.002815036951801883,0.0,-2.4500000000000313,-5.410000000000025
4886,2.107251531,17.94,6.231724237,0.01604814951615449,-0.25,-4.280000000000044,-2.340000000000032
4887,0.021791956,8.27,3.189436025,0.005913996136811375,-0.20000000000000018,-4.220000000000027,-4.020000000000024
4888,0.036197161,10.17,1.294213923,0.003163940480115618,-0.2999999999999998,-4.90000000000002,-6.290000000000028
4889,0.531700414,9.46,1.550712951,0.003443770368205871,-0.25,-3.5000000000000213,-4.90000000000002
4890,2.633775452,13.58,0.62907523,0.002539458905299443,-0.15000000000000036,-4.260000000000048,-3.2800000000000153
4891,0.031781487,9.42,1.788430918,0.003725079127122631,-0.3000000000000007,-4.0500000000000185,-4.570000000000022
4892,0.126685442,7.68,2.414907866,0.004580947089182449,-0.09999999999999964,-4.700000000000031,-4.320000000000022
4893,0.068183473,11.3,0.18014904,0.0021890840233810003,-0.09999999999999964,-2.620000000000033,-5.150000000000027
4894,0.801708003,11.3,0.719878707,0.002616859098612242,-0.15000000000000036,-3.870000000000033,-5.15000000000002
4895,0.182553588,7.14,1.320394603,0.0031914314767009333,-0.20000000000000018,-2.0900000000000176,-3.90000000000002
4896,0.357160013,17.46,1.433867134,0.0033133619560437484,-0.35000000000000053,-5.330000000000069,-6.810000000000031
4897,0.015318148,11.58,1.328013411,0.003199476233020339,-0.3000000000000007,-4.740000000000023,-6.950000000000031
4898,0.249185501,8.28,0.215708767,0.0022149842531478258,-0.10000000000000053,-5.360000000000021,-6.140000000000036
4899,0.265062456,4.74,1.577859343,0.003474792647407379,-0.10000000000000053,-2.230000000000018,-1.5400000000000098
4900,0.055845613,13.67,0.390755573,0.002347007202535719,-0.09999999999999964,-4.2200000000000415,-4.940000040000001
4901,0.082768451,12.92,2.408794727,0.004571715572046144,-0.25,-3.5500000000000256,-5.650000000000034
4902,0.022049603,14.04,6.279903929,0.016302309376810764,-0.35000000000000053,-5.330000000000041,-2.5300000000000153
4903,0.802721476,8.13,1.153393794,0.003020072023819032,-0.25,-4.200000000000031,-7.53000000000003
4904,2.141822029,10.55,0.667663882,0.002572068589593175,-0.20000000000000018,-4.660000000000025,-5.650000000000027
4905,1.193508903,13.14,1.575958519,0.0034726113908471836,-0.15000000000000036,-6.180000000000035,-5.570000030000031
4906,2.072965952,14.47,0.263065267,0.0022499521019003705,-0.09999999999999964,-3.4300000000000637,-6.470000000000027
4907,0.56954243,14.47,2.355828708,0.004492502390028793,-0.20000000000000018,-4.330000000000041,-6.470000010000035
4908,0.84277057,9.75,0.629341937,0.0025396828671059844,-0.15000000000000036,-5.230000000000032,-5.800000000000026
4909,0.91026481,19.99,2.877996429,0.005336979324341713,-0.2999999999999998,-6.540000000000077,-8.420000000000044
4910,0.654928323,12.55,0.994174371,0.0028652474683416363,-0.20000000000000018,-4.910000000000025,-5.450000029999984
4911,0.843791769,13.06,5.345675897,0.01201266415498734,-0.5,-2.900000000000034,-6.090000000000018
4912,0.634225061,13.06,2.721834231,0.005069090155459796,-0.39999999999999947,-5.03000000000003,-6.090000009999969
4913,0.5528133,8.9,1.393282568,0.003269227984564251,-0.1999999999999993,-4.220000000000027,-5.750000000000028
4914,0.016579694,5.07,1.300793632,0.0031708272089915664,-0.10000000000000053,-4.440000000000019,-5.450000000000021
4915,0.195658036,7.98,1.60961783,0.0035114391612475282,-0.2999999999999998,-3.7800000000000296,-6.040000000000028
4916,0.098083088,5.1,0.698227676,0.002598192937836095,0.0,-2.65000000000002,-3.8000000000000185
4917,0.511380417,9.18,0.988386929,0.0028597713601329587,-0.10000000000000053,-2.360000000000028,-3.8400000000000176
4918,0.011627806,15.06,3.332789311,0.0062000390872948685,0.0,-2.7600000000000477,-3.980000000000018
4919,0.31438582,8.38,1.318089689,0.0031890016757554107,-0.10000000000000053,-4.720000000000027,-4.22000000000002
4920,0.030599623,7.82,0.677668222,0.002580590808607962,-0.14999999999999947,-2.8000000000000256,-2.5800000000000125
4921,0.071137533,16.82,1.083190142,0.002950803909553692,-0.10000000000000053,-4.020000000000053,-7.4300000200000085
4922,0.137120653,19.62,0.536781375,0.0024631281262266127,0.0,-5.790000000000049,-6.78000000000003
4923,0.131597825,10.59,3.610557364,0.006793986444427768,-0.35000000000000053,-6.390000000000029,-5.720000039999974
4924,0.116745519,10.43,0.948348321,0.0028221713929852737,-0.20000000000000018,-2.2500000000000426,-5.460000000000022
4925,1.797374211,16.27,1.692469366,0.003608865584938828,-0.25,-3.7600000000000477,-5.80000000000004
4926,0.362409715,12.04,4.618335033,0.009463335821294607,0.0,-2.4500000000000313,-4.270000000000024
4927,0.459992039,9.25,1.232541119,0.0031001104323688006,-0.15000000000000036,-2.40000000000002,-5.290000000000028
4928,0.288529184,5.36,2.632266294,0.004921522247862911,-0.25,-3.670000000000016,-3.5800000000000196
4929,1.010345415,10.16,0.046516344,0.002094424525452077,-0.10000000000000053,-3.410000000000039,-5.340000000000025
4930,0.310588896,10.25,3.397615179,0.006333865424510739,-0.25,-2.620000000000033,-2.8400000000000176
4931,0.015679889,6.49,5.013046607,0.010771995910448364,-0.15000000000000036,-2.2400000000000233,-3.5600000000000165
4932,0.089374888,17.41,6.920321871,0.020080656056291116,-0.20000000000000018,-3.3100000000000307,-3.080000000000041
4933,0.021754447,8.39,2.872266941,0.005326906230739397,-0.2999999999999998,-3.4700000000000273,-1.8900000000000148
4934,0.022720255,22.06,9.184067603,0.04159535428179791,-0.6500000000000004,-6.920000000000044,-5.4500000000000455
4935,7.024650249,6.75,0.659217092,0.002564895032974745,0.0,-1.7000000000000242,-3.4000000000000163
4936,0.013324913,6.75,2.307520321,0.004421446985955883,-0.09999999999999964,-1.930000000000014,-3.40000000000002
4937,3.341193772,16.35,0.410212263,0.002362158197641978,-0.15000000000000036,-4.500000000000057,-5.810000000000024
4938,0.023142327,6.98,2.353602761,0.004489203465195989,0.0,-4.970000000000027,-5.2900000000000205
4939,0.477634118,12.75,0.875229805,0.0027547739378991003,-0.1999999999999993,-2.7400000000000375,-6.28000000000003
4940,1.433609247,12.75,1.819247143,0.0037631840626943937,-0.25,-3.9400000000000404,-6.28000000000003
4941,3.874265363,7.97,0.698143173,0.002598120345435659,-0.09999999999999964,-0.6300000000000239,-0.5300000000000153
4942,0.799891753,9.67,1.432479786,0.0033118435173551245,-0.15000000000000036,-4.690000000000033,-2.890000000000015
4943,1.134039016,10.62,1.017553856,0.002887475900151597,-0.09999999999999964,-4.4700000000000415,-4.930000000000021
4944,0.310437011,10.62,0.835821327,0.0027191170898081666,-0.1999999999999993,-4.0500000000000185,-4.930000000000021
4945,0.261722821,13.27,2.399325004,0.00455745178921193,-0.35000000000000053,-4.560000000000031,-5.680000010000029
4946,0.619259334,10.98,0.268291854,0.0022538449847886713,0.0,-3.0400000000000347,-5.750000000000021
4947,0.045855747,5.89,1.622889447,0.003526867309844019,-0.14999999999999947,-2.500000000000014,-5.110000000000028
4948,0.075872343,5.75,1.610557426,0.0035125292185300637,-0.20000000000000018,-1.7400000000000162,-2.400000000000013
4949,0.190890479,5.75,1.315256321,0.0031860173141491015,-0.10000000000000053,-1.720000000000013,-2.400000000000013
4950,0.10611184,7.77,2.337243504,0.004465032397278487,-0.25,-3.890000000000015,-6.540000000000035
4951,0.676451899,12.0,0.181072462,0.002189752768483566,-0.10000000000000053,-4.560000000000045,-5.700000000000024
4952,3.9352141,12.4,4.614633856,0.009451841671971817,-0.3000000000000007,-3.360000000000028,-4.600000000000023
4953,1.29332363,6.73,1.398219684,0.003274565425178848,-0.1999999999999993,-2.140000000000029,-1.9000000000000128
4954,1.847404996,5.12,1.612373952,0.003514637588336698,-0.10000000000000053,-1.2900000000000134,-2.3500000000000156
4955,0.194644316,11.62,3.303066645,0.006139622903532021,0.0,-2.8300000000000267,-4.870000000000026
4956,0.727925921,7.59,1.019871907,0.002889689173063839,-0.20000000000000018,-2.710000000000022,-6.28000000000003
4957,0.031249561,9.22,1.361822486,0.0032354200589932787,-0.25,-3.7400000000000233,-2.680000000000021
4958,0.049665684,6.23,0.451714834,0.0023948032354273036,-0.15000000000000036,-2.570000000000011,-3.5600000000000236
4959,0.163756303,13.8,3.892846904,0.007455489502897472,-0.35000000000000053,-4.920000000000044,-4.500000010000008
4960,1.686565799,10.35,2.449728802,0.004633885521145461,-0.14999999999999947,-3.92000000000003,-5.250000000000028
4961,0.169763292,16.82,1.601488438,0.003502022041100647,-0.20000000000000018,-3.390000000000043,-7.7600000000000335
4962,0.573117505,12.33,1.925535751,0.003897616251439359,-0.35000000000000053,-3.2800000000000438,-7.940000050000037
4963,0.132476423,12.33,0.846795985,0.002729000478379175,-0.25,-4.700000000000031,-7.940000020000028
4964,0.040992712,9.59,0.01093112,0.0020699136395659528,-0.09999999999999964,-3.9400000000000404,-6.160000000000039
4965,9.424743497,8.53,3.254320096,0.006041801708434098,-0.2999999999999998,-3.6700000000000133,-4.550000000000026
4966,1.151636154,16.72,8.013099792,0.02859650503588672,-0.35000000000000053,-5.55000000000004,-5.880000000000024
4967,0.62235325,8.12,0.569684723,0.0024900743883677673,-0.10000000000000053,-4.000000000000021,-6.320000000000029
4968,0.015907924,15.77,3.015355339,0.005584225224576576,-0.2999999999999998,-3.360000000000042,-4.880000000000038
4969,0.053841604,10.65,2.102877446,0.004132646261573666,-0.25,-2.7700000000000244,-5.690000000000033
4970,0.109082902,18.68,0.221153627,0.0022189769665405174,0.0,-4.020000000000053,-6.060000000000031
4971,1.614277864,24.18,1.347481335,0.003220124493168408,-0.25,-7.180000000000092,-6.790000000000049
4972,0.062601763,14.88,4.147848071,0.008107796029406047,-0.40000000000000036,-2.9900000000000517,-5.790000010000014
4973,0.277749568,7.02,0.651890977,0.0025586893876058518,-0.09999999999999964,-3.3700000000000188,-3.960000000000015
4974,0.779775421,11.48,0.692570923,0.0025933379597112725,-0.14999999999999947,-6.900000000000034,-5.820000000000022
4975,0.097569844,9.58,2.245618068,0.004332029886873077,-0.20000000000000018,-4.720000000000027,-3.160000000000018
4976,2.721808743,8.2,1.276055193,0.003145011692106864,-0.14999999999999947,-2.870000000000033,-3.710000000000022
4977,5.232076388,5.53,0.301242857,0.002278542862780273,-0.09999999999999964,-1.40000000000002,-3.1900000000000155
4978,0.363731568,10.41,2.734387502,0.005090121069471591,-0.25,-4.740000000000023,-4.750000000000028
4979,0.03167495,13.3,1.229599928,0.003097098639620721,-0.35000000000000053,-4.060000000000031,-7.740000030000047
4980,0.655920309,13.67,2.721712353,0.005068886393501372,-0.25,-2.7500000000000284,-4.550000040000029
4981,1.726003058,10.32,1.24208003,0.003109898424481526,-0.09999999999999964,-2.8100000000000307,-3.0500000000000185
4982,2.049330646,9.0,1.447346659,0.003328151332707042,-0.10000000000000053,-5.480000000000022,-5.730000000000032
4983,0.024603204,8.4,2.375285895,0.004521441500501522,-0.20000000000000018,-2.860000000000042,-2.0600000000000165
4984,0.229569282,9.45,3.243212662,0.006019729682883465,-0.20000000000000018,-2.710000000000022,-3.90000000000002
4985,5.450963612,6.14,3.093160306,0.0057292930833912105,-0.25,-1.2700000000000173,-1.3400000000000105
4986,0.447153802,6.14,2.836085396,0.005263730285932,-0.10000000000000053,-2.420000000000016,-1.3400000000000105
4987,6.879635199,8.59,2.298026012,0.0044076142011295,-0.2999999999999998,-4.42000000000003,-5.40000000000002
4988,0.029745274,15.97,3.311190593,0.0061560778123231925,-0.34999999999999964,-3.2300000000000466,-5.850000020000039
4989,5.801031547,6.72,0.54385913,0.0024688998042136376,-0.14999999999999947,-3.160000000000011,-3.920000000000016
4990,0.277660309,9.7,4.456902201,0.008974643395745361,-0.2999999999999998,-2.80000000000004,-0.8300000000000226
4991,0.071707033,7.96,4.095577009,0.007969625513952597,-0.20000000000000018,-2.850000000000012,-1.670000000000022
4992,0.53040608,8.84,1.14311252,0.003009827335178538,0.0,-3.580000000000041,-4.270000000000024
4993,0.907315486,11.91,1.063388274,0.002931553925569766,-0.20000000000000018,-5.710000000000036,-6.770000000000039
4994,0.402933751,13.54,2.81864947,0.0052335524010324415,-0.25,-3.5600000000000307,-5.430000000000035
4995,1.52994742,9.67,0.135397772,0.0021569180903530756,-0.09999999999999964,-4.620000000000019,-2.5300000000000153
4996,0.065485457,7.75,0.518741988,0.0024484783921480215,-0.09999999999999964,-3.250000000000014,-4.0500000000000185
4997,0.064146343,16.69,4.473316516,0.00902316879386174,-0.20000000000000018,-2.7100000000000364,-4.100000000000023
4998,2.521256577,6.3,0.138272487,0.0021589701042099884,-0.10000000000000053,-1.3600000000000136,-3.710000000000015
4999,0.097739246,6.3,0.991068659,0.0028623075285245337,-0.15000000000000036,-2.0200000000000244,-3.710000000000022
5000,1.429094656,5.88,0.122524462,0.002147752777242558,-0.09999999999999964,-1.7400000000000162,-2.260000000000012
