seed_id,omega,v_f0,d0,t_crash,dv_lead_orig
1,0.012977002,1.03,1.34,5.2,0.809665307
2,0.663725444,18.44,50.43,5.15,7.21889503
3,0.184649178,18.44,50.43,4.95,7.799279341
4,0.040016275,27.21,91.51,5.2,9.552303564
5,7.418140737,1.46,2.62,4.85,1.218978294
6,0.562398884,3.6,12.11,4.9,0.425668015
7,0.48163867,3.6,12.11,4.9,0.327796201
8,0.018637104,3.6,12.11,5.15,1.276523097
9,0.06478954,3.6,12.11,5.2,1.016879013
10,0.015606475,3.6,12.11,4.9,0.008500977
11,0.018330698,3.6,12.11,5.0,0.411709535
12,2.985015308,3.6,12.11,5.05,1.489917524
13,0.979899332,3.6,12.11,5.0,0.659963644
14,0.883549171,1.26,1.9,4.85,0.863569003
15,0.260000703,6.55,11.88,5.1,1.43138889
16,0.029018148,6.55,11.88,5.2,3.300477961
17,0.042967703,14.13,28.99,5.15,6.228565282
18,1.029559598,12.41,22.87,4.95,4.134745068
19,4.215587715,14.79,19.53,5.0,3.953331989
20,0.126700419,20.77,69.05,5.05,7.839398185
21,0.343975859,1.15,1.36,5.05,0.872033703
22,1.964325605,1.53,1.55,5.0,0.825001984
23,0.462948431,2.92,2.64,4.85,1.506169282
24,0.451350892,12.74,32.82,5.05,6.660484246
25,0.301054047,3.75,2.15,4.85,1.786119394
26,0.06039108,18.94,68.01,5.2,9.601490123
27,0.022866755,24.66,92.7,5.05,11.33689512
28,0.046535113,24.66,92.7,4.85,11.50722392
29,0.023145924,1.12,1.36,5.2,0.665030558
30,0.451567283,26.4,53.46,5.2,7.831000673
31,2.233928216,1.57,1.82,4.9,1.162172776
32,0.107268833,18.95,77.86,5.15,8.706866864
33,0.107427874,18.95,77.86,5.05,6.5978449
34,0.052352951,18.95,77.86,5.15,8.2331206
35,0.019705365,18.95,77.86,5.2,8.337060019
36,0.181357048,3.34,7.1,5.1,0.348891012
37,2.559690229,3.34,7.1,5.15,1.872298002
38,0.109629895,6.99,21.73,5.15,3.321202817
39,0.021975609,6.99,21.73,4.85,3.044537519
40,1.899072056,1.7,1.37,4.9,1.146183066
41,0.0122707,4.68,15.35,4.9,3.364461609
42,0.042224266,4.68,15.35,4.95,1.755560011
43,0.016385804,4.68,15.35,4.85,1.011429154
44,0.32730238,4.68,15.35,5.1,1.208641189
45,0.270251737,4.68,15.35,5.05,1.397194345
46,0.688278682,4.68,15.35,4.9,0.131740626
47,0.443574013,7.79,22.97,5.0,4.482612101
48,0.017238274,35.44,74.59,4.9,8.562775391
49,0.108079132,6.52,13.01,4.95,0.741214242
50,0.036359804,14.75,45.97,4.9,7.445526217
51,0.409031043,6.57,14.93,4.9,1.082220083
52,1.342226607,6.57,14.93,4.85,1.472284468
53,2.917274961,1.53,1.55,5.1,0.913933257
54,0.052658634,2.66,1.81,5.05,1.883439768
55,0.143844829,2.7,4.22,5.1,0.179036038
56,0.016824725,3.49,1.53,5.1,1.854037989
57,4.579967259,1.07,1.67,5.2,0.653928686
58,0.580201463,1.2,1.6,4.85,0.810353426
59,6.450448923,24.27,54.41,5.15,6.159229508
60,2.956812506,17.37,53.0,5.2,8.937276991
61,0.016393481,17.37,53.0,5.0,6.170002525
62,0.061575877,15.77,37.89,5.0,6.454283018
63,0.093985146,1.13,1.35,5.0,0.560267833
64,0.862069446,10.56,37.37,5.0,6.223808355
65,0.121491786,10.56,37.37,5.2,6.08435144
66,0.960472873,1.59,3.07,5.0,1.099307464
67,0.542834167,7.38,7.68,4.95,2.293107023
68,0.048451371,4.94,5.83,4.95,2.226532286
69,0.43017913,1.29,1.57,5.0,0.928089386
70,0.196788816,2.0,2.07,4.85,1.891861313
71,0.770625756,15.23,50.27,5.2,7.426060835
72,0.524174884,5.84,27.07,5.05,2.245159486
73,0.210363354,5.84,27.07,5.05,3.521242338
74,2.170942393,5.84,27.07,5.15,2.662785493
75,0.348842346,5.84,27.07,4.95,2.667193494
76,0.220844443,5.84,27.07,5.05,1.81894619
77,0.045065364,8.7,28.84,5.1,4.142545267
78,1.788176824,8.7,28.84,5.15,2.071799279
79,0.023542557,8.7,28.84,4.85,2.418254156
80,1.599955721,8.7,28.84,5.05,3.719154927
81,0.083623859,1.02,1.34,4.95,0.617429243
82,3.327687393,4.81,3.38,4.85,3.400073893
83,0.011626436,18.01,39.56,5.0,5.593885736
84,0.017952662,18.01,39.56,4.95,5.843714042
85,2.995838411,18.01,39.56,5.0,7.412629954
86,0.041137474,11.19,31.1,4.9,4.8262881
87,0.168736806,9.53,9.85,5.15,3.064596188
88,0.399746315,35.8,90.44,4.95,13.86207511
89,0.35106393,15.2,25.35,5.05,5.250055724
90,0.087068985,8.24,33.2,5.2,5.648485737
91,0.29578599,9.2,7.56,5.0,5.073458547
92,0.033484936,7.7,24.63,5.15,4.652704878
93,0.208455791,10.26,46.88,5.05,5.025266864
94,0.606706542,16.43,79.55,5.2,8.433703373
95,0.020721554,18.62,33.04,4.95,5.562862066
96,0.34638017,15.15,40.98,5.15,5.52774085
97,3.931568437,4.67,16.05,4.85,2.154191371
98,0.439652914,4.67,16.05,5.2,1.529396341
99,0.061375527,4.67,16.05,4.85,0.354486008
100,0.047702777,4.67,16.05,4.95,0.909115356
101,1.474115984,4.67,16.05,4.9,1.424216729
102,2.874493854,4.67,16.05,5.1,3.423676802
103,0.729676752,4.91,11.47,4.9,1.037423928
104,0.22929839,2.8,3.75,4.9,1.607619327
105,1.436273139,1.3,1.86,4.95,0.585834334
106,0.046145852,13.04,29.85,4.85,5.989332456
107,0.012596542,13.54,57.33,5.1,5.291322653
108,0.02456862,13.54,57.33,4.95,6.003238872
109,0.226083565,7.88,34.9,5.2,5.150656495
110,1.314908508,3.24,6.27,5.1,1.815568443
111,1.729044813,9.45,32.74,5.15,4.358954866
112,0.07626441,10.94,35.44,5.1,6.484347718
113,0.480882105,6.18,8.47,5.15,1.113760656
114,22.88104781,1.16,1.36,4.95,0.93371688
115,12.904755,1.48,1.41,5.15,1.189281408
116,2.017315984,14.34,27.38,5.1,5.63433222
117,0.742024871,17.42,47.28,5.1,7.326980305
118,6.059074369,2.7,2.25,4.85,1.311272381
119,0.077931367,4.42,10.05,5.15,0.62769652
120,2.980809655,4.05,7.48,5.05,2.025202506
121,0.338979195,15.18,73.61,5.2,6.499792414
122,0.122204538,7.92,25.25,4.9,4.741671071
123,0.531533823,7.92,25.25,4.9,4.586270016
124,1.706031395,2.5,8.95,5.15,0.293751332
125,0.686758505,2.5,8.95,4.95,0.613923495
126,0.382725347,2.5,8.95,5.0,0.629363224
127,0.03473514,2.5,8.95,4.95,1.072237874
128,0.108732626,2.5,8.95,4.85,0.248053104
129,3.504209546,2.5,8.95,5.15,1.556574936
130,0.180516942,1.87,2.99,5.05,1.74123952
131,0.143059906,4.55,10.05,5.05,0.085436525
132,0.123276385,4.55,10.05,5.15,0.614294925
133,0.015867236,3.51,1.68,5.15,1.540967382
134,1.761946744,1.31,1.5,5.2,1.276645527
135,4.1124091,2.39,4.37,5.2,1.093362076
136,1.747957627,4.96,3.94,4.95,2.655535078
137,5.614050536,4.96,3.94,4.9,3.668168908
138,0.06489514,19.51,43.68,5.05,5.410542684
139,1.717321137,15.6,59.92,4.95,7.348111612
140,16.46059463,3.2,6.92,4.85,2.089262183
141,3.944450914,1.68,1.8,4.85,0.638932204
142,0.768493037,11.21,24.13,4.85,3.291155855
143,0.060220154,18.64,19.26,5.0,3.855447711
144,2.065943084,1.44,2.32,5.0,0.877669455
145,0.240717855,4.24,6.38,5.05,2.651683639
146,0.015103229,3.04,3.36,5.05,2.047338274
147,0.105172551,7.93,10.1,5.05,4.641436685
148,0.286887205,6.59,16.37,4.95,3.030299063
149,1.283215275,1.33,1.59,5.1,0.881031278
150,0.157735045,6.74,6.1,4.9,2.975684861
151,1.129357762,9.48,36.16,4.85,4.433862869
152,0.099251146,1.02,1.34,4.9,0.837182367
153,3.047952814,3.9,3.4,5.05,2.163818055
154,2.032838846,2.72,3.14,5.0,2.183489062
155,2.365060316,4.74,17.5,4.85,2.723027581
156,0.011323573,4.74,17.5,4.85,2.19693425
157,1.099054125,4.74,17.5,5.15,1.293420413
158,0.150355405,4.74,17.5,4.9,0.363756288
159,0.288683564,12.83,29.4,4.95,6.125354208
160,0.068228497,3.38,10.86,5.0,1.658016283
161,0.228787877,3.38,7.87,5.15,2.467510352
162,3.095370684,5.49,12.98,4.95,2.460425637
163,0.471442461,2.38,3.11,5.1,1.146496752
164,4.420990012,5.32,10.68,4.95,0.674517323
165,0.017058341,5.32,10.68,5.2,3.182570832
166,6.972661143,2.06,5.87,4.9,0.666937648
167,0.071164569,2.06,5.87,4.9,0.343032549
168,0.182226298,2.06,5.87,4.95,0.825305414
169,0.013782393,3.67,3.8,5.2,2.301046446
170,0.041708268,4.19,17.35,4.85,3.80999669
171,0.395741621,14.59,41.32,5.2,7.807568839
172,0.029278564,9.96,12.7,5.05,2.472006597
173,3.26947998,19.52,77.82,4.85,6.728371763
174,0.186487374,19.52,77.82,4.9,8.671691175
175,0.018394449,14.64,58.65,4.95,8.587124303
176,0.054304652,14.1,15.47,5.1,4.20615167
177,3.876896501,3.08,3.09,4.85,0.412631076
178,9.322318822,2.5,5.88,5.15,1.716545123
179,0.136225474,12.36,28.79,5.1,4.402068206
180,1.906955772,19.35,51.1,4.95,5.850529004
181,0.024867389,19.35,51.1,4.95,7.359977769
182,0.015287506,19.35,51.1,5.05,6.864812673
183,0.094013006,10.45,15.96,5.05,6.583901184
184,0.087781903,9.85,11.82,5.0,4.189436784
185,0.697315336,2.64,2.12,5.0,2.151746291
186,0.063817774,5.07,4.39,4.9,3.175300384
187,0.011501759,8.31,32.74,5.2,3.493870631
188,14.67190153,1.93,2.99,4.85,1.106162927
189,0.011546102,17.51,64.7,5.2,7.406167047
190,0.012972561,6.94,13.35,5.05,1.308711295
191,1.374880052,6.9,4.69,4.85,3.159018136
192,0.027377986,9.56,24.11,4.9,2.197610493
193,2.013476084,9.56,24.11,4.85,2.354516062
194,1.719354443,1.55,1.4,5.0,0.487243688
195,2.837907667,12.71,38.59,4.85,4.863983777
196,0.012678271,13.59,46.33,4.95,5.162021837
197,1.058252061,13.59,46.33,5.05,4.448290887
198,0.055507743,2.76,5.68,4.95,0.304075015
199,0.067999144,14.73,63.26,4.9,7.815820112
200,1.89483272,28.9,87.71,4.85,10.50389637
201,7.134632335,2.11,1.88,5.0,1.266471161
202,0.071499304,22.05,64.89,4.85,9.742245864
203,0.160994275,5.59,25.8,5.1,1.372628255
204,0.310126146,5.59,25.8,5.15,2.031585422
205,1.275581488,5.59,25.8,4.95,2.312152495
206,0.095415019,5.59,25.8,4.9,2.920772956
207,0.025283543,5.59,25.8,5.2,1.897144183
208,1.614524578,1.42,1.34,5.1,0.709890052
209,2.005540578,12.03,41.37,5.1,5.631541932
210,0.050622222,12.03,41.37,4.9,5.920017028
211,0.03575013,11.26,43.88,5.1,3.468434599
212,0.753148662,11.26,43.88,4.85,4.039052826
213,0.381446443,28.03,48.89,4.9,6.789808468
214,1.685735276,5.97,28.44,5.2,2.173024593
215,0.13681643,5.97,28.44,4.9,2.162145707
216,0.3042412,10.46,33.9,4.9,3.510640203
217,0.014051827,12.65,36.95,4.9,6.415623843
218,0.03462946,7.92,23.83,4.85,5.012727628
219,2.444833472,7.16,5.43,4.9,4.594998227
220,3.090515975,1.32,1.41,5.1,0.744330097
221,0.019004747,6.41,13.73,5.2,5.040733209
222,0.020716947,11.21,35.71,5.15,3.583053888
223,0.042543993,6.52,27.13,5.2,1.820534098
224,0.02422289,6.52,27.13,5.05,1.835683824
225,0.063447414,6.52,27.13,4.95,2.649307672
226,1.183983206,6.52,27.13,5.1,3.434951402
227,0.022869539,6.52,27.13,5.2,1.928561504
228,1.398478317,24.25,84.03,5.0,11.10914203
229,0.280136366,7.01,5.68,4.95,2.084934745
230,4.161313705,7.11,10.4,4.95,4.487333181
231,1.024944252,16.55,36.01,4.9,8.089466646
232,1.264026771,16.55,36.01,5.1,5.650300519
233,0.032302351,23.83,84.45,5.2,11.478704
234,5.022742769,3.9,5.07,4.85,2.376844695
235,0.174764429,13.13,49.9,5.05,7.68650771
236,0.480169606,16.99,69.22,4.95,8.372958657
237,2.958974569,7.65,6.47,5.0,3.793460154
238,0.198101548,21.62,62.32,5.2,6.834891372
239,5.74222603,1.2,1.55,5.1,0.950420369
240,0.131343479,12.41,27.99,4.85,6.55207027
241,0.163626915,12.41,27.99,5.1,7.181829279
242,0.124044569,14.63,46.48,5.05,3.797830022
243,0.744627498,1.13,1.36,5.05,0.926400488
244,2.655874487,1.14,1.36,4.9,1.026174584
245,1.718579509,20.48,67.26,5.05,9.612690419
246,2.792071975,21.85,79.65,5.1,13.04157906
247,0.138451575,21.85,79.65,5.0,13.78933762
248,0.06475489,3.29,4.48,5.2,2.431993239
249,0.112041676,12.55,50.63,4.95,6.944392188
250,0.105087261,12.55,50.63,5.2,5.912363342
251,0.510120089,8.75,14.29,5.1,2.98125332
252,0.053989734,5.89,16.76,4.9,3.039067314
253,0.014559815,7.33,15.02,4.95,4.822790899
254,2.115303905,4.95,3.5,4.9,2.365504301
255,0.514624938,1.35,1.46,4.85,0.736273015
256,6.058527951,1.44,1.43,5.1,0.536785706
257,0.080056026,6.95,9.46,5.15,2.901671644
258,0.130800214,2.75,5.99,4.85,0.284600955
259,13.96505677,5.9,9.42,5.2,3.549942819
260,0.566885778,8.92,38.59,5.2,5.411601007
261,0.011916843,11.69,28.21,5.05,2.40425683
262,0.013690559,11.69,28.21,5.15,4.563324229
263,0.115639619,8.56,8.39,5.15,2.169410506
264,0.053920118,8.56,8.39,4.85,2.49231989
265,0.169988726,5.49,15.56,4.95,2.854159866
266,3.784848348,3.54,1.82,4.95,2.262503965
267,4.163838519,1.19,1.69,5.15,0.63343711
268,2.920029593,10.82,29.97,5.2,3.481087689
269,2.335285673,10.82,29.97,4.9,3.202725082
270,0.097636582,4.91,5.8,4.95,2.661462942
271,0.699535137,9.42,17.85,5.1,4.727246235
272,0.205337281,10.35,49.11,5.05,5.622486591
273,0.294911036,4.73,6.43,5.1,2.842721288
274,5.172719519,7.97,37.74,4.85,4.246526767
275,0.038547755,5.06,8.02,5.0,2.796398069
276,8.249707827,2.83,2.23,5.15,1.372947843
277,0.162942318,3.85,15.42,4.85,3.280679314
278,0.371789807,10.08,26.53,5.05,4.712397705
279,2.616597882,1.97,3.22,5.1,1.546184017
280,0.029896926,3.45,16.81,5.1,1.612318568
281,0.199491559,3.45,16.81,4.85,1.125802878
282,2.874314108,3.45,16.81,5.1,1.290965651
283,0.011647321,3.45,16.81,5.15,1.097220521
284,0.478398467,3.56,1.94,4.85,1.866272008
285,0.65060758,6.53,23.19,4.85,3.329212525
286,0.192432883,6.53,23.19,5.05,2.219486167
287,0.17134507,6.53,23.19,5.15,2.58965314
288,0.10979145,6.53,23.19,4.85,2.552155865
289,1.060433504,6.53,23.19,5.2,1.844593896
290,3.539153382,6.53,23.19,5.05,1.514516481
291,0.345144377,11.63,56.89,5.2,6.229056397
292,0.082494831,9.22,21.64,5.0,3.480268955
293,0.032886479,9.22,21.64,5.05,2.019403211
294,0.141642682,4.34,3.46,5.15,2.143960078
295,0.083665249,1.28,1.41,5.1,0.809303693
296,0.023718668,1.62,2.51,4.85,1.034347745
297,0.208983419,3.02,9.46,4.85,2.213437636
298,0.114236635,3.02,9.46,5.2,1.697797702
299,0.97256753,4.3,2.38,4.85,1.707221461
300,0.020501914,6.19,10.92,4.85,2.857178786
301,4.441292289,6.19,10.92,4.85,3.051959112
302,1.931188526,5.41,25.79,4.95,4.453380326
303,0.014084382,8.08,9.72,5.15,4.208961592
304,2.470180302,1.04,1.34,5.0,0.816369446
305,1.390691023,13.83,48.29,5.2,4.665963591
306,0.104717098,13.83,48.29,5.05,7.399605023
307,2.470583898,13.83,48.29,5.05,3.479625015
308,1.955270163,13.83,48.29,4.9,3.814727124
309,0.592233173,1.27,1.46,5.15,1.003836296
310,0.037388565,10.16,25.82,4.9,3.667857946
311,7.873853257,1.16,1.47,4.9,0.734445334
312,2.659032717,8.98,21.77,4.9,2.851872274
313,0.050953011,8.98,21.77,5.1,1.716417509
314,0.838738574,8.98,21.77,5.0,1.74726175
315,0.080816699,13.15,32.7,5.05,5.233307353
316,0.468117137,13.15,32.7,4.85,5.008603127
317,1.678036037,7.85,10.94,4.9,3.844302685
318,0.366066241,11.66,19.77,4.9,2.92561296
319,0.155425918,2.62,1.84,5.1,1.87044244
320,0.608736907,5.28,4.37,5.05,2.934409417
321,0.804487746,11.25,11.91,5.15,4.277381289
322,4.91505922,4.18,4.14,5.0,2.59325051
323,0.03952927,16.94,55.02,4.85,7.64246634
324,0.05740301,2.41,1.45,5.2,1.513331052
325,0.014863663,6.72,14.27,5.15,1.106241168
326,0.02829826,5.9,1.84,5.0,2.214763866
327,1.509953299,10.23,19.62,4.85,5.686493176
328,0.052992682,1.12,1.34,5.2,0.70335718
329,0.078512185,16.28,39.26,5.15,5.406457058
330,0.436728374,14.75,42.06,4.9,5.646651116
331,0.18231985,14.75,42.06,4.9,7.530420832
332,6.391439451,2.06,1.54,4.85,1.724134143
333,21.38969958,28.08,62.23,4.9,7.713605601
334,0.028601682,3.85,13.61,5.15,0.717333387
335,1.776840056,3.85,13.61,5.05,0.155849745
336,0.389406726,3.85,13.61,4.9,1.007425584
337,2.331628895,3.85,13.61,5.1,0.07394303
338,0.062995617,3.85,13.61,5.1,1.276092594
339,0.025828026,3.85,13.61,5.2,1.339133979
340,0.045173744,6.1,2.32,5.2,1.649635279
341,0.316134339,5.48,7.33,5.15,3.385186379
342,0.019108964,14.32,61.2,5.2,6.815457924
343,3.335853454,17.37,80.23,5.15,10.03729437
344,4.255594562,10.38,14.05,4.9,4.00666429
345,0.384342062,7.49,21.77,5.1,3.608005722
346,0.162504081,6.73,31.82,5.0,2.847462476
347,0.261847168,6.73,31.82,5.2,3.47964113
348,1.068107711,6.73,31.82,5.15,2.064115317
349,0.016752718,6.73,31.82,5.05,3.512142549
350,0.012761107,6.73,31.82,5.1,3.144326346
351,1.057477555,6.73,31.82,5.2,1.777166063
352,0.720071448,6.73,31.82,5.15,3.561345782
353,0.10464936,6.38,7.74,4.85,0.473006377
354,0.051616101,10.3,16.83,4.95,4.618248186
355,0.101731067,7.42,31.42,5.1,2.476784623
356,0.011348776,7.42,31.42,5.2,2.855199598
357,0.466356993,7.42,31.42,5.0,2.542507101
358,0.018726094,7.42,31.42,5.2,3.379495593
359,0.027308692,5.88,17.08,5.0,2.827604226
360,0.69193976,5.88,17.08,4.95,1.512246947
361,0.807005862,5.88,17.08,5.15,1.52205126
362,0.054010439,5.88,17.08,5.15,1.792787928
363,0.651029957,4.15,2.98,5.1,1.774640758
364,0.044203203,19.44,18.69,4.9,0.318171177
365,0.839914285,11.18,10.82,4.9,0.354789863
366,0.105716963,11.18,10.82,5.05,2.725026732
367,0.093784099,17.77,33.19,5.05,0.855311648
368,0.739932575,14.36,9.62,5.2,0.105926963
369,0.039939968,21.66,47.93,4.85,2.110053342
370,0.03170553,21.66,47.93,5.05,2.972398894
371,0.084580064,5.56,14.0,4.95,1.948695229
372,0.019711101,25.46,32.94,4.85,0.872969626
373,0.174156175,11.07,23.85,5.1,1.372264283
374,0.597714498,17.33,28.81,4.85,0.564459636
375,0.628441322,18.96,10.12,5.05,0.415803037
376,0.801929024,9.65,21.28,5.0,1.071178672
377,1.035772994,22.94,26.66,4.95,0.46388981
378,0.01430027,22.94,26.66,5.2,5.819730801
379,0.023528234,20.93,74.18,5.1,7.841421879
380,0.642800317,3.68,10.6,4.85,0.981470475
381,0.025212647,9.97,9.06,4.95,1.621122046
382,0.015387443,6.51,4.09,4.85,0.993580891
383,0.034230321,7.42,6.55,5.2,0.846808743
384,3.747174242,7.42,6.55,5.05,1.480452261
385,0.66840755,18.58,15.6,4.9,0.589025399
386,0.181733115,8.42,29.77,5.15,1.840551581
387,0.016304945,7.12,24.93,4.95,2.303253233
388,0.489630394,9.88,18.23,5.15,1.750681066
389,0.013738085,4.86,20.46,4.9,0.831106943
390,0.230005617,4.86,20.46,4.85,0.665417282
391,0.460015556,18.16,45.42,5.15,7.285174503
392,3.327295116,18.61,68.54,5.0,3.904473467
393,3.093777822,11.01,14.41,4.85,0.877035897
394,0.594553494,11.66,12.9,5.05,0.247108061
395,0.244693398,11.66,12.9,4.9,0.803377776
396,2.957696368,5.76,11.23,4.85,1.600886177
397,1.130349255,21.86,38.22,4.9,1.226900486
398,0.541084567,4.82,9.3,4.95,0.27206564
399,0.625742088,4.82,9.3,5.2,2.491101304
400,0.163439097,7.37,12.91,5.15,1.757937095
401,4.091717722,16.34,6.67,5.1,1.826455834
402,0.020022028,16.54,6.34,5.05,0.563907823
403,0.61445628,37.15,14.82,5.2,2.277854296
404,0.03345179,21.46,23.22,5.0,0.742015295
405,0.035755009,10.11,17.61,5.0,0.376549987
406,0.402632393,16.9,14.76,5.05,0.933502341
407,0.043604547,6.8,31.64,5.05,1.537547058
408,0.039256125,6.8,31.64,4.85,4.050930036
409,0.645190186,20.04,36.8,4.85,2.223099623
410,0.011955396,20.04,36.8,4.9,1.438781479
411,0.509530284,19.13,47.45,5.05,4.563243898
412,3.008622788,7.82,7.22,4.9,1.088792551
413,0.881895416,10.45,40.02,4.85,2.231064074
414,0.249285937,24.36,51.18,4.95,2.143179341
415,0.171760598,37.75,53.79,5.0,1.508948091
416,0.368090823,37.75,53.79,5.15,4.979157505
417,0.060594947,15.87,17.59,5.15,5.163487262
418,10.54872913,10.81,13.01,4.85,0.871836111
419,0.018611576,16.97,30.72,4.95,0.554538971
420,2.81222558,16.97,30.72,4.9,0.235881525
421,0.406193271,16.97,30.72,5.05,3.557123499
422,2.07168999,9.17,23.26,5.0,3.165594406
423,0.011461222,9.17,23.26,5.2,1.346484845
424,5.650085011,21.55,17.36,4.85,0.351121665
425,0.016561614,9.1,9.46,5.05,1.962675568
426,0.96017409,19.44,58.34,5.05,4.997231899
427,0.048598384,5.36,5.68,5.0,2.830789092
428,1.677173,10.97,5.55,5.15,0.877284152
429,0.032524558,10.22,18.87,5.15,0.215310308
430,0.052640304,4.78,21.41,5.2,2.040414071
431,0.796526706,7.71,17.9,5.15,1.887216299
432,0.240021522,13.35,36.63,5.2,6.371412979
433,0.123825356,13.35,36.63,5.2,4.201253564
434,0.011726868,17.86,60.64,5.1,6.761083083
435,0.276258311,18.32,23.4,4.85,0.98071875
436,0.220414462,19.54,49.59,4.9,4.80691516
437,1.548235115,9.08,17.72,4.85,1.21498992
438,0.028088969,9.08,17.72,4.9,0.23206736
439,0.042652327,23.38,45.84,5.1,3.643230068
440,0.258341308,23.38,45.84,4.85,2.099312505
441,1.302182791,12.65,5.54,5.05,2.185980129
442,0.025061543,21.84,49.62,5.1,4.292966511
443,0.153262066,10.35,17.16,5.0,0.503900712
444,0.04351795,7.24,8.71,4.9,0.168488661
445,0.077225238,25.39,20.51,5.0,1.952076149
446,5.816449951,25.39,20.51,5.2,4.056569515
447,0.150994027,5.29,11.07,4.95,0.049864404
448,0.840271286,8.61,10.81,5.05,1.427652422
449,0.604876197,10.43,12.28,4.85,0.238091086
450,4.948212379,4.27,5.54,4.85,1.31809941
451,3.231117482,9.19,5.33,5.2,4.56129863
452,0.137825153,19.59,29.79,4.9,0.772342216
453,0.901159727,19.59,29.79,5.15,0.905740231
454,0.113428267,18.88,42.6,5.15,0.993597838
455,0.044527842,18.88,42.6,5.0,1.904078983
456,0.051694943,9.77,28.33,5.0,0.713146279
457,0.275182912,15.04,26.79,4.85,5.469583961
458,0.128215319,15.04,26.79,4.95,0.366674033
459,0.5912062,24.82,37.36,5.05,5.794406476
460,0.067702523,18.66,34.42,4.85,3.24014463
461,0.484874311,11.1,36.25,5.15,3.09763484
462,1.087571556,22.86,19.34,4.95,0.607105124
463,0.432288322,25.88,20.79,4.9,1.651092212
464,6.131708528,5.82,5.45,5.1,1.834216763
465,1.440453402,22.2,25.22,4.9,0.585305693
466,3.880041642,15.08,7.37,4.85,2.59073194
467,6.298382964,6.8,10.68,4.85,0.074118014
468,0.171672422,22.12,43.7,5.0,1.626909384
469,4.504861935,6.38,5.07,4.95,1.494256225
470,0.527625104,19.53,45.55,5.05,4.209730851
471,4.545510158,14.78,26.92,5.0,2.657039252
472,4.768671706,27.43,62.85,4.85,8.659004725
473,0.195491275,17.93,67.07,4.9,5.361284894
474,0.021361148,18.56,25.02,4.85,4.004644231
475,0.446291863,21.71,37.78,5.05,3.831491543
476,3.773980948,2.51,10.53,4.95,0.857460106
477,0.109386794,7.72,10.07,4.9,0.50492141
478,0.018172695,5.24,23.82,4.85,3.458920573
479,0.106634987,11.69,11.28,5.0,4.706847127
480,0.546177326,9.17,14.75,4.85,2.205556976
481,0.335569629,11.16,6.73,4.85,1.253204806
482,0.38773217,13.09,35.27,5.05,1.436549008
483,0.588619655,13.09,35.27,5.0,2.897188392
484,0.07341312,13.09,35.27,4.9,1.820429391
485,1.261085872,21.6,21.77,4.85,0.529572181
486,0.015034941,21.6,21.77,4.85,0.680085847
487,3.156581348,1.3,3.35,4.95,0.21743283
488,3.984342493,1.3,3.35,5.15,0.628158619
489,0.052900451,14.52,11.07,5.05,0.622994064
490,0.760903335,2.26,3.25,5.05,0.785436823
491,0.198827448,27.9,35.63,5.2,6.774364171
492,2.637782317,7.52,15.08,4.85,0.096058782
493,0.274937608,14.61,18.47,4.85,3.496331393
494,0.062916299,6.2,10.29,4.9,1.442149826
495,0.016582512,18.8,36.17,5.1,5.560801701
496,11.35772975,2.03,3.71,4.9,1.125973897
497,0.014662064,9.37,13.8,5.1,2.244135675
498,0.29286113,13.77,9.42,5.05,1.625064283
499,0.045030433,6.26,28.21,5.1,2.909330169
500,0.230113408,28.7,53.44,4.85,7.620242816
501,1.362312752,12.96,11.27,4.85,1.558700125
502,0.06079473,14.6,35.84,5.15,4.444815376
503,0.103941707,14.6,35.84,5.0,4.78553802
504,2.98661902,5.12,16.96,4.85,3.779831142
505,0.524288076,5.12,16.96,4.85,2.478949808
506,1.400805101,5.12,16.96,5.2,3.679554958
507,0.016598214,26.58,12.34,5.05,0.904671008
508,0.058418326,8.7,24.49,5.15,1.306244725
509,0.023555585,21.86,26.45,4.9,4.472287138
510,0.028638603,20.8,27.37,4.9,1.047380103
511,0.018113165,10.47,6.3,4.85,1.716778987
512,0.018945964,12.23,23.26,4.85,5.018323612
513,0.011648386,13.73,35.57,4.9,1.295281038
514,2.221150232,6.0,15.42,5.05,2.475552058
515,0.36340244,31.31,57.18,5.1,4.338332908
516,0.193083305,31.31,57.18,4.95,4.75728567
517,1.779930673,12.68,14.94,4.95,3.780238044
518,0.075981329,7.05,12.99,4.9,1.523479459
519,0.375506803,12.42,29.46,5.15,0.968172605
520,1.276138076,11.86,7.64,4.9,2.194753247
521,0.965535814,15.31,52.86,5.2,9.756068896
522,0.236652412,15.31,52.86,4.85,7.415916338
523,0.531096626,8.17,18.01,5.2,1.450240185
524,3.722734463,28.5,17.65,5.05,0.898401001
525,0.01201826,13.76,17.81,4.95,3.598436433
526,0.276046414,21.06,29.72,4.9,2.642863898
527,2.387687241,4.05,8.16,5.1,1.429402594
528,1.177811084,19.85,42.42,4.95,2.133672594
529,0.014059895,14.04,46.07,5.15,0.810187691
530,0.230108273,14.04,46.07,4.85,1.971183824
531,3.396323365,15.58,13.4,4.9,0.518042705
532,0.963537482,9.35,21.0,4.95,1.067606889
533,0.022640847,9.35,21.0,5.1,0.692937061
534,0.675499752,14.42,6.38,4.85,1.825555316
535,0.486097927,14.42,6.38,4.85,0.162233947
536,5.694717934,14.0,22.52,4.9,1.828832033
537,1.014693838,14.0,22.52,4.95,0.490047536
538,0.228003851,17.03,12.47,4.85,0.289041254
539,0.031974281,4.21,6.46,4.85,2.156390898
540,2.436883743,9.8,21.01,5.1,2.181234666
541,0.321280562,9.8,21.01,5.15,0.26429344
542,0.238840651,9.8,21.01,4.9,0.474839065
543,0.014341659,5.81,27.75,5.2,2.367658074
544,0.084204254,11.21,10.18,4.9,1.649108215
545,0.038299416,13.24,19.58,4.9,0.273341726
546,0.026955432,13.24,19.58,4.9,0.980574866
547,0.505221313,12.52,21.27,4.9,0.740520556
548,1.364414061,8.71,18.79,4.9,3.155537661
549,0.050263555,18.66,57.03,4.95,7.090699844
550,0.102205663,18.66,57.03,5.2,5.342684508
551,0.110246342,12.68,36.69,5.1,2.542678354
552,0.190321111,22.58,27.36,4.85,1.047749077
553,1.38690403,3.99,4.27,4.95,0.178723073
554,6.671350142,16.07,8.66,4.9,1.600525714
555,0.013015191,20.7,38.12,4.9,3.926793123
556,1.785105386,19.6,15.75,5.1,2.282280375
557,0.092294134,8.39,35.63,5.1,2.318781339
558,1.616376302,10.97,39.87,5.1,2.867875469
559,0.038860453,20.4,66.45,5.15,2.561567074
560,4.485880292,31.49,21.43,4.85,1.709635055
561,1.395282344,8.19,3.11,5.1,2.808827045
562,0.035229382,25.34,40.24,5.0,1.747443202
563,0.013011462,20.64,41.54,5.2,6.430451528
564,0.08430309,6.05,7.75,4.95,0.099793354
565,0.656874292,24.09,31.67,5.15,3.202971571
566,2.335157477,20.05,51.16,4.85,4.705720572
567,2.10872986,17.6,14.26,4.95,0.895018041
568,0.015606251,17.6,14.26,4.85,0.894312614
569,0.960263097,21.93,67.26,4.85,5.947971143
570,0.646978317,7.56,9.56,5.2,0.170926544
571,0.013930969,17.13,29.99,5.15,4.245019733
572,0.012367148,17.13,29.99,4.85,4.483673409
573,0.055150984,14.63,23.76,4.85,5.678051546
574,0.094407559,14.18,33.07,5.15,2.378298987
575,0.014755592,14.18,33.07,5.1,1.147428649
576,0.040108295,10.02,10.05,5.15,2.117354514
577,0.021280954,12.04,16.13,5.05,0.903088835
578,0.035227576,9.07,10.7,5.15,3.040531256
579,0.071592098,9.07,10.7,4.85,0.761166201
580,0.016874157,11.86,23.57,4.85,2.595490826
581,0.203635039,17.53,55.8,4.9,6.453296502
582,0.133116633,4.54,3.73,5.15,2.448873426
583,0.015566754,13.9,19.05,5.05,0.441304339
584,0.086425438,9.87,13.94,4.85,1.540538916
585,0.616910182,25.05,6.67,4.85,0.117800072
586,0.65736579,20.71,27.5,5.2,3.781490188
587,0.209244352,7.47,23.32,4.95,1.549296502
588,0.164502912,12.52,31.1,4.95,4.28471154
589,0.063153602,15.47,10.11,4.9,0.638821361
590,1.200167529,2.77,6.87,5.05,0.988925631
591,0.490219412,4.88,6.88,4.95,1.188186976
592,0.315207517,20.36,33.31,5.2,3.655862879
593,1.775609,8.81,6.61,4.9,0.313756813
594,0.164390109,5.7,7.18,4.95,0.832186811
595,1.025365703,12.24,19.79,4.85,0.611682753
596,0.047616864,5.96,15.75,4.85,2.266964665
597,0.504287651,28.25,22.9,4.85,0.148871461
598,0.02069216,13.09,14.45,4.95,0.541649114
599,0.223784563,20.34,42.88,5.0,3.713311071
600,0.083908377,20.34,42.88,4.95,1.36770791
601,0.539829176,18.44,19.23,4.95,1.099721249
602,3.070733904,10.51,23.41,5.1,0.207075192
603,0.018308649,16.48,16.41,5.0,1.48428673
604,0.278588609,15.07,25.89,4.9,4.040043277
605,13.7998572,18.77,4.11,5.0,1.300047287
606,0.451060039,23.53,24.38,5.05,0.625362928
607,0.058618225,23.53,24.38,5.2,1.308925097
608,0.389230259,25.27,18.55,5.1,2.832075604
609,0.694545574,12.42,15.97,4.9,2.064312887
610,0.056333113,12.42,15.97,4.85,0.152866163
611,0.053337939,12.42,15.97,5.1,1.124925725
612,0.020291399,23.02,65.38,5.0,7.469087233
613,0.96762653,23.02,65.38,4.95,7.842481887
614,0.084346986,23.02,65.38,5.05,8.114638444
615,0.213848993,23.02,65.38,4.9,7.480523822
616,0.066255065,9.62,4.35,5.15,0.129086181
617,0.058504427,19.4,10.93,4.9,0.330059272
618,2.907704032,7.0,8.7,5.05,0.098703529
619,0.029889765,33.53,35.7,4.85,1.476272902
620,2.027812611,17.7,5.26,4.95,1.637643911
621,0.12555958,13.05,14.76,4.85,0.745640452
622,0.777903886,8.23,14.18,4.9,0.607971182
623,1.049326337,8.23,14.18,5.0,1.688791737
624,0.021012075,8.23,14.18,5.0,3.392196708
625,0.079737624,19.98,42.33,5.2,3.251994428
626,0.839167204,23.03,29.47,5.0,5.485624728
627,0.022115633,21.8,16.31,4.9,0.332316328
628,0.098431136,21.8,16.31,4.9,0.653160551
629,0.41046292,15.9,22.81,4.95,0.797315374
630,0.652765059,31.87,48.48,4.95,3.242109072
631,0.018247671,16.52,46.32,5.15,8.343805104
632,0.134785585,12.81,17.85,5.0,1.620057489
633,0.017512871,10.1,12.45,5.0,1.761943699
634,0.044609069,16.98,26.1,4.85,1.033584084
635,0.049799603,14.58,20.48,5.1,0.708004751
636,0.148332752,18.42,39.11,5.05,3.58253101
637,0.196922834,17.08,31.75,4.9,3.065523076
638,3.749940205,17.76,11.59,5.05,2.066802948
639,0.016913789,14.36,31.16,4.95,1.001840446
640,0.096468206,12.0,14.61,4.95,4.907600225
641,2.761089111,12.0,14.61,5.0,0.755846333
642,0.366683963,15.76,33.5,5.2,3.356215765
643,0.70315566,15.76,33.5,4.85,2.326767671
644,0.131313857,18.8,18.35,4.9,0.622434225
645,1.148823604,16.63,5.4,4.95,2.536420427
646,0.133759056,13.47,18.33,4.9,1.492636218
647,0.141784836,21.92,49.15,4.85,8.75180784
648,1.22023712,21.92,49.15,5.0,9.967694441
649,0.108148711,9.3,5.88,5.1,1.565873385
650,3.239246776,15.69,6.01,5.2,0.911395872
651,7.068671665,19.86,13.96,5.1,0.502179632
652,1.907954255,9.72,19.23,4.95,1.760617514
653,0.040143903,21.86,39.1,4.9,4.891363369
654,0.507985288,7.88,6.36,4.95,1.113194487
655,0.51810824,12.88,28.14,5.0,1.990737619
656,0.026526719,4.9,7.04,5.2,1.460706474
657,0.197649624,4.87,3.66,4.9,0.530795701
658,1.001540431,5.98,9.88,4.9,0.420984843
659,1.097247427,16.42,45.74,5.1,6.85343841
660,3.341011514,25.49,61.3,5.0,8.100652017
661,0.035939148,11.85,18.84,4.95,0.938935791
662,0.443943549,9.64,17.62,5.15,0.185641242
663,0.421856177,22.12,32.85,5.0,1.744388856
664,0.013729543,22.12,32.85,4.9,7.281194267
665,0.074835928,11.29,16.87,5.0,3.267777496
666,0.050677321,11.38,27.93,4.85,1.827062675
667,4.46058494,9.07,19.35,5.2,0.936812953
668,0.193719399,15.17,5.59,5.1,1.62133352
669,2.450869272,7.81,8.08,4.95,3.017688477
670,0.508704263,7.74,6.03,4.85,0.757760431
671,0.040860793,13.67,37.09,5.0,1.846883026
672,0.026922528,12.55,29.07,4.85,6.321340847
673,0.025593204,19.8,38.53,5.15,2.429379761
674,0.698053145,23.17,22.39,4.95,1.2285065
675,0.288038574,16.5,21.44,5.05,4.881122118
676,0.014194491,13.15,28.06,5.15,2.559194882
677,1.668364257,10.4,25.15,4.85,1.234220909
678,1.200586712,18.02,38.66,4.95,2.875502108
679,2.410379222,18.02,38.66,4.9,1.63571584
680,0.016682136,18.26,35.91,5.15,4.054965999
681,0.309755833,14.64,39.84,4.85,4.654863258
682,0.16287278,14.64,39.84,5.05,5.328696751
683,0.110625015,12.81,46.93,5.15,5.849308867
684,6.197978091,11.52,31.76,4.95,0.335509429
685,1.697710651,9.43,21.37,4.9,1.523487722
686,0.087483012,14.46,6.3,5.1,0.734220199
687,0.1363542,22.63,47.79,4.85,2.369356817
688,0.012195911,25.34,22.32,4.85,1.556015998
689,0.073461279,26.05,17.25,4.85,0.492834061
690,0.046472917,20.96,27.28,4.95,3.706537548
691,0.019088412,3.34,7.96,5.05,0.932926598
692,0.035222086,17.11,13.74,4.9,1.184946628
693,0.347811052,12.24,8.18,4.9,2.118426224
694,0.48774009,13.12,12.66,4.85,3.604585598
695,0.012467597,19.42,66.31,5.15,2.66803198
696,0.545738355,15.98,9.78,4.85,2.749689266
697,1.250187029,15.35,26.88,4.85,3.769090705
698,0.037522384,14.2,40.04,5.1,0.59977892
699,0.157732472,15.95,13.95,4.85,4.501930139
700,0.16703914,22.63,65.89,5.15,3.351422569
701,1.280706279,22.63,65.89,5.15,2.053874491
702,0.018888426,6.09,10.18,5.1,1.137594746
703,4.195278674,13.08,19.05,5.05,0.612264681
704,0.835478103,16.23,44.27,4.85,6.057826676
705,0.18055452,6.48,16.23,4.9,1.073950704
706,1.550163609,6.48,16.23,4.85,1.838318421
707,0.086776991,17.87,33.15,5.0,1.932523274
708,1.550531632,13.1,26.14,5.1,0.732753189
709,0.664921278,13.1,26.14,4.95,1.854468829
710,1.624789541,13.1,26.14,4.95,1.263442195
711,0.022963222,22.62,56.72,4.85,5.998438141
712,0.01207092,10.47,22.45,5.2,3.110854576
713,1.723706363,7.17,13.92,5.0,0.075788901
714,2.938206145,7.17,13.92,5.15,0.09431764
715,0.182982244,5.71,26.33,5.05,1.494829387
716,0.831327483,11.71,18.09,5.1,1.695751527
717,0.946894519,15.4,24.04,5.15,1.251681289
718,0.062653739,8.91,36.84,5.15,3.851348412
719,3.178345626,10.66,19.45,4.85,0.929383805
720,0.966488085,22.51,38.8,4.85,4.842340616
721,0.552095345,22.51,38.8,4.85,1.8734233
722,3.616485881,13.38,9.83,4.85,1.276353138
723,0.017952059,27.8,59.71,5.1,8.288958217
724,2.944087132,20.48,33.99,4.9,3.887470543
725,0.347222205,22.75,45.37,5.05,0.66126986
726,0.030929164,11.99,15.64,5.2,0.399908575
727,0.027430014,11.74,30.85,4.85,0.346182592
728,0.722597012,3.52,2.99,4.95,0.189260256
729,0.012014185,17.26,16.98,4.95,0.731991008
730,0.818388233,10.53,9.46,5.0,0.585836676
731,0.070032256,13.48,4.35,4.9,2.302872492
732,6.341526574,9.39,14.47,5.0,0.414085958
733,0.040440765,18.9,49.53,5.15,5.597502
734,0.338190569,23.28,81.84,5.1,6.203422766
735,0.149752537,23.28,81.84,5.15,4.716154892
736,0.018822032,10.48,16.33,4.9,0.307299416
737,2.301805607,6.24,10.82,4.9,1.072757264
738,6.327808677,6.24,10.82,4.9,1.464940308
739,1.596508604,27.74,15.89,4.85,1.106114816
740,0.469061333,15.91,16.65,5.05,1.671457485
741,0.382224111,11.27,8.63,5.2,0.429878684
742,0.33373672,18.1,18.01,4.9,0.883591081
743,0.048780808,9.62,20.56,5.1,0.34261948
744,0.488135893,6.29,22.78,4.9,2.871786686
745,0.140030073,8.14,12.6,5.15,2.038743028
746,6.74772937,8.14,12.6,4.85,0.840581295
747,0.035844418,14.99,57.99,5.15,2.336460964
748,1.180105526,11.19,40.45,5.0,3.104718728
749,0.092619029,8.52,16.27,4.85,0.365040312
750,0.082194142,8.52,16.27,4.9,0.797687888
751,2.480029889,2.79,3.23,5.2,1.630140262
752,0.220133425,16.57,14.87,4.85,1.102926091
753,0.070670497,14.07,22.29,4.85,0.896289441
754,0.270851399,14.07,22.29,5.05,0.820371821
755,0.037283666,7.05,6.73,4.95,1.544309225
756,0.021849702,10.03,41.23,5.1,2.316151073
757,0.300624596,7.27,8.4,5.15,2.507793619
758,0.126809295,13.96,30.6,4.85,1.28193876
759,1.259079467,14.07,14.98,4.9,0.227327932
760,0.014666507,14.07,14.98,4.9,1.304047941
761,1.448582459,14.07,14.98,5.0,2.498806097
762,0.149041408,22.02,34.78,4.95,1.177223096
763,0.031987028,18.24,37.71,4.85,4.151446899
764,0.032892532,17.2,17.18,4.9,0.611861681
765,0.387766344,14.61,13.19,5.1,0.087288067
766,0.210639205,13.56,33.52,5.05,5.802330467
767,0.036651748,13.56,33.52,4.85,6.157491141
768,0.027936739,13.87,24.7,5.0,1.860589881
769,0.044556649,13.87,24.7,4.85,3.156147759
770,0.128363032,16.67,31.27,5.05,3.308710855
771,0.01195199,16.67,31.27,5.05,2.162855455
772,0.018071815,10.98,20.7,5.1,2.861755531
773,0.091599448,5.45,6.75,4.85,0.730958749
774,5.322796092,5.45,6.75,4.9,0.219125413
775,5.460288066,20.83,89.2,5.0,5.554149517
776,0.3248907,18.83,19.86,5.15,0.784248026
777,0.040747142,29.23,63.16,5.15,7.868714852
778,1.590703307,19.98,42.1,4.85,5.382754249
779,0.025495974,19.98,42.1,5.0,3.792659527
780,0.593788299,19.98,42.1,5.15,4.902312043
781,0.012459623,6.85,19.31,5.15,1.24377034
782,0.488355546,10.42,25.14,5.2,4.813906854
783,0.843458332,10.42,25.14,4.95,1.784081833
784,0.012758271,10.82,25.04,5.2,4.385335506
785,0.163458939,6.43,12.78,5.0,0.640992923
786,1.730860781,8.06,18.12,4.9,0.544847521
787,3.391568759,12.69,6.66,4.9,0.117267664
788,0.023100649,27.97,33.25,5.2,1.159446893
789,5.801268698,3.64,7.05,5.05,0.36418764
790,0.017342343,3.64,7.05,5.05,0.510735764
791,0.03895608,3.64,7.05,4.85,0.465140132
792,5.671679801,35.85,75.19,5.15,5.937559352
793,1.779325348,8.82,7.32,5.1,1.599088728
794,0.051594068,15.66,39.6,5.2,4.203085874
795,0.018737857,15.66,39.6,5.2,3.429516093
796,1.403657324,20.72,40.72,4.95,6.449050736
797,0.020226122,11.6,20.77,4.85,3.484593095
798,1.239312284,15.16,14.66,4.9,1.764798974
799,0.098506961,21.79,33.63,5.05,1.422624712
800,1.806708975,14.87,23.37,5.0,0.832336338
801,0.146684811,20.32,27.26,4.85,0.303322018
802,0.380368808,20.81,17.75,4.9,0.722848203
803,1.057710565,4.76,4.2,4.95,1.488144927
804,0.441395978,16.67,32.36,4.9,0.307314787
805,0.049268717,16.67,32.36,5.1,2.543683643
806,5.256069662,8.21,4.16,5.0,1.226242379
807,0.06438761,8.64,20.35,5.1,2.640242786
808,1.50414079,7.52,7.49,4.85,2.245233325
809,0.519280631,7.98,6.34,5.2,0.848311333
810,0.033232594,5.55,5.53,5.2,1.22785244
811,0.645728922,13.76,30.34,5.15,4.599982425
812,0.856945229,17.85,16.15,5.1,1.750392749
813,0.429980372,12.52,18.49,5.05,0.308940505
814,0.02708474,12.52,18.49,5.15,2.309236644
815,6.101644017,7.2,18.46,4.85,1.744702972
816,0.082077175,12.24,31.65,5.2,5.084996955
817,2.926087722,12.24,31.65,4.85,3.781745008
818,0.45227901,3.8,9.68,4.95,0.115851243
819,0.082792232,16.86,10.96,4.85,2.52061007
820,0.032554044,5.55,27.52,5.05,3.165204877
821,0.134416312,11.27,6.26,4.85,2.111230191
822,2.65453051,11.27,6.26,4.85,0.089813189
823,0.040885248,10.53,6.92,4.95,0.884678802
824,0.621855944,22.03,39.36,5.0,3.628083936
825,0.015090954,5.86,5.6,4.95,2.103056572
826,0.01584002,20.07,38.19,4.85,1.900902885
827,0.029230541,11.83,14.58,4.85,1.600307479
828,0.160636979,16.37,51.83,5.2,7.735379838
829,0.203992004,16.37,51.83,5.2,5.920430277
830,0.454148515,9.24,7.03,5.1,2.875807116
831,0.511329554,14.0,31.79,4.9,4.212427152
832,0.066269327,14.0,31.79,4.95,3.529079601
833,1.323425916,27.13,60.88,5.2,1.87531803
834,0.506753104,27.13,60.88,5.15,2.298707367
835,3.376379182,10.79,32.04,5.05,0.793153232
836,0.928777899,33.4,110.89,4.9,7.364184437
837,4.78292505,25.52,17.24,4.95,0.814306406
838,0.075597413,11.52,8.03,5.05,1.907200569
839,3.060544639,11.52,8.03,4.85,0.167123222
840,0.421231746,7.33,12.54,5.2,2.725149572
841,0.32569122,10.44,7.27,4.9,3.903856558
842,0.526038717,10.44,7.27,5.1,1.437845357
843,7.558013462,4.63,10.69,5.1,0.452105698
844,0.157773661,4.63,10.69,5.0,2.911857267
845,3.321708495,20.68,16.51,5.0,0.412793548
846,2.38768602,12.92,19.89,4.95,1.323036665
847,0.823665012,12.92,19.89,5.15,1.444145679
848,0.059089778,12.92,19.89,4.85,0.109236367
849,0.234126198,19.44,41.6,5.15,5.140449953
850,0.181983724,19.44,41.6,4.85,4.672871562
851,0.965721164,10.41,31.55,5.2,5.280704977
852,0.48591037,10.41,31.55,5.2,2.65485703
853,0.100936445,7.52,6.3,5.05,0.648868602
854,1.677801899,10.86,12.79,5.0,0.928182922
855,0.034386903,4.09,16.35,4.85,1.521950255
856,0.540078404,17.31,22.11,4.9,0.361431659
857,0.022130044,23.39,33.6,4.95,6.459980633
858,3.452165561,18.86,27.46,4.95,0.217869952
859,0.927512134,18.86,27.46,5.05,0.748503585
860,0.071441208,18.86,27.46,4.9,0.75819811
861,0.059971759,7.72,10.52,4.9,0.760439885
862,0.017248972,7.72,10.52,5.15,2.418092132
863,1.018275716,7.72,10.52,4.9,0.458598608
864,0.193127044,14.96,44.1,4.95,3.602725069
865,0.767278652,29.55,48.31,4.95,7.069508656
866,0.563946429,15.86,26.98,4.85,0.145560902
867,0.033073875,23.27,26.65,4.9,0.478725813
868,0.350159814,15.52,18.41,4.85,5.63884604
869,1.341590489,26.75,16.07,5.0,0.259471936
870,1.897962746,23.41,8.72,5.1,1.552520103
871,6.325839138,35.48,86.1,5.2,10.23635476
872,0.224733436,8.87,4.08,4.95,1.39682754
873,1.853671351,8.87,4.08,5.2,0.137157572
874,0.516675009,16.74,35.61,5.2,1.698016549
875,0.173934848,16.74,35.61,5.0,3.038922529
876,0.052404265,16.97,34.73,4.95,1.192704478
877,0.208702021,16.97,34.73,4.9,0.342959075
878,1.863636984,18.88,71.69,5.2,6.273856185
879,0.186562833,16.01,46.07,5.15,2.034324778
880,0.10518937,16.01,46.07,5.0,3.773587737
881,0.014273848,24.23,46.6,4.85,1.493853637
882,0.135691716,20.47,36.49,5.2,2.932629492
883,0.05630198,25.55,47.92,4.85,4.477952474
884,0.032537346,3.8,11.7,5.05,1.888091968
885,0.042667014,3.53,5.56,5.2,2.47451952
886,0.201459191,10.98,20.75,5.0,1.280108513
887,0.183150207,12.42,23.65,5.2,3.231798692
888,4.144676209,10.59,37.58,5.0,2.902802727
889,1.052808189,10.59,37.58,5.2,3.840048832
890,0.13827501,18.71,23.28,5.05,1.00463349
891,3.371851813,24.98,45.22,4.95,4.843562771
892,0.05016342,17.95,23.33,4.9,0.354702441
893,1.565195239,14.76,23.72,5.0,0.864378282
894,2.062260666,4.31,3.72,4.9,0.605455167
895,0.031298575,14.61,26.89,5.2,3.609564597
896,0.017033344,14.61,26.89,5.0,3.133035532
897,4.878007729,20.83,73.16,5.15,8.808954562
898,0.204452674,24.6,27.16,5.2,2.752573311
899,0.128818583,23.3,24.26,5.15,3.057946774
900,4.506571333,1.25,3.09,4.85,0.698101181
901,0.065481166,16.15,45.4,5.2,7.057485586
902,0.016397497,16.94,18.46,4.9,1.368006843
903,0.567859515,18.47,9.24,4.9,2.513793541
904,3.467275165,8.45,16.3,4.95,0.3242432
905,0.017785092,4.25,15.49,5.05,0.966928567
906,0.032273942,24.57,21.91,5.0,0.464040515
907,0.102660227,25.77,50.02,5.2,3.82755828
908,0.063242328,24.76,18.01,4.95,1.243809707
909,0.037605706,12.54,20.89,4.9,2.359900863
910,0.142730652,12.54,20.89,5.0,0.651899602
911,0.04298642,13.78,5.81,5.05,0.732956996
912,2.587825897,15.66,19.7,5.05,0.563290496
913,0.026585775,15.66,19.7,4.9,1.101742216
914,1.731295683,24.21,110.21,5.15,12.43081136
915,0.0438516,13.29,56.09,5.1,7.119128446
916,0.146656623,13.29,56.09,5.05,5.033876656
917,0.228837038,19.22,16.36,5.05,4.18339322
918,0.407956872,8.82,13.17,4.85,1.87986838
919,0.643476523,7.76,7.06,4.95,1.256104533
920,0.01856641,14.65,31.06,4.95,2.272045332
921,0.992259049,31.75,65.9,5.0,9.078460342
922,0.185231988,6.33,12.83,4.9,1.912069439
923,0.143620285,23.45,54.28,4.9,7.723845146
924,0.337236105,27.62,52.57,4.85,6.466623783
925,0.074905002,6.65,10.26,5.0,2.53964579
926,0.130714021,6.65,10.26,4.85,0.215668974
927,0.865291235,25.43,73.38,4.85,7.764812842
928,1.066019983,18.05,13.71,4.9,1.56639883
929,1.772426486,23.09,49.7,5.05,7.245686594
930,0.275897241,10.13,15.21,4.85,0.393818977
931,0.347073795,21.31,33.84,5.0,1.192109628
932,0.048859809,9.9,10.56,4.9,0.49684208
933,0.027826355,21.94,20.41,5.1,6.722954736
934,0.237835113,17.55,22.14,5.05,2.607254581
935,3.984297125,6.63,16.7,5.0,0.73397577
936,2.512467458,19.19,28.75,4.85,2.68128865
937,1.435330815,15.11,9.76,4.9,3.341342284
938,0.668577669,13.71,4.34,5.1,1.357535566
939,0.533519978,29.55,54.4,4.85,2.365487126
940,0.732738091,29.55,54.4,4.85,2.027566737
941,0.098617953,16.53,46.09,4.85,2.158212186
942,1.046919315,16.53,46.09,4.9,5.116798369
943,0.185496563,12.79,24.55,5.0,1.212453261
944,0.098188751,25.43,38.27,5.05,2.115739803
945,3.023025457,17.88,6.16,5.2,1.548604612
946,2.711091661,14.22,9.01,5.2,0.229838088
947,0.041005333,18.68,31.03,5.05,5.019202681
948,2.904288662,9.77,4.72,5.0,0.055633644
949,0.077298908,9.6,20.44,5.15,3.566360088
950,1.75638209,14.89,16.1,4.9,3.359746223
951,0.670496213,12.03,7.64,4.9,1.487750358
952,0.047375163,12.03,7.64,4.95,0.454851245
953,0.014292448,4.37,9.64,5.2,0.857329798
954,1.542133426,15.01,18.49,4.85,0.976461979
955,0.486826424,15.01,18.49,5.05,1.239253387
956,0.412093144,15.01,18.49,5.1,2.197484232
957,0.052320796,3.48,10.37,4.85,1.417083047
958,0.184616221,3.48,10.37,4.85,0.606834347
959,0.462729481,6.63,4.55,5.2,3.411802416
960,0.083413944,16.36,32.32,5.05,2.192885038
961,0.022846628,16.02,19.8,5.0,1.753107967
962,1.38992635,19.26,27.97,5.15,3.976062722
963,0.042131137,4.11,13.34,4.95,0.202327627
964,0.27956266,22.5,55.66,5.15,2.734817248
965,0.34740754,17.89,3.71,4.85,1.647142967
966,0.068055153,11.77,24.81,4.85,2.908839279
967,0.013407372,11.77,24.81,5.05,0.621165851
968,0.889712769,9.38,24.78,5.2,1.165480889
969,1.694269359,23.15,34.18,4.85,4.257523737
970,0.016664718,23.15,34.18,5.05,5.697122127
971,0.167663612,23.15,34.18,4.85,4.095567228
972,0.036776405,6.18,11.88,5.2,2.803724605
973,0.175197267,3.64,5.29,4.85,0.290273473
974,0.026414317,3.64,5.29,5.1,1.137062382
975,0.437582342,11.36,17.78,5.2,4.501533387
976,0.255618621,15.48,33.03,5.1,3.906586444
977,0.750147964,15.48,33.03,4.85,1.96661718
978,0.014100696,22.85,33.03,5.05,4.644198016
979,0.08887673,22.85,33.03,4.9,3.358681568
980,0.011860571,18.73,15.27,5.05,1.440966623
981,1.378692057,22.75,45.07,5.0,1.864452618
982,0.596306603,22.75,45.07,5.15,1.451737027
983,0.030782308,22.75,45.07,4.9,3.034236742
984,2.726030507,31.31,36.84,4.95,3.334829825
985,0.235701096,12.15,14.0,4.9,0.040017357
986,0.12367301,15.88,15.3,4.95,0.486376225
987,0.07381777,18.47,18.02,4.9,0.834826831
988,3.565984007,25.79,41.23,4.95,4.538272348
989,2.929910689,12.77,22.27,4.9,2.240055914
990,0.223442523,3.3,15.46,4.85,1.002497316
991,4.523502611,25.32,32.45,4.95,0.04647312
992,0.601576734,23.94,15.39,4.85,1.158871923
993,1.115875097,23.94,15.39,4.9,3.914474441
994,0.270802223,14.36,54.75,5.1,6.572859167
995,0.143299454,14.61,29.27,4.95,1.041925737
996,0.080737842,6.55,8.65,4.85,0.158333288
997,0.043659968,6.55,8.65,4.95,1.789703146
998,0.725408388,6.55,8.65,4.85,0.802830397
999,0.013755163,27.33,30.86,4.85,1.044455993
1000,2.099464333,27.33,30.86,4.9,0.595292188
1001,0.081222418,19.84,32.61,5.0,0.530203644
1002,0.039764137,5.71,12.32,5.05,1.08833355
1003,0.815828059,13.92,25.01,4.85,0.960196766
1004,0.58073655,23.99,44.17,5.15,2.04499064
1005,8.66148216,23.99,44.17,4.85,1.564650104
1006,0.022788727,17.98,21.33,5.05,1.142031837
1007,0.083876007,17.98,21.33,4.9,1.320358466
1008,0.101816469,24.83,11.36,4.85,2.129626509
1009,0.059805927,11.95,57.22,4.9,5.994266208
1010,3.236393019,12.39,6.42,5.2,0.86415529
1011,1.401121022,9.52,7.76,5.15,1.195688034
1012,0.017402617,13.55,10.24,4.95,2.17273862
1013,0.195471919,6.83,19.02,4.9,0.724651587
1014,0.043333718,22.25,36.45,5.15,2.69306279
1015,3.686754342,22.25,36.45,4.95,0.274525489
1016,0.01876558,15.74,27.08,4.85,1.318570064
1017,2.722069621,10.19,34.67,4.95,3.659345742
1018,0.042605432,26.14,25.79,4.95,3.603100906
1019,0.238655265,10.66,29.95,5.0,3.817749208
1020,0.045941582,10.66,29.95,4.85,3.13479772
1021,0.019265458,10.66,29.95,4.9,5.611884303
1022,0.327571901,20.18,29.41,5.2,1.982488942
1023,0.657630746,11.7,13.21,4.85,0.22837511
1024,0.258665767,20.26,30.0,5.05,0.980282176
1025,0.231453228,5.37,13.41,5.15,0.227468823
1026,0.166233861,25.58,29.48,4.9,0.53687023
1027,0.059157267,25.58,29.48,4.85,4.811507051
1028,0.273050214,24.94,56.27,4.95,4.406268414
1029,3.48323886,24.94,56.27,4.85,4.050282946
1030,8.741268469,21.28,16.3,4.85,0.478757957
1031,1.206085054,14.96,24.57,5.05,0.457468619
1032,0.194599935,5.01,5.01,5.05,1.482489037
1033,2.401089702,5.01,5.01,5.0,1.36904323
1034,0.258329818,14.34,17.56,5.15,0.061211203
1035,1.583610546,17.83,52.67,5.2,5.691789888
1036,0.017357772,11.83,29.48,4.85,3.538423664
1037,7.250899735,11.83,29.48,4.9,1.040184653
1038,0.098777641,12.88,40.39,5.0,6.983551463
1039,0.95321684,18.02,29.4,5.0,0.854844113
1040,0.044445163,18.02,29.4,5.0,0.653503428
1041,2.684986868,20.54,62.95,5.15,6.331527125
1042,0.012144309,17.76,39.84,5.1,5.066597834
1043,9.11023093,17.76,39.84,5.0,3.732271923
1044,0.143846731,16.25,19.49,5.15,3.790399399
1045,0.181463637,16.25,19.49,4.85,3.873090479
1046,0.035904263,13.52,22.59,5.15,1.232968363
1047,0.024190603,4.85,7.12,4.9,0.84027497
1048,0.012466908,12.2,13.7,5.0,0.508808488
1049,0.557072641,8.72,12.45,5.05,0.967610689
1050,0.029039297,8.72,12.45,5.0,3.694640494
1051,0.203848431,7.92,4.79,5.2,0.562000563
1052,0.110373854,7.04,7.23,5.05,1.971083621
1053,1.003663903,3.73,9.68,5.05,0.448388209
1054,0.429528447,17.61,18.82,5.15,3.080614466
1055,0.445907315,17.61,18.82,5.0,3.853229159
1056,0.585651007,15.95,19.65,5.2,3.047778547
1057,0.012926709,15.97,30.51,5.2,2.784025854
1058,0.061809392,12.95,36.81,5.2,5.524834882
1059,0.088569903,18.59,62.09,5.05,5.948201042
1060,0.803080664,30.58,36.03,4.85,0.840245367
1061,0.071590771,18.73,18.77,5.2,1.578186993
1062,0.313529097,18.73,18.77,4.85,1.571960052
1063,2.238843252,4.02,13.79,5.2,0.313042393
1064,2.439032081,11.05,13.12,4.85,2.325092411
1065,5.492369663,11.31,20.53,4.85,1.842121577
1066,0.155332937,8.04,15.0,5.05,1.73029908
1067,0.035709805,4.02,19.66,5.1,1.101543059
1068,0.480762672,6.98,15.45,4.85,2.523489232
1069,0.122827595,25.51,45.03,4.95,5.229523435
1070,1.69409832,25.51,45.03,5.05,5.351929294
1071,0.103294435,18.08,23.69,4.85,0.078442641
1072,0.665153853,14.64,9.72,4.95,0.898493448
1073,0.029617894,21.65,32.39,5.2,4.010351239
1074,0.198751097,17.1,36.1,4.85,2.365750084
1075,0.072993355,7.86,6.94,4.95,2.837351015
1076,4.954423835,19.63,19.42,4.85,0.314104883
1077,0.081495473,19.63,19.42,4.85,1.166338305
1078,0.048138694,29.9,26.21,4.85,1.698082236
1079,0.732174227,22.02,40.0,4.85,0.293624617
1080,0.06424203,16.88,16.71,5.05,0.705832075
1081,0.581807293,16.88,16.71,5.2,0.135281788
1082,0.056123212,28.37,36.71,5.05,1.963877718
1083,5.382985706,28.37,36.71,5.05,1.102791135
1084,2.999956944,9.3,9.66,4.85,3.231141598
1085,0.011339531,18.32,19.71,4.9,0.509895662
1086,0.176709005,21.18,13.76,4.9,0.69812875
1087,1.584946508,19.29,35.99,4.9,5.781429586
1088,0.091177903,18.96,10.96,4.85,0.855348409
1089,0.66715291,15.35,13.29,4.85,0.755709396
1090,0.024405432,26.68,83.32,5.15,9.297424241
1091,0.214140347,11.9,10.21,5.0,0.607202014
1092,7.35336236,28.29,26.2,5.0,1.987340703
1093,0.04011905,28.29,26.2,4.9,5.928023411
1094,0.109234412,8.9,37.72,5.0,3.345684322
1095,0.036069734,18.88,34.87,5.0,3.967859799
1096,5.629559597,14.12,21.16,5.05,0.591858471
1097,0.018494794,14.12,21.16,4.85,3.458967876
1098,0.020045127,20.26,43.34,4.95,0.976247298
1099,0.122712906,20.26,43.34,4.9,3.357261609
1100,0.170059063,22.63,18.97,4.95,3.693979014
1101,0.073034956,28.03,98.43,5.2,7.623421097
1102,3.149074286,11.88,30.48,5.1,2.748215967
1103,0.045877063,9.84,12.61,5.1,0.852418808
1104,0.065132921,13.1,13.67,5.0,2.782878907
1105,0.056678698,20.75,48.8,5.05,6.067511879
1106,0.017682163,20.75,48.8,4.95,4.697244704
1107,0.112208987,3.8,6.67,4.85,1.600213833
1108,1.317652456,8.36,16.04,4.9,1.227993756
1109,2.297013209,8.36,16.04,4.85,0.19824172
1110,1.469611632,12.8,17.57,4.95,0.001433765
1111,0.523424882,12.8,17.57,4.9,0.240242612
1112,0.068744906,12.8,17.57,5.15,0.892607586
1113,0.440668884,12.8,17.57,5.0,1.783406858
1114,1.565760052,20.29,62.22,5.2,2.942060971
1115,0.215111917,20.29,62.22,4.9,3.870604221
1116,0.031424913,2.84,9.89,4.85,0.949142875
1117,0.016911901,5.35,10.06,4.9,1.003588568
1118,14.9612513,5.35,10.06,4.85,0.178005617
1119,0.598309214,15.77,36.08,5.15,0.251998372
1120,0.01493109,15.77,36.08,4.95,0.69469215
1121,0.089183579,19.21,25.36,4.9,2.352838716
1122,0.215234209,19.21,25.36,5.0,4.58682319
1123,0.084590651,22.63,37.88,5.2,5.975975192
1124,0.837399035,21.26,60.74,4.9,0.409456524
1125,0.040170605,21.26,60.74,5.2,4.789053759
1126,0.092408578,21.26,60.74,5.0,0.211864214
1127,1.408051353,3.53,5.08,5.15,2.304084377
1128,0.07924931,1.38,3.89,5.2,0.315052256
1129,2.430616775,9.6,3.43,5.0,0.518806894
1130,0.141220812,7.03,17.46,5.1,1.224887615
1131,0.097993233,13.1,25.06,4.85,3.22396229
1132,0.047483157,7.87,19.56,4.85,2.20774919
1133,0.207671672,15.36,23.43,5.05,4.603283003
1134,1.478327885,15.43,43.28,5.05,5.519393958
1135,0.591665831,15.43,43.28,5.1,2.294963468
1136,0.408723583,9.35,12.73,4.9,3.994464967
1137,0.135326028,7.26,16.85,5.1,1.002685224
1138,0.990424618,21.34,33.16,5.05,2.844788954
1139,0.438558196,4.67,15.37,4.9,0.570215552
1140,0.114184853,19.56,43.35,5.1,2.552638564
1141,1.014030849,19.56,43.35,4.85,0.645410734
1142,0.190809171,9.56,28.91,4.95,4.250987634
1143,0.015331651,9.56,28.91,4.85,2.368183359
1144,0.112401678,15.87,35.35,4.9,3.298786494
1145,1.111452734,18.0,33.81,5.0,0.766606815
1146,0.208693383,15.23,8.92,4.85,3.455152365
1147,2.147259576,4.7,4.52,5.1,1.800401758
1148,0.964361879,23.65,22.01,4.9,0.420090289
1149,0.061471369,12.41,13.12,4.85,2.650829348
1150,0.148192574,5.53,20.59,5.15,3.62096884
1151,1.758810074,27.59,11.97,4.95,2.689964879
1152,0.363028468,9.15,7.26,5.2,1.806768028
1153,0.36966,7.88,27.06,5.2,4.154024092
1154,2.47910412,4.99,4.66,4.85,0.517998074
1155,3.073041438,17.46,4.25,5.05,2.541919454
1156,0.054167277,23.53,33.92,4.85,3.683968898
1157,0.200598486,23.53,33.92,4.85,4.525977559
1158,0.012532847,11.3,31.41,5.2,5.579623822
1159,0.556603332,6.39,5.86,5.15,1.128923879
1160,0.023910053,13.81,37.03,5.1,2.94431704
1161,0.572359387,12.18,18.17,4.85,1.952530713
1162,0.474499133,13.71,16.93,4.85,0.359336714
1163,0.329935559,14.55,50.1,4.85,4.277261946
1164,0.163075243,14.55,50.1,5.15,3.756010732
1165,0.581020713,14.55,50.1,5.1,4.995848418
1166,0.850208068,9.66,6.93,4.85,2.605657214
1167,0.658479916,9.66,16.96,4.95,0.799340675
1168,0.830426161,13.14,21.16,5.2,3.473604352
1169,0.028703883,13.14,21.16,4.85,1.349275971
1170,0.523445652,6.58,7.54,4.95,0.670976029
1171,0.229488293,10.24,29.0,5.2,2.537765712
1172,0.015002577,10.77,35.27,4.95,3.923635143
1173,0.326574654,5.78,13.14,4.9,1.237347737
1174,3.463273625,5.78,13.14,4.85,0.0576346
1175,1.711057832,12.64,24.12,4.9,3.847429011
1176,0.137678273,3.27,7.63,5.1,0.534684515
1177,0.239322497,18.46,45.94,4.85,1.536957374
1178,0.048364141,18.46,45.94,4.85,4.074113249
1179,0.02235551,15.88,29.63,5.05,4.392009227
1180,0.02945333,15.88,29.63,5.2,0.018528482
1181,0.121035292,24.14,18.7,4.9,0.572810812
1182,0.053066028,24.14,18.7,5.05,0.552663418
1183,0.026400992,8.69,33.85,5.05,3.514163369
1184,2.752102032,14.71,11.98,4.95,1.800212973
1185,0.29342403,22.59,35.69,5.1,3.771900592
1186,0.325254427,22.59,35.69,4.95,5.372004971
1187,0.092034311,8.82,17.34,4.85,2.3807154
1188,2.61460539,24.34,15.02,4.95,0.125881285
1189,0.3642135,28.45,30.52,4.95,5.012387475
1190,0.474340836,15.3,27.17,5.0,1.391133005
1191,0.494875579,15.3,27.17,5.0,1.031568469
1192,0.173547994,17.9,23.97,4.95,3.400485651
1193,3.930618526,4.08,7.41,5.05,0.256353742
1194,0.012191201,26.56,38.58,5.1,2.704053614
1195,0.01547912,26.56,38.58,4.9,4.388108283
1196,0.875721139,13.6,12.55,5.05,1.219497318
1197,0.450168359,6.14,15.0,4.9,0.299515804
1198,0.0201226,6.14,15.0,5.0,1.937588351
1199,1.801205312,9.26,28.85,4.85,0.951764953
1200,0.091232468,12.76,29.99,4.95,4.648152619
1201,0.110894121,9.7,5.9,5.0,0.884058439
1202,0.019551207,25.88,36.57,5.0,1.887864032
1203,0.144573606,25.88,36.57,4.95,1.500437413
1204,0.028031793,20.49,32.42,4.85,2.573381002
1205,0.083855981,20.49,32.42,5.1,5.963129181
1206,0.161585829,22.34,15.21,4.85,1.190354679
1207,0.43388098,16.91,7.08,5.1,1.023343818
1208,0.059491566,18.1,26.53,5.0,0.562037361
1209,0.265399453,13.94,38.41,5.1,3.483473717
1210,0.013099963,25.76,35.96,5.15,4.381337868
1211,0.037901545,21.4,21.2,4.9,0.333797135
1212,0.493413907,16.75,73.63,5.15,2.82426637
1213,0.735877605,21.98,26.62,5.2,7.411141123
1214,6.847482533,30.86,81.1,5.2,5.843033515
1215,0.018077438,23.75,32.36,5.0,5.11552821
1216,0.162620658,23.75,32.36,4.9,5.378544982
1217,2.324385624,10.19,26.97,5.0,0.728897885
1218,0.893618256,15.21,24.45,5.0,0.740311093
1219,0.013550088,15.21,24.45,5.2,4.552428553
1220,1.458547594,29.76,12.94,4.95,1.757616117
1221,0.147044939,7.32,10.14,5.0,0.67232438
1222,0.040130108,19.31,57.79,5.2,5.524013622
1223,0.017727345,19.31,57.79,5.05,3.979387946
1224,1.338715,11.81,33.31,5.05,3.83854819
1225,0.685063524,11.81,33.31,4.85,1.29582454
1226,0.041196077,14.3,26.35,4.85,0.084075648
1227,1.660078964,14.18,23.33,5.2,2.633827349
1228,0.17009467,14.18,23.33,4.85,0.80844552
1229,1.199314837,21.84,25.99,4.85,0.110084182
1230,0.275181893,18.2,19.43,5.2,2.639817673
1231,0.23074801,23.49,40.72,4.95,2.898847868
1232,0.110913006,23.49,40.72,4.9,4.163607479
1233,0.420792892,29.78,24.99,5.05,5.681797896
1234,1.094660054,7.17,22.79,4.85,3.473373943
1235,0.042118708,7.17,22.79,4.95,2.021592729
1236,0.05393855,17.55,17.77,5.05,0.064985512
1237,0.414961997,6.22,15.29,5.15,2.601416718
1238,3.941753234,6.22,15.29,4.85,2.439902438
1239,0.037693646,6.22,15.29,4.95,3.269260843
1240,0.30964829,6.22,15.29,4.9,1.114252628
1241,0.901821073,26.64,13.35,4.85,1.58823484
1242,0.142658484,7.92,27.32,5.1,1.76898306
1243,0.43830377,11.87,18.65,5.2,4.637310976
1244,0.022815241,7.09,10.07,5.1,2.223024433
1245,0.036423938,24.46,60.3,5.1,7.652648182
1246,1.090964075,5.79,15.28,5.05,0.928343057
1247,0.418876445,5.79,15.28,5.05,0.753905809
1248,0.105868371,23.61,22.88,5.05,0.740842031
1249,0.755875722,19.39,24.34,5.1,0.963936164
1250,5.384521666,17.03,24.3,4.85,0.520582388
1251,1.956420463,17.03,24.3,4.85,0.577459263
1252,1.576647195,17.74,25.79,5.05,1.655936647
1253,0.135057539,17.74,25.79,5.15,3.826880505
1254,0.147254032,9.09,6.41,4.95,2.979498035
1255,1.220787568,12.88,29.15,4.85,1.147279743
1256,1.778138266,13.49,3.73,4.9,2.490024658
1257,0.891322634,10.51,9.57,5.15,2.643350172
1258,0.528805239,22.31,35.91,5.1,0.018929684
1259,3.013504874,1.75,7.19,4.9,1.420359509
1260,0.220978144,5.08,8.28,4.85,0.98549207
1261,2.248076145,8.62,15.22,4.85,1.141338066
1262,0.109337466,3.47,10.83,5.05,0.10200383
1263,0.172832215,28.82,25.04,4.85,0.278328049
1264,0.578626338,6.39,10.34,4.95,0.550429134
1265,0.817384668,14.24,20.76,5.0,2.693580159
1266,0.540383824,12.08,30.88,4.95,1.816394824
1267,0.320569144,9.95,9.4,5.1,1.904716591
1268,0.070812022,26.86,35.47,4.9,4.844677648
1269,0.060452956,26.86,35.47,5.1,4.397951827
1270,2.971665657,19.69,22.39,5.1,1.356033785
1271,0.103662514,12.32,18.07,4.95,0.296872658
1272,0.254397466,13.57,19.3,5.15,2.873531591
1273,2.37361766,14.59,45.82,5.05,4.837319823
1274,2.076107289,26.42,101.61,5.2,7.577140387
1275,4.710342446,14.61,11.51,4.85,3.551631737
1276,0.027208866,13.32,19.55,5.1,2.321660562
1277,0.026360825,13.32,19.55,5.1,0.507448242
1278,0.185793469,17.08,21.04,5.1,1.009465182
1279,0.307720333,20.28,20.78,4.95,5.902867556
1280,0.059943318,9.4,21.42,4.9,0.82177562
1281,1.501026945,35.04,48.66,5.15,5.248378318
1282,0.393236908,12.07,18.24,5.15,1.358969874
1283,0.37864404,14.3,28.37,5.0,3.032838147
1284,0.188716797,14.3,28.37,4.85,2.504926525
1285,0.043285871,14.28,34.66,4.9,3.687184376
1286,0.744322702,20.4,22.16,5.05,1.703882436
1287,0.029420945,21.57,45.53,4.9,5.688930792
1288,0.031033804,21.77,32.92,5.0,6.246516868
1289,6.630044417,13.32,5.0,5.05,2.675754355
1290,0.095927443,4.83,7.5,5.05,0.944401015
1291,0.02069986,12.83,30.25,4.95,3.225378767
1292,0.026179902,23.17,63.92,5.2,2.437665996
1293,0.032806168,14.2,20.6,5.2,4.23880556
1294,0.011909757,14.2,20.6,4.85,4.029449695
1295,1.090367896,20.4,30.13,4.9,3.085528168
1296,0.032813381,17.89,52.3,5.2,7.80586295
1297,1.864645241,20.85,14.27,5.1,1.23237356
1298,2.121183362,31.63,30.9,5.15,2.492152472
1299,0.071072687,23.19,28.79,5.1,1.944610759
1300,0.0743372,23.19,28.79,4.9,4.795178052
1301,0.011916261,10.61,24.79,4.85,2.502406517
1302,1.192251157,10.61,24.79,5.1,2.003318961
1303,0.019189392,10.61,24.79,5.15,0.494377269
1304,2.68871351,17.09,29.41,5.2,0.937117966
1305,0.013625081,17.09,29.41,5.0,2.760834863
1306,0.605960075,16.16,52.57,4.9,3.632322071
1307,0.233175477,17.66,47.56,4.9,3.188528882
1308,0.060427202,17.66,47.56,5.1,4.600426841
1309,0.279696507,17.66,47.56,5.1,4.362799373
1310,1.631580243,29.77,63.55,4.9,6.812843849
1311,4.001624738,29.77,63.55,5.15,9.426476791
1312,0.081170379,13.33,19.67,5.15,3.989297677
1313,0.025951956,24.1,25.26,5.0,3.790224226
1314,4.8415395,17.59,8.41,4.85,0.508132069
1315,0.086164702,17.59,8.41,4.9,0.238460355
1316,0.375251408,18.27,23.89,4.85,0.537088272
1317,0.044183827,13.83,25.4,4.9,4.02974043
1318,0.046184258,17.93,43.15,4.85,3.746856306
1319,1.532936666,14.16,6.26,4.95,2.401850462
1320,0.51478165,25.02,24.06,5.0,1.712572414
1321,5.302996384,14.17,35.27,5.1,0.53013765
1322,0.846153227,15.72,6.22,4.85,0.217494236
1323,0.622998592,15.72,6.22,4.9,0.149820203
1324,3.385347748,12.7,10.64,5.15,1.061080939
1325,0.069417904,12.7,10.64,5.15,0.221201714
1326,3.905463827,22.28,6.75,4.9,0.638349996
1327,0.340537701,27.24,50.11,4.95,2.930886549
1328,0.02095696,19.99,22.07,5.2,3.848025821
1329,7.937441806,28.57,102.02,5.15,8.365952527
1330,5.300818003,9.66,21.37,4.85,1.538653321
1331,1.772014757,9.66,21.37,4.85,1.162221355
1332,0.076570324,11.39,18.26,4.95,1.527712187
1333,0.227159215,14.82,25.49,5.0,0.451354337
1334,1.509177453,14.82,25.49,4.85,0.754679933
1335,0.038829407,15.53,31.74,4.9,2.377316489
1336,0.345793043,8.94,6.21,5.2,1.086184733
1337,0.101918451,8.94,6.21,5.0,0.662301754
1338,0.677097243,11.26,7.29,5.2,2.369992376
1339,0.01388918,14.73,13.42,4.9,0.783267762
1340,0.684153891,4.37,10.64,4.85,1.021379678
1341,0.150424016,4.37,10.64,5.05,1.358414972
1342,0.036168333,8.5,26.74,5.0,0.54397057
1343,1.33990442,18.11,44.54,5.15,3.905527877
1344,0.099182848,18.11,44.54,5.05,2.647748542
1345,0.484948657,18.11,44.54,4.9,6.434283479
1346,1.234574257,3.71,12.71,5.0,1.660025506
1347,0.379121249,3.71,12.71,4.95,1.990363008
1348,1.083547398,23.31,47.17,5.1,3.335577125
1349,0.044399218,20.09,33.34,4.9,0.40836148
1350,0.344855377,11.54,9.52,4.95,0.929745386
1351,0.020764636,16.95,11.51,4.85,0.464950827
1352,0.055205143,8.4,19.43,4.95,1.419864073
1353,0.895056846,10.88,32.45,5.0,4.819886619
1354,1.390349987,25.88,69.78,5.0,6.589127756
1355,2.961653488,25.88,69.78,4.9,5.413402452
1356,0.018122541,17.28,15.5,4.95,5.061951308
1357,0.123087457,21.94,88.09,5.2,9.524720481
1358,0.0377963,25.18,76.07,4.9,10.53137085
1359,0.325552159,8.04,16.2,5.1,0.232053296
1360,0.034117598,8.04,16.2,5.05,0.754424307
1361,0.116022301,12.06,13.97,5.05,0.90666714
1362,2.704975967,10.17,10.13,4.9,0.301984583
1363,0.063575499,10.17,10.13,4.9,0.313645558
1364,4.615741838,9.37,6.5,4.85,0.445083116
1365,0.15071046,11.61,14.99,4.95,0.102533407
1366,0.693839027,25.6,40.07,4.85,3.905101628
1367,0.049649558,25.6,40.07,4.85,9.506762583
1368,2.583802687,23.81,58.18,5.15,4.409454609
1369,0.290616899,23.81,58.18,4.9,6.938984232
1370,0.103389303,20.7,46.37,5.15,4.064589922
1371,0.0416237,21.2,41.03,5.1,5.774356608
1372,0.030119078,21.2,41.03,5.15,6.162644696
1373,1.329077976,15.65,12.4,4.9,2.10094032
1374,0.668823128,10.24,8.33,5.05,1.386322806
1375,2.18446876,10.24,8.33,4.85,1.183690788
1376,0.389390357,22.74,42.38,5.2,5.927509453
1377,7.61815434,3.37,4.68,5.2,0.248433956
1378,0.061769794,11.69,23.0,4.85,1.058282198
1379,0.53898208,15.3,17.72,5.0,2.253996451
1380,3.163316937,17.94,4.43,5.05,1.14981147
1381,2.011053986,17.32,47.53,5.2,5.146524063
1382,0.114298756,17.32,47.53,5.0,4.850395428
1383,0.012752355,14.5,23.87,4.85,2.695789434
1384,0.021580118,20.89,39.54,5.2,4.083804285
1385,1.041208327,16.46,30.02,4.85,1.860340614
1386,0.011636083,12.11,30.06,4.95,1.670538564
1387,0.014033882,12.11,30.06,5.2,2.871877068
1388,1.51517975,15.61,30.62,5.0,3.21998561
1389,0.086958946,27.11,31.92,4.9,1.459775049
1390,2.525993501,19.78,31.25,4.95,3.163448847
1391,0.029621819,19.78,31.25,4.95,0.726294791
1392,6.422850325,16.57,23.5,4.95,1.515091602
1393,2.627242187,15.63,19.69,4.85,1.792768744
1394,0.119119146,8.18,6.29,4.95,1.116526882
1395,0.09714992,8.18,6.29,4.85,1.042233275
1396,1.402605958,23.84,76.02,5.05,5.403756388
1397,0.016412231,15.47,18.64,5.15,0.542893742
1398,0.313996171,19.03,19.93,4.9,1.654924763
1399,0.024430009,12.73,26.55,4.95,1.432234509
1400,0.080324605,12.89,17.05,5.15,0.087378806
1401,1.307979358,12.41,8.46,4.85,0.602726648
1402,1.482008893,12.41,8.46,4.85,1.925066524
1403,2.176082145,10.36,8.94,4.95,0.458596181
1404,0.182266611,17.85,19.64,5.2,3.018352032
1405,0.059355271,3.15,11.34,5.0,0.188045355
1406,0.043392789,3.15,11.34,5.0,0.17485054
1407,1.65578024,3.15,11.34,5.1,0.52008719
1408,0.030940258,14.27,45.62,4.9,3.395608419
1409,0.0594082,18.68,20.21,5.2,2.78493703
1410,0.26553067,18.68,20.21,5.15,4.869875838
1411,0.931959229,16.11,37.65,4.9,3.353537453
1412,3.261006091,18.95,30.66,4.85,2.85495913
1413,1.7391294,19.7,12.35,5.0,2.792549426
1414,0.02257132,20.12,43.09,5.2,1.587247141
1415,0.341455737,16.28,22.73,4.85,1.617846656
1416,0.07589531,16.53,47.89,5.2,2.323954373
1417,1.021258737,23.67,10.69,5.2,0.511251153
1418,3.382995036,9.43,29.89,4.85,4.462085864
1419,0.098452446,21.12,60.52,5.2,3.35900853
1420,0.018507794,12.89,6.19,4.95,0.245695629
1421,2.97979824,29.7,10.93,4.9,1.371129261
1422,0.10802452,12.77,17.21,5.15,3.440797572
1423,5.468024439,22.5,5.28,5.0,1.800745476
1424,0.227986125,27.08,54.12,5.0,5.709625682
1425,0.083629437,7.62,28.4,5.2,2.301296317
1426,7.198923897,7.62,28.4,4.9,1.883764865
1427,0.237076971,8.24,18.87,5.1,0.369966905
1428,0.095858905,10.51,20.9,4.95,1.560434535
1429,0.111491021,10.51,20.9,5.05,2.998507187
1430,0.025405437,14.38,34.38,4.9,2.378645721
1431,0.199789881,13.85,12.83,4.85,1.053144617
1432,0.062636866,15.39,39.02,4.9,0.790158474
1433,1.713267632,12.48,41.61,5.1,3.76456496
1434,0.512427891,11.63,3.36,5.05,1.676714539
1435,2.334733092,6.67,10.28,4.95,0.387224656
1436,0.429726751,6.67,10.28,4.85,0.199905529
1437,0.250921672,6.67,10.28,4.95,0.901914591
1438,0.049242586,11.58,28.73,5.05,3.218842057
1439,0.542850991,14.84,13.79,4.85,1.527826903
1440,0.011349213,16.66,16.45,4.95,2.507932253
1441,0.033652745,7.23,11.59,5.0,3.186063841
1442,0.033102947,9.95,9.91,5.05,1.994998602
1443,0.073265507,19.19,19.9,5.15,1.715476626
1444,0.136218636,15.34,53.98,4.85,2.764031473
1445,0.029761777,15.34,53.98,5.1,3.399884701
1446,2.687044647,15.96,25.19,5.1,1.498015902
1447,0.05993018,17.0,34.35,5.0,2.133093374
1448,0.039798746,8.89,30.16,4.85,2.579123704
1449,0.045563402,15.18,20.29,4.85,1.56217968
1450,0.014373042,18.41,41.18,4.95,1.274619474
1451,0.271593928,18.41,41.18,5.2,1.080185218
1452,0.195892834,15.22,47.63,5.15,4.08971433
1453,0.077732702,9.22,8.73,5.0,0.715276908
1454,0.310117193,12.0,9.14,5.15,3.560466151
1455,0.239068101,13.1,9.67,5.1,2.486889801
1456,0.191165785,16.48,13.36,4.85,0.36127098
1457,3.736011618,10.33,3.38,5.05,2.458876072
1458,6.776848322,9.82,35.18,5.2,5.191422497
1459,3.359022759,7.35,11.96,4.85,0.263894794
1460,3.994462553,11.43,17.49,4.85,4.443047811
1461,0.02341846,23.87,36.27,5.05,1.733353733
1462,0.14531317,25.03,30.4,5.1,0.601978898
1463,0.071354757,12.36,32.66,5.05,1.909098487
1464,0.011870824,12.36,32.66,4.95,2.56951161
1465,0.167056648,21.55,21.07,5.1,2.313043211
1466,0.514981194,18.54,33.77,4.85,1.24137064
1467,0.113891814,2.12,3.49,4.85,0.718821564
1468,3.167560726,10.57,6.37,4.85,2.125573891
1469,0.190904647,17.31,16.21,4.9,0.695633631
1470,0.018730846,20.7,17.73,4.9,2.986242538
1471,0.031571537,17.3,19.59,5.0,2.62026171
1472,0.061236509,21.35,36.48,4.85,4.861004339
1473,0.640584693,23.42,40.82,4.9,0.280656696
1474,0.627513919,23.42,40.82,4.95,0.91478968
1475,0.024534251,7.69,14.44,5.2,3.094560839
1476,1.684144334,13.09,7.25,5.0,0.298304531
1477,0.189630267,24.37,47.31,5.1,5.722637305
1478,0.320241279,8.12,8.02,5.0,2.311094783
1479,0.842160662,8.57,31.87,5.1,3.812225406
1480,0.237384707,18.94,4.28,5.15,1.071980754
1481,0.830953608,23.38,20.25,5.0,3.80942491
1482,0.014202823,11.57,11.66,5.15,2.256569139
1483,0.058006568,14.53,19.65,5.0,3.026931334
1484,0.339951126,11.78,37.02,5.15,3.075404713
1485,0.098642522,24.8,34.39,5.1,3.622751769
1486,3.149089887,14.72,18.63,5.1,0.303473988
1487,0.051090635,14.72,18.63,4.95,1.856265023
1488,0.023646351,7.95,7.3,5.15,1.757640515
1489,0.135823754,5.13,3.23,5.0,0.226201903
1490,0.077246573,27.24,46.46,4.95,3.970488731
1491,0.026874015,27.24,46.46,4.95,5.098231568
1492,0.115044351,7.97,9.65,4.9,3.536129544
1493,0.324220915,15.18,26.66,4.85,0.521795278
1494,0.952227925,6.16,7.71,5.05,0.496676855
1495,0.030274867,22.19,42.95,4.85,6.184971383
1496,0.019149575,9.65,25.04,4.9,1.065521253
1497,0.070446424,8.29,17.06,5.0,0.908421649
1498,0.305401146,12.73,7.18,4.95,0.643628713
1499,0.184018092,19.41,79.14,4.95,2.325734068
1500,0.072787126,16.91,32.11,5.05,5.885674355
1501,1.363253311,17.99,20.92,4.85,0.258863816
1502,0.093530833,11.62,22.0,5.05,1.704958247
1503,0.508691697,11.62,22.0,4.95,1.413273579
1504,0.022473329,25.15,37.15,5.15,1.953416085
1505,0.16435429,25.15,37.15,5.1,0.903472973
1506,2.219144383,11.85,13.42,4.95,0.317719205
1507,0.177563124,23.14,79.75,5.2,8.480874362
1508,0.041763836,4.88,16.69,4.85,2.96085026
1509,0.145853722,11.97,9.82,4.9,1.967783184
1510,0.037282896,4.27,16.18,5.2,0.877413039
1511,3.139685974,6.97,27.33,5.05,0.618058585
1512,1.4127503,32.11,23.44,5.0,0.473906503
1513,2.863633787,35.39,71.07,5.05,6.273529006
1514,0.025811564,19.79,37.24,5.05,2.574292496
1515,0.018191425,19.79,37.24,4.95,1.1852697
1516,0.281191655,6.22,11.4,4.85,0.377561445
1517,0.084991415,6.22,11.4,5.2,1.990356218
1518,0.394383125,15.01,33.85,5.15,3.579280141
1519,0.017886499,15.01,33.85,5.15,3.587759137
1520,1.866649145,13.12,7.04,4.9,0.080284594
1521,1.025129675,20.39,42.73,5.0,4.234430304
1522,0.10839686,20.39,42.73,4.95,1.545368483
1523,1.039937291,12.49,33.74,5.2,2.872396445
1524,0.263748653,12.27,54.22,5.15,3.586024896
1525,0.073574682,28.11,78.09,5.1,5.892433884
1526,0.018483225,28.11,78.09,4.85,10.19316725
1527,0.015721404,28.11,78.09,5.1,12.26698698
1528,1.253589577,8.48,8.11,4.9,0.9817104
1529,0.133784609,20.27,7.13,5.0,1.819722973
1530,3.161620653,15.94,28.04,4.95,1.688897464
1531,0.029674569,19.38,42.06,5.05,1.811489309
1532,1.361235412,11.72,14.13,4.9,1.01531824
1533,0.415078275,11.72,14.13,5.15,0.402861549
1534,1.151031933,12.61,30.15,5.0,3.743803738
1535,0.812237616,23.47,46.86,5.0,0.995936441
1536,2.392370061,23.47,46.86,4.95,0.329359822
1537,0.980291358,13.28,16.7,4.9,1.643278888
1538,0.268652581,17.54,20.29,5.1,0.640116165
1539,0.995211588,9.57,20.67,5.15,2.571655392
1540,0.107261095,9.57,20.67,5.0,0.289432293
1541,0.457526916,25.55,41.73,4.9,2.117703019
1542,2.651671397,23.68,11.41,4.9,1.093433553
1543,2.418375901,11.24,3.24,5.0,1.828012819
1544,1.687885381,15.35,23.32,4.85,0.581203489
1545,0.023711425,15.35,23.32,4.9,0.898116407
1546,1.419388945,13.14,21.08,4.85,0.746833172
1547,0.052585332,26.36,48.21,5.2,5.950216746
1548,0.857686805,12.73,12.67,4.9,0.77716664
1549,0.666903348,12.73,12.67,4.85,0.532387164
1550,2.301305013,13.09,9.05,5.1,1.191461037
1551,1.141070402,19.16,11.91,5.15,1.401818626
1552,0.311988472,15.63,27.49,4.9,2.115287232
1553,0.039742381,15.63,27.49,5.0,2.145537418
1554,0.130683969,15.63,27.49,5.1,3.86374052
1555,0.134226767,15.68,31.13,5.15,2.340528007
1556,0.071133134,16.19,33.27,5.15,5.67180345
1557,0.045354193,13.44,11.33,4.85,1.806152774
1558,0.050317507,11.27,35.92,4.9,5.27370784
1559,0.026290501,14.84,52.43,5.2,4.089874896
1560,0.268822047,14.84,52.43,4.85,6.900530757
1561,4.010297537,16.4,11.23,4.85,1.780965302
1562,1.539691903,24.15,36.49,5.15,1.298018207
1563,0.061308791,24.15,36.49,5.2,6.077110723
1564,0.925760165,13.15,19.71,5.05,0.48214843
1565,0.706802244,13.15,19.71,4.9,0.545851101
1566,2.514783127,22.04,7.71,4.95,1.444163538
1567,0.045811017,14.15,11.71,4.95,1.976291188
1568,0.705158928,18.27,6.52,4.9,1.933624926
1569,0.661007341,11.55,8.18,5.0,1.840014676
1570,0.874333866,7.17,20.65,4.85,0.865726201
1571,0.076008265,23.2,13.56,5.15,1.227352076
1572,2.001097954,1.89,5.12,4.9,0.734479197
1573,1.13131821,1.89,5.12,5.15,1.100949794
1574,0.035972754,7.59,32.06,5.2,4.136617235
1575,0.198663243,13.36,16.75,4.9,1.995382186
1576,0.037930184,18.48,11.53,4.95,0.790700714
1577,0.432624896,7.52,16.03,4.9,1.332107358
1578,0.191428149,17.93,36.34,5.15,0.275465841
1579,1.80210238,8.75,27.32,5.0,2.368193392
1580,2.764927318,8.75,27.32,4.95,2.609622747
1581,0.540968293,17.41,27.66,5.15,0.871710894
1582,0.15211949,17.41,27.66,5.1,2.880876742
1583,5.23847288,12.72,51.26,5.05,2.646405218
1584,0.029010345,13.63,23.14,4.9,0.562756273
1585,0.649239845,13.63,23.14,5.1,0.561595068
1586,0.129098669,19.81,46.81,5.2,6.794335432
1587,0.600407669,14.74,14.09,4.85,0.852001432
1588,1.415506806,15.47,22.52,4.9,0.45846087
1589,3.738573349,15.47,22.52,4.95,3.040621136
1590,0.615808058,12.52,14.06,4.9,4.223157672
1591,0.507734252,14.02,13.68,5.2,0.144494392
1592,0.578498018,14.02,13.68,5.0,0.383385651
1593,0.035283526,16.15,23.22,5.2,1.972443955
1594,0.015117235,24.24,37.96,4.95,5.423003982
1595,0.096760211,19.49,23.02,5.2,0.812434884
1596,0.142890655,19.49,23.02,4.9,3.674541223
1597,1.03084156,7.51,16.99,4.95,0.10299991
1598,0.014064898,12.08,32.81,4.9,5.11589443
1599,1.789800967,5.51,4.64,5.15,1.348347792
1600,0.093685709,5.51,4.64,5.15,3.137015324
1601,1.784063868,18.43,28.76,5.0,6.392948004
1602,0.886765921,17.96,66.74,5.15,7.409444796
1603,0.097804908,4.53,9.01,5.15,0.653684621
1604,0.016782085,4.53,9.01,4.95,2.400634938
1605,0.052853784,32.71,55.86,4.9,3.414467983
1606,0.016311924,32.71,55.86,5.15,6.803000909
1607,3.565590809,12.74,10.24,4.95,1.064388818
1608,0.020892919,29.46,42.17,5.2,1.068360601
1609,0.030071717,17.88,44.92,4.9,6.071997691
1610,0.170340259,14.55,39.02,5.05,5.998968096
1611,0.021328653,27.36,77.89,5.2,6.231075378
1612,0.0525868,23.0,83.59,5.15,5.089415648
1613,1.184343826,15.55,5.8,4.9,3.353872236
1614,0.04397499,15.55,5.8,4.95,0.852537839
1615,1.803072316,12.22,38.64,4.95,5.152686519
1616,0.013899036,8.05,19.39,4.95,2.396891569
1617,1.33976503,28.16,53.46,4.9,6.987878662
1618,0.177707899,24.54,50.86,4.85,7.084693372
1619,0.891172467,27.76,42.83,4.9,6.413703969
1620,0.060292706,23.24,62.45,5.05,5.925003855
1621,0.040064351,21.89,39.07,4.95,4.400114694
1622,0.011716717,21.89,39.07,5.2,8.052392926
1623,0.771758278,9.4,6.22,4.9,0.752914321
1624,3.062640499,2.29,10.42,4.85,0.935554549
1625,0.355431109,2.29,10.42,5.15,1.092079561
1626,6.318225306,25.62,66.33,4.9,7.850089137
1627,0.962742592,13.51,7.0,5.0,0.679826499
1628,0.023642583,18.16,23.48,4.9,4.767614577
1629,0.018938758,18.16,23.48,5.1,4.837229752
1630,0.246551095,14.9,28.01,4.85,4.056891768
1631,0.04019553,24.9,45.84,4.95,5.357291847
1632,0.053064493,11.72,10.69,4.85,0.839921303
1633,3.808425341,14.88,42.83,4.95,3.223325901
1634,2.585984619,14.88,42.83,4.9,5.850872105
1635,5.153767275,12.08,17.69,4.9,0.008288542
1636,0.018664555,12.08,17.69,4.95,1.635197761
1637,3.068838105,2.57,4.47,4.95,0.693343059
1638,0.067001933,6.69,24.23,4.95,2.63440713
1639,0.447489385,10.34,19.89,5.15,3.769952073
1640,4.144223349,7.69,10.29,4.85,0.492955087
1641,0.078404807,3.55,3.22,4.9,0.193969901
1642,0.685006947,6.16,17.46,4.85,2.145781905
1643,0.186384033,23.53,14.66,5.1,1.266542152
1644,0.116180929,16.33,40.39,4.9,4.192865984
1645,0.026772604,16.33,40.39,5.15,4.389820745
1646,0.059045882,16.33,40.39,4.9,5.440659361
1647,0.03867564,10.07,9.32,5.15,0.796710151
1648,0.04142869,16.82,17.23,4.85,0.948100193
1649,0.113966796,16.82,17.23,4.85,3.45279491
1650,0.04107481,26.87,82.35,5.0,11.20578014
1651,0.643532089,26.87,82.35,4.9,7.994579905
1652,2.614336581,11.03,8.73,5.0,2.792447388
1653,0.127967237,17.25,18.18,4.9,0.983428387
1654,0.150663347,21.48,16.65,5.2,1.273040467
1655,0.054720222,25.69,45.13,5.05,3.957642016
1656,0.34271565,25.69,45.13,4.85,4.49954915
1657,1.149581977,15.83,17.67,4.85,1.53825167
1658,5.347274867,13.01,8.14,5.15,0.050204154
1659,2.232543838,9.53,30.03,5.2,1.755472189
1660,0.074362551,9.53,30.03,5.2,3.387432749
1661,0.013912701,22.23,43.01,5.2,6.045372368
1662,0.917035311,16.4,54.57,5.05,6.704960124
1663,0.069746961,10.46,25.58,5.0,2.710868254
1664,1.682231744,10.46,25.58,4.95,0.328544875
1665,0.123460496,10.46,25.58,5.15,1.709946768
1666,0.228286248,29.42,33.73,4.95,5.938919898
1667,0.552329178,17.99,70.04,5.2,6.924332103
1668,0.246885818,12.44,12.04,5.0,2.322117996
1669,0.058002108,21.32,20.42,4.85,0.24112431
1670,0.724826136,21.32,20.42,5.05,0.764318055
1671,1.063800969,12.7,40.67,5.05,4.20547257
1672,0.087548996,15.93,19.5,4.85,1.476589273
1673,1.873518034,8.33,6.35,4.9,0.617637378
1674,8.068345467,13.82,7.58,5.0,0.361030046
1675,0.193135903,16.7,10.36,4.85,0.515188221
1676,1.045556431,13.78,3.89,4.9,0.632720325
1677,0.144959635,14.4,9.8,5.15,2.194230012
1678,0.012759679,14.4,9.8,4.95,0.544118038
1679,2.598746874,16.99,4.53,5.0,1.151020994
1680,2.629588033,16.68,22.97,4.85,0.342975519
1681,0.012132393,25.41,40.64,4.9,1.416140732
1682,0.785009457,28.28,12.93,5.1,1.900552225
1683,0.117903404,10.62,12.32,5.15,1.523407772
1684,0.166777977,26.44,33.39,4.9,1.389980411
1685,0.012384711,15.54,42.05,4.9,5.17433638
1686,0.081528678,32.25,102.02,5.2,5.635083623
1687,11.68554896,17.0,9.6,4.85,0.834434108
1688,0.030662249,11.64,30.46,5.15,5.98012226
1689,0.011901484,24.8,62.01,5.15,5.467720966
1690,0.264445213,15.85,23.33,5.2,3.260194431
1691,0.018275756,16.23,21.78,4.9,3.381739914
1692,3.116832101,9.8,5.29,4.85,0.618055382
1693,0.802333282,14.11,3.48,4.95,1.331500907
1694,5.566541223,19.0,7.5,5.1,1.645723594
1695,0.147981562,9.51,32.66,5.1,2.711367397
1696,0.868167161,6.55,4.61,4.85,0.231017659
1697,6.343306969,13.13,14.0,4.95,0.659640944
1698,4.01668202,3.53,4.8,4.95,0.744015787
1699,0.013109747,5.68,13.36,4.85,1.711611649
1700,0.057613289,15.02,33.99,4.9,2.477323634
1701,1.926165611,14.65,54.93,4.95,4.085389818
1702,0.058819747,12.8,4.4,5.2,1.819965421
1703,1.677068073,10.26,19.42,5.2,3.001262025
1704,0.73079405,10.26,19.42,5.1,1.158183893
1705,1.493568617,6.98,25.5,4.95,2.44097992
1706,5.287432806,23.34,20.8,5.0,0.957824952
1707,0.125820425,23.34,20.8,4.85,3.122487477
1708,0.03834986,6.67,6.52,5.2,0.658626274
1709,0.983088751,24.12,5.51,5.2,2.719403475
1710,0.54508607,15.49,47.5,4.85,6.35008305
1711,1.097154495,12.85,10.09,5.05,0.279461892
1712,0.575237972,24.12,50.5,5.0,3.880149078
1713,4.199150091,24.12,50.5,5.0,4.919812253
1714,0.036057526,24.12,50.5,5.2,5.866518806
1715,0.168801498,18.29,9.76,4.85,0.669196308
1716,2.673490779,12.8,7.16,4.9,1.609469471
1717,0.697809814,16.2,30.46,5.0,5.314750016
1718,0.045769894,10.58,32.5,5.2,3.684171343
1719,1.257804446,13.36,14.05,5.0,2.142659262
1720,0.353471563,17.77,22.81,5.05,1.690610128
1721,1.678868711,17.77,22.81,5.15,4.120885672
1722,2.415843392,6.65,5.64,4.9,0.112889231
1723,0.195215776,8.18,10.36,4.85,0.930358165
1724,0.52681961,9.32,16.94,5.2,1.128086946
1725,0.7519728,31.12,36.62,4.85,1.253726197
1726,3.029480431,12.26,6.64,5.0,0.751292223
1727,0.015355425,10.61,30.98,4.85,2.006963965
1728,0.050405902,9.31,9.86,5.1,1.902757089
1729,0.093527057,11.87,25.35,5.05,3.598416028
1730,0.032679803,24.92,34.56,4.9,4.192989647
1731,1.401253564,14.44,57.48,4.9,4.162050158
1732,0.07698009,14.44,57.48,4.85,5.048447599
1733,0.566262849,32.06,63.04,5.05,6.81690616
1734,4.081668296,32.06,63.04,4.95,5.736152045
1735,0.031167449,32.31,54.34,5.2,3.027458098
1736,0.032990395,32.31,54.34,5.2,6.132919356
1737,1.181847822,19.83,14.27,5.0,4.232508304
1738,0.057753132,5.59,14.46,5.05,0.229525157
1739,0.083528628,5.59,14.46,5.0,0.783719711
1740,0.159408494,22.0,20.56,4.85,3.622512691
1741,0.089212306,10.72,22.77,4.95,1.181007637
1742,0.334810364,24.75,45.64,5.05,6.098243719
1743,0.09753782,4.93,4.67,5.05,2.090939042
1744,3.40458544,15.24,9.25,5.15,2.911765274
1745,0.890702826,20.03,18.42,4.95,1.975924098
1746,0.105403873,15.32,13.9,4.85,2.639310745
1747,0.225069401,11.63,25.12,5.15,3.672021991
1748,1.833298767,16.18,23.75,4.85,1.779986447
1749,0.030524967,14.95,21.7,4.85,3.955907508
1750,1.83656842,14.94,44.21,5.15,4.243430696
1751,0.731414678,26.21,46.11,4.95,4.52804637
1752,5.197405347,19.04,12.71,5.05,1.690604396
1753,0.155588186,19.04,12.71,4.85,0.357435348
1754,0.474838063,23.35,22.45,4.85,5.908768407
1755,1.162591662,10.22,30.79,4.85,1.657488042
1756,0.049442551,9.75,12.04,5.15,2.275258767
1757,0.068069309,21.73,58.11,5.2,2.083450319
1758,0.012674219,14.29,29.61,5.1,2.13951617
1759,2.143437835,11.52,32.38,4.85,1.099794272
1760,2.330144433,21.87,44.74,5.15,5.448089
1761,0.023456859,8.97,3.86,4.9,1.783041636
1762,0.556749799,9.04,36.41,4.85,1.061883078
1763,0.439734542,30.24,34.22,4.9,5.459446765
1764,3.731877538,23.45,92.55,5.0,4.898073694
1765,2.180353322,23.45,92.55,4.95,8.151160301
1766,0.057836747,13.81,13.87,4.85,3.751643371
1767,0.206039046,17.01,7.05,5.1,1.006073678
1768,2.905302232,16.54,38.77,4.9,3.029151796
1769,0.593105246,9.1,7.65,5.05,1.823264742
1770,0.121022079,19.7,35.18,4.95,2.049436667
1771,0.018773508,19.7,35.18,5.15,5.417648378
1772,0.046330504,7.11,14.84,5.05,2.300247094
1773,0.815510605,12.49,7.9,5.15,0.129723581
1774,0.823614863,20.88,14.22,5.0,0.32596576
1775,0.080864943,7.24,8.94,5.05,0.534685091
1776,0.212828356,7.24,8.94,5.15,0.580293206
1777,0.363049871,21.19,20.65,4.85,0.613603111
1778,0.782629435,21.19,20.65,4.95,1.810082514
1779,0.604370225,8.21,18.1,5.05,1.83901465
1780,7.620519855,16.36,6.48,4.9,1.021469409
1781,0.27125291,5.34,9.59,5.2,0.661759242
1782,0.616885773,5.34,9.59,5.0,0.175521049
1783,0.34458524,5.34,9.59,5.0,0.666044764
1784,1.39101187,7.36,22.85,4.85,0.340014847
1785,0.414864384,13.67,20.8,4.85,4.911383231
1786,0.358743812,8.79,6.26,5.2,0.369091495
1787,0.554587854,8.79,6.26,4.85,0.427237498
1788,0.212514596,11.89,23.63,5.05,0.470284088
1789,2.907327563,16.99,26.78,5.0,1.636547623
1790,0.023561365,16.99,26.78,4.9,1.986552875
1791,0.125447897,11.89,15.54,5.1,1.398046969
1792,3.785488993,18.68,8.26,5.15,1.633088575
1793,0.101541209,17.42,37.43,5.2,6.869148638
1794,0.017541457,17.42,37.43,4.95,6.797427533
1795,0.023364997,8.69,30.7,5.05,2.800212976
1796,0.370446857,24.38,81.03,4.85,6.880091595
1797,3.379950562,20.16,51.46,5.2,3.23104701
1798,0.063440685,20.16,51.46,5.1,3.13651483
1799,9.19836625,4.87,16.23,5.2,0.44248915
1800,0.199898804,20.56,27.97,5.15,3.870993459
1801,3.844122143,22.04,5.48,4.9,0.534804742
1802,0.032644065,6.88,13.16,5.05,0.440965561
1803,0.044703117,6.88,13.16,4.95,0.981781802
1804,0.04738799,14.01,6.0,5.15,1.010948455
1805,0.352209199,15.09,8.99,5.1,0.19892262
1806,0.926718807,11.1,16.14,4.9,0.797012246
1807,0.022691431,16.54,46.83,5.15,5.631976903
1808,0.395217804,28.81,41.44,4.85,1.961654562
1809,1.006665211,28.81,41.44,5.1,2.754612446
1810,0.039936441,8.76,29.21,5.1,4.307378484
1811,0.255434904,11.85,21.57,4.95,3.398312782
1812,0.905249602,26.54,43.58,5.15,2.956824995
1813,0.146169795,8.64,17.4,4.85,0.813206815
1814,1.349412252,12.01,7.35,4.95,0.871766605
1815,0.392316409,2.53,10.7,5.15,1.032730342
1816,0.713913267,4.09,7.84,4.95,1.752163751
1817,0.571424402,12.68,7.56,4.85,0.145629265
1818,0.037519003,13.54,14.44,4.9,0.673216946
1819,0.023373692,19.99,24.23,4.95,1.376268492
1820,0.132309725,12.8,28.33,5.0,2.442719437
1821,0.499513553,27.68,34.71,4.95,1.598607734
1822,0.095173207,20.24,20.23,4.9,0.206967502
1823,0.033189966,27.45,54.15,4.95,6.364862076
1824,0.331530214,10.52,10.23,5.1,0.697537704
1825,0.045806617,21.96,32.22,5.0,3.141497084
1826,8.006872371,21.79,36.87,4.9,7.042005091
1827,1.170373451,13.15,10.03,5.05,0.163385415
1828,0.497882821,20.18,10.96,4.85,0.356884354
1829,0.675318506,5.84,17.55,5.0,0.167129921
1830,0.403805314,13.0,39.37,4.9,2.807503794
1831,0.020471538,7.51,16.75,5.1,0.78918675
1832,2.972635406,9.23,6.97,4.95,2.222753198
1833,0.382680892,11.23,14.48,4.95,2.059715481
1834,2.249502463,12.06,17.05,4.85,3.176987317
1835,3.566063352,16.34,18.78,4.85,0.370599551
1836,1.349014286,13.43,13.18,5.2,2.114201853
1837,0.011982727,15.99,19.5,5.1,2.776333289
1838,2.840763517,8.52,8.49,4.95,0.329268826
1839,3.41984536,9.46,7.8,5.1,0.618585344
1840,0.056283968,18.55,25.96,5.1,0.805788777
1841,0.1550652,18.06,39.48,5.2,4.170367396
1842,2.398068556,13.17,23.94,4.95,0.424477129
1843,0.090948131,19.13,7.18,4.85,1.124376575
1844,2.357442179,19.48,9.45,5.0,2.031658825
1845,0.130868799,11.89,6.26,5.15,4.586606532
1846,1.114136727,11.89,6.26,5.0,1.222644454
1847,0.563142547,14.19,45.74,5.2,6.9797823
1848,2.675776072,14.19,45.74,4.9,3.982266312
1849,0.677076443,14.28,12.57,5.15,2.498575267
1850,0.299866556,17.68,5.9,4.95,0.473466337
1851,0.581132649,3.24,12.8,5.15,0.988007298
1852,2.537871743,3.24,12.8,5.15,1.644439114
1853,0.174567983,20.55,37.24,4.9,5.416271775
1854,0.152087339,11.17,17.33,4.95,2.043712132
1855,0.474703067,8.98,35.48,5.15,2.90349262
1856,0.143931553,13.3,18.83,5.05,0.512603969
1857,2.493427033,13.04,26.1,4.95,0.951344767
1858,0.151249719,22.07,12.55,4.9,0.049364397
1859,2.939834781,22.07,12.55,4.95,0.610287638
1860,0.200867449,13.61,20.03,5.1,1.579458384
1861,0.128023471,13.49,34.15,4.95,4.863160526
1862,0.086433168,18.36,17.47,4.9,4.352949223
1863,0.065991387,26.08,28.25,5.05,2.59951127
1864,1.083157678,21.56,45.54,4.9,5.083998096
1865,9.496549926,5.09,14.95,4.9,0.996085108
1866,0.031662758,5.09,14.95,4.9,1.271726537
1867,1.128618688,20.74,23.03,4.9,0.252331728
1868,0.700015069,20.74,23.03,4.95,1.117612765
1869,1.622424722,17.43,33.6,5.05,2.077658396
1870,0.906945452,17.66,18.68,4.95,3.81847225
1871,0.033131152,2.98,3.9,5.2,1.709772162
1872,0.172130163,11.98,5.23,5.1,1.500420296
1873,0.351684529,22.86,86.32,5.0,7.613715889
1874,1.369814915,13.89,20.51,5.0,0.982124998
1875,0.192472414,13.89,20.51,4.9,0.473340476
1876,0.05771575,13.89,20.51,4.85,0.857781587
1877,4.698055574,8.81,23.39,5.05,0.530102215
1878,0.378128435,17.6,25.86,5.05,1.678646044
1879,0.101826654,12.14,35.66,5.2,1.292982664
1880,8.740853723,11.61,26.01,4.95,2.758730588
1881,0.820360606,9.59,29.41,5.15,2.602381624
1882,0.034053916,9.59,29.41,4.85,3.495509617
1883,0.013312842,2.97,7.49,5.0,0.751557936
1884,0.152431003,13.29,15.84,5.2,3.101688648
1885,0.211139559,20.07,39.56,5.0,3.541402787
1886,0.013155602,4.67,3.2,5.1,1.36011946
1887,0.110814676,20.83,26.87,5.2,1.37164168
1888,1.001736819,15.05,9.46,4.9,0.741536535
1889,0.04345149,6.01,9.54,4.95,1.49799522
1890,0.123829762,18.63,40.88,4.9,5.949573958
1891,0.158050495,13.83,27.29,5.2,2.869510632
1892,0.193539279,20.58,34.54,4.95,4.044653946
1893,0.185579208,20.58,34.54,5.0,5.257420352
1894,0.069274707,15.26,19.61,5.15,0.254597225
1895,0.021439581,15.26,19.61,5.15,2.619346236
1896,0.111202202,15.26,19.61,4.9,0.830520283
1897,0.369991476,24.8,24.77,5.15,0.857859186
1898,0.042601213,18.21,38.21,5.0,6.478587683
1899,0.756089859,7.79,9.54,4.85,0.4740651
1900,0.069717883,7.79,9.54,4.85,3.027278405
1901,0.40563012,18.57,15.21,4.9,2.209440376
1902,0.055047246,22.13,68.28,5.15,8.338647287
1903,0.028142045,8.31,6.13,4.85,2.720004623
1904,1.529180837,9.13,6.42,5.0,1.728870903
1905,0.34571151,24.1,43.69,4.85,1.44637801
1906,0.068115674,26.68,44.28,4.9,1.047902314
1907,0.044869087,15.36,14.23,4.85,0.665535327
1908,0.857903854,13.77,16.08,4.9,0.513320072
1909,0.786473059,13.77,16.08,4.95,1.773397591
1910,0.033232448,13.32,16.2,5.15,1.123463678
1911,1.253488404,16.4,24.23,4.85,2.965882981
1912,0.12575116,12.26,21.8,4.95,3.984547006
1913,0.57096758,2.51,8.23,4.95,0.208684965
1914,2.88703719,5.17,26.64,4.85,2.787003888
1915,3.632772729,11.02,52.97,4.85,7.012099392
1916,0.025527653,6.71,33.55,4.85,2.775609853
1917,0.036305702,12.65,57.75,4.9,5.500510618
1918,0.03001666,7.4,34.91,4.9,4.906679131
1919,0.018382269,3.29,18.33,4.85,1.909778872
1920,0.017445867,5.73,28.05,5.2,0.37580506
1921,3.345749003,16.8,79.59,4.9,7.901710068
1922,1.419127266,7.91,38.42,4.85,5.182858362
1923,0.362876241,8.57,40.84,5.15,3.654808093
1924,0.728560233,22.45,105.41,5.0,6.713117127
1925,1.122337254,5.75,30.63,4.9,4.16023605
1926,0.905002082,5.75,30.63,5.05,4.848211011
1927,0.495970977,4.36,24.39,4.9,3.055778522
1928,0.053849941,10.17,47.84,5.15,2.276361472
1929,0.077021265,9.89,48.8,5.15,4.387292582
1930,0.010134954,9.89,48.8,5.2,4.34233022
1931,0.966726692,3.8,23.04,4.9,3.164943027
1932,0.357277663,6.98,41.11,5.15,4.640640221
1933,0.010098598,7.8,40.61,4.85,5.864662545
1934,1.640197444,12.42,56.79,5.15,4.0803266
1935,0.086934517,5.61,30.13,4.9,4.065237328
1936,0.05069667,16.51,80.79,5.2,5.74245492
1937,1.479971121,3.21,22.95,4.9,2.619923703
1938,0.235473005,6.38,41.38,5.2,5.058910932
1939,0.821249961,18.68,95.24,5.1,9.988830105
1940,0.387159577,17.41,86.2,5.2,3.850662549
1941,0.029897883,5.4,27.57,5.1,1.511170397
1942,4.326311539,1.93,17.34,4.9,3.015496647
1943,4.326311539,1.93,17.34,4.85,2.177053313
1944,4.616111494,17.55,85.47,5.2,4.205481394
1945,3.12565425,11.2,54.47,5.0,3.033245956
1946,2.0684944,9.68,47.42,5.2,3.67277993
1947,0.092480637,9.68,47.42,5.15,4.453934126
1948,0.074771544,9.68,47.42,5.1,3.672222888
1949,0.182440603,4.45,23.25,4.85,3.392170466
1950,4.04956168,6.09,31.24,4.85,3.374262483
1951,0.283005677,6.09,31.24,4.9,4.100846319
1952,2.827105349,11.96,60.56,5.1,7.940554112
1953,0.155419612,16.11,73.03,5.1,3.484485557
1954,0.039856486,3.0,15.17,4.9,1.668847487
1955,0.344766568,4.21,23.14,4.85,2.467461938
1956,0.017597026,22.89,106.13,5.2,5.304260827
1957,0.026519494,22.76,103.93,5.05,6.084043696
1958,0.01314842,22.76,103.93,4.85,9.80282971
1959,0.024926294,22.0,98.65,5.15,3.225836682
1960,0.008342758,15.29,72.03,5.2,5.78697172
1961,0.184896345,13.85,63.99,5.0,4.182362422
1962,2.808684741,16.52,78.85,5.2,3.996288864
1963,0.311615931,7.15,41.26,5.2,4.840008943
1964,0.143665497,7.15,41.26,5.15,4.078658757
1965,0.007556014,14.54,67.69,5.15,5.141628214
1966,2.166855919,5.92,36.8,5.15,4.323992466
1967,0.943456584,5.92,36.8,5.1,4.508361094
1968,0.136027027,8.03,34.9,5.0,2.442324345
1969,0.042312015,9.48,40.16,4.95,2.678930295
1970,0.034866499,24.93,117.7,5.2,7.207878518
1971,0.026838302,9.25,44.61,5.15,2.451701582
1972,0.543886743,12.66,52.57,4.9,4.649801535
1973,0.819232477,11.68,46.67,4.85,2.830505975
1974,0.213450534,11.68,46.67,5.05,2.437456093
1975,0.129598881,11.68,46.67,5.15,3.496190355
1976,0.081318124,11.68,46.67,4.9,2.571762859
1977,0.010158799,6.42,31.69,5.2,2.423270914
1978,0.565211142,18.71,84.4,5.05,2.898749663
1979,0.157869592,4.15,19.53,5.0,0.468887963
1980,0.090321045,4.15,19.53,5.05,0.310411097
1981,0.241834258,11.11,57.18,5.15,7.143976684
1982,0.975220925,25.73,127.02,5.2,8.651622579
1983,0.519064376,5.4,28.55,4.85,4.921882906
1984,3.33395257,6.02,30.08,4.85,2.849392412
1985,0.017322603,8.6,46.86,5.2,4.286114476
1986,6.475619517,9.3,47.71,5.15,6.156423781
1987,0.01144073,22.98,102.37,5.05,5.072615951
1988,7.629343105,10.32,51.36,5.0,5.495191784
1989,8.522252513,3.43,18.21,5.05,1.474381817
1990,0.144735631,3.43,18.21,5.2,1.188012615
1991,6.910837699,6.79,38.9,5.2,3.857424636
1992,0.042516758,6.79,38.9,5.1,5.317987101
1993,0.059782257,9.22,43.77,5.2,3.716181306
1994,3.415901994,18.95,91.67,4.85,9.510092171
1995,0.534393649,9.22,38.87,4.95,1.793083554
1996,0.09076515,9.22,38.87,4.9,1.976470619
1997,3.961352879,10.94,50.98,5.0,2.302763941
1998,0.120081773,22.27,104.13,5.15,5.223876024
1999,0.029727705,22.27,104.13,5.1,4.403747612
2000,1.001880748,6.13,30.7,4.95,4.010657407
2001,0.015535563,21.82,95.22,5.2,4.008830308
2002,0.013884419,1.86,10.76,5.0,0.816448571
2003,1.180501291,11.89,51.0,5.1,2.781524608
2004,0.146790934,11.89,51.0,4.9,3.668157066
2005,0.037556015,4.64,25.68,5.0,1.748117013
2006,0.024848803,4.64,25.68,5.05,2.076782013
2007,0.011604614,4.64,25.68,5.15,1.683908973
2008,0.151687184,25.2,113.67,4.85,7.53136995
2009,1.730088007,11.22,60.39,5.2,5.777720697
2010,0.02007871,6.54,32.56,4.85,3.90311465
2011,0.610747436,5.26,33.8,5.05,3.521905819
2012,0.325836137,5.26,33.8,5.1,3.29208984
2013,0.155149482,5.26,33.8,5.15,4.553382806
2014,0.122515423,5.26,33.8,4.85,3.919405836
2015,0.095748702,19.59,93.23,5.15,7.300083067
2016,0.055158055,19.59,93.23,5.2,5.665725617
2017,0.007651176,19.59,93.23,5.1,6.871065028
2018,5.877580578,13.34,62.94,4.95,3.210530093
2019,1.331534684,4.94,26.82,4.85,3.222838334
2020,0.07176184,1.91,8.52,5.0,0.57839083
2021,0.218185515,9.01,42.48,5.05,3.945801194
2022,0.042617313,9.01,42.48,5.1,2.525931414
2023,0.063458476,14.57,67.75,5.15,4.457646178
2024,0.031728701,14.57,67.75,5.05,5.234948219
2025,7.432771688,11.16,56.4,5.1,7.131478804
2026,0.01248119,10.47,49.19,5.15,4.429860365
2027,0.038414491,7.12,34.23,4.85,4.180269901
2028,7.095989564,5.42,29.92,4.85,3.832456991
2029,0.906657466,5.42,29.92,5.05,4.355277188
2030,0.398684898,6.35,31.9,4.85,3.904586387
2031,0.00798124,18.33,80.02,4.95,4.157397152
2032,4.461514433,12.96,63.8,5.1,6.489053987
2033,0.168750138,12.96,63.8,5.2,6.80529788
2034,0.672765434,16.73,80.92,5.0,6.791864473
2035,0.61492154,16.73,80.92,5.05,6.80240551
2036,0.682852411,6.97,34.4,4.85,4.847818678
2037,0.575684007,6.97,34.4,4.9,5.060371167
2038,3.255782116,20.77,97.87,5.0,7.238966884
2039,1.623445808,4.39,24.34,4.85,2.84421269
2040,1.435779784,4.54,23.79,4.95,2.848739808
2041,0.909818851,4.54,23.79,5.1,3.096716635
2042,0.13887446,4.54,23.79,4.85,3.395203032
2043,2.397647579,17.51,82.51,5.05,4.794309152
2044,0.612504615,26.83,127.75,5.2,7.446546845
2045,0.350428835,26.83,127.75,4.95,9.763214284
2046,0.017494247,26.83,127.75,5.1,7.807390096
2047,0.559851705,7.77,38.86,5.05,4.309694932
2048,3.07213961,4.76,25.87,4.85,4.896838352
2049,0.517145849,6.89,35.31,4.85,4.21136152
2050,0.402915071,6.89,35.31,4.95,4.195286313
2051,0.261119925,11.69,56.03,5.1,3.16123532
2052,0.140165133,11.69,56.03,5.15,2.95013155
2053,0.011280998,1.94,8.1,4.85,0.721204256
2054,0.030221414,15.86,76.68,5.2,6.400871476
2055,1.603938484,8.96,45.6,5.1,5.849162545
2056,0.008785868,8.96,45.6,5.05,4.433422799
2057,0.03233186,8.01,44.74,5.2,5.635646318
2058,2.740581403,7.17,36.87,5.0,4.265023874
2059,1.561229766,7.17,36.87,4.95,4.13137717
2060,0.753192921,7.17,36.87,4.85,3.476031909
2061,2.818601601,4.69,25.63,4.9,2.88106998
2062,2.767848582,20.35,98.1,5.15,6.411164583
2063,0.685214623,20.35,98.1,5.1,6.515631479
2064,0.02241674,26.8,124.39,5.2,6.488253443
2065,0.056428528,17.85,82.26,5.15,3.445342524
2066,2.973439256,12.07,60.7,5.2,4.7275203
2067,0.201841165,12.07,60.7,5.15,4.180947183
2068,0.142101086,14.41,68.11,5.2,5.034345207
2069,0.344474705,11.82,52.33,4.85,3.003149677
2070,0.015572145,6.55,35.37,5.15,3.299024792
2071,0.02814016,2.43,12.5,4.9,1.272312478
2072,0.018154009,16.8,75.42,5.2,5.780796195
2073,0.797575411,5.87,30.51,4.9,3.983360133
2074,0.010344885,7.85,37.77,5.2,2.361789609
2075,2.163197833,13.89,62.76,5.0,2.600349613
2076,0.312314509,13.89,62.76,4.85,4.369876034
2077,0.47257619,7.15,34.98,4.85,3.571387845
2078,1.424470673,5.08,27.24,4.9,4.20306771
2079,0.040731104,13.87,64.39,4.85,5.038089154
2080,9.615224273,24.04,119.4,5.15,7.115803985
2081,0.326848681,11.18,54.41,4.9,5.270145761
2082,5.203539408,8.39,42.08,5.0,4.224263645
2083,0.036822992,6.88,35.03,4.85,3.06938074
2084,0.019671772,6.88,35.03,5.0,4.543173841
2085,6.215391705,10.78,52.68,4.9,3.995949759
2086,5.608201961,17.9,86.14,5.1,5.382081926
2087,0.290785899,5.64,31.03,5.1,2.83834403
2088,9.003997942,20.03,92.11,4.85,6.402088377
2089,0.124787385,20.03,92.11,5.15,5.64812245
2090,0.083635761,20.03,92.11,5.05,5.121709343
2091,0.013946284,18.63,86.89,5.1,6.827181893
2092,0.783466811,4.48,28.0,5.15,4.141771814
2093,0.667984568,5.41,33.64,4.95,4.550835742
2094,1.258013929,7.65,37.96,4.95,4.197019796
2095,3.203252163,12.2,60.03,5.2,3.962546166
2096,0.02814016,1.94,8.81,4.85,0.721764895
2097,1.376922379,7.72,35.15,4.95,3.584013092
2098,2.719295413,11.2,52.83,5.0,4.211883088
2099,0.123544897,11.2,52.83,4.95,3.237243195
2100,3.543622623,10.43,50.13,4.85,4.247895718
2101,2.566221862,14.59,70.73,5.05,4.472341415
2102,1.665206943,7.67,37.61,4.95,3.401833641
2103,0.043851032,7.12,36.89,4.95,4.89163934
2104,0.991706787,5.98,30.03,5.1,2.617530083
2105,0.063125987,5.98,30.03,5.2,1.864103437
2106,0.052167835,5.98,30.03,4.9,2.62312509
2107,3.738974335,16.5,77.73,4.85,5.901407759
2108,0.008273454,16.5,77.73,5.1,4.735768001
2109,0.067754699,17.43,81.37,5.15,3.748225847
2110,0.36218247,14.34,69.62,4.9,7.694792461
2111,0.594508782,10.19,49.39,5.1,3.676302041
2112,0.084377685,10.19,49.39,5.15,4.743754516
2113,0.017715749,10.19,49.39,5.2,4.52560103
2114,0.260206698,13.46,60.4,5.05,3.432857402
2115,0.079430702,4.94,26.07,5.1,2.591267526
2116,0.065233427,4.94,26.07,5.15,1.64475157
2117,1.145382078,9.15,43.31,5.0,4.366524347
2118,0.117118606,9.15,43.31,5.1,3.434932635
2119,0.037058152,9.15,43.31,5.15,2.784235393
2120,0.025875578,9.15,43.31,5.05,2.997253254
2121,1.409926588,17.22,81.87,5.2,5.084074348
2122,0.935557636,17.22,81.87,4.95,6.490053016
2123,3.81142775,20.85,97.72,4.85,7.092616002
2124,0.107716895,20.85,97.72,5.15,3.8361585
2125,3.932730145,19.44,92.86,5.0,7.988646675
2126,2.694296357,19.44,92.86,5.1,4.709759875
2127,1.617272069,5.24,27.67,4.9,3.285403639
2128,0.165237255,2.05,18.95,4.95,2.489802473
2129,0.839112892,6.28,29.61,4.95,2.483711248
2130,0.024840633,18.62,87.67,5.05,6.186920725
2131,8.466891749,14.44,69.38,5.2,3.567712566
2132,0.073508863,11.4,60.05,5.2,6.03225972
2133,2.645581342,14.4,65.73,4.9,3.774211943
2134,2.364953892,4.64,28.37,4.85,4.604369696
2135,0.39896941,11.38,57.87,5.2,4.443517353
2136,0.061628106,13.31,60.08,4.9,4.456910185
2137,0.381342389,17.34,81.37,4.95,4.205852333
2138,1.24407544,16.59,80.27,5.15,3.83209561
2139,0.219002855,9.61,47.12,4.95,6.268758006
2140,0.980517112,6.24,31.66,4.85,4.110816834
2141,0.08690934,15.12,71.37,5.15,3.10659536
2142,0.650954711,6.51,31.86,4.85,3.847685023
2143,3.809335034,5.47,26.97,4.85,2.919976518
2144,0.009042895,12.24,56.09,4.95,3.262805636
2145,0.081937505,17.41,85.07,5.15,6.57608665
2146,0.445004394,13.79,65.98,5.05,5.583936356
2147,0.080695461,13.79,65.98,5.2,4.121229709
2148,0.558373518,11.76,52.33,4.95,3.105052972
2149,0.05030464,11.76,52.33,5.15,2.213982663
2150,3.336803303,3.59,18.01,5.2,0.848246455
2151,1.802302702,5.28,21.94,4.95,1.716198397
2152,0.633191505,12.44,63.49,5.1,6.470362361
2153,0.042411038,4.31,28.37,5.0,4.478674968
2154,0.210156689,17.28,80.82,5.0,4.781489518
2155,3.677297365,15.85,79.95,5.05,8.695611761
2156,3.164180544,12.63,64.77,5.15,5.838552569
2157,1.062085666,16.24,69.86,5.2,4.783978716
2158,2.910805739,7.28,39.85,5.1,3.918140991
2159,0.014972059,26.98,126.21,5.1,7.124863618
2160,1.793164648,14.51,66.68,4.9,4.669743011
2161,1.280273605,20.57,96.69,4.9,8.658301819
2162,0.02814016,2.13,11.63,4.95,1.155054783
2163,0.660379234,14.97,75.78,5.1,7.241626604
2164,0.018888214,7.27,34.91,5.1,3.082082923
2165,1.333691848,7.73,38.48,4.9,5.3536426
2166,0.285242381,7.73,38.48,4.95,4.951751119
2167,0.07468177,16.3,81.24,5.2,6.965555963
2168,0.419556023,12.66,58.25,4.85,5.02744715
2169,0.053258261,12.66,58.25,5.15,2.343178025
2170,0.182440603,4.3,23.54,4.85,3.275192665
2171,2.580844913,22.05,108.15,5.15,6.564343796
2172,0.28299316,22.05,108.15,5.2,5.730079848
2173,13.2862839,3.15,20.03,4.85,2.41642839
2174,0.061717458,3.15,20.03,4.9,1.710006617
2175,0.205057691,16.21,68.84,4.9,3.66448092
2176,0.036744723,16.21,68.84,5.2,2.261154099
2177,0.121398403,12.56,59.17,5.05,4.519100487
2178,0.016792016,12.56,59.17,5.2,3.078956868
2179,0.051567839,17.75,82.86,5.15,5.33239485
2180,0.050326517,17.75,82.86,5.2,5.189942678
2181,0.012093119,17.75,82.86,5.1,7.262238677
2182,1.85097991,15.99,78.04,5.2,5.695676614
2183,0.331480921,15.99,78.04,5.0,6.562678514
2184,0.387102313,11.03,49.02,5.15,1.298722863
2185,0.172711051,19.91,97.72,5.2,5.422958289
2186,1.312754416,12.05,56.9,4.9,6.350100599
2187,1.090328606,10.03,48.94,5.1,5.805523046
2188,0.3508584,10.03,48.94,5.15,5.242710668
2189,0.055464794,13.39,64.22,5.1,4.432153936
2190,6.80678864,2.98,20.49,4.85,2.789783797
2191,3.768388445,7.24,28.33,5.0,1.160269194
2192,0.261594846,7.24,28.33,5.05,1.221426397
2193,0.044236442,4.4,22.89,5.15,1.630014164
2194,0.017722134,20.4,94.32,4.95,7.574654689
2195,0.845957509,5.62,30.16,4.95,3.879702627
2196,0.312708238,5.62,30.16,4.85,4.948697724
2197,0.188490621,25.73,121.71,5.05,6.365212143
2198,0.207161346,3.2,23.57,4.95,3.463962043
2199,0.013842834,9.93,49.13,5.15,3.397912861
2200,2.695757862,7.59,40.79,5.1,4.702034745
2201,0.857133907,9.78,43.92,5.15,3.386524903
2202,0.718931274,9.78,43.92,5.2,4.44319835
2203,0.012170755,9.78,43.92,5.05,3.980182146
2204,0.208916856,8.34,39.7,5.0,4.138545899
2205,0.485182853,2.89,15.52,5.05,0.597130764
2206,1.183868202,9.04,47.28,5.2,3.194621701
2207,0.313280228,5.4,30.05,4.9,3.343170083
2208,0.976066513,8.37,41.77,4.95,4.483688712
2209,2.706229416,8.91,42.92,5.05,3.802521384
2210,0.120992633,8.91,42.92,4.9,3.1460681
2211,0.023040025,19.63,96.37,5.15,7.12684987
2212,0.0103765,19.63,96.37,5.1,6.984086524
2213,0.024499973,24.69,115.87,5.15,5.886588003
2214,0.015769309,24.69,115.87,5.05,6.484989167
2215,0.297503915,6.32,27.35,5.05,1.45552023
2216,0.136703167,6.32,27.35,5.1,1.017557892
2217,0.032981728,8.26,44.63,5.1,5.739715171
2218,1.097672352,5.44,28.14,4.85,3.090877629
2219,0.63013917,6.75,27.06,4.9,1.146081275
2220,0.860769204,10.05,50.22,5.15,6.57161705
2221,0.188801893,10.05,50.22,5.2,5.865172195
2222,0.035846004,10.05,50.22,5.1,4.233898904
2223,1.994268593,20.87,101.72,5.15,6.737111481
2224,0.27384396,20.87,101.72,5.2,5.65019716
2225,0.225746794,6.52,27.79,5.1,0.988865947
2226,0.776447913,8.43,41.01,4.85,5.532710792
2227,0.247159271,18.07,82.52,5.0,5.839298855
2228,0.032984411,18.07,82.52,5.05,4.458928396
2229,0.020026855,18.07,82.52,5.15,4.194778288
2230,9.673643123,13.8,65.46,4.9,5.855971938
2231,6.005935602,8.83,42.87,4.9,5.447420532
2232,4.01796768,14.63,71.82,4.95,7.712941949
2233,0.034154896,20.35,90.19,4.9,6.326633529
2234,0.02671478,20.35,90.19,4.95,5.26511291
2235,0.01069558,7.97,36.1,5.15,3.022893715
2236,1.943766018,14.88,73.28,5.05,6.878073124
2237,0.086280131,14.88,73.28,5.2,5.055397463
2238,0.057082093,17.12,79.84,4.85,5.321342905
2239,0.638100767,20.23,93.84,4.9,5.06935283
2240,0.591399092,20.48,97.81,5.05,7.390728907
2241,0.658264874,4.24,21.06,5.2,0.636811152
2242,0.404933796,4.24,21.06,5.1,1.083980683
2243,1.830300861,15.37,71.2,5.1,5.726527041
2244,0.101220283,18.13,84.47,5.1,3.911812236
2245,0.163212684,16.78,77.8,4.85,5.337942111
2246,0.08565426,16.78,77.8,5.1,5.02520148
2247,0.103870784,7.96,41.73,5.1,3.307142601
2248,0.119939975,7.41,39.37,4.95,3.852151203
2249,0.008862347,6.62,30.03,5.15,2.007875839
2250,3.040191388,8.67,43.27,4.95,5.754807848
2251,0.033515865,20.88,101.3,5.1,8.824084068
2252,3.060737388,15.26,72.73,5.2,2.631794734
2253,0.05160773,15.26,72.73,5.1,4.926324222
2254,0.24173487,21.95,107.3,5.2,8.68610502
2255,1.879534514,5.38,27.71,4.9,2.894138245
2256,1.879534514,5.38,27.71,4.85,3.893637686
2257,1.846161849,6.34,37.07,5.1,3.903406115
2258,1.473805433,6.34,37.07,5.05,3.28958561
2259,0.685249286,6.34,37.07,4.9,3.891423569
2260,2.705871717,11.88,54.02,4.85,4.29324568
2261,0.435497264,11.88,54.02,5.0,3.083452743
2262,0.622040053,6.6,35.37,5.15,3.908550413
2263,0.198628218,6.6,35.37,4.95,5.243112286
2264,0.080512136,13.98,65.16,5.05,3.823209569
2265,0.060701514,17.16,80.06,5.05,5.015769262
2266,0.017292874,17.16,80.06,4.9,8.030961454
2267,0.009571491,14.48,64.77,4.85,3.925747821
2268,0.033183553,21.42,104.39,5.2,7.459136063
2269,0.672074008,5.75,34.06,5.2,2.788657678
2270,2.019864123,6.63,35.2,4.9,3.854617072
2271,0.513110418,6.63,35.2,4.95,4.14294317
2272,0.312708238,5.66,30.93,4.9,4.052604309
2273,0.025360028,14.89,68.08,4.95,3.679904118
2274,0.011343596,11.45,52.44,5.2,1.345265561
2275,0.315993057,5.61,29.09,4.85,4.687230327
2276,0.209757198,13.6,55.26,4.9,3.412717884
2277,1.133223408,6.4,26.81,4.9,2.054856221
2278,0.729612443,6.4,26.81,5.15,1.255564084
2279,1.582857709,14.51,62.93,5.05,5.138876657
2280,0.516095513,14.51,62.93,5.15,5.1650371
2281,0.479169441,14.51,62.93,5.2,5.860362143
2282,0.365493815,6.79,26.36,5.05,1.153684298
2283,0.070451178,6.79,26.36,4.85,1.577686657
2284,0.231081034,9.69,43.84,5.05,2.989468808
2285,0.097888232,9.69,43.84,5.0,3.146781809
2286,1.845800239,17.7,82.99,4.9,5.11822868
2287,0.100254279,6.11,25.1,5.15,0.815343364
2288,0.05772878,6.11,25.1,5.2,0.42335509
2289,0.077402212,5.77,26.25,5.2,1.01128204
2290,0.018609013,5.77,26.25,4.95,1.406873489
2291,0.142962545,2.44,12.93,5.0,0.529703581
2292,0.028317301,13.47,64.35,5.2,5.723022001
2293,0.014678608,13.47,64.35,5.15,6.11675894
2294,0.6806234,7.94,39.21,4.95,4.077103302
2295,0.995890978,12.06,63.06,5.15,5.999940547
2296,2.133205738,14.33,66.03,4.85,3.496935502
2297,0.650954711,6.5,31.89,4.85,3.972325841
2298,0.011077692,8.43,43.26,5.15,5.129722762
2299,0.255880451,8.43,39.29,5.0,3.672604989
2300,0.213801861,8.43,39.29,5.1,4.00497345
2301,0.008335517,8.43,39.29,4.9,3.668039669
2302,1.549420282,12.84,57.7,5.1,3.753559986
2303,0.168289988,12.84,57.7,5.15,4.164285358
2304,0.102684175,21.05,99.5,5.15,5.696444703
2305,0.076069482,21.05,99.5,5.1,6.210420344
2306,0.01069842,8.14,36.53,5.15,2.485545537
2307,2.115524577,17.32,89.05,5.15,8.915194937
2308,0.16046343,5.38,26.18,4.95,2.783553406
2309,0.16046343,5.38,26.18,5.0,3.573669363
2310,2.559891602,4.67,22.01,4.9,0.615001021
2311,0.15164761,4.67,22.01,4.85,0.412201413
2312,0.15164761,4.67,22.01,5.0,0.115408109
2313,2.327044126,13.06,61.09,5.2,4.522215794
2314,0.007665405,13.06,61.09,5.05,3.979314692
2315,1.311790395,5.15,28.43,4.85,3.926283089
2316,0.039467202,18.64,91.71,5.15,5.837192673
2317,9.531668999,7.83,41.51,5.15,4.268174762
2318,0.141421806,7.83,41.51,5.0,5.472023073
2319,0.087122907,7.77,38.83,5.2,2.794569161
2320,0.882432444,7.62,38.36,4.95,4.601613693
2321,0.450879187,7.62,38.36,5.0,4.939377754
2322,2.037777584,14.82,71.33,5.15,5.462987234
2323,1.421269167,14.82,71.33,5.2,3.597895346
2324,0.010786892,8.5,43.52,5.2,4.337766658
2325,0.037414799,5.74,28.8,4.85,1.164217489
2326,0.453913458,8.08,41.04,4.95,4.822403515
2327,0.026963582,28.5,125.16,5.1,6.741054234
2328,0.461016174,12.79,55.03,5.1,4.009139913
2329,0.158514935,12.79,55.03,5.0,3.708919446
2330,0.010924636,11.57,58.09,5.2,3.936842283
2331,3.164180544,13.19,64.24,4.9,8.45294826
2332,0.241622608,6.69,38.6,5.1,3.321153278
2333,0.849806159,5.99,28.16,4.9,2.128341104
2334,0.047824053,5.99,28.16,5.15,2.958337494
2335,0.163212684,16.32,75.59,4.85,5.450862339
2336,0.052821493,8.28,39.42,4.9,2.375076971
2337,0.052821493,8.28,39.42,5.2,1.610670902
2338,1.590718011,18.54,89.37,4.85,9.387599379
2339,0.020553638,11.75,50.96,5.1,3.559226485
2340,0.702224731,13.09,59.9,5.15,4.958244892
2341,0.443011085,13.09,59.9,5.1,5.036362633
2342,0.446505907,7.37,37.3,5.1,4.712089011
2343,0.13755661,7.37,37.3,5.2,3.863568351
2344,0.02562807,6.16,32.37,5.15,2.502034771
2345,0.023746509,6.16,32.37,5.2,3.09505596
2346,7.285580505,5.23,26.25,4.85,3.200710934
2347,0.823280919,16.25,74.6,5.1,6.498640373
2348,0.164230083,16.25,74.6,4.9,4.53226938
2349,0.018249505,6.46,32.93,4.9,3.889731609
2350,0.327530554,11.85,52.43,5.15,2.160997522
2351,0.954678587,5.13,31.11,5.05,2.594950415
2352,0.013194696,6.11,33.53,5.2,3.109973263
2353,0.059413512,21.18,96.42,5.2,6.346662895
2354,0.008902614,21.18,96.42,5.15,7.177930985
2355,2.772058482,4.75,24.42,4.85,3.792866902
2356,1.542905137,1.54,13.83,4.85,2.275337942
2357,1.404152533,12.72,57.32,5.05,2.297508994
2358,0.373276547,13.82,65.01,5.1,3.160339793
2359,0.830229955,4.14,27.21,4.95,3.768923547
2360,0.171714893,7.68,40.15,5.1,4.260636467
2361,1.144540469,22.65,107.29,4.95,5.422999917
2362,2.126208287,16.29,80.06,5.2,5.493629211
2363,1.588693459,16.29,80.06,5.1,7.551291487
2364,6.350223613,10.03,49.13,4.9,4.177197211
2365,0.054737206,25.65,126.97,5.2,7.144688663
2366,0.167345133,4.49,22.26,4.95,2.263453462
2367,0.079338425,4.49,22.26,5.0,2.177619766
2368,0.029327453,4.49,22.26,5.05,2.871574742
2369,1.678415989,4.23,24.89,4.9,2.85549663
2370,0.116928188,4.23,24.89,5.0,3.537693259
2371,0.048213101,4.23,24.89,4.85,3.27866669
2372,0.008685695,22.39,105.75,5.0,4.854506956
2373,0.102585278,16.34,76.58,5.1,3.073357508
2374,3.502257154,9.0,42.35,5.15,2.33720916
2375,0.091422691,6.92,38.09,5.0,4.640682252
2376,0.074618761,6.92,38.09,4.95,4.273422075
2377,0.951697358,16.47,76.47,4.95,5.820930151
2378,0.080096715,16.47,76.47,4.85,4.525652042
2379,8.550737918,3.44,12.45,4.85,0.112039651
2380,0.030272225,3.12,17.72,4.9,2.207913122
2381,1.370677128,16.12,73.91,4.9,5.603548239
2382,2.45388646,8.41,41.34,4.9,3.930364907
2383,1.355611947,16.98,79.55,5.0,6.468580587
2384,1.168010505,6.21,30.62,5.15,2.420465817
2385,4.263840051,20.99,99.33,5.1,3.855018254
2386,0.613100895,22.5,110.84,4.95,10.46805868
2387,8.428573651,1.68,9.94,5.2,1.657712821
2388,4.859534137,1.68,9.94,5.05,1.522113947
2389,3.94817629,3.91,18.74,4.85,0.122684764
2390,0.023454665,10.62,47.05,5.2,2.715322795
2391,0.336558553,6.77,34.9,5.1,1.522257978
2392,4.810786083,5.71,33.68,4.9,4.193751655
2393,3.13195676,11.98,58.06,4.85,6.872774941
2394,0.078780114,24.86,113.62,5.2,5.861882644
2395,0.613043039,6.04,31.42,4.9,4.291465902
2396,0.034915575,6.04,31.42,4.85,4.378768352
2397,1.27491798,8.07,39.26,4.9,4.914520699
2398,0.127595972,7.49,34.05,5.2,3.09845575
2399,0.048918816,7.49,34.05,5.15,2.340951059
2400,1.205234884,8.95,44.92,5.05,5.133350381
2401,0.129429713,8.95,44.92,5.0,3.682363996
2402,0.459998748,19.58,84.48,5.2,1.905065373
2403,0.040053783,19.58,84.48,5.05,3.383063323
2404,0.184038844,7.55,35.44,4.85,2.949963995
2405,0.034043021,7.55,35.44,5.05,1.247705364
2406,1.750873719,3.78,18.87,5.05,0.840056624
2407,1.639771667,3.78,18.87,4.85,1.039800775
2408,0.962429914,3.78,18.87,4.95,0.757347212
2409,0.131685711,3.78,18.87,5.15,0.435796436
2410,0.108555357,19.32,93.77,5.2,4.667514222
2411,1.331269742,5.83,31.31,4.85,4.019873813
2412,1.023215068,5.83,31.31,5.15,4.107318343
2413,0.312708238,5.83,31.31,4.9,4.105982217
2414,0.015542036,18.4,81.21,5.2,3.146586067
2415,0.014961193,10.06,42.33,5.05,2.062864348
2416,0.089898951,17.4,80.13,4.9,6.260978255
2417,0.042535807,17.4,80.13,4.85,8.909929936
2418,0.014867146,9.34,43.46,5.05,4.87618865
2419,8.64901433,15.44,74.98,4.9,8.405934383
2420,1.95090149,16.18,75.37,4.85,8.671751272
2421,1.710817379,16.18,75.37,4.9,7.14979829
2422,1.072002998,6.22,30.55,4.85,4.38103259
2423,2.182411887,3.09,22.34,4.9,3.237786657
2424,4.996542377,4.24,22.58,4.85,3.402648947
2425,3.290308823,4.57,23.73,4.85,2.532468824
2426,0.035973865,1.41,9.01,4.85,0.166028597
2427,0.015133662,19.71,87.53,5.1,2.611114624
2428,0.015133662,19.71,87.53,4.9,2.75416634
2429,0.087515463,7.86,39.22,5.2,4.613253644
2430,0.447571294,13.6,62.14,5.0,4.022072195
2431,0.045156508,13.6,62.14,5.05,3.386411778
2432,4.461413046,8.13,40.79,5.0,4.064689905
2433,1.399442205,8.13,40.79,5.05,3.363903355
2434,0.056448465,13.4,61.35,5.2,3.02359495
2435,0.626125335,4.96,23.15,5.1,1.786684622
2436,0.285411995,4.96,23.15,4.9,2.421702604
2437,0.146669375,4.96,23.15,4.85,2.077451923
2438,0.051646147,17.16,79.41,5.15,3.430984213
2439,0.857961778,5.29,34.04,5.0,4.545880899
2440,0.684834968,5.29,34.04,5.05,4.570100966
2441,0.552201462,5.29,34.04,5.1,2.808477766
2442,0.065380114,9.24,42.67,5.1,3.148473644
2443,2.080339439,9.43,43.65,5.15,3.314079862
2444,0.148814423,9.43,43.65,4.95,4.485541294
2445,0.020471516,9.43,43.65,5.1,3.827270653
2446,1.34401536,5.0,23.46,5.0,2.643391612
2447,4.864331135,9.38,47.37,5.1,6.412759903
2448,0.891679224,12.94,58.77,4.95,4.446883455
2449,0.595242982,12.94,58.77,5.1,2.744375575
2450,0.007895444,12.94,58.77,4.9,4.876328916
2451,0.008000757,5.98,30.64,5.1,2.812706152
2452,0.102684175,21.79,102.24,5.05,8.635633652
2453,0.095420582,14.72,66.84,4.85,4.045269221
2454,1.346341802,6.93,34.9,4.9,3.42029077
2455,0.160398428,6.93,34.9,4.95,4.824590559
2456,4.65217571,10.09,48.52,5.1,3.765797574
2457,0.343203071,19.07,93.21,4.9,9.911675123
2458,0.375621861,4.72,23.31,4.9,1.733951841
2459,0.517026119,17.18,74.41,5.15,5.692132661
2460,6.953566659,7.06,34.61,4.85,4.635737311
2461,0.019935632,4.9,23.37,5.2,0.930490218
2462,0.015678936,21.66,103.48,5.1,7.890889856
2463,0.054755476,11.64,52.1,5.15,3.074380116
2464,0.409887965,6.02,28.19,4.95,1.398620042
2465,0.140153612,10.53,53.67,5.2,5.093684182
2466,0.007794963,18.64,84.49,5.2,2.37317686
2467,2.097498311,6.17,33.32,4.85,4.458351685
2468,1.649774312,6.17,33.32,4.95,3.660392337
2469,1.476599524,6.17,33.32,5.2,4.145536529
2470,0.172259328,11.37,54.08,5.15,3.440822006
2471,0.048681543,6.03,23.74,4.85,0.910705834
2472,0.039658612,6.03,23.74,4.9,0.88069068
2473,0.031356047,6.03,23.74,5.1,0.164495209
2474,0.115235917,5.83,31.94,4.85,3.245696309
2475,0.028754658,5.83,31.94,5.2,2.778681703
2476,0.055833767,15.17,70.86,5.05,4.837865958
2477,0.058468235,2.94,12.7,4.9,0.637847481
2478,2.008413583,17.51,83.66,5.05,5.78495505
2479,4.57606662,6.31,33.34,4.85,4.322726108
2480,2.080162974,6.31,33.34,5.2,4.324347231
2481,1.509784557,6.31,33.34,4.9,4.036895467
2482,0.357711411,6.31,33.34,5.05,3.588170582
2483,1.654210331,11.12,51.21,4.85,4.576372951
2484,0.070098946,6.7,34.34,4.9,4.012236578
2485,0.030355024,17.26,83.49,5.15,5.481654
2486,3.791613902,21.01,102.19,5.05,8.059529909
2487,0.017403653,11.19,57.39,5.15,3.715443315
2488,1.304104095,16.36,78.31,5.0,5.171607569
2489,0.533305353,16.36,78.31,5.05,6.233178137
2490,0.396282006,11.1,50.64,4.85,4.414651945
2491,5.448048861,4.26,17.72,5.0,0.395122317
2492,3.863056491,4.18,23.63,4.9,3.043176105
2493,0.007722697,2.79,12.82,4.85,0.61875485
2494,2.257189178,11.64,56.5,5.15,4.137629348
2495,0.024575398,11.64,56.5,4.95,3.715229108
2496,0.043963077,2.59,12.21,4.9,0.204112217
2497,0.022099142,11.3,49.59,5.05,2.069031288
2498,0.009367626,17.73,82.94,5.1,4.492214963
2499,0.223972587,6.6,32.96,4.85,4.597760508
2500,0.600799785,13.09,63.18,4.85,4.853223745
2501,17.05032367,1.62,8.7,4.85,1.051906434
2502,7.941813841,1.62,8.7,4.95,1.226085501
2503,1.648107049,11.43,58.6,5.15,6.830522187
2504,2.539146476,14.82,68.39,4.85,5.689476922
2505,0.009264233,14.82,68.39,4.9,4.716806571
2506,11.04473306,9.3,45.72,4.95,6.040380246
2507,0.388750307,7.0,34.46,5.05,3.143631796
2508,1.017203558,5.66,24.46,5.2,1.340959482
2509,3.932701644,9.03,45.25,5.05,5.459946989
2510,0.011992772,15.59,75.7,5.15,5.294064303
2511,0.243161808,8.12,39.79,5.2,5.107816827
2512,0.131414084,11.23,52.4,5.2,2.370882765
2513,0.044641065,5.28,27.11,4.95,2.635341995
2514,0.024244096,6.56,29.91,5.05,1.189467385
2515,0.651320347,5.76,30.62,4.95,4.682888629
2516,5.518906897,18.78,89.44,5.0,6.65346131
2517,0.228131335,18.78,89.44,4.95,6.112524917
2518,0.065977954,18.78,89.44,5.15,5.4916009
2519,3.644681359,4.55,21.33,5.05,1.801321135
2520,0.097035017,4.55,21.33,4.9,2.104457338
2521,0.064268343,5.13,20.85,4.95,1.19074766
2522,0.011699973,21.4,100.28,5.1,4.854734934
2523,0.013492603,14.55,69.3,5.2,4.492707049
2524,0.265003033,5.35,35.37,5.15,4.332237695
2525,0.14138015,5.35,35.37,5.2,3.436029034
2526,1.588624897,9.14,46.95,5.15,5.022535597
2527,0.052929486,9.14,46.95,5.1,6.288566295
2528,1.508263165,8.38,41.28,4.95,4.452605081
2529,0.16366652,2.62,10.97,4.9,0.310020473
2530,2.706423011,0.0,4.838930467,5.05,2.951720196
2531,0.912488233,0.0,4.838930467,4.85,0.505810787
2532,0.957538025,0.0,1.163555648,5.05,1.350346438
2533,2.657947679,0.0,2.270284988,5.05,2.323793379
2534,0.856567506,0.0,1.962643176,5.05,1.739148117
2535,0.155340097,0.0,3.953547199,5.05,2.829259062
2536,0.102224193,0.0,1.59590081,5.05,1.336419184
2537,0.829619881,0.0,0.9099966,5.05,1.24783158
2538,0.021790984,0.0,1.651389862,5.05,1.595604143
2539,0.377210352,0.0,2.065315697,5.05,2.017204886
2540,0.340900566,0.0,1.846553508,5.05,1.772779784
2541,1.044721061,0.0,1.617747543,5.05,2.029651968
2542,0.012610838,0.0,1.085402364,5.05,1.241152486
2543,0.716049229,0.0,1.605371455,5.05,1.657986295
2544,0.004395633,0.0,1.20777213,5.05,1.395682186
2545,1.489869613,0.0,5.368859539,4.85,0.830222881
2546,0.434812788,0.0,0.910607608,5.05,1.281351246
2547,0.194901915,0.0,1.659111361,5.05,1.438415584
2548,0.223557994,0.0,3.028197319,5.05,2.467978116
2549,0.061680298,0.0,1.124349158,5.05,1.255012977
2550,2.199808022,0.0,0.902193344,5.05,1.140105734
2551,0.003263989,0.0,1.073934417,5.05,1.013765568
2552,0.106549156,0.0,1.606514471,5.05,1.488632755
2553,6.555220333,0.0,0.918525083,5.05,1.152028509
2554,0.090208701,0.0,1.097769393,5.05,0.967139532
2555,2.184378528,0.0,3.329599274,5.05,2.198242123
2556,0.427218985,0.0,1.14491323,5.05,1.742227465
2557,0.002598916,0.0,1.036466452,5.05,1.044440881
2558,1.565049807,0.0,2.201486736,5.05,1.903975658
2559,0.166799913,0.0,1.961636155,5.05,1.728900019
2560,0.056760146,0.0,1.287316268,5.05,1.632438727
2561,0.895523458,0.0,2.251123084,5.05,2.144339017
2562,0.046216098,0.0,1.004318347,5.05,1.820603111
2563,0.063716254,0.0,0.963703112,5.05,1.360691532
2564,0.318868871,0.0,2.470864398,5.05,1.743300512
2565,1.200901559,0.0,3.245309677,5.05,2.016330126
2566,1.692418966,0.0,4.426733052,4.95,0.628644331
2567,0.595259427,0.0,2.3521819,5.05,1.75072582
2568,1.152446222,0.0,4.011232192,5.05,3.166558933
2569,2.981746817,0.0,4.011232192,5.0,0.685276661
2570,0.568697064,0.0,1.765308285,5.05,1.896337786
2571,0.247101124,0.0,2.448947608,5.05,1.614569565
2572,0.021381473,0.0,1.680363401,5.05,1.8971225
2573,0.106781948,0.0,1.438833593,5.05,1.879247967
2574,0.221978971,0.0,1.975721868,5.05,1.734333658
2575,0.131664194,0.0,4.274371384,5.05,2.29270665
2576,0.120193846,0.0,1.559033077,5.05,2.036785853
2577,1.318007691,0.0,2.892206741,5.05,1.872231365
2578,2.965081895,0.0,2.892206741,5.15,0.381934884
2579,5.49893775,0.0,1.748306261,5.05,1.420743454
2580,0.235301761,0.0,2.831285415,5.05,2.09911307
2581,0.132131713,0.0,1.861238126,5.05,1.82565704
2582,0.795885448,0.0,1.127412621,5.05,1.645479857
2583,4.949789697,0.0,10.74997352,4.85,1.772097367
2584,0.226568033,0.0,1.992612758,5.05,1.964592586
2585,0.014061517,0.0,1.204033709,5.05,1.785172396
2586,0.174775586,0.0,1.856047153,5.05,1.45436051
2587,1.798970165,0.0,2.804132895,5.05,1.616168331
2588,10.03195587,0.0,8.372806392,4.85,1.410486811
2589,0.284040958,0.0,1.683083492,5.05,1.659407954
2590,0.046216098,0.0,1.005168381,5.05,1.580756833
2591,1.613426639,0.0,2.53462704,5.05,2.009447542
2592,0.834723943,0.0,4.431185352,5.05,2.324547191
2593,0.043692427,0.0,0.999062057,5.05,1.499842632
2594,0.03210756,0.0,0.965437121,5.05,1.323662885
2595,1.840221587,0.0,2.23990962,5.05,1.902865583
2596,1.085891129,0.0,4.242076858,5.05,3.481153914
2597,0.046357035,0.0,1.091639303,5.05,1.697706858
2598,0.206981596,0.0,1.846998767,5.05,1.967198837
2599,0.078796319,0.0,0.93491597,5.05,1.330541613
2600,1.188660017,0.0,2.931079088,5.1,0.457272247
2601,0.317079099,0.0,3.625091396,5.05,2.266120377
2602,1.153757305,0.0,3.625091396,4.95,0.587174881
2603,0.020542516,0.0,0.969167118,5.05,1.194741648
2604,0.004486806,0.0,1.03009274,5.05,1.087462057
2605,0.122307029,0.0,1.326444098,5.05,1.517711704
2606,0.01973526,0.0,0.967692798,5.05,1.370715324
2607,0.05828805,0.0,1.16522906,5.05,1.646966359
2608,0.127833559,0.0,1.545283178,5.05,1.418201908
2609,0.069850174,0.0,1.350200672,5.05,1.539963234
2610,3.324748591,0.0,0.909261891,5.05,1.421157624
2611,0.218749677,0.0,1.393227756,5.05,1.660885761
2612,0.096117209,0.0,0.99255832,5.05,1.716302499
2613,0.669529656,0.0,1.635174278,5.05,1.56084431
2614,1.366391472,0.0,0.901518446,5.05,1.110372971
2615,0.075577381,0.0,1.586924825,5.05,1.669889325
2616,0.002598916,0.0,1.026337476,5.05,1.30636816
2617,4.668980191,0.0,6.164401939,4.95,0.869392649
2618,0.06565252,0.0,1.320253869,5.05,1.389060404
2619,0.453940543,0.0,1.791880813,5.05,1.841216426
2620,0.535868985,0.0,2.302961833,5.05,1.695027889
2621,0.150523253,0.0,1.457275376,5.05,1.781098712
2622,0.063431981,0.0,1.463477931,5.05,1.768005268
2623,1.600019207,0.0,3.922540198,5.05,2.605304923
2624,0.340900566,0.0,1.841955029,5.05,1.453910988
2625,0.47963278,0.0,2.24069803,5.05,1.997854369
2626,0.166611263,0.0,1.828436622,5.05,2.054158417
2627,0.052191969,0.0,3.523440528,5.05,2.655610925
2628,0.029028387,0.0,1.095372041,5.05,1.574639229
2629,0.048720785,0.0,2.77257966,5.05,2.136806516
2630,1.028279833,0.0,1.923310838,5.05,1.799286029
2631,2.083721914,0.0,6.083937512,5.05,3.539205249
2632,0.13185351,0.0,1.452095656,5.05,1.662950382
2633,0.002860421,0.0,1.057734518,5.05,1.430544927
2634,0.005672649,0.0,1.007524852,5.05,1.922667122
2635,0.656609469,0.0,2.005603017,5.05,1.711021132
2636,0.011166109,0.0,2.601517449,5.05,1.397904101
2637,0.033534847,0.0,1.03455346,5.05,1.321903088
2638,0.324585115,0.0,1.957351212,5.05,1.770944376
2639,0.453448265,0.0,2.855743991,5.05,2.226653532
2640,0.040838784,0.0,1.397553739,5.05,1.658405263
2641,2.961104252,0.0,2.380304073,5.05,1.358716029
2642,0.035542728,0.0,1.283953845,5.05,1.602929657
2643,0.352929518,0.0,1.362209679,5.05,1.515716069
2644,0.009844343,0.0,1.405407514,5.05,1.461125536
2645,0.543741361,0.0,1.263605083,5.05,1.086947891
2646,0.07038964,0.0,1.240721348,5.05,1.819821022
2647,0.013862129,0.0,1.02824231,5.05,1.263014411
2648,3.776806152,0.0,3.400221847,5.05,2.544593895
2649,0.014491219,0.0,1.091353601,5.05,1.222128803
2650,0.849950125,0.0,1.869704667,5.05,1.844920187
2651,0.025133327,0.0,2.077801005,5.05,1.781241715
2652,2.965081895,0.0,2.964419861,4.95,0.523897665
2653,0.073993422,0.0,1.377949113,5.05,1.456670298
2654,0.672804973,0.0,1.932159385,5.05,1.543862976
2655,0.686077224,0.0,1.761794414,5.05,1.693143207
2656,0.007386454,0.0,1.197258702,5.05,1.458941334
2657,0.006774675,0.0,1.341956635,5.05,1.594635295
2658,0.018987391,0.0,1.329796978,5.05,1.768838224
2659,6.044766185,0.0,2.129050417,5.05,1.527321521
2660,0.071521472,0.0,3.908184605,5.05,2.802159116
2661,2.477571709,0.0,3.908184605,5.15,0.467924166
2662,3.497235586,0.0,0.902382361,5.05,1.436240402
2663,0.014517054,0.0,1.697305603,5.05,1.87656303
2664,0.015776313,0.0,1.195767696,5.05,1.355110884
2665,0.129413988,0.0,2.346434686,5.05,1.711511377
2666,0.007448984,0.0,0.995195744,5.05,1.17285794
2667,0.208337695,0.0,1.262300606,5.05,1.494278782
2668,6.202946357,0.0,1.928041833,5.05,2.017464152
2669,0.009705787,0.0,0.983496358,5.05,1.273230386
2670,0.040134879,0.0,1.02391946,5.05,0.903702049
2671,0.015648206,0.0,0.9319917,5.05,1.18552034
2672,1.489869613,0.0,5.189970077,4.95,0.717698263
2673,0.22800607,0.0,2.689615533,5.05,2.246948203
2674,0.046216098,0.0,1.004866513,5.05,1.485820524
2675,0.26258699,0.0,1.148966582,5.05,1.455190304
2676,0.215656819,0.0,2.558870793,5.05,2.320145522
2677,0.008880695,0.0,2.809657387,5.05,2.469242213
2678,0.403852537,0.0,1.1692534,5.05,1.301629007
2679,1.404274959,0.0,2.372222279,5.05,1.689158811
2680,0.834172855,0.0,1.572827384,5.05,1.620506159
2681,0.244028817,0.0,0.964506093,5.05,1.338449603
2682,0.137612591,0.0,2.68909025,5.05,1.888530553
2683,0.014517054,0.0,1.709860183,5.05,2.45776751
2684,0.002640087,0.0,1.101974249,5.05,1.736024224
2685,0.632002581,0.0,3.460819541,5.05,2.093804775
2686,0.052942712,0.0,1.414691634,5.05,1.311332327
2687,0.088548003,0.0,1.524396247,5.05,1.44867832
2688,0.62004621,0.0,1.264480514,5.05,1.714645449
2689,3.1912807,0.0,3.101393418,5.05,2.607872007
2690,0.354082818,0.0,4.678978363,5.05,3.24723444
2691,1.202697092,0.0,4.678978363,4.95,0.614126251
2692,0.02974561,0.0,1.006915715,5.05,1.473064716
2693,0.065167233,0.0,1.626286234,5.05,1.423496991
2694,0.231026933,0.0,2.091339843,5.05,2.346622338
2695,0.879560534,0.0,1.556582868,5.05,1.40958185
2696,0.457777336,0.0,3.370000465,5.05,1.815527377
2697,0.448775543,0.0,2.491089129,5.05,1.655577556
2698,0.033421888,0.0,0.968488651,5.05,1.303081216
2699,0.17958761,0.0,4.766279572,5.05,3.008014606
2700,0.781289638,0.0,4.766279572,4.95,0.8086728
2701,0.209367311,0.0,2.311425885,5.05,1.623459688
2702,0.083551558,0.0,1.114316424,5.05,1.326789137
2703,0.311432498,0.0,1.956200251,5.05,1.651311753
2704,0.11399807,0.0,1.275826664,5.05,1.185852787
2705,0.036343678,0.0,0.999748163,5.05,1.23977294
2706,0.118294227,0.0,1.491713038,5.05,1.933161205
2707,1.799101873,0.0,4.831710663,4.85,0.593518273
2708,0.456240066,0.0,1.893792099,5.05,1.872785718
2709,0.00630289,0.0,1.045413521,5.05,1.664966228
2710,0.012967781,0.0,1.296900606,5.05,1.857672083
2711,1.017572707,0.0,3.418225431,4.85,0.69710243
2712,2.066081054,0.0,0.900954106,5.05,1.373903531
2713,0.148617536,0.0,0.90025891,5.05,1.405434021
2714,0.296768874,0.0,2.148678073,5.05,1.699528714
2715,0.032890206,0.0,0.950710144,5.05,1.021285115
2716,0.355889356,0.0,1.237633423,5.05,1.438301948
2717,0.05576746,0.0,2.570974169,5.05,2.393128587
2718,1.54250003,0.0,4.116202712,5.05,1.652180073
2719,0.727309123,0.0,4.116202712,5.15,0.563945637
2720,0.011407976,0.0,1.106604688,5.05,1.550446672
2721,0.264019962,0.0,0.910241617,5.05,1.306019327
2722,2.367750254,0.0,3.29310648,5.05,2.754017457
2723,1.687209452,0.0,0.915250279,5.05,1.520525321
2724,2.965081895,0.0,2.974625982,4.85,0.369886431
2725,0.158936295,0.0,1.921650845,5.05,1.832766897
2726,0.204891258,0.0,2.750508902,5.05,1.81535224
2727,0.710120564,0.0,3.727784549,5.05,2.086657087
2728,0.547529869,0.0,2.569367239,5.05,1.569092901
2729,0.106518225,0.0,3.2860174,5.05,2.38261606
2730,0.435161955,0.0,4.922763875,5.05,3.259668444
2731,1.489869613,0.0,4.922763875,4.9,0.803009203
2732,0.08474909,0.0,1.828001757,5.05,1.344437787
2733,1.236915783,0.0,3.304152073,5.05,2.267415386
2734,0.820614397,0.0,2.239641713,5.05,2.080364512
2735,0.149342957,0.0,1.34794944,5.05,1.498192683
2736,0.95080672,0.0,2.922308183,5.05,2.298736801
2737,1.123992731,0.0,0.911381736,5.05,1.157269315
2738,11.3897761,0.0,6.64413192,4.95,0.966845737
2739,0.120740492,0.0,1.085790622,5.05,1.29252267
2740,0.269488414,0.0,2.456269263,5.05,2.503745363
2741,0.005251217,0.0,1.074491597,5.05,1.12712014
2742,2.467138497,0.0,2.854748097,5.05,1.434787282
2743,0.144655813,0.0,0.935412936,5.05,1.600901396
2744,0.116906033,0.0,1.3339534,5.05,1.561607947
2745,0.790945673,0.0,3.76695907,5.05,1.906367115
2746,1.798970165,0.0,2.789041694,5.05,2.448062139
2747,0.025201143,0.0,1.112728817,5.05,1.555543971
2748,0.426535374,0.0,2.598883365,5.05,2.558274781
2749,0.058172781,0.0,0.966945521,5.05,1.348707148
2750,0.047075707,0.0,1.21790746,5.05,2.016621043
2751,0.031298056,0.0,1.731397367,5.05,1.6634918
2752,0.361789191,0.0,1.1459835,5.05,1.556001939
2753,0.016356288,0.0,1.405494394,5.05,1.715908866
2754,0.221375993,0.0,1.128318964,5.05,1.314386706
2755,1.257880885,0.0,3.479819485,5.2,0.480135311
2756,0.005233467,0.0,3.479819485,5.05,2.631099704
2757,0.413438378,0.0,1.271977103,5.05,1.157765352
2758,0.664448339,0.0,4.147760344,5.05,2.179227119
2759,0.236244802,0.0,2.122675671,5.05,1.815582473
2760,1.968557813,0.0,2.842444849,5.05,2.681498416
2761,1.80028267,0.0,2.842444849,5.1,0.49556808
2762,3.884834744,0.0,0.912325181,5.05,1.322609786
2763,0.13194937,0.0,1.883702797,5.05,1.596753422
2764,0.328559676,0.0,4.412439404,5.05,3.43349864
2765,0.625968543,0.0,3.374770602,5.05,2.26488163
2766,0.008821882,0.0,1.086709641,5.05,1.1892542
2767,0.020169554,0.0,1.455193089,5.05,2.146024092
2768,1.97951094,0.0,2.451753201,5.05,1.600535692
2769,0.335420327,0.0,1.560134541,5.05,1.991380331
2770,0.092352831,0.0,1.24491518,5.05,1.478667179
2771,0.018987391,0.0,1.325937224,5.05,1.720850267
2772,1.693137205,0.0,4.986441869,5.05,3.003589922
2773,1.872903273,0.0,4.986441869,4.95,0.854196502
2774,0.015026885,0.0,0.942065994,5.05,1.785036307
2775,0.077754778,0.0,0.990042264,5.05,1.749827709
2776,1.117943553,0.0,4.443535354,5.05,2.28977082
2777,1.275654467,0.0,4.443535354,5.15,0.711560677
2778,0.031759003,0.0,1.095494053,5.05,1.026361773
2779,0.333293806,0.0,0.921930419,5.05,1.487961943
2780,0.008541856,0.0,1.226144461,5.05,1.738868614
2781,0.052141689,0.0,1.989538022,5.05,1.219687709
2782,0.009396301,0.0,1.376349502,5.05,1.525103073
2783,0.144641376,0.0,1.188424261,5.05,1.594220067
2784,1.173982568,0.0,2.84901704,5.05,2.258251421
2785,0.319885847,0.0,2.170126671,5.05,1.520822087
2786,0.107522019,0.0,1.662205479,5.05,1.373292159
2787,0.032418024,0.0,0.969827801,5.05,1.273941353
2788,0.197238962,0.0,2.442558223,5.05,1.82452028
2789,0.28550513,0.0,1.379952861,5.05,1.44186278
2790,0.005695793,0.0,1.036153028,5.05,1.055152154
2791,1.471027017,0.0,2.236116733,5.05,1.925857897
2792,0.012600167,0.0,1.386777699,5.05,1.92971703
2793,1.029261499,0.0,6.729846998,4.9,0.82406814
2794,0.00563176,0.0,1.223735064,5.05,1.418726023
2795,0.128821946,0.0,1.420143482,5.05,1.751553073
2796,0.08523458,0.0,1.448780702,5.05,1.178470119
2797,3.01654971,0.0,2.828993379,5.05,2.14488089
2798,2.758690718,0.0,2.828993379,5.05,0.519622889
2799,0.485831419,0.0,4.815484099,5.05,2.240637407
2800,0.781289638,0.0,4.815484099,4.9,0.765442401
2801,2.319965963,0.0,2.570808068,5.05,2.34804156
2802,0.036993336,0.0,0.987169438,5.05,1.773468992
2803,1.66523669,0.0,0.904617491,5.05,1.324393519
2804,0.364623233,0.0,2.747436805,5.05,1.820493908
2805,0.020177792,0.0,2.005224293,5.05,1.58653493
2806,0.109136226,0.0,1.762755299,5.05,1.301615639
2807,0.018987391,0.0,1.330914867,5.05,1.951081388
2808,3.627516473,0.0,2.533151238,5.05,2.326172247
2809,0.907574429,0.0,1.140582349,5.05,1.147828445
2810,0.09772244,0.0,0.948007665,5.05,1.132616284
2811,0.862703813,0.0,4.116285825,4.85,0.65728396
2812,0.415459363,0.0,1.841464548,5.05,2.053979128
2813,0.338266848,0.0,0.912786376,5.05,1.417385649
2814,0.081650021,0.0,1.189040558,5.05,1.516189709
2815,0.069802926,0.0,1.774881228,5.05,1.813195254
2816,0.049816187,0.0,1.269240572,5.05,1.204790646
2817,0.006264784,0.0,1.073291764,5.05,1.381254055
2818,0.023593788,0.0,1.423725488,5.05,1.575692049
2819,0.580700606,0.0,2.25649169,5.05,1.465363796
2820,2.240518856,0.0,2.076457761,5.05,2.36384386
2821,0.280880707,0.0,1.286183275,5.05,1.324399827
2822,0.13778436,0.0,0.988777664,5.05,1.003258308
2823,1.19567379,0.0,1.157797778,5.05,1.311345184
2824,0.068794768,0.0,0.942944747,5.05,1.246937485
2825,0.85361648,0.0,3.930530787,5.05,2.414495182
2826,2.046429323,0.0,3.930530787,5.15,0.561971228
2827,1.307208984,0.0,3.936805819,5.05,2.437958353
2828,0.121954696,0.0,1.235986026,5.05,1.513086908
2829,0.022628844,0.0,1.863722014,5.05,1.781857504
2830,1.277183766,0.0,4.190197156,5.05,2.71875166
2831,0.044526533,0.0,1.031288894,5.05,1.468057084
2832,0.024707463,0.0,1.301531446,5.05,1.65668241
2833,1.729109987,0.0,2.031213692,5.05,2.091530229
2834,0.138496259,0.0,1.62457779,5.05,1.445611054
2835,0.009633484,0.0,1.212608943,5.05,1.306837964
2836,0.100371174,0.0,1.096520416,5.05,1.664177325
2837,0.02986359,0.0,1.33070788,5.05,1.422705168
2838,0.34752001,0.0,5.165816084,5.05,2.691148582
2839,0.010456282,0.0,1.30759183,5.05,1.474782415
2840,0.143422805,0.0,1.568950436,5.05,2.220748745
2841,0.361789191,0.0,1.152436423,5.05,1.210631598
2842,0.670968765,0.0,5.103235669,5.05,2.339223253
2843,0.339152061,0.0,1.766329197,5.05,1.748910725
2844,0.113452752,0.0,2.17580304,5.05,1.854235629
2845,0.392063736,0.0,1.538102155,5.05,1.326364898
2846,1.305194262,0.0,2.513868124,5.05,1.990770889
2847,0.023605379,0.0,0.981149583,5.05,1.308930383
2848,0.097356413,0.0,1.098276671,5.05,1.294831595
2849,0.175303951,0.0,2.064065552,5.05,1.812645899
2850,0.036890221,0.0,1.009460644,5.05,1.182105749
2851,1.022532149,0.0,0.906555902,5.05,1.054767058
2852,0.060699437,0.0,0.932164569,5.05,1.211398755
2853,0.091827161,0.0,1.292403766,5.05,1.2236808
2854,0.146905793,0.0,1.389575967,5.05,1.195214388
2855,0.170937567,0.0,1.668647523,5.05,1.191589736
2856,0.605158284,0.0,1.127750337,5.05,1.472216015
2857,0.162835011,0.0,1.501415661,5.05,1.463815208
2858,7.561425753,0.0,2.950562437,4.95,0.552852366
2859,0.022830852,0.0,1.341219866,5.05,1.43291924
2860,0.788140966,0.0,3.980429947,5.05,2.587680939
2861,0.320004284,0.0,1.859601808,5.05,1.559557164
2862,1.059267066,0.0,2.652254978,5.05,2.0616025
2863,0.931807494,0.0,2.406000634,5.05,1.384233783
2864,0.109605624,0.0,0.998273109,5.05,1.260841867
2865,0.218085429,0.0,1.248623981,5.05,1.260075817
2866,0.031235757,0.0,1.647011929,5.05,1.961617402
2867,0.078796319,0.0,0.941411781,5.05,1.33901647
2868,0.004385661,0.0,1.399985871,5.05,1.730844843
2869,0.020143061,0.0,1.142750441,5.05,1.692309529
2870,4.668980191,0.0,6.199473451,4.95,0.85877381
2871,0.067063277,0.0,2.999317386,5.05,2.223069373
2872,1.932878038,0.0,2.999317386,5.1,0.378118785
2873,0.088423186,0.0,1.393497021,5.05,1.625794713
2874,0.953238649,0.0,1.387183969,5.05,1.663071312
2875,0.221375993,0.0,1.134186389,5.05,1.489788509
2876,2.796628161,0.0,3.697280729,5.05,2.181898883
2877,1.261591634,0.0,0.9215259,5.05,1.678515474
2878,3.470382982,0.0,2.632979222,5.05,2.081300809
2879,0.661373159,0.0,3.314290884,5.05,1.86891446
2880,0.027363078,0.0,1.187260002,5.05,1.563926758
2881,0.781289638,0.0,4.49658632,5.05,0.78806062
2882,0.082392336,0.0,0.949200205,5.05,1.069953814
2883,0.008503834,0.0,4.354026844,5.05,2.433406303
2884,1.928427017,0.0,1.849799035,5.05,1.342185079
2885,0.060824269,0.0,4.82780274,5.05,3.238568465
2886,0.781289638,0.0,4.82780274,4.85,0.743700876
2887,0.281884611,0.0,0.981778611,5.05,1.116014354
2888,3.363619068,0.0,4.222903972,5.05,2.962622299
2889,0.258153409,0.0,0.928237827,5.05,1.302298645
2890,0.033168785,0.0,1.232554198,5.05,1.679268046
2891,0.172576665,0.0,0.941665487,5.05,1.400243423
2892,0.539936171,0.0,1.585064591,5.05,1.370292638
2893,0.272601894,0.0,1.458713482,5.05,1.438568977
2894,0.087497291,0.0,1.371018397,5.05,1.315292699
2895,0.045565015,0.0,1.311223954,5.05,1.235682336
2896,0.073704007,0.0,0.98366955,5.05,0.956179907
2897,0.023758877,0.0,2.384713884,5.05,2.59729186
2898,0.321297047,0.0,1.000856766,5.05,1.426085444
2899,0.017195528,0.0,1.560964585,5.05,1.759753125
2900,0.078577488,0.0,2.893609105,5.05,2.517772391
2901,0.427218985,0.0,1.132507738,5.05,1.28400114
2902,1.05864699,0.0,3.791534089,5.05,1.895133605
2903,1.364531235,0.0,3.791534089,5.0,0.655582622
2904,0.020542516,0.0,0.976996153,5.05,1.039860803
2905,0.079554531,0.0,2.039462768,5.05,2.082316572
2906,0.125558268,0.0,1.288968234,5.05,1.113790547
2907,0.065870255,0.0,1.891228888,5.05,1.378521344
2908,0.013116344,0.0,1.182194683,5.05,1.261336348
2909,0.218560133,0.0,1.613786592,5.05,1.826280063
2910,0.199287068,0.0,1.686556004,5.05,2.142155181
2911,0.503218042,0.0,1.528147593,5.05,1.759297261
2912,0.022419698,0.0,1.445803509,5.05,1.420428004
2913,0.036288998,0.0,1.803603077,5.05,2.020784984
2914,0.01759981,0.0,1.648009179,5.05,1.275257492
2915,0.017850067,0.0,3.817817084,5.05,2.058683442
2916,0.107452822,0.0,1.770918971,5.05,1.776333273
2917,0.125497173,0.0,0.987303509,5.05,1.473189117
2918,0.065167233,0.0,1.625957623,5.05,1.582638839
2919,1.368034005,0.0,2.09507234,5.05,1.760265731
2920,0.422280014,0.0,2.302746098,5.05,1.829897762
2921,0.057889992,0.0,2.415833681,5.05,2.325157986
2922,0.012110177,0.0,1.186466099,5.05,1.232895644
2923,0.208288348,0.0,1.757052041,5.05,1.412716775
2924,0.686077224,0.0,1.773794901,5.05,1.669355544
2925,0.150518495,0.0,2.186260745,5.05,2.306838719
2926,0.025277374,0.0,2.201200599,5.05,1.697882076
2927,0.23194109,0.0,1.755632115,5.05,1.620598404
2928,0.004352038,0.0,1.66404685,5.05,1.271805623
2929,0.055989786,0.0,1.452629671,5.05,1.525929948
2930,0.135897188,0.0,1.492038611,5.05,1.647779445
2931,0.04871773,0.0,1.344516084,5.05,1.21993845
2932,0.229533886,0.0,2.149324078,5.05,2.19816874
2933,0.217042203,0.0,2.166674053,5.05,1.984958224
2934,0.054790071,0.0,1.375757864,5.05,1.393541529
2935,1.528767436,0.0,3.614811125,5.05,2.482066838
2936,1.794589255,0.0,3.614811125,5.05,0.598747813
2937,0.123556172,0.0,1.155737072,5.05,1.015822087
2938,0.056718606,0.0,1.195351685,5.05,1.540092366
2939,0.041937816,0.0,2.179744063,5.05,2.294847975
2940,0.206810477,0.0,1.544287261,5.05,1.423505629
2941,0.151338834,0.0,0.943482931,5.05,1.192606016
2942,0.044104563,0.0,1.100247187,5.05,1.333202953
2943,0.040134879,0.0,1.014523554,5.05,1.540012874
2944,0.105275452,0.0,1.684893458,5.05,1.391864988
2945,0.019932419,0.0,0.987543266,5.05,1.401110846
2946,0.543741361,0.0,1.245838906,5.05,1.390605215
2947,0.01691312,0.0,0.995917059,5.05,1.730228176
2948,0.104448708,0.0,1.954533011,5.05,1.720683919
2949,0.014211226,0.0,1.23520487,5.05,0.974898277
2950,0.450732014,0.0,2.763908063,5.05,2.352484015
2951,0.910157002,0.0,1.790543174,5.05,1.865251592
2952,0.04732205,0.0,1.636308176,5.05,1.689636984
2953,0.75279311,0.0,5.804462299,5.05,3.461414666
2954,0.018972413,0.0,0.953475899,5.05,0.955260534
2955,0.031248046,0.0,1.700840729,5.05,1.433437416
2956,0.050241543,0.0,2.103384681,5.05,1.846359284
2957,0.216413913,0.0,2.715097758,5.05,2.11743035
2958,1.928427017,0.0,1.89346554,5.05,1.747220455
2959,0.745267652,0.0,3.635146949,5.05,1.796905391
2960,1.364531235,0.0,3.635146949,5.2,0.493146791
2961,0.007876424,0.0,1.864507335,5.05,2.203843504
2962,1.73590606,0.0,2.409017347,5.05,1.601453676
2963,11.45768357,0.0,0.917602485,5.05,1.289947904
2964,0.130915911,0.0,2.709440458,5.05,2.230207537
2965,1.849216396,0.0,2.200454363,5.05,2.155774078
2966,0.033559571,0.0,2.619762319,5.05,2.291981552
2967,0.109082101,0.0,1.758361774,5.05,1.533453321
2968,0.541003321,0.0,2.379610717,5.05,1.661962053
2969,0.003440618,0.0,1.022856078,5.05,1.732123953
2970,0.21809596,0.0,1.346726372,5.05,1.74872377
2971,0.170265787,0.0,1.37155042,5.05,1.537098216
2972,0.134703668,0.0,1.668746441,5.05,2.074590976
2973,0.027128281,0.0,1.013177239,5.05,1.057316628
2974,0.165348462,0.0,0.981732042,5.05,0.866027848
2975,0.297860558,0.0,1.34399229,5.05,1.558182307
2976,0.123844622,0.0,3.001244426,5.05,2.238940996
2977,0.014850278,0.0,1.887592712,5.05,1.338686144
2978,0.374300826,0.0,5.585265191,5.05,3.238277327
2979,1.59385677,0.0,5.585265191,4.95,0.593963626
2980,0.02209181,0.0,1.811480127,5.05,1.846160253
2981,0.031712012,0.0,0.996114696,5.05,1.486583729
2982,0.643837839,0.0,1.155081878,5.05,1.441049874
2983,10.03195587,0.0,6.925781188,4.9,0.786261756
2984,0.869643194,0.0,3.386428898,4.9,0.637578593
2985,0.014358877,0.0,1.030332563,5.05,1.237830742
2986,0.301166835,0.0,1.526371117,5.05,1.49307883
2987,0.435022024,0.0,1.179519244,5.05,1.244810722
2988,0.20164924,0.0,5.447846069,5.05,3.163825758
2989,2.293466807,0.0,5.447846069,4.85,0.766987036
2990,0.034931264,0.0,2.725252295,5.05,1.660982216
2991,0.080048304,0.0,1.510405222,5.05,1.83383985
2992,0.039343432,0.0,1.22940034,5.05,1.45166543
2993,1.421317592,0.0,2.837910059,5.05,2.474396289
2994,2.724036665,0.0,4.041922036,5.05,2.48691941
2995,0.380488548,0.0,1.254964146,5.05,1.278743869
2996,3.470382982,0.0,2.619095648,5.05,1.479277751
2997,0.445631717,0.0,1.345140493,5.05,1.559291859
2998,0.554656855,0.0,2.549101828,5.05,1.901837406
2999,0.131692681,0.0,3.065523331,5.05,2.437848429
3000,8.59675229,0.0,6.477811198,5.05,2.725864149
3001,4.949789697,0.0,6.477811198,4.85,1.062316334
3002,0.271787913,0.0,2.286484539,5.05,1.895509083
3003,0.411122095,0.0,1.610416206,5.05,1.401722748
3004,3.1912807,0.0,3.240448319,5.05,2.02577216
3005,0.153366143,0.0,1.577203371,5.05,1.269830165
3006,0.445631717,0.0,1.35195793,5.05,1.96507007
3007,0.010456282,0.0,1.304701006,5.05,1.615249483
3008,0.189882603,0.0,1.677270392,5.05,1.297777826
3009,2.182193739,0.0,2.398073924,5.05,2.509942858
3010,0.195544666,0.0,5.946068034,5.05,2.393709869
3011,0.970299056,0.0,5.946068034,4.9,0.812384598
3012,0.100366857,0.0,1.450063044,5.05,1.510230772
3013,0.632002581,0.0,3.354367385,5.05,2.273340064
3014,0.009471191,0.0,0.956131886,5.05,1.451834042
3015,1.366391472,0.0,0.903161779,5.05,0.897698593
3016,0.804814568,0.0,2.934737503,5.05,2.174584167
3017,0.119362901,0.0,1.311338496,5.05,1.444138799
3018,8.999971876,0.0,3.103184684,5.05,2.283556385
3019,0.192673855,0.0,0.937896533,5.05,1.22072467
3020,0.750677744,0.0,1.275573175,5.05,1.347042504
3021,0.034053995,0.0,2.089728507,5.05,1.806426468
3022,1.463478528,0.0,3.11416148,5.05,2.827070161
3023,0.801653588,0.0,1.792531902,5.05,1.605652158
3024,0.168497923,0.0,1.570100045,5.05,1.943148304
3025,0.01145967,0.0,0.97552308,5.05,1.323999903
3026,0.104069155,0.0,1.617679741,5.05,1.652566151
3027,0.178538774,0.0,2.158771842,5.05,1.904446501
3028,0.716831674,0.0,3.908400202,4.95,0.648967248
3029,0.160432742,0.0,1.375361191,5.05,1.421760559
3030,2.157753555,0.0,2.864007878,5.05,2.494013935
3031,0.017653448,0.0,1.653292327,5.05,1.822737866
3032,0.059944015,0.0,1.360980465,5.05,1.20136714
3033,1.677734024,0.0,0.902942503,5.05,1.643759658
3034,0.862703813,0.0,4.021947857,4.9,0.648135446
3035,10.03195587,0.0,6.765152287,4.9,0.789590325
3036,0.103347003,0.0,2.206926491,5.05,1.754803363
3037,1.092068564,0.0,2.578769845,5.05,2.310635197
3038,1.538613725,0.0,1.557735406,5.05,1.577379889
3039,0.013379964,0.0,3.247001029,5.05,2.180373345
3040,0.014708696,0.0,1.700657603,5.05,1.881606776
3041,0.531842932,0.0,4.389481967,5.05,2.714068673
3042,10.03195587,0.0,7.061693874,4.95,1.153866791
3043,0.05720366,0.0,1.040678056,5.05,1.507561491
3044,1.123992731,0.0,0.907905593,5.05,1.137236232
3045,0.011467054,0.0,1.613475873,5.05,1.45423224
3046,0.541140337,0.0,2.17628162,5.05,1.633207422
3047,0.045223412,0.0,1.184900212,5.05,1.268483728
3048,0.178869862,0.0,1.362368683,5.05,1.483327609
3049,0.446051599,0.0,2.094056022,5.05,1.825770971
3050,0.11399807,0.0,1.262158121,5.05,1.794868297
3051,0.123556172,0.0,1.127944548,5.05,1.470227563
3052,0.012696533,0.0,3.314502621,5.05,2.224167178
3053,0.025976885,0.0,1.707513779,5.05,1.391367189
3054,0.054165013,0.0,2.573545601,5.05,1.898842288
3055,0.011466774,0.0,0.999530917,5.05,1.733037687
3056,0.147411226,0.0,2.045644956,5.05,2.362920305
3057,0.30545609,0.0,2.398812778,5.05,1.844520674
3058,0.376442159,0.0,2.975752539,5.05,1.585380657
3059,2.965081895,0.0,2.975752539,4.85,0.439565097
3060,0.490102447,0.0,2.369818217,5.05,2.400266618
3061,0.080048304,0.0,1.557371299,5.05,1.592918609
3062,0.002332035,0.0,1.698144484,5.05,1.881908924
3063,1.152446222,0.0,4.270412108,5.05,2.518931552
3064,0.002987842,0.0,1.717999251,5.05,1.286603383
3065,0.354238001,0.0,3.26704155,5.05,2.276264814
3066,0.011611187,0.0,2.724819996,5.05,2.349072867
3067,0.066209818,0.0,1.55454644,5.05,1.464622583
3068,1.021987612,0.0,3.615528643,5.05,2.695188516
3069,1.59385677,0.0,5.538523785,4.95,0.848145885
3070,2.536207538,0.0,1.887886436,5.05,1.957728453
3071,0.033421888,0.0,0.972836209,5.05,1.366735128
3072,0.04109472,0.0,0.938762976,5.05,1.082279534
3073,5.403431788,0.0,3.048168965,5.05,2.052274055
3074,1.1299655,0.0,3.048168965,4.85,0.459900555
3075,0.437446555,0.0,0.907354559,5.05,1.154495424
3076,0.002640087,0.0,1.10641502,5.05,1.466055191
3077,1.643539965,0.0,0.911967571,5.05,1.699621781
3078,0.00728299,0.0,1.216044395,5.05,1.727642709
3079,0.104448708,0.0,1.973227029,5.05,2.157515519
3080,0.884364481,0.0,4.669506296,5.05,2.317912069
3081,0.087019306,0.0,0.964970613,5.05,1.562403405
3082,0.005900909,0.0,1.030860016,5.05,1.703520103
3083,0.107577074,0.0,1.904309429,5.05,1.571798004
3084,0.005124137,0.0,1.044574869,5.05,1.451688743
3085,0.002347457,0.0,1.716653184,5.05,1.816578537
3086,0.050849882,0.0,1.517548406,5.05,1.510462674
3087,0.190412848,0.0,1.159172853,5.05,1.446511352
3088,0.644895539,0.0,1.355723914,5.05,1.651383572
3089,1.249240772,0.0,2.224122908,5.05,1.844344126
3090,0.767221704,0.0,1.946328112,5.05,2.101214981
3091,0.051587841,0.0,2.551788783,5.05,1.589005124
3092,0.069841826,0.0,2.337039419,5.05,1.839968737
3093,0.01691312,0.0,0.987621886,5.05,1.451808388
3094,0.236244802,0.0,2.1405706,5.05,2.388639112
3095,0.139988871,0.0,1.921162816,5.05,2.120878994
3096,0.811721325,0.0,3.215906709,5.05,2.271368555
3097,3.952828278,0.0,4.567844866,5.05,2.571743124
3098,1.692418966,0.0,4.567844866,4.85,0.679705778
3099,0.048622964,0.0,2.10206154,5.05,1.757773678
3100,4.89213682,0.0,3.822241759,5.05,1.739348332
3101,0.013712512,0.0,1.878238518,5.05,2.23602596
3102,0.014199589,0.0,0.941534355,5.05,1.283230462
3103,0.227982729,0.0,1.781703216,5.05,1.507386065
3104,0.693013911,0.0,1.595697476,5.05,1.74563468
3105,0.166861327,0.0,1.124820389,5.05,1.237333931
3106,2.51513637,0.0,4.829049572,5.0,0.836653864
3107,0.367226394,0.0,2.949245517,5.05,1.888061038
3108,0.581405749,0.0,0.918837054,5.05,1.462064499
3109,0.08523458,0.0,1.448467966,5.05,1.493092734
3110,0.080137367,0.0,1.847317673,5.05,1.822206292
3111,0.656609469,0.0,1.936749164,5.05,2.047429233
3112,0.758362921,0.0,3.364648623,5.05,2.066056932
3113,0.719077417,0.0,3.364648623,5.05,0.584258282
3114,0.434126302,0.0,2.858236857,5.05,1.526022589
3115,1.80028267,0.0,2.858236857,5.0,0.557532878
3116,0.013727997,0.0,1.536185508,5.05,1.901267483
3117,0.054165013,0.0,2.59541162,5.05,1.977083968
3118,0.9580092,0.0,2.59541162,5.15,0.479927594
3119,0.020151449,0.0,0.993568791,5.05,1.592730349
3120,0.182484916,0.0,1.097034243,5.05,1.407786398
3121,1.57458885,0.0,2.513895769,5.05,2.003821524
3122,0.012798149,0.0,1.019979321,5.05,1.146442141
3123,0.047901311,0.0,2.09548842,5.05,1.863657755
3124,0.120740492,0.0,1.09501336,5.05,1.06961337
3125,8.034099826,0.0,3.957650585,5.05,2.732215771
3126,2.981746817,0.0,3.957650585,5.1,0.67192655
3127,2.5550706,0.0,3.066454918,5.05,1.567712518
3128,0.020151449,0.0,0.99496776,5.05,1.661399359
3129,0.030298095,0.0,0.95840159,5.05,1.160518405
3130,0.076021552,0.0,2.112276725,5.05,2.642206201
3131,0.316203573,0.0,2.097763344,5.05,1.919016242
3132,0.075632396,0.0,1.691007156,5.05,2.073078426
3133,0.08523458,0.0,1.438355947,5.05,1.327847933
3134,0.392063736,0.0,1.509364936,5.05,1.492525133
3135,0.031599325,0.0,1.906947535,5.05,1.630265572
3136,0.02118944,0.0,1.154867279,5.05,1.066377526
3137,0.060003548,0.0,1.413908068,5.05,1.246952004
3138,0.056519207,0.0,1.427183113,5.05,1.540338337
3139,0.02364485,0.0,1.825720705,5.05,1.852185403
3140,1.888079076,0.0,2.220021037,5.05,1.572845015
3141,0.202513887,0.0,1.611493279,5.05,1.528154818
3142,0.065086881,0.0,4.704076208,5.05,2.308389546
3143,2.609358639,0.0,2.829545633,5.05,2.090887314
3144,0.249700608,0.0,1.466895453,5.05,1.75241607
3145,0.372341353,0.0,2.122135846,5.05,1.88008782
3146,0.037519497,0.0,0.932872034,5.05,1.168840479
3147,0.043550641,0.0,1.436964334,5.05,1.845997788
3148,1.57458885,0.0,2.47596096,5.05,2.127117944
3149,0.102920268,0.0,2.275476583,5.05,1.944278837
3150,0.056718606,0.0,1.199823082,5.05,1.213793445
3151,1.388147685,0.0,2.677708059,5.05,2.37670767
3152,6.799219561,0.0,6.171795243,5.05,3.205169542
3153,4.949789697,0.0,6.171795243,4.9,1.017576538
3154,0.02118944,0.0,1.148754657,5.05,1.354234968
3155,0.249625626,0.0,1.888180172,5.05,1.620315146
3156,0.039125931,0.0,1.272416138,5.05,1.883541696
3157,0.011977674,0.0,1.002019586,5.05,1.256294889
3158,0.020025068,0.0,1.929416304,5.05,1.435124134
3159,0.073011251,0.0,0.943783439,5.05,1.33595812
3160,0.040426973,0.0,0.966441553,5.05,1.293427412
3161,0.540916075,0.0,3.79389986,5.05,2.862610054
3162,0.305588015,0.0,2.06689335,5.05,1.799768348
3163,0.032727609,0.0,1.039542186,5.05,1.496843635
3164,1.82206599,0.0,3.327863282,5.05,2.81751925
3165,0.719077417,0.0,3.327863282,5.1,0.540351039
3166,0.339152061,0.0,1.778639107,5.05,1.454443375
3167,0.255859561,0.0,1.459416117,5.05,1.686675363
3168,0.054348657,0.0,1.394791525,5.05,1.428957602
3169,0.073011251,0.0,0.928824145,5.05,1.35087944
3170,0.013346145,0.0,1.653943667,5.05,1.683975995
3171,0.727309123,0.0,4.198831554,5.15,0.495894193
3172,0.947590766,0.0,0.917122596,5.05,1.260956428
3173,0.010492497,0.0,1.724306698,5.05,1.395059543
3174,0.578627013,0.0,0.906590042,5.05,1.187948047
3175,0.005294842,0.0,1.112329008,5.05,1.623015312
3176,0.018713205,0.0,1.184881808,5.05,1.425924637
3177,0.011977674,0.0,1.012704585,5.05,1.48253051
3178,1.80028267,0.0,2.880719226,4.95,0.468447651
3179,0.012721306,0.0,1.207327825,5.05,1.393328514
3180,0.026735057,0.0,0.996026126,5.05,1.41035589
3181,0.187844233,0.0,1.395291574,5.05,1.122250005
3182,0.384251126,0.0,2.271566847,5.05,2.142487796
3183,0.030396903,0.0,0.939639474,5.05,1.117402007
3184,0.031728936,0.0,0.943251068,5.05,1.406465027
3185,0.352909844,0.0,1.577724248,5.05,1.540651607
3186,0.712860302,0.0,3.227856834,5.05,1.769203565
3187,0.064437609,0.0,3.50073694,5.05,2.063230406
3188,0.006411289,0.0,1.336618116,5.05,1.650951876
3189,0.026386068,0.0,1.725072182,5.05,2.255749758
3190,0.177406671,0.0,1.847514657,5.05,1.719700752
3191,0.012467933,0.0,1.412428148,5.05,2.07516556
3192,0.02590244,0.0,1.103708071,5.05,1.039531424
3193,0.809758827,0.0,1.592881747,5.05,1.560917662
3194,0.113452752,0.0,2.195966597,5.05,1.880166074
3195,0.133519664,0.0,1.195136396,5.05,1.603699597
3196,0.0893827,0.0,1.660611125,5.05,1.50662783
3197,0.804814568,0.0,2.878124024,5.05,2.23793324
3198,0.332952419,0.0,1.556972546,5.05,1.574206166
3199,0.044733983,0.0,0.991730382,5.05,1.560583443
3200,0.036624311,0.0,1.192705557,5.05,1.509820582
3201,0.225328114,0.0,1.625203113,5.05,2.307712204
3202,1.869557964,0.0,3.829526657,5.05,2.346154295
3203,2.046429323,0.0,3.829526657,5.2,0.673547553
3204,0.437446555,0.0,0.918322641,5.05,1.613364391
3205,0.009475502,0.0,1.113573697,5.05,0.905051924
3206,0.009224167,0.0,1.362980437,5.05,1.709019087
3207,0.077497895,0.0,1.693339761,5.05,1.619145861
3208,0.09646628,0.0,1.228071721,5.05,1.194994672
3209,0.094136179,0.0,0.997727397,5.05,1.632714935
3210,0.038846684,0.0,1.111607868,5.05,1.272066776
3211,0.238699915,0.0,1.672487558,5.05,1.23207841
3212,0.021670675,0.0,1.104108158,5.05,1.458052118
3213,0.004259757,0.0,1.646268664,5.05,2.077452682
3214,0.04576507,0.0,1.732159518,5.05,1.378303368
3215,0.062500616,0.0,2.123707712,5.05,2.119461703
3216,0.0747272,0.0,1.831818045,5.05,1.21863559
3217,2.579730971,0.0,2.927563641,5.05,2.698530793
3218,8.847652151,0.0,2.927563641,4.95,0.49350805
3219,0.997359561,0.0,3.322049625,5.05,1.823739334
3220,0.030882673,0.0,1.114407233,5.05,1.592335278
3221,2.64248272,0.0,4.803395377,5.05,2.444829234
3222,1.275654467,0.0,4.803395377,5.0,0.61726173
3223,1.371522335,0.0,3.137337918,5.05,2.016400553
3224,1.546921746,0.0,2.633862143,5.05,2.293225858
3225,1.66523669,0.0,0.908560401,5.05,1.086488576
3226,1.489869613,0.0,4.996287233,4.95,0.504904181
3227,0.102666317,0.0,2.122300021,5.05,1.694128573
3228,2.145690095,0.0,3.499566786,4.85,0.674924183
3229,0.011381903,0.0,3.252682313,5.05,2.753324339
3230,0.395575932,0.0,1.875039302,5.05,1.58018962
3231,0.4563059,0.0,2.642416213,5.05,1.860810583
3232,0.141056896,0.0,1.973707208,5.05,1.601504922
3233,0.587990003,0.0,1.497408536,5.05,1.395351053
3234,0.440219115,0.0,2.676382733,5.05,1.848113207
3235,0.025280788,0.0,1.363621593,5.05,1.585987196
3236,0.062194329,0.0,0.977221798,5.05,1.579536285
3237,0.027613242,0.0,1.878943916,5.05,1.458048044
3238,0.051594229,0.0,0.989374188,5.05,1.121496651
3239,0.221978971,0.0,1.930718175,5.05,1.906776871
3240,0.34752001,0.0,5.019119413,5.05,3.064958267
3241,0.685315719,0.0,2.544640518,5.05,1.525179503
3242,2.184378528,0.0,3.445513691,5.05,2.971601468
3243,1.97951094,0.0,2.394404814,5.05,1.849458021
3244,3.747147167,0.0,2.937188848,5.05,1.67145731
3245,0.022737699,0.0,1.190185629,5.05,1.060928766
3246,5.427215325,0.0,6.167625565,5.05,2.221482128
3247,0.753180681,0.0,2.675900903,5.05,2.45141572
3248,0.032727609,0.0,1.031589933,5.05,1.370999274
3249,0.545716039,0.0,1.516426914,5.05,1.875744829
3250,0.036624311,0.0,1.218293387,5.05,1.43607115
3251,0.568697064,0.0,1.789541024,5.05,2.062694804
3252,0.32951768,0.0,1.001626538,5.05,1.320512991
3253,0.065134914,0.0,1.605906371,5.05,1.784224322
3254,0.088007672,0.0,1.601532867,5.05,1.617420007
3255,3.724811877,0.0,2.821328551,5.05,2.042819646
3256,0.134802826,0.0,1.270533346,5.05,1.248476997
3257,3.609942193,0.0,4.016051872,5.0,0.684541959
3258,0.003514316,0.0,1.426239676,5.05,1.289527113
3259,0.16538796,0.0,2.029749961,5.05,2.065425819
3260,0.369725621,0.0,1.585814795,5.05,1.665401382
3261,1.489869613,0.0,5.025243576,4.9,0.86417575
3262,0.008918661,0.0,0.960058387,5.05,1.342882485
3263,0.187728294,0.0,0.980483856,5.05,1.561356542
3264,0.008790608,0.0,1.958051596,5.05,1.931975851
3265,0.0428094,0.0,1.731720069,5.05,1.727499375
3266,1.364531235,0.0,3.807644949,5.0,0.706194921
3267,0.493198404,0.0,4.844576719,5.05,1.995532967
3268,1.404660821,0.0,4.844576719,4.85,0.589887363
3269,0.051350306,0.0,1.283181955,5.05,1.667704241
3270,0.124660557,0.0,2.028417818,5.05,1.861641927
3271,0.009475502,0.0,1.099085318,5.05,1.055955174
3272,0.671231867,0.0,2.661461248,5.05,1.860346069
3273,0.183389396,0.0,4.307452343,5.05,3.040642245
3274,2.981746817,0.0,4.307452343,4.85,0.693639247
3275,3.728932775,0.0,2.776206633,5.05,2.139020086
3276,0.324585115,0.0,1.988753031,5.05,1.583219466
3277,0.104069155,0.0,1.635983859,5.05,1.866949781
3278,0.100366857,0.0,1.444533376,5.05,1.552772214
3279,0.011891337,0.0,1.218534507,5.05,1.626534915
3280,0.145787369,0.0,1.171555018,5.05,1.220076666
3281,3.538290987,0.0,3.626264357,5.0,0.743158672
3282,0.034931264,0.0,2.706069116,5.05,2.543425754
3283,0.004889543,0.0,1.279375086,5.05,1.507062644
3284,0.043550641,0.0,1.421858725,5.05,1.678898843
3285,0.00558601,0.0,1.311031012,5.05,1.373940295
3286,0.007142124,0.0,1.112532372,5.05,1.584106327
3287,0.319178641,0.0,1.606322232,5.05,1.093824744
3288,0.01891995,0.0,1.670310433,5.05,2.150654567
3289,0.046764047,0.0,0.981970494,5.05,1.443906244
3290,0.141056896,0.0,1.971254894,5.05,1.498078828
3291,0.478681992,0.0,1.601158333,5.05,2.073578312
3292,0.112617183,0.0,1.833635172,5.05,2.303467346
3293,1.007297543,0.0,2.267824843,5.05,2.044697402
3294,1.80028267,0.0,2.90567897,4.9,0.405413456
3295,0.729466856,0.0,1.900513996,5.05,1.819675348
3296,2.485714143,0.0,5.262318499,5.05,3.058248785
3297,1.828693166,0.0,0.911790006,5.05,1.374159061
3298,0.077140015,0.0,0.96389676,5.05,1.082259292
3299,0.17428567,0.0,1.789767327,5.05,1.9077007
3300,0.027128281,0.0,1.038267975,5.05,1.623324223
3301,0.261065399,0.0,2.155233214,5.05,1.477577906
3302,1.404274959,0.0,2.396745507,5.05,1.595785352
3303,0.605158284,0.0,1.128284106,5.05,1.263798262
3304,0.03281375,0.0,1.633941454,5.05,1.581075197
3305,0.580285718,0.0,2.054176164,5.05,2.124492481
3306,0.450732014,0.0,2.756297019,5.05,2.533810868
3307,0.160432742,0.0,1.372866792,5.05,1.310304453
3308,0.150048693,0.0,2.23891209,5.05,1.981439746
3309,0.060764363,0.0,0.972541183,5.05,1.543616145
3310,0.011466774,0.0,0.996190201,5.05,1.824850958
3311,0.262320225,0.0,1.253604556,5.05,1.524441335
3312,0.023845312,0.0,2.265526909,5.05,1.99782245
3313,0.00728299,0.0,1.18124736,5.05,1.515947183
3314,0.008188172,0.0,1.018024744,5.05,1.287013666
3315,0.55158846,0.0,4.520821637,5.05,2.650551201
3316,0.018566396,0.0,1.088881707,5.05,0.937081641
3317,0.014820597,0.0,0.969323175,5.05,1.172587802
3318,0.434812788,0.0,0.911472655,5.05,1.417564573
3319,0.032537103,0.0,1.528293674,5.05,1.390715332
3320,0.054790071,0.0,1.356190247,5.05,1.753756518
3321,0.065223749,0.0,1.390558473,5.05,1.107003941
3322,1.282275196,0.0,4.226731723,5.05,2.90016334
3323,3.748330272,0.0,4.226731723,4.85,0.760732253
3324,0.097356413,0.0,1.088610566,5.05,1.829047416
3325,0.716670216,0.0,1.38406648,5.05,1.436328356
3326,0.033992934,0.0,0.956174623,5.05,1.305754588
3327,0.117079471,0.0,2.284938996,5.05,2.393380672
3328,0.075409644,0.0,1.152894554,5.05,1.739689391
3329,0.203412238,0.0,1.226760897,5.05,1.72693439
3330,0.061781558,0.0,1.258689939,5.05,1.561522577
3331,0.016434696,0.0,1.101114435,5.05,1.765841848
3332,0.740447143,0.0,2.03267435,5.05,2.602158375
3333,0.004177273,0.0,1.079167202,5.05,1.501108318
3334,0.063282518,0.0,1.82766475,5.05,1.767171593
3335,0.359107546,0.0,3.568796817,5.05,2.627099508
3336,0.06872701,0.0,1.437067177,5.05,1.635999571
3337,0.01690941,0.0,1.358957362,5.05,1.458417694
3338,0.142176376,0.0,1.090169937,5.05,1.626234045
3339,0.535381761,0.0,2.242014187,5.05,1.750264287
3340,0.051519151,0.0,1.233814261,5.05,1.620100996
3341,0.138484455,0.0,4.596675511,5.05,1.985622177
3342,1.030301189,0.0,4.596675511,4.85,0.924333377
3343,0.034585209,0.0,3.064585151,5.05,1.892401544
3344,0.361671187,0.0,1.927841027,5.05,1.400894699
3345,0.689280442,0.0,2.064707853,5.05,2.27097993
3346,10.03195587,0.0,7.491099677,4.9,1.430254293
3347,0.587990003,0.0,1.541775737,5.05,1.73260078
3348,0.734009322,0.0,1.160050122,5.05,1.39529435
3349,0.0844124,0.0,1.25140193,5.05,1.38969741
3350,0.098863193,0.0,0.953224062,5.05,1.364754743
3351,0.574446961,0.0,1.591784161,5.05,1.630629042
3352,0.761784053,0.0,4.936957866,5.05,2.623678844
3353,1.489869613,0.0,4.936957866,5.0,0.639014134
3354,1.326273769,0.0,3.710057642,5.05,1.927163699
3355,0.122307029,0.0,1.31200208,5.05,1.554115264
3356,0.231026933,0.0,2.06993066,5.05,1.936096146
3357,0.101809862,0.0,2.457548721,5.05,1.772109505
3358,4.949789697,0.0,6.176000599,4.85,0.854653266
3359,0.191003324,0.0,1.229156617,5.05,1.533629728
3360,0.119402356,0.0,1.765520864,5.05,1.482617084
3361,0.119584944,0.0,3.060050564,5.05,2.570306499
3362,0.009688603,0.0,1.304247734,5.05,1.670767239
3363,0.702999561,0.0,1.776259316,5.05,1.532297806
3364,1.471027017,0.0,2.257407478,5.05,2.073105404
3365,1.007297543,0.0,2.250032901,5.05,1.627879997
3366,0.669797089,0.0,3.339630644,5.05,2.605864456
3367,70.2971636,0.0,2.877707809,5.15,0.376205577
3368,0.92261941,0.0,1.131660341,5.05,1.390526084
3369,3.81246855,0.0,3.242792298,5.05,2.292420029
3370,0.366024872,0.0,1.743641019,5.05,2.120155577
3371,0.063680573,0.0,1.333679146,5.05,1.325501171
3372,0.048420838,0.0,1.323293391,5.05,1.315685748
3373,1.206524132,0.0,4.620123711,5.05,2.00651798
3374,0.776585669,0.0,4.620123711,5.15,0.884221325
3375,0.191735036,0.0,1.168533521,5.05,1.427244816
3376,0.100366857,0.0,1.438084927,5.05,1.875269737
3377,0.086697991,0.0,1.66549556,5.05,1.529355282
3378,0.544270913,0.0,1.999316701,5.05,1.655137291
3379,0.065870255,0.0,1.868993424,5.05,1.738260613
3380,0.050812031,0.0,2.721445989,5.05,2.070502502
3381,1.694119992,0.0,2.398513784,5.05,2.198150598
3382,0.061966431,0.0,3.054074688,5.05,2.206661073
3383,2.319965963,0.0,2.561449281,5.05,1.892498004
3384,2.64127503,0.0,4.994427444,5.05,3.578234964
3385,0.057010282,0.0,1.15220348,5.05,1.203166662
3386,2.702966226,0.0,2.096635945,5.05,1.613098677
3387,0.129992381,0.0,2.852681886,5.05,1.810737649
3388,0.093803512,0.0,0.989003844,5.05,1.465843044
3389,0.166799913,0.0,1.987516639,5.05,1.945806878
3390,0.429637687,0.0,3.33119902,5.05,2.224914908
3391,0.781289638,0.0,4.587129334,5.0,0.589994307
3392,2.33132817,0.0,4.714703594,4.95,0.742813496
3393,0.022230126,0.0,4.714703594,5.05,3.038548372
3394,29.9348413,0.0,7.92649219,4.85,1.518298908
3395,0.009371345,0.0,1.075517697,5.05,1.21789254
3396,0.35617277,0.0,1.336943587,5.05,1.487927015
3397,0.323643704,0.0,1.121205451,5.05,1.525364458
3398,0.045696106,0.0,3.149311275,5.05,2.0873541
3399,0.218560133,0.0,1.599734463,5.05,1.277206346
3400,2.981746817,0.0,4.185049307,4.9,0.63540284
3401,1.199174908,0.0,1.75094119,5.05,1.349330126
3402,1.136504754,0.0,1.579304863,5.05,1.907989844
3403,0.008382768,0.0,0.935932448,5.05,1.236100302
3404,0.392063736,0.0,1.519632206,5.05,1.56985713
3405,1.73590606,0.0,2.445318689,5.05,1.714832309
3406,0.013450258,0.0,1.048984766,5.05,1.356704848
3407,0.82949045,0.0,1.861489231,5.05,2.122347247
3408,0.009396301,0.0,1.362507671,5.05,1.807754546
3409,0.092307675,0.0,2.038842416,5.05,1.519538723
3410,0.392169249,0.0,1.767789056,5.05,1.706774383
3411,0.338266848,0.0,0.914585782,5.05,1.23760103
3412,0.01151802,0.0,2.350107013,5.05,1.846908967
3413,0.003547467,0.0,1.055054573,5.05,1.231800529
3414,0.033315465,0.0,1.846878718,5.05,1.424609325
3415,0.352909844,0.0,1.581114027,5.05,2.224157267
3416,0.013897719,0.0,2.335214018,5.05,2.555295126
3417,0.293451141,0.0,0.931885384,5.05,1.214824357
3418,0.046026895,0.0,1.430425696,5.05,1.622095019
3419,0.812965382,0.0,2.167826418,5.05,2.231619524
3420,0.261076969,0.0,1.293617604,5.05,1.507058865
3421,0.149587026,0.0,1.141375852,5.05,1.301443871
3422,0.781566896,0.0,0.91824717,5.05,1.018450332
3423,0.351104414,0.0,1.271707351,5.05,1.478083453
3424,0.050380037,0.0,1.018826429,5.05,1.085799838
3425,0.060764363,0.0,0.973442115,5.05,1.565070953
3426,0.422280014,0.0,2.285971655,5.05,1.904730747
3427,0.089665404,0.0,1.330977403,5.05,1.667309712
3428,1.320505859,0.0,1.843827262,5.05,1.652509332
3429,0.097526832,0.0,2.468036441,5.05,2.30653533
3430,0.031712012,0.0,0.993202088,5.05,1.213255318
3431,0.010780074,0.0,1.298120552,5.05,1.607729761
3432,0.005695793,0.0,1.049080555,5.05,1.276191848
3433,0.244028817,0.0,0.967564457,5.05,1.255062245
3434,0.543585227,0.0,2.668849775,5.05,2.414406894
3435,0.25047426,0.0,2.457588645,5.05,1.75911907
3436,0.135178744,0.0,1.126415263,5.05,1.50659826
3437,0.13241301,0.0,1.233675354,5.05,1.798699696
3438,0.00407998,0.0,1.075463171,5.05,1.574994413
3439,0.085030052,0.0,1.206738539,5.05,1.32049196
3440,1.059267066,0.0,2.640674174,5.05,2.25339388
3441,2.145690095,0.0,3.311294431,5.05,0.369546906
3442,0.543585227,0.0,2.674131382,5.05,2.426755238
3443,0.25673152,0.0,1.001384482,5.05,1.903663875
3444,0.024972687,0.0,0.972966517,5.05,1.373152281
3445,0.034104479,0.0,1.124059109,5.05,1.742385846
3446,0.055786933,0.0,1.244519465,5.05,1.141605562
3447,0.004403259,0.0,1.059897754,5.05,1.128238436
3448,3.365980818,0.0,2.404096571,5.05,1.856092413
3449,0.347235237,0.0,1.951048293,5.05,1.757390213
3450,0.097667332,0.0,1.378451456,5.05,1.612199325
3451,1.436442357,0.0,2.669741246,5.05,1.86060974
3452,1.318007691,0.0,2.984757252,5.05,2.235297424
3453,0.734042131,0.0,2.984757252,5.0,0.547179756
3454,0.647118035,0.0,2.503338636,5.05,2.194111344
3455,0.338266848,0.0,0.900322286,5.05,1.223217731
3456,2.981746817,0.0,4.021037145,5.05,0.688653783
3457,0.245968986,0.0,3.364896803,5.05,2.127741951
3458,7.118690824,0.0,2.996740531,5.05,2.214535941
3459,1.447269702,0.0,2.996740531,4.95,0.548038874
3460,0.041281942,0.0,1.694250057,5.05,1.643233325
3461,0.006507269,0.0,1.456772142,5.05,1.261624115
3462,1.80028267,0.0,2.853913002,5.05,0.453394913
3463,0.090882802,0.0,1.547946445,5.05,1.896309195
3464,0.530212703,0.0,1.379665825,5.05,1.792215683
3465,0.032083633,0.0,0.916829823,5.05,1.07331735
3466,0.025280788,0.0,1.377381619,5.05,1.712726537
3467,0.097657506,0.0,1.015057316,5.05,1.305063671
3468,0.002860421,0.0,1.06052682,5.05,1.688671206
3469,0.436673516,0.0,3.28121601,5.05,1.825783823
3470,0.064678097,0.0,1.184908946,5.05,1.582433009
3471,0.439863882,0.0,1.263394249,5.05,1.386184371
3472,0.298238316,0.0,1.090010887,5.05,1.274768071
3473,0.091121688,0.0,1.009027124,5.05,1.581531469
3474,0.073432245,0.0,1.180447036,5.05,1.68517388
3475,0.150518495,0.0,2.154739214,5.05,1.284616237
3476,0.19553973,0.0,1.751462902,5.05,1.975990242
3477,0.067192433,0.0,3.811340583,5.05,2.414998504
3478,0.309584691,0.0,2.022838796,5.05,1.815876563
3479,0.036973358,0.0,1.175875066,5.05,1.121280043
3480,0.364623233,0.0,2.719300351,5.05,2.29167176
3481,0.051594229,0.0,0.994809446,5.05,1.850696976
3482,2.694117105,0.0,3.240685318,5.05,2.030411792
3483,0.714242997,0.0,0.91395291,5.05,1.571964246
3484,0.109971467,0.0,0.932127796,5.05,1.303568799
3485,0.884522094,0.0,2.962607467,5.05,1.996578553
3486,2.965081895,0.0,2.962607467,4.95,0.358901239
3487,0.359107546,0.0,3.567624065,5.05,2.874850404
3488,2.264461002,0.0,2.253637086,5.05,1.95225283
3489,0.018716471,0.0,1.771880534,5.05,1.617470442
3490,0.568697064,0.0,1.775483669,5.05,1.664438185
3491,0.043630216,0.0,0.963228257,5.05,1.458589274
3492,0.039217147,0.0,1.941587041,5.05,1.667448605
3493,0.045720619,3.19,3.72,4.85,1.543373463
3494,1.062517274,5.91,2.53,5.15,3.001917577
3495,1.068164252,3.28,5.31,5.1,1.843383364
3496,1.809546741,3.9,4.04,5.1,0.570150361
3497,0.01177462,3.66,2.42,5.05,2.196732792
3498,0.046092551,0.7,1.24,5.05,0.717796481
3499,5.89408179,0.7,1.24,5.2,1.620422212
3500,0.431822526,2.26,9.64,4.9,1.625540501
3501,0.143491875,2.26,9.64,5.05,0.718748602
3502,1.149726073,2.23,6.28,5.0,2.044358908
3503,0.749708255,2.23,6.28,5.0,1.069451101
3504,0.431702636,4.6,6.55,5.15,2.18242269
3505,1.135685186,4.6,6.55,4.85,2.648117755
3506,0.160427352,6.19,8.8,4.85,4.081283036
3507,0.107714863,6.61,5.33,4.9,3.780760044
3508,4.890128532,2.81,4.52,5.1,1.218845734
3509,0.426486195,2.81,4.52,4.9,1.147021492
3510,0.504149839,7.03,3.39,5.1,3.914716239
3511,0.448725655,13.21,4.0,5.2,4.537063016
3512,0.052771871,4.98,2.18,5.05,3.576492227
3513,1.827346204,3.19,1.28,4.9,2.163479271
3514,0.027057252,5.01,3.27,5.0,2.913550945
3515,0.014707564,12.98,12.97,5.1,6.686149031
3516,0.211968879,4.02,3.08,5.05,0.957416146
3517,0.060627993,4.02,3.08,5.15,2.502245286
3518,0.416378876,4.02,3.08,4.9,2.570232636
3519,0.072564648,9.54,10.14,4.85,3.920961351
3520,0.01151264,3.04,6.6,5.15,2.469564701
3521,0.389110722,3.04,6.6,4.9,0.936128995
3522,0.985823212,3.04,6.6,5.2,1.753572243
3523,0.059651714,1.74,10.19,5.15,1.058785264
3524,0.082020011,3.9,3.96,5.0,1.881861318
3525,0.018613846,4.02,11.76,5.15,3.582254075
3526,0.558662809,7.05,17.52,5.2,3.68573493
3527,0.013585524,7.05,17.52,5.15,4.141019091
3528,1.732912658,2.0,1.4,5.1,1.493374405
3529,0.107376098,0.81,5.74,5.0,0.408149252
3530,2.918163076,2.21,6.2,4.95,1.709126872
3531,1.05468162,9.05,5.22,5.05,4.663670834
3532,0.177882077,3.39,2.87,5.0,1.941656876
3533,0.052886049,1.91,12.58,5.2,1.296150516
3534,0.333521581,2.32,2.17,5.05,1.389185633
3535,0.758773159,2.32,2.17,4.85,0.761763173
3536,0.984599008,2.94,5.22,5.0,1.873825257
3537,0.067594166,2.65,3.23,4.95,2.14690231
3538,0.013706084,4.8,5.34,5.2,2.966466621
3539,0.031101549,8.63,14.62,4.95,4.483110228
3540,0.366584261,3.86,4.03,5.05,1.350106141
3541,2.056601205,8.59,4.92,4.85,3.981167609
3542,1.278963595,9.43,2.46,4.85,4.096687925
3543,0.016682543,5.08,3.37,5.15,2.562034485
3544,0.451400824,8.43,11.57,5.15,2.8174566
3545,1.743474796,2.25,3.57,4.85,1.566720875
3546,0.070974487,2.25,3.57,5.2,1.540438971
3547,0.578565919,20.79,17.47,5.2,7.230236875
3548,0.736778026,1.05,1.74,5.2,1.255774301
3549,0.221251035,6.45,8.28,4.9,2.578272984
3550,0.034219927,0.63,2.36,4.85,1.03069208
3551,0.026315888,0.63,2.36,5.1,1.287980348
3552,0.049934747,6.51,1.66,4.85,3.60693593
3553,0.012814518,6.26,11.88,4.85,3.890992725
3554,0.875569529,8.79,12.88,4.95,3.582192393
3555,3.429060262,2.33,8.11,4.85,1.049975586
3556,1.161731777,2.33,8.11,5.1,1.767310318
3557,2.716096866,2.44,11.22,5.1,1.122951922
3558,0.039142026,3.26,15.54,5.2,3.459760671
3559,3.866486258,1.68,9.18,4.85,1.310279071
3560,0.867043639,1.68,9.18,5.05,0.783700153
3561,0.209278194,4.89,3.69,5.15,3.233147947
3562,3.011794701,4.89,3.69,4.85,2.614698875
3563,1.997875643,1.58,1.09,5.2,1.181868151
3564,0.018400197,1.28,7.07,5.0,1.604047566
3565,0.204877995,1.28,7.07,5.05,0.799435905
3566,1.770105325,5.11,5.15,5.2,2.21310756
3567,1.225171932,1.94,1.6,4.85,0.79681648
3568,0.484708155,2.05,1.34,4.95,1.346592499
3569,4.032329263,1.69,3.86,4.95,1.237721306
3570,0.047005644,1.69,3.86,5.05,1.793569785
3571,0.144850064,3.64,7.37,5.15,1.608181449
3572,6.811901704,0.51,5.13,5.05,0.427914864
3573,0.03466228,5.7,10.28,4.95,4.832726393
3574,5.339682977,2.67,1.93,5.1,1.912217949
3575,4.499692675,1.44,2.46,4.85,1.237896836
3576,1.697104078,7.46,23.55,5.2,5.455247677
3577,4.106374616,3.52,1.59,4.95,2.537074686
3578,0.021873031,4.04,3.32,4.85,2.89719017
3579,0.622986455,4.09,6.29,5.0,2.854850307
3580,0.269535728,4.09,6.29,5.05,3.059842607
3581,0.015300301,9.4,5.72,4.85,3.42949263
3582,0.692287688,1.48,9.79,5.1,1.030803112
3583,0.042491816,1.48,7.93,5.15,0.612592562
3584,0.050024246,7.74,6.93,5.05,5.112449499
3585,1.027723069,1.93,3.54,5.2,1.44255418
3586,0.323752197,3.8,16.42,4.85,2.345018954
3587,0.638311431,0.65,5.62,4.85,0.26752552
3588,1.412393488,0.84,4.64,5.1,0.343157284
3589,0.06092944,2.4,2.16,5.2,2.131119159
3590,0.805836308,3.23,7.09,5.05,2.702991539
3591,0.014248775,6.26,14.63,5.2,4.142943574
3592,0.480992382,1.24,3.42,4.85,0.851344513
3593,0.336952409,1.24,3.42,5.05,0.858067321
3594,0.305570996,13.08,15.59,5.1,5.776428536
3595,2.127541249,2.31,1.03,5.15,1.78218037
3596,1.627950848,7.27,17.86,5.1,3.657763707
3597,0.797002844,8.31,17.98,5.0,4.770814131
3598,1.947469727,3.1,1.23,5.15,2.236337548
3599,0.85777664,3.63,1.28,5.1,2.510863705
3600,0.02336429,6.96,14.55,5.0,3.638156438
3601,0.360909149,8.16,5.61,5.15,5.390396374
3602,0.046775393,2.53,6.05,4.95,1.266372194
3603,0.012203551,4.07,2.81,4.85,1.897639588
3604,0.223719156,4.07,2.81,4.85,1.867055682
3605,0.029207451,3.36,10.79,5.2,2.855797669
3606,0.38867682,0.67,1.68,5.1,0.908901526
3607,0.155506464,9.1,7.82,5.15,3.690350403
3608,0.070872323,1.35,7.57,4.9,1.954526692
3609,7.896197665,1.35,7.57,4.85,0.883774827
3610,4.802626682,1.35,7.57,5.2,1.383043761
3611,0.319516072,1.88,1.41,5.2,1.113262827
3612,0.182265925,11.35,13.76,5.05,5.471232197
3613,1.78103854,11.51,8.19,5.0,6.807628519
3614,0.273269793,1.39,3.34,4.85,0.295583491
3615,2.05904161,3.65,11.43,5.2,3.471185874
3616,0.182258322,16.61,5.07,5.2,4.363005219
3617,0.085015333,0.67,1.4,4.95,0.777740718
3618,1.56590877,5.41,11.7,5.1,3.16425479
3619,0.0300292,5.41,11.7,5.2,4.696321854
3620,1.656740641,1.53,2.8,4.85,1.43503941
3621,0.192323998,1.53,2.8,4.95,0.987518978
3622,3.625918592,1.53,2.8,5.0,1.266409362
3623,0.118895334,2.18,1.92,4.9,1.773406716
3624,1.84715272,0.68,5.76,4.85,0.247231515
3625,1.200683895,1.92,1.2,5.0,0.940070127
3626,2.06411847,4.57,12.82,5.0,2.760177743
3627,0.05093154,0.85,4.24,5.05,1.497679372
3628,1.455967491,12.35,11.13,5.1,6.486444521
3629,0.148831657,1.32,6.56,5.05,0.748891404
3630,0.019653462,0.59,4.73,4.95,0.254475952
3631,0.276783573,4.53,8.64,5.0,2.79034702
3632,1.982962418,4.98,9.6,5.05,4.090003912
3633,0.027174286,5.78,6.5,5.2,3.227481322
3634,0.080136706,0.92,3.48,5.15,0.235763206
3635,1.748059992,0.83,1.48,4.85,0.547107858
3636,0.55738187,0.83,1.48,5.05,0.62214951
3637,0.284243709,2.94,12.32,4.95,2.439016479
3638,0.117810665,6.09,10.29,5.1,3.666320372
3639,0.631551637,8.75,16.12,4.85,3.512852803
3640,0.158287455,8.75,16.12,4.95,4.256384604
3641,2.41154016,6.09,21.04,5.1,4.198791224
3642,1.125143415,7.07,4.12,5.2,2.844143033
3643,0.024501015,6.62,8.52,4.9,4.619371503
3644,0.15483904,4.57,3.22,5.0,3.071315354
3645,0.431952057,6.9,15.36,5.0,4.043771001
3646,0.434227213,6.9,15.36,4.85,3.059697442
3647,0.016804497,3.49,3.05,4.85,2.094462039
3648,12.10043154,0.76,4.61,4.85,0.575014575
3649,0.817810155,0.76,4.61,4.95,0.500167251
3650,0.033252584,0.72,1.05,5.0,0.709099647
3651,0.368939025,1.58,1.67,5.05,0.750619246
3652,0.116597359,13.78,3.93,4.85,4.869034402
3653,0.167040314,7.26,2.36,4.9,5.319874348
3654,5.553064111,1.24,3.91,5.05,0.791548697
3655,0.016883852,5.3,10.16,5.15,3.545484691
3656,1.618900381,3.44,9.09,4.85,2.096626627
3657,0.053310394,3.44,9.09,4.95,1.941546809
3658,1.370077784,1.88,1.93,5.0,1.128548192
3659,0.632821679,5.19,9.87,5.05,2.71095624
3660,1.80093896,9.74,2.97,4.85,4.074583107
3661,2.367672417,1.91,8.51,4.85,1.519297057
3662,0.052492675,0.35,1.36,5.2,0.642045274
3663,3.380590104,1.1,1.39,5.15,1.179504344
3664,0.027930296,0.81,3.37,5.0,1.565017442
3665,0.201570312,0.81,3.37,4.95,0.95965925
3666,10.41441103,0.81,3.37,5.05,1.494138173
3667,0.053552973,6.16,3.1,5.05,3.517221324
3668,1.401564177,5.05,2.44,5.0,2.853163409
3669,0.105508308,1.73,2.72,4.95,1.553067264
3670,1.742054725,17.47,15.15,4.9,4.298534006
3671,0.045291816,17.47,15.15,4.9,7.148334654
3672,0.034383046,5.16,10.06,5.15,2.864511823
3673,0.030712571,5.16,10.06,4.9,1.906838772
3674,0.400678942,5.16,10.06,5.1,3.975476257
3675,1.526772497,2.91,3.82,4.9,1.188175068
3676,0.117789694,2.43,9.57,4.95,2.065270852
3677,0.068312028,6.65,8.61,4.9,3.066650298
3678,0.952626441,5.32,8.79,5.0,3.398261287
3679,0.199382904,4.34,3.42,4.95,2.679987619
3680,0.449331546,6.87,9.46,5.15,3.075985591
3681,0.055747064,6.87,9.46,4.9,4.17757318
3682,0.364689917,0.48,3.74,5.0,1.260689147
3683,1.528766031,0.95,7.92,5.05,0.727378844
3684,0.03724255,1.13,6.61,5.1,0.511031299
3685,0.031262641,4.44,11.22,5.15,2.625451744
3686,0.020534302,4.44,11.22,4.95,3.0216519
3687,5.195594252,1.06,7.05,5.2,0.484649529
3688,3.658502693,2.8,1.05,5.2,1.856800351
3689,0.350547995,4.32,5.3,5.2,2.788659357
3690,0.383655143,11.83,12.48,5.05,3.490875237
3691,0.501101945,4.21,16.76,5.0,2.872899836
3692,0.029049821,1.99,11.25,5.15,1.256025124
3693,0.168891935,1.28,6.78,5.0,0.704230992
3694,0.22692775,1.44,1.01,5.15,0.974601404
3695,0.68165632,2.9,5.82,4.95,1.868358059
3696,9.446574551,2.9,5.82,5.05,2.249666967
3697,0.325585744,1.82,3.44,4.95,1.47005408
3698,0.297930725,3.04,1.46,5.0,2.408786543
3699,0.054749375,5.15,7.77,4.95,3.125366039
3700,0.049917464,1.76,2.94,5.0,1.169762822
3701,0.65684193,2.13,1.32,4.95,0.426587701
3702,0.062525898,9.65,17.98,5.1,5.617782228
3703,1.859643271,11.15,4.64,5.1,4.361862677
3704,0.012745544,0.72,2.52,5.1,1.125661358
3705,13.77999671,16.55,28.73,5.15,7.01341084
3706,0.389065359,1.35,9.58,5.15,1.059959749
3707,0.58956143,3.72,5.81,5.15,2.814693336
3708,0.33168155,2.22,4.46,4.85,1.65906466
3709,0.474107645,1.85,3.12,4.95,1.391165264
3710,0.034666391,1.85,3.12,5.05,1.735495627
3711,0.056811733,11.5,18.57,4.95,4.355832732
3712,0.129184787,11.5,18.57,4.95,4.45291966
3713,0.224629458,3.62,3.88,5.15,3.02381502
3714,1.581928236,3.78,7.86,5.0,1.388072152
3715,2.481701869,5.04,2.64,5.2,2.107440282
3716,0.596648277,2.12,11.47,5.15,3.482116776
3717,0.247785954,7.04,11.29,5.15,4.366214638
3718,3.930904264,0.83,1.22,5.2,0.440820561
3719,0.101878413,4.56,5.39,4.9,2.687480083
3720,4.169562396,21.48,28.31,5.15,5.684521589
3721,0.493933605,2.05,5.22,5.05,1.28491673
3722,0.371534895,2.05,5.22,5.0,1.263119096
3723,0.029824692,2.05,5.22,5.05,2.327882883
3724,1.871725175,1.14,3.54,4.95,1.804876516
3725,1.16630324,5.51,2.58,4.9,2.950497912
3726,5.116456622,4.81,5.89,4.9,3.851625163
3727,2.022138768,15.92,25.52,4.85,6.933008774
3728,0.017960217,7.34,13.01,4.95,3.311979013
3729,0.684563804,10.25,6.66,5.05,4.674233227
3730,0.047162234,6.18,8.79,4.95,2.481123187
3731,2.271158943,3.83,8.37,4.95,2.648237717
3732,0.800238677,11.47,6.26,4.9,5.824404211
3733,0.171569629,6.55,11.37,4.9,3.437233629
3734,3.496164351,14.88,13.05,5.0,3.798894095
3735,4.386320422,2.5,10.93,4.9,1.739544442
3736,0.229601083,2.5,10.93,5.05,2.927415492
3737,1.562596901,5.07,7.66,4.85,3.340202364
3738,0.016510109,5.07,7.66,4.85,3.794696703
3739,0.044028855,12.15,4.04,4.9,4.045470751
3740,0.670168368,16.2,20.14,5.0,5.465569334
3741,4.195564313,16.2,20.14,5.0,5.95807778
3742,0.094332621,2.76,7.58,4.85,1.728288334
3743,1.389483142,1.22,4.53,5.05,1.705324288
3744,0.237269517,3.27,3.38,5.2,2.46941866
3745,0.355000552,5.68,9.7,4.95,3.123159303
3746,3.187409431,8.01,12.25,5.2,4.608403222
3747,4.738688395,3.6,3.27,4.9,2.937624277
3748,1.375104408,2.1,2.29,4.85,1.203530831
3749,9.663026566,0.35,3.77,4.85,0.306148129
3750,0.079667222,1.21,1.15,5.05,1.59174679
3751,5.850609369,26.17,16.35,5.0,6.724233406
3752,0.062937195,2.78,11.93,4.85,2.020409595
3753,0.020211927,7.85,5.92,4.85,3.410264042
3754,0.14464497,4.11,10.72,4.85,2.252685474
3755,1.204253802,4.11,10.72,4.85,1.767063524
3756,0.517325115,5.79,5.01,5.15,2.438744018
3757,0.087812101,1.87,3.1,4.85,0.974077624
3758,2.947229129,2.43,2.41,5.15,2.158876511
3759,2.906956964,5.86,2.86,5.2,4.126302305
3760,0.158964962,5.86,2.86,4.85,4.040162344
3761,0.183042226,2.19,3.09,4.9,1.335500209
3762,0.016266208,2.19,3.09,5.2,1.613053804
3763,0.033974243,7.23,5.17,5.1,4.273118264
3764,0.114383121,7.43,12.53,5.05,4.706496312
3765,0.36378014,2.24,3.7,5.15,1.627598673
3766,0.866853525,1.42,2.18,5.15,1.593132723
3767,0.015588513,7.75,8.97,5.15,3.611078499
3768,0.062953562,2.05,11.44,5.2,1.827026883
3769,1.566370286,12.33,7.95,4.95,3.299432382
3770,0.120588121,12.33,7.95,5.0,6.113214886
3771,0.410366075,2.54,13.0,5.1,2.230696235
3772,2.013456101,1.29,5.4,4.85,1.465068889
3773,0.014451627,1.29,5.4,5.1,1.567803202
3774,1.920908662,0.62,4.13,4.85,0.292705075
3775,0.590549479,2.69,5.84,5.0,1.566219438
3776,0.020060547,2.69,5.84,5.0,1.807778846
3777,0.533293099,3.06,2.21,4.95,2.536084135
3778,0.047000191,2.12,6.45,5.0,1.368404562
3779,0.052455736,2.07,7.65,4.95,2.776383842
3780,0.998579179,2.34,6.18,5.2,2.073224888
3781,0.479413588,2.34,6.18,5.15,0.256067206
3782,1.858123625,3.47,23.51,5.2,4.279475742
3783,1.789928946,1.63,5.85,5.15,1.363041866
3784,0.218768754,4.73,6.21,5.0,3.187242109
3785,0.055986159,4.73,6.21,4.9,3.315873513
3786,0.057817512,2.59,5.62,5.0,1.346220505
3787,1.135792727,2.59,5.62,5.15,1.761502546
3788,2.30932647,1.33,1.21,5.1,1.213211976
3789,1.895451415,1.23,6.21,4.85,1.013928028
3790,1.153945469,1.9,4.98,4.85,1.411472142
3791,0.22211093,1.9,4.98,5.05,1.073561951
3792,0.011898062,2.15,2.61,5.1,1.892966295
3793,0.660217788,2.15,2.61,5.15,1.982258278
3794,0.026674383,5.57,9.26,5.1,5.580335732
3795,0.118272981,4.78,5.63,4.85,2.281741862
3796,3.976296372,4.78,5.63,5.1,3.237389178
3797,0.082688038,2.68,1.68,5.0,1.286017658
3798,0.596483751,1.83,9.77,5.1,0.781507597
3799,0.335532775,1.54,2.65,5.15,1.318545576
3800,4.869646472,16.63,26.68,4.95,6.392339725
3801,0.235889364,2.35,5.1,5.05,1.869743123
3802,2.06035866,2.35,5.1,4.85,1.671730975
3803,0.606754533,3.56,1.52,5.0,1.329350718
3804,0.064441538,3.56,1.52,5.2,1.991020153
3805,0.271281786,1.65,5.55,5.05,1.68626129
3806,0.948934014,5.42,10.67,5.05,3.408964248
3807,0.075142351,1.53,4.24,5.15,0.360673109
3808,0.03263444,1.75,2.23,4.9,0.952509427
3809,0.988663796,3.09,3.47,4.95,2.041001428
3810,0.912457752,6.03,11.16,5.05,3.653400297
3811,2.499275223,0.91,10.17,5.05,2.411907859
3812,0.135766683,10.97,9.07,4.85,2.586020388
3813,0.021399256,10.97,9.07,5.05,5.143507903
3814,0.455663473,7.42,2.02,4.95,2.78669638
3815,0.12874215,4.8,6.72,5.05,2.111783108
3816,0.866629243,5.53,2.34,4.9,3.695486388
3817,0.436078014,4.37,1.1,5.0,3.190192136
3818,0.026424638,0.31,2.17,5.0,1.419624257
3819,2.926741628,4.18,13.37,4.85,2.541277933
3820,0.141743404,1.65,11.85,5.15,1.049989263
3821,0.023707815,4.19,3.63,5.0,2.297149725
3822,0.052413593,4.19,3.63,5.15,3.288550341
3823,0.530945926,1.18,1.09,4.95,0.552763015
3824,0.174567939,1.52,9.74,4.9,1.30572488
3825,4.133786554,0.96,2.15,4.9,0.654646152
3826,1.47124937,2.13,6.23,5.0,0.453818768
3827,12.04987822,0.85,5.71,5.0,1.145608966
3828,0.678989034,13.05,21.82,5.2,4.600514011
3829,2.858314783,13.05,21.82,4.85,5.260736526
3830,0.165902565,13.05,21.82,5.05,8.127832523
3831,3.92412815,3.69,10.73,4.85,2.625325221
3832,0.736779892,5.88,19.96,5.2,5.170455313
3833,6.122742326,2.88,4.09,4.85,1.992122567
3834,0.10080249,5.54,1.24,5.2,2.56041156
3835,6.146301573,18.17,21.46,4.85,6.645070217
3836,1.174837789,2.64,8.83,5.0,1.922402123
3837,3.117524455,2.64,8.83,5.05,2.365870043
3838,1.041834788,4.5,9.24,5.0,2.558862565
3839,0.449519955,0.41,2.06,5.05,0.75337991
3840,0.043003157,2.28,9.15,4.95,2.436299795
3841,0.017571643,2.28,9.15,4.9,1.552411308
3842,1.082036355,6.24,17.75,5.1,3.991136654
3843,0.020031767,6.24,17.75,5.2,4.554792417
3844,2.252292976,7.84,3.17,5.1,5.001973477
3845,2.355647291,2.22,10.77,4.85,1.367493419
3846,0.481944569,6.04,13.67,4.85,3.556908223
3847,0.012939816,5.32,8.96,4.95,2.882454446
3848,5.234895164,1.12,3.01,5.0,1.104450898
3849,4.823749661,9.34,11.81,4.9,5.963764868
3850,0.047801351,1.9,9.56,5.2,2.816423695
3851,0.137068442,7.49,9.04,5.0,4.515445408
3852,0.698173552,7.49,9.04,4.9,3.928780734
3853,6.966200623,16.96,4.34,4.85,4.031461976
3854,2.839103372,0.82,1.87,4.85,0.719597457
3855,0.011542656,1.19,6.35,5.0,0.516565875
3856,3.009328488,3.39,18.39,5.0,3.542853135
3857,0.013981764,1.71,2.88,5.1,1.562900169
3858,0.811586795,3.39,6.44,5.0,2.12782693
3859,1.724294494,2.01,6.74,4.85,1.891314657
3860,13.72788464,2.01,6.74,5.05,1.912048868
3861,0.095302342,0.57,6.71,4.9,0.789192743
3862,1.392601081,7.77,11.79,5.15,4.106172122
3863,3.84568801,1.28,1.96,4.95,0.92072871
3864,14.34893209,0.72,2.4,5.2,0.774296066
3865,3.772659564,0.73,1.43,5.15,1.633580771
3866,0.022522323,8.43,14.17,4.9,4.805138901
3867,0.013820266,8.43,14.17,4.85,4.003801001
3868,3.405881621,4.35,1.48,5.0,0.493788507
3869,5.235155579,1.56,7.69,5.15,0.918804772
3870,0.312988411,5.83,3.24,4.95,2.778524797
3871,1.416746225,3.39,10.4,4.9,1.733361093
3872,0.511810413,1.34,1.0,5.1,0.947435062
3873,1.022318243,1.72,9.04,5.1,0.930678432
3874,0.555022364,12.9,13.58,5.15,6.917744456
3875,0.064288025,5.06,5.54,4.85,2.247154096
3876,0.265657642,7.79,15.25,4.85,3.764244769
3877,4.129401195,4.28,9.4,4.85,2.843291871
3878,0.084269798,21.95,14.5,4.85,4.432619254
3879,1.186784847,1.57,2.22,4.9,1.345002285
3880,0.243772347,5.74,5.27,4.85,2.340256301
3881,1.131462231,5.74,5.27,4.85,3.413564455
3882,0.124347904,2.7,4.74,4.95,1.777771799
3883,4.39748667,21.13,14.86,5.2,4.404292814
3884,1.118789554,21.13,14.86,5.0,6.192337624
3885,0.025097703,4.25,4.6,5.0,2.355113882
3886,2.141864678,3.32,9.7,5.0,1.632893982
3887,0.169172066,4.6,2.44,4.9,3.471679709
3888,0.475601359,6.76,13.8,5.1,4.520034849
3889,2.000579488,6.76,13.8,4.95,3.379652192
3890,1.302083297,6.58,14.49,5.05,3.703469333
3891,0.015189977,1.5,8.7,4.95,1.698809205
3892,0.703440145,6.25,4.17,5.2,3.176365981
3893,0.051513217,1.55,3.72,5.1,1.405458673
3894,0.377609613,1.06,6.48,4.9,0.564967297
3895,0.715522736,1.34,3.41,4.9,1.163051734
3896,0.012984184,3.07,15.66,5.05,3.94997549
3897,0.021910118,5.42,2.7,5.05,3.671965401
3898,0.195530635,5.43,3.66,5.0,3.266238992
3899,0.062512466,5.53,5.38,5.1,2.736193848
3900,0.314544025,2.06,3.54,4.9,1.253154986
3901,2.378072094,0.22,1.21,5.1,0.919134237
3902,0.258742407,4.5,2.95,4.9,2.867000353
3903,0.999230957,4.2,10.87,4.85,3.080878123
3904,1.323322486,1.26,2.02,5.05,0.680035242
3905,5.300051099,1.44,2.07,4.85,1.217593755
3906,0.042764119,0.82,5.44,4.85,0.840704966
3907,6.37245924,0.37,1.02,5.1,0.623283894
3908,0.220296293,6.1,2.02,5.05,3.456654517
3909,0.049944512,5.98,3.14,4.85,3.184428585
3910,0.174094044,3.73,5.01,4.85,2.436106731
3911,0.021596083,6.32,16.18,5.2,2.671945225
3912,0.40648013,7.84,16.2,4.85,3.168308079
3913,0.04838242,7.84,16.2,5.05,4.461729183
3914,4.285116969,2.53,2.18,5.15,1.398867754
3915,0.197278838,4.47,17.82,5.2,4.628101364
3916,0.21887998,2.87,14.31,4.9,2.464595815
3917,1.982090877,7.93,2.37,4.9,5.925113334
3918,0.729122693,3.21,9.49,4.9,1.948749807
3919,0.022613162,1.53,4.24,5.05,0.998697399
3920,0.263976188,1.53,4.24,4.95,1.444540464
3921,0.763229036,5.49,5.14,5.1,2.879219354
3922,0.041139783,5.49,5.14,5.05,3.363160432
3923,0.893597173,5.49,5.14,4.9,3.402912638
3924,0.811651663,4.37,10.73,4.95,3.074294387
3925,0.98717905,4.37,10.73,5.2,2.857733848
3926,0.038631408,5.55,1.57,4.9,1.938065565
3927,1.450602274,27.61,19.53,5.15,5.963175351
3928,3.701838618,1.85,1.61,5.1,1.490539703
3929,2.134076308,3.25,2.74,5.05,1.940117446
3930,0.060847579,7.96,2.26,4.9,5.257271368
3931,0.060427836,4.35,9.88,5.0,2.519050843
3932,3.030620034,3.02,21.07,4.9,2.570418208
3933,0.363344399,3.02,21.07,5.0,3.76697283
3934,0.177901889,3.02,21.07,5.0,3.861512363
3935,0.096061877,5.17,12.76,4.85,3.920859152
3936,0.011600425,5.17,12.76,5.05,2.017998404
3937,2.267464278,2.09,1.41,5.1,1.215467799
3938,0.397223237,3.12,9.19,4.95,2.307762695
3939,0.0113615,2.79,4.55,5.15,2.530457758
3940,0.556573412,0.62,4.42,4.85,0.39179481
3941,0.991393159,6.98,3.03,4.85,4.01402021
3942,0.502585881,6.02,4.91,4.95,3.631844735
3943,0.082718768,7.26,6.77,5.0,3.52583222
3944,0.165697374,11.18,10.3,5.2,4.943447745
3945,0.07073151,6.22,16.88,5.1,4.455195909
3946,0.019310663,6.22,16.88,5.15,4.3297023
3947,0.835701605,8.98,5.89,4.95,4.129681985
3948,0.655208653,8.98,5.89,4.9,5.645476966
3949,0.095316107,6.33,12.52,4.9,4.18841429
3950,0.273384585,11.52,5.8,4.85,3.365670281
3951,1.369283181,3.18,3.92,5.05,2.207565774
3952,1.095155941,2.43,2.98,5.15,0.65004069
3953,1.360587863,2.43,2.98,4.85,1.631409798
3954,0.103166625,0.56,1.17,5.15,0.475600323
3955,0.018470097,12.0,17.39,5.05,6.11756386
3956,0.249662627,6.33,5.28,5.2,3.757429715
3957,0.042616558,6.07,4.62,5.2,4.298381555
3958,0.893287545,6.07,4.62,4.9,3.978233089
3959,0.102526596,0.75,4.2,5.0,1.432773719
3960,6.738947736,0.75,4.2,4.9,0.190550126
3961,0.044583914,0.75,4.2,5.2,1.711376521
3962,0.019859737,6.26,12.02,5.1,2.862853253
3963,2.827894269,6.26,12.02,4.95,3.798607151
3964,1.022032142,10.0,3.49,4.95,3.728855754
3965,0.142372205,6.38,6.76,4.95,4.45505344
3966,1.474590611,3.0,1.57,5.15,1.711293912
3967,1.359505223,4.95,7.06,5.15,1.979263174
3968,0.279493475,4.24,4.58,4.9,2.363632542
3969,0.291167153,4.24,4.58,4.9,2.472463664
3970,0.121813736,5.74,7.6,5.0,4.130382089
3971,0.150403436,6.41,9.13,4.95,2.528071092
3972,0.502745156,4.23,3.61,5.2,2.496230475
3973,0.116238808,8.1,4.22,5.0,3.03310762
3974,0.919922785,5.52,2.71,5.0,3.499827036
3975,0.055155864,2.99,5.77,5.2,1.694713601
3976,0.927265237,0.96,6.0,5.0,0.601315476
3977,0.05133485,4.74,7.99,4.9,2.123355835
3978,0.028710196,5.09,9.95,5.2,3.525060691
3979,0.410423629,5.09,9.95,5.1,3.491294945
3980,0.085207656,0.82,4.84,5.2,0.418111483
3981,0.022779072,2.47,2.93,5.15,1.61464817
3982,1.071092855,11.72,16.83,5.1,3.903323808
3983,7.267679412,3.11,2.47,4.9,1.267230181
3984,0.187813377,4.13,4.85,5.05,2.589545408
3985,0.70844998,5.11,11.66,5.1,3.292384282
3986,0.984908535,0.66,5.3,4.9,0.348481128
3987,0.012915486,8.23,19.94,5.2,4.160637047
3988,2.813892858,8.0,15.9,4.95,4.901083281
3989,0.724451156,8.0,15.9,5.2,6.012048503
3990,0.560249733,4.7,11.81,4.9,2.920279731
3991,0.515561654,4.7,11.81,5.15,4.640239963
3992,1.947109029,3.25,9.88,5.15,3.158814381
3993,0.058467676,4.46,6.44,5.0,2.513640788
3994,0.075583099,6.6,3.41,4.85,2.990240385
3995,2.05888328,28.64,6.96,4.85,4.313546598
3996,0.111019742,2.56,7.2,4.95,2.139913913
3997,0.155600985,5.06,1.37,5.15,3.201234955
3998,0.012738663,2.13,5.17,4.95,1.733912646
3999,0.024648848,2.13,5.17,5.2,0.828614038
4000,1.242997602,2.13,5.17,5.05,1.376885361
4001,0.458305672,4.57,3.16,5.05,2.52657311
4002,0.021860406,4.95,11.22,5.2,1.700677053
4003,0.06963612,4.95,11.22,5.15,3.316574197
4004,3.840425903,15.9,6.95,5.0,3.879957883
4005,0.020364046,5.27,7.61,5.05,4.007484893
4006,0.103208551,3.01,6.8,5.1,2.613673369
4007,0.703580382,3.01,6.8,5.05,0.661270978
4008,0.494167212,6.2,7.06,5.05,4.019981431
4009,0.017386976,9.16,6.52,5.15,5.813267435
4010,0.013224046,7.16,4.31,4.9,3.61908052
4011,0.044795545,1.41,7.46,5.0,0.492240083
4012,0.105945188,7.28,17.53,5.1,3.993870896
4013,2.29489665,3.66,3.27,5.2,2.139461648
4014,3.179482823,7.69,29.97,5.2,5.83752912
4015,5.569214948,10.04,3.07,5.1,3.720495234
4016,0.030463273,1.13,3.16,5.05,0.509408254
4017,2.421993883,4.39,5.49,5.2,0.973287001
4018,0.427663551,4.56,9.31,5.0,3.541951402
4019,1.035365275,5.16,4.17,5.05,2.618344573
4020,5.838620562,6.35,8.83,4.95,2.938492012
4021,0.066422127,4.69,6.26,5.0,3.070286901
4022,2.658950207,1.89,6.66,5.2,1.250464236
4023,0.24114424,1.07,4.03,5.15,1.155526313
4024,0.109548917,1.07,4.03,5.1,1.027219818
4025,2.619774817,3.93,1.95,5.05,2.803357448
4026,2.091865798,5.28,10.86,5.1,3.653553964
4027,0.681769765,7.24,14.6,5.1,4.017897048
4028,0.242517482,4.89,10.19,5.0,3.587139735
4029,1.100894316,1.42,2.84,5.05,0.772078446
4030,1.790652152,1.73,4.68,5.1,1.376829611
4031,0.244991508,1.73,4.68,5.1,2.399976334
4032,0.063385547,1.65,1.09,4.85,1.200326872
4033,0.690436041,3.65,2.21,5.15,2.492012534
4034,0.07011084,5.31,2.76,5.2,3.272316846
4035,0.023758702,3.64,16.5,5.15,2.477518642
4036,0.350920118,2.74,2.69,5.0,1.640974721
4037,1.833406544,8.74,4.47,4.9,4.344650676
4038,0.085412378,4.31,6.74,5.1,2.529956994
4039,0.644392754,3.7,5.58,5.0,1.655104748
4040,0.158476014,6.32,19.55,5.2,3.899565115
4041,1.856058876,6.32,19.55,4.85,4.712816325
4042,1.583500914,6.32,19.55,4.95,3.712219311
4043,1.059685189,3.18,4.86,5.0,0.635698245
4044,0.066238943,3.98,6.68,5.2,2.775806169
4045,0.303886529,7.31,9.2,5.0,4.061950068
4046,1.830242594,9.44,2.27,4.85,2.603981539
4047,0.283985012,4.85,7.63,5.0,3.387687378
4048,1.708389989,6.72,6.53,5.05,4.690160234
4049,1.314218631,3.27,4.66,4.85,1.887344522
4050,0.015243242,5.09,21.37,5.15,3.506071134
4051,2.220517451,5.09,21.37,5.2,3.764392891
4052,0.108983176,4.96,6.78,4.9,2.820834369
4053,4.073727561,5.7,13.95,5.0,2.46333037
4054,1.034754115,5.7,13.95,4.9,3.573121418
4055,4.925999536,2.1,7.75,4.9,0.647037022
4056,2.784160778,12.85,5.29,4.95,4.754433616
4057,0.105156915,13.51,37.91,5.2,7.516357798
4058,0.586372278,12.28,4.45,5.05,3.982717996
4059,3.290046026,12.28,4.45,4.85,1.398492653
4060,0.03367478,13.31,12.43,4.85,3.45718624
4061,2.871041648,14.59,12.59,5.05,2.688890489
4062,0.596646936,14.59,12.59,5.1,3.800841554
4063,0.26304429,12.01,7.73,4.9,3.428144483
4064,1.069221471,7.56,8.05,4.95,0.102110458
4065,0.01500516,7.56,8.05,5.15,1.497917602
4066,7.345947021,6.13,7.27,4.9,0.810256655
4067,0.100621853,6.17,8.42,5.15,1.273643707
4068,0.544494518,8.37,16.46,4.9,2.218740455
4069,0.274669485,7.52,4.0,4.85,1.781417189
4070,0.048131903,8.83,13.91,4.85,2.850159381
4071,0.017306149,10.08,10.1,5.15,3.156049907
4072,2.408273586,10.08,10.1,4.95,0.862236839
4073,0.447578056,8.92,19.9,4.9,1.963352887
4074,0.112948801,13.61,4.35,4.95,1.473797478
4075,1.417462198,9.32,6.85,5.15,1.609442762
4076,0.069484888,10.89,6.21,5.1,1.261512446
4077,0.447468521,11.38,20.66,4.95,1.60127836
4078,0.055198839,11.38,20.66,5.05,0.877472031
4079,0.311909244,20.43,19.82,4.9,5.07796706
4080,0.816783005,11.45,4.34,5.15,0.710283585
4081,0.469580816,13.67,6.79,4.85,3.705720069
4082,0.369502878,13.67,6.79,5.0,1.577891107
4083,0.013298413,20.46,24.81,4.95,2.165243975
4084,2.66532523,20.46,24.81,5.05,0.565413203
4085,5.857606546,7.08,15.9,5.15,1.823979815
4086,0.011528139,8.46,9.5,4.85,0.619460642
4087,8.543351009,26.63,8.25,5.05,2.034288594
4088,0.084590655,12.53,9.02,5.15,0.412795983
4089,0.018042253,15.55,18.83,4.9,0.891983937
4090,0.255918368,12.5,9.76,5.1,2.790551808
4091,0.357317144,12.5,9.76,5.2,2.58694202
4092,0.733185566,8.38,12.64,4.85,0.657399691
4093,0.569943617,8.44,29.38,5.2,4.260680852
4094,3.262883106,14.51,17.2,4.9,1.087182392
4095,0.736444725,9.94,19.43,4.95,3.332762448
4096,2.356814595,7.91,13.57,4.85,0.573049125
4097,15.66219419,5.36,7.12,5.15,0.45157439
4098,3.555052404,8.1,7.76,4.85,1.671040136
4099,0.044976111,15.44,14.89,5.15,3.091483416
4100,0.489833952,17.76,9.13,4.9,2.386293468
4101,0.18654265,9.23,22.27,4.95,2.208380354
4102,0.617326301,7.54,5.8,5.1,1.382589775
4103,4.028121539,7.54,5.8,4.9,0.864960689
4104,0.113643443,17.51,15.82,4.95,0.802089076
4105,0.268628286,11.81,12.94,5.0,2.121950004
4106,1.551998829,10.95,8.6,4.95,0.1183776
4107,0.057826676,10.95,8.6,5.05,6.287266871
4108,1.037593248,10.42,12.47,4.9,1.450144613
4109,0.269931903,5.56,3.36,5.2,0.714809295
4110,0.236908314,9.24,3.38,4.95,0.576573747
4111,0.031951144,8.3,4.6,5.1,2.758908576
4112,4.474251033,16.78,21.07,5.0,2.210714172
4113,0.293894212,7.64,8.09,4.95,0.81188912
4114,2.330967637,9.57,7.52,4.95,2.897198611
4115,0.035996887,9.57,7.52,5.1,0.374526358
4116,0.87707703,8.98,3.96,4.95,0.337149231
4117,3.836266262,8.98,3.96,5.0,0.359786529
4118,1.406337407,7.68,11.24,4.95,0.863659805
4119,0.063061749,7.68,11.24,5.2,2.07742413
4120,3.374221036,6.24,3.27,5.0,0.914661379
4121,0.247586157,13.46,18.99,4.85,0.711655481
4122,0.698717408,13.46,18.99,5.1,4.976967967
4123,0.189784541,15.56,29.61,4.85,5.357196214
4124,0.722095498,12.9,5.96,5.05,2.808653612
4125,1.381835116,13.49,20.36,5.05,1.902459106
4126,0.902423361,15.2,15.06,5.15,2.437068815
4127,0.77806229,15.2,15.06,5.1,4.498583721
4128,0.228685404,9.76,20.21,5.2,3.725215505
4129,0.026400531,12.51,22.92,4.85,2.446984078
4130,0.034443167,18.31,20.08,5.15,4.631630837
4131,0.1480939,8.41,13.53,5.1,3.003619815
4132,5.087731354,5.9,3.5,4.9,0.421245706
4133,0.927641898,19.61,7.64,4.85,2.309259314
4134,0.192818027,14.98,8.31,5.05,2.65635371
4135,1.120984596,11.28,7.05,4.9,0.710677581
4136,0.055935107,11.28,7.05,4.9,1.397562704
4137,0.112965622,12.87,20.16,4.9,1.685581613
4138,0.012093921,15.01,22.05,4.95,3.233448451
4139,0.548972825,15.01,22.05,5.2,3.46749079
4140,3.128553857,12.19,16.11,4.85,1.219716779
4141,0.108760018,10.84,18.71,5.2,2.128570107
4142,1.253569153,10.84,18.71,4.85,0.952553022
4143,0.013532125,10.84,18.71,4.95,2.344134523
4144,0.724816352,10.84,18.71,5.05,3.006530936
4145,0.044615678,8.4,9.55,4.85,3.741752963
4146,0.032204392,8.4,9.55,5.2,4.721669926
4147,0.027430879,11.4,10.4,5.15,4.090447165
4148,0.030097432,8.63,9.71,5.0,2.591502546
4149,0.02272319,14.34,8.53,4.9,0.334475846
4150,0.062066759,14.34,8.53,4.95,1.319433068
4151,0.046165565,9.27,15.31,5.2,4.985468593
4152,0.017207443,4.8,6.72,5.15,2.304124349
4153,0.123562851,4.8,6.72,5.2,1.07657276
4154,0.208772337,7.77,19.29,5.05,3.494517709
4155,2.265625231,7.77,19.29,4.85,0.706863612
4156,1.60117298,7.85,9.33,4.9,1.700637458
4157,0.612540898,9.67,8.66,4.85,3.836378485
4158,1.763497951,11.69,11.39,5.05,3.023560976
4159,0.504139992,11.69,11.39,4.95,2.10220291
4160,0.506957649,9.71,8.18,4.85,1.26442547
4161,0.736452967,9.89,13.01,5.15,2.048430525
4162,0.87195773,10.43,5.12,4.85,0.123518967
4163,0.365429679,5.59,3.85,4.95,0.658593089
4164,4.949159689,10.99,10.76,4.9,2.081785105
4165,1.27798122,10.99,10.76,5.2,3.016387289
4166,3.226707196,14.55,19.14,5.2,1.957703554
4167,0.072541159,7.55,27.34,5.15,3.448753949
4168,0.990721219,7.46,2.27,5.2,4.280574555
4169,0.293891068,7.92,5.66,4.9,2.223606511
4170,0.044268339,14.19,17.5,4.85,2.085248874
4171,1.505188423,14.19,17.5,5.05,4.704389883
4172,0.076709639,6.36,11.75,5.2,0.798613093
4173,0.241693176,7.28,3.91,4.9,0.946748588
4174,0.448479418,13.84,15.39,4.95,0.648393537
4175,2.029923218,13.84,15.39,4.9,2.422828598
4176,1.570523567,10.08,13.32,5.05,3.646303893
4177,0.164218583,10.5,3.52,4.85,2.525503241
4178,0.252718179,7.02,4.91,5.1,0.245798243
4179,0.024696751,20.1,7.93,4.85,3.961164121
4180,0.454369793,8.67,2.62,4.95,0.72845474
4181,0.430367122,16.33,27.34,5.2,3.595126281
4182,0.091202398,13.47,9.01,5.2,3.068774425
4183,2.332049086,9.61,10.72,5.15,2.066262542
4184,0.013593773,10.3,10.35,5.2,1.714224716
4185,0.02585306,10.3,10.35,4.95,3.009564079
4186,0.015666014,6.84,9.66,5.15,2.419238085
4187,2.982065893,18.63,10.17,5.1,0.453432159
4188,1.371327439,7.84,30.65,5.1,2.507860662
4189,0.055756322,15.12,18.17,4.9,2.551507127
4190,2.622797459,18.04,17.76,4.9,3.619132395
4191,4.261058731,4.98,13.28,5.15,2.920401883
4192,1.009540007,10.27,12.52,5.0,1.451643711
4193,0.424938556,5.1,2.92,4.9,1.447305505
4194,5.39549793,8.01,4.96,4.85,1.648368262
4195,0.580526569,11.44,4.55,4.85,1.201816862
4196,0.077711703,18.43,10.72,4.9,3.108928467
4197,0.117357397,10.27,10.8,5.2,4.674681017
4198,3.298079885,9.46,16.05,4.85,1.176197822
4199,0.332520784,11.99,8.15,4.95,2.723090609
4200,2.307121607,28.67,32.35,4.95,8.186443863
4201,1.360772677,12.09,5.2,5.1,0.769807329
4202,2.538048777,7.29,15.05,4.85,1.499925828
4203,0.100170424,8.66,12.61,4.9,0.457584642
4204,0.025002246,6.98,7.53,4.85,1.326630714
4205,0.390768659,6.5,3.33,4.9,0.58687786
4206,0.043203427,14.48,17.02,4.9,4.558994845
4207,0.018987064,5.88,6.21,5.15,0.448370336
4208,0.148432315,18.76,17.22,4.9,4.142477828
4209,0.028266311,17.48,12.29,4.9,0.201446018
4210,0.161891785,10.14,21.69,4.9,3.679640249
4211,0.575204853,10.14,21.69,5.0,3.801933163
4212,1.154257907,8.47,13.1,4.85,1.706061204
4213,0.028505194,22.95,10.95,4.9,0.429220043
4214,0.930023335,16.36,5.64,5.2,5.489997416
4215,0.497425555,8.23,3.59,5.0,0.52859306
4216,0.545764151,19.36,15.31,4.9,0.2958024
4217,0.127713208,19.36,15.31,4.85,3.257082773
4218,0.019587762,18.84,22.01,5.2,2.5974756
4219,0.01615056,14.0,13.41,5.15,3.382254201
4220,0.526658941,14.19,17.19,5.15,5.182902083
4221,4.820301951,12.44,10.68,4.85,1.06803627
4222,1.311170693,9.96,22.86,5.2,3.210204049
4223,1.056679423,9.96,22.86,5.2,1.375129054
4224,0.30838536,9.96,22.86,5.15,3.310198638
4225,0.021091395,14.48,15.9,4.95,0.608052735
4226,0.037084273,10.46,6.91,5.15,2.401104076
4227,0.576068154,10.46,6.91,5.2,2.206793513
4228,0.038725861,10.46,6.91,4.85,4.364107073
4229,0.333207724,9.7,7.31,5.2,2.266443523
4230,0.080129178,9.7,7.31,4.9,4.40315253
4231,0.037539469,23.13,39.84,5.05,5.983361621
4232,0.607786031,9.0,5.22,4.85,0.525831201
4233,0.045790809,9.0,5.22,5.05,2.083328033
4234,0.170816715,9.0,5.22,4.95,0.893686754
4235,1.840739122,9.74,3.05,4.85,0.695994818
4236,0.143252538,12.99,30.11,5.15,5.551664402
4237,1.116119656,8.98,3.9,4.85,1.760405677
4238,0.034402548,12.15,17.57,5.2,6.042390821
4239,0.033782365,9.81,8.61,5.05,0.994841807
4240,1.089471775,12.28,16.81,5.1,0.338333945
4241,1.226500389,9.48,7.56,5.1,2.095653584
4242,0.017972283,9.22,11.34,5.0,1.610161953
4243,4.347293011,7.49,6.25,4.85,1.409790055
4244,3.256053189,13.15,16.12,4.85,2.814314775
4245,0.011605215,13.15,16.12,5.2,2.307352832
4246,0.024043176,13.37,14.31,4.95,3.643967907
4247,0.01214042,5.44,21.68,5.0,3.895311385
4248,1.638727824,9.81,3.5,5.2,2.105908123
4249,0.693949805,9.81,3.5,5.15,3.421737029
4250,0.185365152,10.36,21.62,4.85,2.650558886
4251,0.266669989,14.02,6.47,5.2,4.958720717
4252,0.183068105,8.17,28.34,5.1,4.182239162
4253,1.394761827,28.24,16.67,5.05,0.655102685
4254,0.332774527,15.57,24.81,4.85,3.468080897
4255,1.781304659,15.57,24.81,5.2,6.155277468
4256,0.872872935,17.78,19.24,5.2,5.601171072
4257,0.307639897,26.34,15.13,5.2,6.962407549
4258,1.013749453,12.56,12.51,4.85,3.127972661
4259,1.798799232,9.32,9.13,4.9,1.489396115
4260,0.135402457,17.54,13.0,5.2,2.123759652
4261,0.012508407,16.37,21.3,4.95,3.684166263
4262,0.024190338,16.25,23.68,5.05,2.015614032
4263,3.164009286,22.49,34.03,4.85,2.386361579
4264,0.05362933,16.64,5.49,4.95,6.451457945
4265,0.017338759,8.07,7.26,4.85,0.959197355
4266,0.301166555,7.42,3.25,4.9,0.911783588
4267,0.048283538,5.92,4.79,4.85,2.443285939
4268,1.314577919,5.92,4.79,4.9,2.168025798
4269,0.243351972,11.32,13.5,4.85,0.337392806
4270,0.511084484,15.89,10.18,5.05,2.330993141
4271,0.374765352,17.1,41.49,5.2,5.179670765
4272,0.145924265,12.68,4.61,5.15,2.717212242
4273,0.013003954,16.29,7.85,5.2,0.839935181
4274,0.042271111,9.48,11.31,5.2,5.216283186
4275,4.849851293,11.6,11.58,4.95,0.740254103
4276,0.012980105,11.98,22.57,5.2,3.347254217
4277,0.267437996,9.33,3.86,4.9,1.540064814
4278,7.259272283,9.33,3.86,4.85,0.906159455
4279,0.921348224,11.97,11.85,4.9,0.386628467
4280,0.052599798,8.99,16.71,4.95,2.448112642
4281,0.300142509,8.99,16.71,5.2,2.362563953
4282,1.746843891,16.28,25.65,4.9,1.240303294
4283,0.018687443,6.43,4.05,4.95,2.872953835
4284,0.018999459,6.43,4.05,5.2,1.774900221
4285,0.791276575,7.06,2.47,5.0,3.051601274
4286,0.012104184,14.02,7.76,4.85,1.852530754
4287,0.018733447,23.7,20.82,5.2,6.514602117
4288,0.050104088,8.26,3.84,4.95,0.050343763
4289,2.612516664,5.57,8.72,4.95,1.625007369
4290,0.288025367,10.23,14.81,5.2,0.757729005
4291,1.497391335,10.23,14.81,4.85,0.180235596
4292,0.859657148,13.07,11.46,4.95,0.292506176
4293,0.011495483,17.31,15.86,5.2,6.254546009
4294,5.963390861,9.18,9.81,5.0,1.862979376
4295,8.206810712,5.59,7.8,5.05,0.803484155
4296,0.04267203,5.59,7.8,5.0,2.225572157
4297,0.365853342,5.86,15.51,5.1,1.081373209
4298,0.299989922,12.81,10.66,4.95,0.381343051
4299,0.030206876,7.17,2.26,5.2,3.349415568
4300,0.481468348,8.59,28.83,5.0,2.478180635
4301,0.045978995,16.69,6.86,5.2,2.760737323
4302,0.014048826,6.6,6.56,4.95,0.682418841
4303,0.868090143,11.35,9.2,4.9,0.514616109
4304,1.104011786,10.21,10.53,4.95,1.479156515
4305,1.610636693,15.74,44.07,5.0,2.194718909
4306,2.338682463,16.0,38.62,5.2,7.002089588
4307,0.091482452,9.1,4.41,5.0,4.063184733
4308,0.137628381,10.97,15.69,5.2,1.638224783
4309,0.462689006,8.63,11.18,4.85,0.412309256
4310,2.339557857,10.17,9.23,5.0,0.746195799
4311,1.363509794,10.17,9.23,5.1,4.21188636
4312,0.036453612,7.8,12.87,5.2,2.367354025
4313,0.264519539,7.28,3.79,5.0,2.004345438
4314,0.028457554,6.18,3.47,4.9,1.629349932
4315,2.351188327,9.6,31.17,5.2,3.510060267
4316,0.011708928,15.72,18.05,4.85,5.476314056
4317,0.011316179,15.72,18.05,4.85,2.047528635
4318,0.408353443,16.55,22.84,4.95,3.261883343
4319,0.773337067,16.55,22.84,5.05,4.488394443
4320,3.740294401,13.23,26.15,4.95,0.741900946
4321,1.043204725,8.0,17.06,5.0,1.656328443
4322,0.63182101,8.0,17.06,5.2,3.996643898
4323,0.598667737,6.84,14.25,5.2,0.973805819
4324,0.193305105,10.05,9.61,5.2,4.312028583
4325,4.82718977,6.67,5.44,5.0,0.231534763
4326,0.020278451,11.19,15.29,4.95,1.481641524
4327,0.026368267,22.01,16.48,5.0,1.230901634
4328,0.146995409,22.01,16.48,5.0,1.364846668
4329,0.142818352,12.81,16.11,5.0,3.908820556
4330,3.081209416,12.81,16.11,4.95,2.192868349
4331,0.056530132,12.11,25.37,4.95,3.151165641
4332,1.171020927,12.12,11.35,4.85,0.385558686
4333,0.58534936,8.25,2.76,5.2,1.793321792
4334,0.097099479,12.32,19.71,5.2,1.65924424
4335,0.030959265,12.32,19.71,5.1,6.005296482
4336,1.747899252,16.57,5.29,5.0,0.504296529
4337,1.208800565,6.3,13.73,4.95,2.273871462
4338,0.419841716,8.36,2.52,5.15,2.104211264
4339,0.628227017,8.12,9.42,5.2,2.949016193
4340,0.075090069,8.17,9.02,5.2,0.748339879
4341,0.065578492,7.51,3.47,5.05,2.662069461
4342,0.072970995,8.91,16.61,5.1,3.970121523
4343,0.52185125,8.91,16.61,4.85,1.032470887
4344,0.056021189,6.32,2.45,4.85,1.113385177
4345,7.722680519,6.89,5.0,4.95,0.054808838
4346,0.195576025,6.89,5.0,5.05,1.50729901
4347,0.015852151,6.89,5.0,5.0,2.065914083
4348,0.038515919,6.97,8.83,4.9,1.770515549
4349,0.125920279,13.79,12.29,4.95,0.999119518
4350,0.676139926,9.64,14.06,4.85,0.703467874
4351,0.616640163,14.08,32.49,5.05,4.270471315
4352,0.027513281,5.28,3.57,5.1,1.48120641
4353,0.634569346,11.33,12.48,5.1,0.945940558
4354,0.029916066,11.33,12.48,5.15,1.866923323
4355,0.683874743,11.88,7.62,4.95,3.333503632
4356,0.079852932,10.71,27.99,4.95,3.307852127
4357,1.09493209,10.71,27.99,4.9,3.450144105
4358,3.426459688,11.63,7.71,4.85,0.208945699
4359,0.426754638,11.63,7.71,5.2,1.553229942
4360,0.056075197,18.34,15.01,4.9,1.29343102
4361,0.165291004,10.07,17.05,4.9,0.421987993
4362,1.251367516,11.7,26.59,5.2,5.854269318
4363,0.33849016,6.68,3.47,5.05,0.244742496
4364,0.110744325,17.37,30.37,4.85,4.662792685
4365,0.534417354,17.37,30.37,4.85,5.981302932
4366,0.029486854,13.39,29.69,5.2,4.949064051
4367,0.69927744,11.52,4.59,4.95,2.299802621
4368,0.910825565,11.84,16.92,4.85,3.033855989
4369,0.445833704,12.81,8.9,4.9,4.564909267
4370,12.87721076,27.16,14.73,5.1,1.656289892
4371,0.889902354,10.61,17.58,5.1,2.796925641
4372,1.951852701,10.61,17.58,4.85,0.795302616
4373,0.318711577,16.83,8.66,5.0,5.642780993
4374,0.887501334,9.73,9.31,4.95,0.525556352
4375,0.037947524,6.12,2.98,4.85,0.076495767
4376,1.365401886,7.68,17.32,4.9,1.034102234
4377,0.046709877,13.14,16.54,5.2,2.653928603
4378,0.176658358,16.23,9.38,5.0,0.963620749
4379,1.172336747,14.5,15.42,4.95,0.550228139
4380,0.11721326,14.5,15.42,4.9,4.366263808
4381,5.008900411,9.74,17.28,4.85,2.226684328
4382,0.135606145,12.48,16.5,5.2,4.302699722
4383,3.010999947,12.48,16.5,4.85,2.544619884
4384,0.107491372,8.4,12.03,4.95,0.939872424
4385,0.350390077,9.52,6.74,5.1,2.982689919
4386,1.076018036,9.17,2.99,5.0,2.095790643
4387,0.232621068,11.08,25.77,5.2,4.217347078
4388,0.180769442,6.22,2.49,5.2,3.631092151
4389,0.023722671,7.65,5.99,5.1,1.295511145
4390,0.389394492,8.81,19.99,4.9,0.850892658
4391,3.992595647,5.93,5.64,4.95,2.550888102
4392,1.176931206,8.86,5.82,5.1,2.052965006
4393,1.757055635,7.87,2.98,5.1,1.753012175
4394,1.582695804,5.73,5.83,4.95,2.078469724
4395,0.536159072,8.16,4.36,5.0,1.656660454
4396,0.014015312,8.88,3.37,4.95,1.677002479
4397,0.155854046,12.41,10.96,5.05,4.505991146
4398,0.015080957,7.7,2.93,5.1,4.492482414
4399,0.643783184,8.08,8.79,5.1,1.182622357
4400,3.247490014,11.83,9.75,4.85,0.98347222
4401,0.022377507,10.24,22.92,5.2,4.482839608
4402,2.097454147,10.24,22.92,4.9,2.175199611
4403,0.429538906,10.24,22.92,4.95,3.342694497
4404,1.178566202,9.4,3.09,5.2,0.450565723
4405,0.116307869,5.3,2.57,4.95,1.675431898
4406,4.720265512,16.17,13.56,4.85,0.710153559
4407,2.612631837,9.31,3.01,5.15,0.532065744
4408,4.242339947,9.31,3.01,4.85,2.025821745
4409,0.304828834,6.55,6.95,4.85,0.704048191
4410,0.588682865,6.55,6.95,4.85,0.488096977
4411,0.043674429,8.32,26.02,5.15,3.993042923
4412,3.286072815,8.32,26.02,4.95,2.741541535
4413,0.149729273,20.84,18.31,4.9,4.622303606
4414,1.951783367,11.85,18.83,5.05,1.778414248
4415,0.687191134,6.6,7.71,5.05,0.485527574
4416,0.124701295,7.73,4.03,4.85,0.451411631
4417,0.184056256,9.47,11.14,5.0,3.62418083
4418,1.95516562,12.74,7.1,4.85,0.730752959
4419,0.025386707,15.91,9.69,4.85,0.376915273
4420,0.049167014,11.17,7.45,5.15,4.424361308
4421,0.740898718,9.16,22.68,5.0,1.079789534
4422,0.061216032,31.56,21.47,5.05,4.834307117
4423,0.075921145,11.42,9.91,4.9,2.447238296
4424,5.423280384,6.46,4.68,4.9,1.077836044
4425,0.024602603,7.86,8.82,5.0,1.057246222
4426,3.08265177,26.81,25.33,5.05,3.371395233
4427,5.169167584,26.81,25.33,5.0,9.140578517
4428,0.345703697,20.9,12.66,5.15,4.991321834
4429,0.530071744,12.58,17.47,5.1,5.402064745
4430,0.250953945,13.31,15.83,5.05,1.883364706
4431,0.101954102,13.31,15.83,5.15,4.692054818
4432,0.020996533,13.31,15.83,5.05,2.698212769
4433,0.866587707,12.99,8.14,5.2,2.436132799
4434,1.976865268,12.99,8.14,5.1,0.981988426
4435,0.28774789,12.99,8.14,5.15,2.664604984
4436,0.165407788,7.0,14.41,5.15,2.196664196
4437,0.104937325,8.19,11.37,4.95,0.271795425
4438,0.176431809,13.92,16.89,4.85,4.219370556
4439,0.565138947,13.92,16.89,5.2,5.798329394
4440,0.01608186,8.44,20.15,5.15,3.168559643
4441,0.222579858,7.26,10.0,5.0,1.204743935
4442,2.336648354,5.81,2.62,5.1,2.219928786
4443,0.12695325,16.71,22.53,5.2,1.917523211
4444,0.032201805,10.95,7.83,5.0,2.687006928
4445,1.27369551,14.68,4.52,4.95,1.289184184
4446,0.037408227,14.68,4.52,4.9,0.05895451
4447,0.471870415,7.02,5.79,5.05,3.068010396
4448,0.354452196,10.99,13.34,5.05,0.160920363
4449,0.218348334,10.99,13.34,5.2,2.62728828
4450,0.073170542,10.99,13.34,4.9,1.377901771
4451,0.820485874,25.16,10.48,5.1,2.576398961
4452,0.431395648,12.95,10.94,5.05,1.473162377
4453,0.142113017,12.95,10.94,4.9,3.062052105
4454,0.327382621,7.2,15.02,4.85,0.181221607
4455,1.963028004,11.39,16.58,5.1,1.661323459
4456,0.237804712,11.39,16.58,5.2,6.418517864
4457,0.27393456,7.1,27.73,5.2,4.160910398
4458,1.69342637,13.18,5.78,4.85,0.181595011
4459,0.03406561,10.34,11.69,5.1,3.916898726
4460,2.18318375,7.79,18.42,4.85,3.286927319
4461,0.035347376,7.79,18.42,5.1,1.597040007
4462,0.024340523,11.52,4.73,5.0,1.172742396
4463,3.510253928,7.08,20.65,5.2,3.778114982
4464,0.439588064,7.09,7.22,4.9,0.737385034
4465,0.056267497,5.65,7.46,5.05,0.833615567
4466,1.352514021,5.65,7.46,4.85,0.271411999
4467,0.674902027,8.89,9.93,5.15,1.145687032
4468,2.318799994,8.89,9.93,4.85,1.374701221
4469,0.01832309,9.46,10.43,5.0,4.327803653
4470,0.059549346,10.98,7.78,4.85,0.370266827
4471,0.022509402,9.37,11.48,5.15,0.530582797
4472,0.088595444,9.37,11.48,4.95,3.783625686
4473,1.316471553,14.34,21.54,4.95,3.793072013
4474,2.391606178,14.34,21.54,5.2,2.366385754
4475,1.802962671,8.23,11.2,4.95,2.272058786
4476,0.980635028,9.3,3.05,4.9,2.929078067
4477,4.536515728,5.66,3.55,4.85,1.34529536
4478,0.137186442,9.8,12.76,5.1,5.479372224
4479,1.908646639,8.18,25.65,5.2,2.52156682
4480,0.709898516,9.04,11.73,4.9,1.283026698
4481,0.084282066,17.71,12.6,4.85,5.127865718
4482,1.541775823,7.53,6.1,5.15,2.281335122
4483,0.035590839,7.53,6.1,4.85,0.55448581
4484,0.434125461,12.89,6.23,5.2,5.102912977
4485,0.128960555,5.65,7.89,4.85,1.101341828
4486,0.391682887,5.65,7.89,4.85,0.861786705
4487,0.02464434,10.02,7.47,4.95,0.353582004
4488,0.508731706,10.02,7.47,5.15,4.098748843
4489,0.340975532,13.16,15.52,5.05,1.729317328
4490,0.024936345,17.8,10.11,4.9,4.205748308
4491,0.089694532,7.23,6.61,5.1,1.748925808
4492,0.357927026,7.23,6.61,4.9,0.7733607
4493,0.02907086,10.97,16.54,5.15,2.552547408
4494,2.446526649,6.58,17.37,4.95,2.667118366
4495,0.588014453,6.11,12.94,5.2,0.522285184
4496,0.021264951,5.04,10.1,5.15,3.155563968
4497,0.464608069,17.84,22.32,5.2,1.834916425
4498,2.165245144,14.13,5.0,4.9,0.469637423
4499,5.025152595,5.58,9.6,5.05,1.359792283
4500,1.166503713,5.58,9.6,5.05,0.95018104
4501,0.080456758,9.99,9.8,4.95,1.801928404
4502,0.029220868,8.46,8.98,5.1,2.62804363
4503,0.042558028,9.53,26.32,5.1,3.549428383
4504,0.485974855,14.81,30.22,5.15,2.111790395
4505,0.245000426,9.31,18.54,4.95,2.199970712
4506,0.126490174,13.17,9.35,4.9,1.013575636
4507,0.447382937,8.2,20.21,5.2,2.277719336
4508,0.092880173,8.04,2.74,4.95,2.002254217
4509,0.301738898,11.46,7.15,5.15,2.710080791
4510,0.01256531,11.46,7.15,4.85,5.321076658
4511,0.835434416,14.28,7.12,5.15,0.647271254
4512,0.109738594,14.28,7.12,5.2,4.258672095
4513,1.503898691,9.89,5.28,4.95,1.477233891
4514,0.096272766,12.25,9.21,4.9,0.859423238
4515,0.368807775,13.86,5.63,5.15,5.529622115
4516,1.20050087,8.44,19.62,5.2,4.310472986
4517,1.827649391,28.91,26.07,4.85,4.60705166
4518,0.187181497,13.56,14.33,4.9,0.748807113
4519,0.469494436,13.56,14.33,4.95,0.488674974
4520,0.1373295,13.56,14.33,5.05,5.281550546
4521,0.287017116,10.25,14.74,4.95,1.465487692
4522,0.869675514,10.25,14.74,4.85,2.646687378
4523,0.357574059,15.22,21.12,4.9,3.119820863
4524,0.739055013,15.22,21.12,4.9,3.284165949
4525,0.820285856,6.8,3.31,4.9,1.125172195
4526,0.044417027,19.56,40.29,5.2,4.492862755
4527,0.094999752,19.56,40.29,5.15,4.543364133
4528,0.425707686,7.9,10.76,5.15,1.201419913
4529,0.294661615,7.11,4.43,4.95,1.605518098
4530,0.116253949,8.24,4.83,4.85,0.549620729
4531,0.097242711,8.24,4.83,4.9,1.899280659
4532,5.358931116,20.12,14.87,4.9,0.762631135
4533,0.153613096,19.26,13.53,5.05,8.146298929
4534,0.031660388,7.39,6.53,4.85,0.645198846
4535,0.170846428,11.45,4.26,4.85,0.474581991
4536,0.418091964,8.75,4.29,5.2,4.024568288
4537,2.662651402,6.87,6.99,4.85,2.77002331
4538,7.794144616,7.55,4.21,4.85,2.623670546
4539,7.531207335,6.42,8.46,4.95,1.951245988
4540,0.975926359,6.42,8.46,5.2,2.18777492
4541,0.96250704,6.42,8.46,4.95,3.685805345
4542,0.019155785,6.63,10.66,5.1,0.249409829
4543,1.892208104,19.86,6.75,4.95,0.100184083
4544,0.072289178,10.72,17.45,5.0,3.433882327
4545,0.041495859,7.13,3.32,4.9,0.608460687
4546,2.423502487,7.13,3.32,5.0,3.156725718
4547,1.559147693,10.82,3.28,4.95,0.636130997
4548,0.513275882,10.82,3.28,4.9,2.214524519
4549,0.158063074,7.27,16.87,5.05,3.009997158
4550,0.012531299,17.74,7.11,4.95,3.389700739
4551,1.719477087,6.18,2.92,5.0,0.434685294
4552,3.37735088,8.97,6.5,4.85,1.819880556
4553,2.629842993,8.97,6.5,4.85,1.933840007
4554,0.135036278,9.11,7.25,5.0,1.507335741
4555,2.568887539,10.39,14.12,4.85,1.551918197
4556,0.261764417,10.87,12.02,4.95,3.230271917
4557,10.07941811,6.31,11.84,5.05,1.117882725
4558,0.554644441,7.36,3.46,5.1,0.221500894
4559,0.973110875,9.33,6.27,5.0,0.258775637
4560,0.01270025,9.33,6.27,5.2,0.825678834
4561,4.325749118,8.19,3.71,4.85,1.011132564
4562,1.821993081,10.65,18.52,5.0,2.082750164
4563,0.422784695,10.65,18.52,4.9,1.64361175
4564,0.014589734,7.53,12.03,5.05,3.112371804
4565,0.022218137,8.43,12.54,5.15,3.859153682
4566,0.553315992,19.81,11.38,5.0,3.281594883
4567,0.073006947,10.98,30.41,5.15,5.613030405
4568,0.305348733,4.46,3.0,4.95,1.505231474
4569,1.451982386,24.35,8.88,4.95,2.038627722
4570,0.137971999,11.17,6.91,5.2,2.38735827
4571,0.042584226,6.25,7.46,5.2,2.823597886
4572,0.086120612,8.6,17.73,5.05,2.76439664
4573,7.366236689,8.42,4.43,5.05,2.72114698
4574,0.015728062,8.42,4.43,4.9,1.585757275
4575,0.02568632,18.52,27.77,5.0,4.644438419
4576,0.132468923,4.85,1.95,5.0,0.265833813
4577,2.203091057,4.85,1.95,4.9,1.617509749
4578,1.420994204,10.92,24.61,5.05,1.360000924
4579,0.341253478,14.98,16.17,4.85,1.580096337
4580,1.821457456,7.85,17.69,4.9,3.109107562
4581,0.042911396,7.47,6.42,5.0,1.062680572
4582,0.077649675,7.6,16.14,5.2,4.758491552
4583,0.017949773,7.52,7.64,4.9,1.726709872
4584,0.3891146,8.06,6.18,4.95,0.670493684
4585,0.206218146,8.06,6.18,5.0,0.197384426
4586,0.037794418,8.22,6.16,4.85,3.584533577
4587,0.148863452,8.21,9.48,4.85,0.887158068
4588,0.624036859,15.7,10.03,5.15,3.071571979
4589,0.79354211,7.26,15.03,4.95,0.332233668
4590,0.051900883,7.26,15.03,5.0,3.400680883
4591,0.793301469,11.01,5.07,5.15,2.254482667
4592,0.176021245,13.8,10.09,4.95,0.58199803
4593,6.400140817,25.02,22.36,5.1,5.617544677
4594,0.020387118,8.39,14.88,4.95,1.07088945
4595,1.831805557,6.46,4.21,4.85,1.423554538
4596,2.473972106,6.74,15.05,4.9,3.235316676
4597,0.477578114,15.43,17.28,4.85,4.06958237
4598,1.989104195,8.11,3.55,4.85,0.363424472
4599,0.016985334,21.73,29.64,4.85,5.218684083
4600,0.108930995,6.45,8.41,4.9,0.240266708
4601,0.012106815,6.45,8.41,5.1,1.667814804
4602,0.750518812,11.0,35.38,5.2,5.399078687
4603,0.046323245,8.22,18.66,5.15,2.27479064
4604,0.015664407,15.1,12.46,4.85,1.604765944
4605,0.049076122,12.2,6.82,4.95,2.687907469
4606,0.87764898,5.57,16.33,4.85,1.537019824
4607,0.015509948,12.12,5.25,4.85,0.256116235
4608,0.121215473,15.32,37.76,5.2,4.470559608
4609,7.557810166,6.44,9.57,5.05,0.950405117
4610,0.059521449,12.51,20.68,4.95,6.030151577
4611,0.138418983,12.51,20.68,5.0,1.802986728
4612,0.022481186,11.07,4.96,5.1,2.933599102
4613,0.822324799,17.69,9.99,4.9,3.557902642
4614,0.05061967,10.64,8.06,4.85,1.291720705
4615,1.17767377,8.47,28.12,5.15,3.455129667
4616,0.445227114,9.32,8.48,5.15,3.009742127
4617,0.053388058,7.23,15.34,4.95,1.109514504
4618,0.036718376,7.23,15.34,5.05,1.902277954
4619,1.896495048,12.39,7.05,4.9,0.228212181
4620,0.278823113,7.38,11.78,4.85,1.304923968
4621,0.545692646,19.8,18.97,4.9,0.835460601
4622,3.49964831,5.44,9.29,5.15,2.363387093
4623,0.415650496,5.44,9.29,5.0,1.94581245
4624,0.411375649,8.46,3.58,4.9,0.87718259
4625,0.019178219,22.65,31.54,5.15,5.397141808
4626,7.399787965,21.89,29.05,4.9,4.626860685
4627,0.289841621,12.24,21.58,5.15,1.520461045
4628,0.029240864,6.53,18.62,5.05,1.456437175
4629,0.079462598,6.47,9.68,4.9,0.640015351
4630,0.091243889,13.0,6.11,5.2,0.224078703
4631,0.128705953,9.84,18.48,4.85,4.525902297
4632,0.194246225,9.84,18.48,5.15,3.879500555
4633,0.012247876,5.97,22.32,5.0,4.131962408
4634,0.029733651,10.22,25.84,4.95,3.004620448
4635,2.644227518,7.39,4.31,4.95,1.164618116
4636,3.671437856,7.39,4.31,5.05,0.175450523
4637,0.152111742,6.75,2.34,4.95,0.566527126
4638,0.555028394,12.16,25.65,5.2,3.955842781
4639,0.939398628,12.16,25.65,5.15,5.098102616
4640,0.775918468,11.12,9.62,4.85,2.672929366
4641,1.018153456,9.44,10.73,5.1,3.945560519
4642,2.642109024,15.27,31.46,4.9,0.755745638
4643,0.020639959,9.62,13.87,4.9,2.556477605
4644,0.57341476,9.62,13.87,5.15,1.454610991
4645,0.1019308,11.54,20.66,5.15,5.075761198
4646,0.178718096,15.1,14.47,5.05,5.361267391
4647,4.683888287,10.99,23.17,5.1,3.607971686
4648,0.198672827,13.66,22.98,5.2,5.289734448
4649,0.470526335,13.66,22.98,5.2,6.357175054
4650,0.011814179,13.66,22.98,5.2,3.269212538
4651,0.045121786,6.59,14.24,4.9,3.586147094
4652,0.034283449,7.11,5.7,5.2,2.779551197
4653,0.211737412,7.11,5.7,4.9,1.634448278
4654,0.235263935,12.42,13.65,5.2,3.382556212
4655,0.767158326,8.05,5.49,4.85,0.204303107
4656,1.968313686,5.79,5.84,5.2,0.528506491
4657,1.240711357,10.18,18.47,5.05,1.925113218
4658,0.204537333,6.7,6.83,4.95,0.262024097
4659,2.186011315,6.7,6.83,5.1,0.998992832
4660,1.070590648,9.72,14.93,4.9,2.000303034
4661,2.406144886,27.82,35.43,5.2,7.704874877
4662,4.368217191,7.33,23.02,5.2,4.918446275
4663,0.034858422,7.33,23.02,5.15,4.45987309
4664,0.239667724,7.33,23.02,5.2,5.016691313
4665,1.191417462,12.23,13.4,4.95,1.855171745
4666,0.039533272,12.23,13.4,5.1,2.788450025
4667,0.936943369,5.9,3.51,4.85,0.500109184
4668,0.08843886,13.51,16.27,4.85,1.969494095
4669,0.2825186,13.51,16.27,4.95,0.727190538
4670,0.041615013,13.51,16.27,5.2,4.907850766
4671,0.04450756,11.42,12.0,5.2,3.736547032
4672,0.089872737,18.57,28.65,4.9,3.008634857
4673,1.868133288,7.17,15.54,4.85,0.665274353
4674,3.952400728,9.51,10.9,4.9,0.055766805
4675,0.842073477,9.51,10.9,4.95,2.320420709
4676,0.104514029,16.02,13.49,5.1,0.398771093
4677,0.091794122,16.02,13.49,4.85,3.71035924
4678,0.1153143,9.63,10.13,4.95,4.07708623
4679,0.396044657,9.63,10.13,5.2,2.573057288
4680,0.742337006,7.89,13.6,5.2,0.077566168
4681,3.940184794,13.89,5.73,4.85,1.23651468
4682,0.022739193,14.12,24.25,5.15,3.815066402
4683,0.677539978,8.58,4.5,5.0,1.394009751
4684,0.185083688,8.58,4.5,4.95,1.542368783
4685,0.013708345,9.83,14.51,5.2,2.753336091
4686,0.020018956,9.83,14.51,5.1,2.343677479
4687,0.193615908,20.45,23.97,5.1,5.82677384
4688,0.013051456,11.01,13.09,5.05,1.44437405
4689,0.048926035,11.01,13.09,5.2,5.066471272
4690,0.053490515,6.17,8.46,5.2,2.930127393
4691,0.048379249,10.85,7.23,4.85,3.468488498
4692,1.616134045,10.85,7.23,5.05,3.335785481
4693,0.211903681,10.85,7.23,4.9,0.691704316
4694,0.182158446,14.56,15.45,5.15,2.017482701
4695,0.271169205,4.6,2.49,5.15,2.137420094
4696,3.686591666,4.6,2.49,4.85,0.145237236
4697,6.179804722,10.88,9.75,5.0,0.319123326
4698,3.051568447,10.88,9.75,4.85,1.339773705
4699,0.592450902,11.66,15.05,5.15,3.130322608
4700,0.019005533,4.99,13.72,5.2,4.260734175
4701,0.090201848,8.26,4.17,4.85,3.24446284
4702,0.077951996,11.35,7.31,5.15,2.680739607
4703,0.319223641,7.97,15.48,5.15,2.978901324
4704,0.013681365,10.11,23.52,4.95,2.481306706
4705,0.165199698,6.29,15.19,4.9,1.64767841
4706,0.032371513,7.31,7.5,4.85,1.891602357
4707,0.261217053,19.76,35.62,5.2,4.468367906
4708,1.362481385,8.06,10.07,5.2,2.848321515
4709,0.084967579,9.11,4.89,5.15,2.623421909
4710,0.267125411,23.84,11.02,4.85,4.65837449
4711,0.866913939,8.36,21.45,5.2,1.599265503
4712,0.155712435,9.43,10.56,5.15,2.816220425
4713,0.040661802,21.7,23.64,5.15,0.543053577
4714,0.080509181,21.7,23.64,4.85,0.239018125
4715,0.012314256,11.64,20.5,5.05,5.088092993
4716,0.595297388,11.64,20.5,5.1,2.001905789
4717,0.125312943,11.22,9.61,5.2,3.381638711
4718,2.060740196,10.83,20.92,4.9,3.110719904
4719,0.738112938,9.01,6.79,5.05,3.25085774
4720,0.680811337,8.11,12.39,5.05,1.125234502
4721,1.966532194,8.11,12.39,5.0,0.183628753
4722,0.238754773,16.31,8.01,4.95,3.048639721
4723,0.241150508,12.05,7.5,4.95,5.155738206
4724,0.266342413,10.1,16.24,4.9,1.987607706
4725,0.363011892,9.67,30.98,4.95,3.288914576
4726,0.853919746,19.34,41.99,5.05,6.15584459
4727,0.178947007,6.55,9.87,4.85,1.438567847
4728,0.042586862,10.42,22.42,5.0,3.347257705
4729,0.478794802,23.41,19.21,4.95,3.1029669
4730,0.133290602,7.92,8.58,4.85,0.616819131
4731,0.163369908,6.26,4.53,4.9,1.489169061
4732,0.310806343,6.26,4.53,5.0,1.349353585
4733,0.045753343,7.01,27.09,5.1,3.169798473
4734,4.680545382,7.44,2.4,4.9,0.32136513
4735,0.710142269,23.27,26.72,5.1,3.186956044
4736,0.012093535,10.01,10.4,5.1,5.447684899
4737,0.880732663,9.91,16.99,4.9,4.009403447
4738,0.138076504,10.21,8.14,4.9,0.813909537
4739,0.930260565,7.3,25.84,5.2,3.18658929
4740,0.011321191,7.56,7.42,5.2,1.560620269
4741,5.733421831,8.46,5.74,4.95,1.19078225
4742,3.058176425,7.9,7.76,4.9,1.616251393
4743,0.228040543,8.75,10.38,4.9,0.267279374
4744,0.026442541,11.18,11.35,4.85,1.274380779
4745,0.147698353,9.04,13.89,5.0,1.40697946
4746,0.887279814,8.72,18.12,5.1,2.040760882
4747,0.401988059,4.88,2.58,4.85,0.928548717
4748,0.170953607,16.62,25.53,5.05,3.136913636
4749,0.842458416,8.8,11.86,4.95,0.708986634
4750,0.024008089,16.31,25.16,5.15,2.289082612
4751,0.487655706,10.95,7.05,4.85,0.598043684
4752,0.244117788,10.79,9.25,5.0,1.755773359
4753,0.049904837,9.3,14.05,5.0,1.501534254
4754,0.408999697,7.19,17.62,4.9,0.744359336
4755,0.023807951,7.19,17.62,4.95,2.73426111
4756,0.019398862,11.12,12.35,4.95,1.529747081
4757,1.822818381,13.36,17.41,5.2,1.053817667
4758,0.193800942,11.36,20.69,4.9,3.403591729
4759,0.458706931,11.36,20.69,5.0,4.699659337
4760,0.382644945,9.21,28.31,5.1,3.977463464
4761,0.203578432,22.22,18.01,4.9,3.332409251
4762,0.620920453,9.54,17.75,5.15,2.639261107
4763,0.013047013,9.98,5.61,5.1,1.237529252
4764,0.090675356,7.95,6.23,5.15,1.912945692
4765,1.331752425,7.53,2.75,4.9,1.902507558
4766,0.02170398,5.96,2.73,4.85,0.648941319
4767,0.090384441,13.04,5.22,5.1,1.117918747
4768,0.033081698,11.19,10.31,5.0,0.779694203
4769,0.016134637,9.83,13.05,5.2,1.230208321
4770,2.770670977,7.41,7.68,5.05,0.457870219
4771,0.130991837,14.23,5.79,4.85,0.016341388
4772,1.531757147,7.45,12.99,4.9,0.603166997
4773,1.581216512,13.0,17.3,5.05,4.644686919
4774,0.041884044,12.94,17.47,4.85,2.246965207
4775,0.037501214,12.94,17.47,5.2,1.154126605
4776,0.031283895,19.47,26.04,5.0,3.410077728
4777,0.296261576,11.91,4.24,5.0,4.872670511
4778,1.122588486,11.91,4.24,4.85,0.683149343
4779,1.543322766,8.12,17.28,5.05,2.168238957
4780,0.029533065,9.34,9.19,4.85,0.093516145
4781,0.605965332,13.57,5.37,5.1,1.970079336
4782,0.460978809,11.62,22.74,4.9,3.098442196
4783,0.109375065,11.01,20.81,5.2,1.828821986
4784,0.45626566,23.5,11.3,4.85,4.411268399
4785,0.20850591,12.62,29.35,5.1,3.576715868
4786,2.480232538,8.15,14.32,5.0,1.597805526
4787,1.795653429,8.58,17.76,5.1,2.240007991
4788,0.124574955,7.7,10.05,5.0,2.762273738
4789,0.03748288,7.7,10.05,4.85,2.09245819
4790,0.044477089,4.95,2.35,5.1,1.791073205
4791,0.660263029,9.52,6.6,4.9,2.067955849
4792,0.023712949,4.99,3.94,5.15,0.29497867
4793,0.631213933,11.41,6.63,5.15,2.407512442
4794,1.494731547,12.57,7.33,4.9,3.784224995
4795,0.011885888,7.78,12.79,4.95,2.705366221
4796,0.120490866,19.28,10.82,5.05,3.00959501
4797,0.012467009,6.18,28.01,5.1,2.597459207
4798,2.409770644,8.89,4.6,4.95,0.945971118
4799,5.469193281,14.03,10.12,4.95,0.881672667
4800,0.997587227,8.74,11.03,5.1,3.129250854
4801,0.027644779,12.15,31.32,5.2,5.846943642
4802,1.037099385,5.34,2.29,4.85,1.06109677
4803,1.056710169,10.75,13.6,5.05,0.66360045
4804,0.020784498,9.5,19.45,5.2,3.208781166
4805,0.069346484,9.5,19.45,4.9,1.150102673
4806,0.420817131,25.7,23.92,5.05,3.684251457
4807,0.067006966,24.74,17.21,4.95,1.348815816
4808,3.431521003,5.69,11.74,4.85,0.481663832
4809,0.074482164,11.33,11.67,4.9,1.383873416
4810,0.927353845,17.48,11.9,4.95,1.091396433
4811,2.990622141,6.51,4.99,4.95,0.016879947
4812,1.321089642,13.05,18.34,5.1,4.292230932
4813,0.205427735,10.61,20.9,5.2,4.9770447
4814,1.232831808,10.61,20.9,5.15,2.463480077
4815,0.230792889,10.97,22.61,5.15,4.161735691
4816,0.094381803,5.66,19.32,4.95,2.540703655
4817,2.338285357,5.66,19.32,5.2,2.493895661
4818,0.854265482,6.03,5.39,4.85,0.470857399
4819,1.030672495,5.1,2.21,5.0,0.89436474
4820,1.203485099,13.6,17.16,5.0,0.796514341
4821,16.82032731,5.27,8.52,5.05,1.81330106
4822,1.206511749,6.16,12.81,5.15,0.597065448
4823,0.04311527,6.16,12.81,4.85,2.343134696
4824,0.029983144,13.69,12.83,4.9,2.224988407
4825,0.024026496,9.04,12.65,4.85,2.173534297
4826,1.097051982,15.8,24.37,4.95,1.675675441
4827,0.543441321,8.36,18.63,4.9,0.552486456
4828,0.320302735,5.65,13.47,5.15,2.929239218
4829,0.413757919,14.56,8.19,4.9,0.971449197
4830,0.027005506,7.94,11.59,5.05,2.85416461
4831,0.186023937,9.82,8.76,4.95,3.779289939
4832,1.16020373,8.04,8.74,4.9,0.303167439
4833,0.87244277,7.53,5.37,4.95,0.512736113
4834,0.033764139,12.12,27.72,5.2,4.085965984
4835,0.014359941,10.35,9.33,5.0,3.842189677
4836,0.021506641,8.14,3.82,4.85,1.224375343
4837,1.551901965,7.39,2.34,4.9,0.505524003
4838,0.18928984,14.39,16.41,4.85,1.159093555
4839,1.139231079,7.46,15.91,5.2,3.220650243
4840,0.25780462,6.8,7.38,4.9,0.348487125
4841,1.151853574,9.8,3.93,4.85,0.852916877
4842,0.047627487,9.21,3.28,5.05,0.243530201
4843,0.071071209,7.76,11.38,5.2,2.094282626
4844,0.33345799,19.21,40.44,5.15,5.565123802
4845,1.13412705,13.66,14.93,4.85,0.630706156
4846,0.167173431,13.66,14.93,4.95,2.910574724
4847,0.134413139,14.39,30.3,5.1,4.413248483
4848,0.064005717,8.74,5.42,4.95,1.734589204
4849,0.230134662,7.75,14.07,5.15,2.164257732
4850,0.216658995,12.39,4.36,4.85,1.329544221
4851,0.426062261,8.99,3.12,4.9,0.733901686
4852,2.515425003,10.61,17.49,5.2,0.123306006
4853,0.015184798,12.66,9.91,4.95,2.708619446
4854,0.134753364,10.26,18.39,5.05,2.178610818
4855,0.064039222,6.14,4.13,4.85,1.651814602
4856,0.011314479,10.17,16.96,4.9,1.26382847
4857,0.031266748,10.17,16.96,4.9,1.979011249
4858,0.170691293,10.79,30.4,5.0,4.340192035
4859,0.020339528,12.55,12.23,5.15,2.298544351
4860,1.332417763,14.18,11.03,5.2,2.507156134
4861,4.548147573,26.53,24.5,4.95,5.089050901
4862,0.027407095,7.42,9.06,5.2,4.331009714
4863,0.041153494,5.74,7.81,5.1,0.821797715
4864,3.944110494,16.67,21.43,5.05,2.984251775
4865,0.070292581,6.7,9.04,5.05,0.329091568
4866,0.044601872,8.56,6.32,5.2,3.539637255
4867,0.047443842,7.97,22.6,5.15,3.707134262
4868,0.832448068,9.82,15.77,5.05,2.7311696
4869,5.868512071,9.82,15.77,4.9,3.99384953
4870,0.798948166,15.96,24.26,4.9,3.556762095
4871,0.032269561,6.68,2.74,4.85,1.520959765
4872,0.111057103,13.69,15.14,4.95,0.917993677
4873,4.161440436,15.35,19.92,5.05,2.532229379
4874,0.256353434,6.5,8.78,5.2,0.58180098
4875,0.883260949,8.45,8.43,5.0,1.711837339
4876,2.040211137,11.93,17.71,4.9,0.661610166
4877,0.092687974,7.81,25.39,5.2,1.790836191
4878,3.839240515,12.62,27.72,5.15,3.042725376
4879,0.083256403,7.43,4.63,5.05,0.138652182
4880,0.014548961,13.32,27.65,5.0,2.535604462
4881,0.026769892,13.32,27.65,5.05,2.818923309
4882,0.484355034,13.77,14.0,4.95,0.565216923
4883,0.26006059,13.77,14.0,5.15,0.231283863
4884,0.341843311,15.46,41.01,5.15,5.620643063
4885,1.453268344,9.06,19.58,4.85,0.940691149
4886,2.107251531,17.94,40.63,5.2,6.231724237
4887,0.021791956,8.27,5.99,5.05,3.189436025
4888,0.036197161,10.17,6.61,5.0,1.294213923
4889,0.531700414,9.46,17.42,4.9,1.550712951
4890,2.633775452,13.58,11.37,5.2,0.62907523
4891,0.031781487,9.42,9.55,4.9,1.788430918
4892,0.126685442,7.68,5.74,4.85,2.414907866
4893,0.068183473,11.3,10.38,5.05,0.18014904
4894,0.801708003,11.3,10.38,5.15,0.719878707
4895,0.182553588,7.14,16.05,5.0,1.320394603
4896,0.357160013,17.46,22.2,4.9,1.433867134
4897,0.015318148,11.58,6.92,4.9,1.328013411
4898,0.249185501,8.28,2.83,5.15,0.215708767
4899,0.265062456,4.74,4.43,4.9,1.577859343
4900,0.055845613,13.67,6.46,4.85,0.390755573
4901,0.082768451,12.92,32.44,5.15,2.408794727
4902,0.022049603,14.04,25.29,5.2,6.279903929
4903,0.802721476,8.13,8.68,4.85,1.153393794
4904,2.141822029,10.55,7.11,4.9,0.667663882
4905,1.193508903,13.14,7.32,5.2,1.575958519
4906,2.072965952,14.47,10.31,5.1,0.263065267
4907,0.56954243,14.47,10.31,4.9,2.355828708
4908,0.84277057,9.75,9.43,4.9,0.629341937
4909,0.91026481,19.99,6.92,4.95,2.877996429
4910,0.654928323,12.55,7.05,5.05,0.994174371
4911,0.843791769,13.06,30.63,5.2,5.345675897
4912,0.634225061,13.06,30.63,4.85,2.721834231
4913,0.5528133,8.9,7.46,5.1,1.393282568
4914,0.016579694,5.07,4.76,4.9,1.300793632
4915,0.195658036,7.98,5.87,4.85,1.60961783
4916,0.098083088,5.1,11.78,4.95,0.698227676
4917,0.511380417,9.18,6.16,4.9,0.988386929
4918,0.011627806,15.06,22.45,5.0,3.332789311
4919,0.31438582,8.38,5.36,4.9,1.318089689
4920,0.030599623,7.82,5.53,4.85,0.677668222
4921,0.071137533,16.82,16.79,4.95,1.083190142
4922,0.137120653,19.62,7.27,4.85,0.536781375
4923,0.131597825,10.59,5.67,5.2,3.610557364
4924,0.116745519,10.43,21.05,5.2,0.948348321
4925,1.797374211,16.27,27.32,5.0,1.692469366
4926,0.362409715,12.04,28.58,5.05,4.618335033
4927,0.459992039,9.25,22.8,5.15,1.232541119
4928,0.288529184,5.36,23.07,5.1,2.632266294
4929,1.010345415,10.16,4.8,4.9,0.046516344
4930,0.310588896,10.25,16.85,5.15,3.397615179
4931,0.015679889,6.49,30.26,5.2,5.013046607
4932,0.089374888,17.41,40.63,5.2,6.920321871
4933,0.021754447,8.39,27.26,5.2,2.872266941
4934,0.022720255,22.06,49.48,5.0,9.184067603
4935,7.024650249,6.75,13.1,4.85,0.659217092
4936,0.013324913,6.75,13.1,5.0,2.307520321
4937,3.341193772,16.35,23.58,4.9,0.410212263
4938,0.023142327,6.98,16.31,5.0,2.353602761
4939,0.477634118,12.75,18.1,4.85,0.875229805
4940,1.433609247,12.75,18.1,4.9,1.819247143
4941,3.874265363,7.97,5.59,4.85,0.698143173
4942,0.799891753,9.67,13.14,4.95,1.432479786
4943,1.134039016,10.62,9.83,5.0,1.017553856
4944,0.310437011,10.62,9.83,4.85,0.835821327
4945,0.261722821,13.27,14.48,5.2,2.399325004
4946,0.619259334,10.98,6.4,5.05,0.268291854
4947,0.045855747,5.89,11.76,5.1,1.622889447
4948,0.075872343,5.75,10.58,5.05,1.610557426
4949,0.190890479,5.75,10.58,5.15,1.315256321
4950,0.10611184,7.77,33.23,5.2,2.337243504
4951,0.676451899,12.0,7.65,4.9,0.181072462
4952,3.9352141,12.4,31.77,5.15,4.614633856
4953,1.29332363,6.73,13.5,4.85,1.398219684
4954,1.847404996,5.12,20.03,5.2,1.612373952
4955,0.194644316,11.62,29.79,5.2,3.303066645
4956,0.727925921,7.59,13.53,4.95,1.019871907
4957,0.031249561,9.22,15.1,5.05,1.361822486
4958,0.049665684,6.23,11.17,4.9,0.451714834
4959,0.163756303,13.8,34.89,5.15,3.892846904
4960,1.686565799,10.35,21.37,4.85,2.449728802
4961,0.169763292,16.82,22.76,5.05,1.601488438
4962,0.573117505,12.33,13.99,4.9,1.925535751
4963,0.132476423,12.33,13.99,5.15,0.846795985
4964,0.040992712,9.59,3.69,5.0,0.01093112
4965,9.424743497,8.53,23.67,5.2,3.254320096
4966,1.151636154,16.72,48.16,5.15,8.013099792
4967,0.62235325,8.12,3.06,4.9,0.569684723
4968,0.015907924,15.77,24.33,4.95,3.015355339
4969,0.053841604,10.65,23.21,4.9,2.102877446
4970,0.109082902,18.68,13.1,4.85,0.221153627
4971,1.614277864,24.18,19.7,5.0,1.347481335
4972,0.062601763,14.88,29.04,5.0,4.147848071
4973,0.277749568,7.02,4.6,5.0,0.651890977
4974,0.779775421,11.48,6.45,4.85,0.692570923
4975,0.097569844,9.58,9.56,4.9,2.245618068
4976,2.721808743,8.2,11.12,5.05,1.276055193
4977,5.232076388,5.53,5.47,4.85,0.301242857
4978,0.363731568,10.41,3.96,5.0,2.734387502
4979,0.03167495,13.3,15.33,4.9,1.229599928
4980,0.655920309,13.67,25.76,5.0,2.721712353
4981,1.726003058,10.32,15.68,4.85,1.24208003
4982,2.049330646,9.0,4.74,5.15,1.447346659
4983,0.024603204,8.4,14.91,5.2,2.375285895
4984,0.229569282,9.45,29.63,5.15,3.243212662
4985,5.450963612,6.14,16.26,5.1,3.093160306
4986,0.447153802,6.14,16.26,5.2,2.836085396
4987,6.879635199,8.59,7.64,4.95,2.298026012
4988,0.029745274,15.97,25.95,4.85,3.311190593
4989,5.801031547,6.72,6.29,4.85,0.54385913
4990,0.277660309,9.7,10.78,4.85,4.456902201
4991,0.071707033,7.96,8.78,4.95,4.095577009
4992,0.53040608,8.84,4.57,4.9,1.14311252
4993,0.907315486,11.91,18.98,5.15,1.063388274
4994,0.402933751,13.54,32.83,4.9,2.81864947
4995,1.52994742,9.67,13.13,4.85,0.135397772
4996,0.065485457,7.75,5.51,5.1,0.518741988
4997,0.064146343,16.69,28.34,5.15,4.473316516
4998,2.521256577,6.3,9.87,5.15,0.138272487
4999,0.097739246,6.3,9.87,4.9,0.991068659
5000,1.429094656,5.88,6.88,5.0,0.122524462
