video,trace,cp,lcd,s_t,e_t,t_kin,on_world_0.05,on_world_0.1,on_world_0.2,on_world_0.4,on_joint_0.05,on_joint_0.1,on_joint_0.2,on_joint_0.4,on_relative_0.05,on_relative_0.1,on_relative_0.2,on_relative_0.4,theta_e,theta_dot_e,theta_on_world_0.05,theta_on_world_0.1,theta_on_world_0.2,theta_on_world_0.4,theta_on_joint_0.05,theta_on_joint_0.1,theta_on_joint_0.2,theta_on_joint_0.4,theta_on_relative_0.05,theta_on_relative_0.1,theta_on_relative_0.2,theta_on_relative_0.4
LC_dv07_Tlc2p0_TTC02_CP1_S5p033_E15p033.mp4,LC_dv07_Tlc2p0_TTC02,CP1,2.0,5.033,15.033,15.267,15.233,15.3,15.433,15.667,15.233,15.3,15.433,15.667,15.233,15.3,15.433,15.667,0.3440543529212569,0.11241477375294628,0.36880465891906156,0.3781809868308557,0.3982541769248051,0.43909513994637933,0.36880465891906156,0.3781809868308557,0.3982541769248051,0.43909513994637933,0.36880465891906156,0.3781809868308557,0.3982541769248051,0.43909513994637933
LC_dv07_Tlc2p0_TTC02_CP2_S5p333_E15p333.mp4,LC_dv07_Tlc2p0_TTC02,CP2,2.0,5.333,15.333,15.267,15.233,15.3,15.433,15.667,15.233,15.3,15.433,15.667,15.233,15.3,15.433,15.667,0.38297102012383105,0.14003298673441986,0.36880465891906156,0.3781809868308557,0.3982541769248051,0.43909513994637933,0.36880465891906156,0.3781809868308557,0.3982541769248051,0.43909513994637933,0.36880465891906156,0.3781809868308557,0.3982541769248051,0.43909513994637933
LC_dv07_Tlc2p0_TTC02_CP3_S5p633_E15p633.mp4,LC_dv07_Tlc2p0_TTC02,CP3,2.0,5.633,15.633,15.267,15.233,15.3,15.433,15.667,15.233,15.3,15.433,15.667,15.233,15.3,15.433,15.667,0.4327351926898353,0.17789055654663938,0.36880465891906156,0.3781809868308557,0.3982541769248051,0.43909513994637933,0.36880465891906156,0.3781809868308557,0.3982541769248051,0.43909513994637933,0.36880465891906156,0.3781809868308557,0.3982541769248051,0.43909513994637933
LC_dv07_Tlc2p0_TTC02_CP4_S5p933_E15p933.mp4,LC_dv07_Tlc2p0_TTC02,CP4,2.0,5.933,15.933,15.267,15.233,15.3,15.433,15.667,15.233,15.3,15.433,15.667,15.233,15.3,15.433,15.667,0.49641586139220834,0.23255867528634802,0.36880465891906156,0.3781809868308557,0.3982541769248051,0.43909513994637933,0.36880465891906156,0.3781809868308557,0.3982541769248051,0.43909513994637933,0.36880465891906156,0.3781809868308557,0.3982541769248051,0.43909513994637933
LC_dv07_Tlc2p0_TTC02_CP5_S6p233_E16p233.mp4,LC_dv07_Tlc2p0_TTC02,CP5,2.0,6.233,16.233,15.267,15.233,15.3,15.433,15.667,15.233,15.3,15.433,15.667,15.233,15.3,15.433,15.667,0.5825043877806093,0.31738195750327014,0.36880465891906156,0.3781809868308557,0.3982541769248051,0.43909513994637933,0.36880465891906156,0.3781809868308557,0.3982541769248051,0.43909513994637933,0.36880465891906156,0.3781809868308557,0.3982541769248051,0.43909513994637933
LC_dv07_Tlc2p0_TTC03_CP1_S5p033_E15p033.mp4,LC_dv07_Tlc2p0_TTC03,CP1,2.0,5.033,15.033,15.267,15.233,15.3,15.433,15.667,15.233,15.3,15.433,15.667,15.233,15.3,15.433,15.667,0.2540194451727986,0.0615538167041092,0.26755712004857535,0.27225052015613926,0.2826088238202766,0.30245045345044935,0.26755712004857535,0.27225052015613926,0.2826088238202766,0.30245045345044935,0.26755712004857535,0.27225052015613926,0.2826088238202766,0.30245045345044935
LC_dv07_Tlc2p0_TTC03_CP2_S5p333_E15p333.mp4,LC_dv07_Tlc2p0_TTC03,CP2,2.0,5.333,15.333,15.267,15.233,15.3,15.433,15.667,15.233,15.3,15.433,15.667,15.233,15.3,15.433,15.667,0.274778671023275,0.07251783666433147,0.26755712004857535,0.27225052015613926,0.2826088238202766,0.30245045345044935,0.26755712004857535,0.27225052015613926,0.2826088238202766,0.30245045345044935,0.26755712004857535,0.27225052015613926,0.2826088238202766,0.30245045345044935
LC_dv07_Tlc2p0_TTC03_CP3_S5p633_E15p633.mp4,LC_dv07_Tlc2p0_TTC03,CP3,2.0,5.633,15.633,15.267,15.233,15.3,15.433,15.667,15.233,15.3,15.433,15.667,15.233,15.3,15.433,15.667,0.29944155822441026,0.07901935078599732,0.26755712004857535,0.27225052015613926,0.2826088238202766,0.30245045345044935,0.26755712004857535,0.27225052015613926,0.2826088238202766,0.30245045345044935,0.26755712004857535,0.27225052015613926,0.2826088238202766,0.30245045345044935
LC_dv07_Tlc2p0_TTC03_CP4_S5p933_E15p933.mp4,LC_dv07_Tlc2p0_TTC03,CP4,2.0,5.933,15.933,15.267,15.233,15.3,15.433,15.667,15.233,15.3,15.433,15.667,15.233,15.3,15.433,15.667,0.328355663311716,0.1027643365800674,0.26755712004857535,0.27225052015613926,0.2826088238202766,0.30245045345044935,0.26755712004857535,0.27225052015613926,0.2826088238202766,0.30245045345044935,0.26755712004857535,0.27225052015613926,0.2826088238202766,0.30245045345044935
LC_dv07_Tlc2p0_TTC03_CP5_S6p233_E16p233.mp4,LC_dv07_Tlc2p0_TTC03,CP5,2.0,6.233,16.233,15.267,15.233,15.3,15.433,15.667,15.233,15.3,15.433,15.667,15.233,15.3,15.433,15.667,0.36449613045345297,0.12643609383145735,0.26755712004857535,0.27225052015613926,0.2826088238202766,0.30245045345044935,0.26755712004857535,0.27225052015613926,0.2826088238202766,0.30245045345044935,0.26755712004857535,0.27225052015613926,0.2826088238202766,0.30245045345044935
LC_dv07_Tlc2p0_TTC04_CP1_S5p067_E15p067.mp4,LC_dv07_Tlc2p0_TTC04,CP1,2.0,5.067,15.067,15.233,15.2,15.267,15.4,15.667,15.2,15.267,15.4,15.667,15.2,15.267,15.4,15.667,0.20585611589543598,0.040499618127995476,0.2116694506066752,0.21474933657472925,0.22115903414255092,0.23501813543091185,0.2116694506066752,0.21474933657472925,0.22115903414255092,0.23501813543091185,0.2116694506066752,0.21474933657472925,0.22115903414255092,0.23501813543091185
LC_dv07_Tlc2p0_TTC04_CP2_S5p367_E15p367.mp4,LC_dv07_Tlc2p0_TTC04,CP2,2.0,5.367,15.367,15.233,15.2,15.267,15.4,15.667,15.2,15.267,15.4,15.667,15.2,15.267,15.4,15.667,0.2195147719162061,0.04638696351254821,0.2116694506066752,0.21474933657472925,0.22115903414255092,0.23501813543091185,0.2116694506066752,0.21474933657472925,0.22115903414255092,0.23501813543091185,0.2116694506066752,0.21474933657472925,0.22115903414255092,0.23501813543091185
LC_dv07_Tlc2p0_TTC04_CP3_S5p667_E15p667.mp4,LC_dv07_Tlc2p0_TTC04,CP3,2.0,5.667,15.667,15.233,15.2,15.267,15.4,15.667,15.2,15.267,15.4,15.667,15.2,15.267,15.4,15.667,0.23501813543091185,0.04881571949548748,0.2116694506066752,0.21474933657472925,0.22115903414255092,0.23501813543091185,0.2116694506066752,0.21474933657472925,0.22115903414255092,0.23501813543091185,0.2116694506066752,0.21474933657472925,0.22115903414255092,0.23501813543091185
LC_dv07_Tlc2p0_TTC04_CP4_S5p967_E15p967.mp4,LC_dv07_Tlc2p0_TTC04,CP4,2.0,5.967,15.967,15.233,15.2,15.267,15.4,15.667,15.2,15.267,15.4,15.667,15.2,15.267,15.4,15.667,0.2530681504340234,0.06136689046923321,0.2116694506066752,0.21474933657472925,0.22115903414255092,0.23501813543091185,0.2116694506066752,0.21474933657472925,0.22115903414255092,0.23501813543091185,0.2116694506066752,0.21474933657472925,0.22115903414255092,0.23501813543091185
LC_dv07_Tlc2p0_TTC04_CP5_S6p267_E16p267.mp4,LC_dv07_Tlc2p0_TTC04,CP5,2.0,6.267,16.267,15.233,15.2,15.267,15.4,15.667,15.2,15.267,15.4,15.667,15.2,15.267,15.4,15.667,0.2738647635770035,0.07168283343843168,0.2116694506066752,0.21474933657472925,0.22115903414255092,0.23501813543091185,0.2116694506066752,0.21474933657472925,0.22115903414255092,0.23501813543091185,0.2116694506066752,0.21474933657472925,0.22115903414255092,0.23501813543091185
LC_dv07_Tlc2p0_TTC05_CP1_S5p067_E15p067.mp4,LC_dv07_Tlc2p0_TTC05,CP1,2.0,5.067,15.067,15.233,15.2,15.267,15.4,15.667,15.2,15.267,15.4,15.667,15.2,15.267,15.4,15.667,0.16890281617420969,0.027295977691192668,0.17281724329742618,0.17485121995939426,0.17908286983488622,0.18818999018743512,0.17281724329742618,0.17485121995939426,0.17908286983488622,0.18818999018743512,0.17281724329742618,0.17485121995939426,0.17908286983488622,0.18818999018743512
LC_dv07_Tlc2p0_TTC05_CP2_S5p367_E15p367.mp4,LC_dv07_Tlc2p0_TTC05,CP2,2.0,5.367,15.367,15.233,15.2,15.267,15.4,15.667,15.2,15.267,15.4,15.667,15.2,15.267,15.4,15.667,0.17801851590726211,0.0308512429393966,0.17281724329742618,0.17485121995939426,0.17908286983488622,0.18818999018743512,0.17281724329742618,0.17485121995939426,0.17908286983488622,0.18818999018743512,0.17281724329742618,0.17485121995939426,0.17908286983488622,0.18818999018743512
LC_dv07_Tlc2p0_TTC05_CP4_S5p967_E15p967.mp4,LC_dv07_Tlc2p0_TTC05,CP4,2.0,5.967,15.967,15.233,15.2,15.267,15.4,15.667,15.2,15.267,15.4,15.667,15.2,15.267,15.4,15.667,0.19948471840299628,0.03820821709372559,0.17281724329742618,0.17485121995939426,0.17908286983488622,0.18818999018743512,0.17281724329742618,0.17485121995939426,0.17908286983488622,0.18818999018743512,0.17281724329742618,0.17485121995939426,0.17908286983488622,0.18818999018743512
LC_dv07_Tlc2p0_TTC07_CP1_S5p067_E15p067.mp4,LC_dv07_Tlc2p0_TTC07,CP1,2.0,5.067,15.067,15.233,15.2,15.267,15.4,15.667,15.2,15.267,15.4,15.667,15.2,15.267,15.4,15.667,0.12546096550878477,0.015076658480143681,0.12755853429863243,0.12867332747432703,0.13089865418716726,0.13565643679612527,0.12755853429863243,0.12867332747432703,0.13089865418716726,0.13565643679612527,0.12755853429863243,0.12867332747432703,0.13089865418716726,0.13565643679612527
LC_dv07_Tlc2p0_TTC07_CP3_S5p667_E15p667.mp4,LC_dv07_Tlc2p0_TTC07,CP3,2.0,5.667,15.667,15.233,15.2,15.267,15.4,15.667,15.2,15.267,15.4,15.667,15.2,15.267,15.4,15.667,0.13565643679612527,0.01773008914530109,0.12755853429863243,0.12867332747432703,0.13089865418716726,0.13565643679612527,0.12755853429863243,0.12867332747432703,0.13089865418716726,0.13565643679612527,0.12755853429863243,0.12867332747432703,0.13089865418716726,0.13565643679612527
LC_dv07_Tlc2p0_TTC07_CP5_S6p267_E16p267.mp4,LC_dv07_Tlc2p0_TTC07,CP5,2.0,6.267,16.267,15.233,15.2,15.267,15.4,15.667,15.2,15.267,15.4,15.667,15.2,15.267,15.4,15.667,0.1477563926181519,0.020958550642532714,0.12755853429863243,0.12867332747432703,0.13089865418716726,0.13565643679612527,0.12755853429863243,0.12867332747432703,0.13089865418716726,0.13565643679612527,0.12755853429863243,0.12867332747432703,0.13089865418716726,0.13565643679612527
LC_dv07_Tlc3p0_TTC02_CP1_S5p067_E15p067.mp4,LC_dv07_Tlc3p0_TTC02,CP1,3.0,5.067,15.067,15.3,15.233,15.367,15.567,15.933,15.233,15.367,15.567,15.933,15.233,15.367,15.567,15.933,0.3536543160836834,0.10897568397969336,0.37542258360296565,0.39495467874421164,0.4278913013681955,0.5051583217835602,0.37542258360296565,0.39495467874421164,0.4278913013681955,0.5051583217835602,0.37542258360296565,0.39495467874421164,0.4278913013681955,0.5051583217835602
LC_dv07_Tlc3p0_TTC02_CP2_S5p367_E15p367.mp4,LC_dv07_Tlc3p0_TTC02,CP2,3.0,5.367,15.367,15.3,15.233,15.367,15.567,15.933,15.233,15.367,15.567,15.933,15.233,15.367,15.567,15.933,0.39495467874421164,0.14930865439414254,0.37542258360296565,0.39495467874421164,0.4278913013681955,0.5051583217835602,0.37542258360296565,0.39495467874421164,0.4278913013681955,0.5051583217835602,0.37542258360296565,0.39495467874421164,0.4278913013681955,0.5051583217835602
LC_dv07_Tlc3p0_TTC02_CP3_S5p667_E15p667.mp4,LC_dv07_Tlc3p0_TTC02,CP3,3.0,5.667,15.667,15.3,15.233,15.367,15.567,15.933,15.233,15.367,15.567,15.933,15.233,15.367,15.567,15.933,0.4466819479402513,0.18882632785833497,0.37542258360296565,0.39495467874421164,0.4278913013681955,0.5051583217835602,0.37542258360296565,0.39495467874421164,0.4278913013681955,0.5051583217835602,0.37542258360296565,0.39495467874421164,0.4278913013681955,0.5051583217835602
LC_dv07_Tlc3p0_TTC02_CP4_S5p967_E15p967.mp4,LC_dv07_Tlc3p0_TTC02,CP4,3.0,5.967,15.967,15.3,15.233,15.367,15.567,15.933,15.233,15.367,15.567,15.933,15.233,15.367,15.567,15.933,0.5135210719068343,0.24809080664506697,0.37542258360296565,0.39495467874421164,0.4278913013681955,0.5051583217835602,0.37542258360296565,0.39495467874421164,0.4278913013681955,0.5051583217835602,0.37542258360296565,0.39495467874421164,0.4278913013681955,0.5051583217835602
LC_dv07_Tlc3p0_TTC02_CP5_S6p267_E16p267.mp4,LC_dv07_Tlc3p0_TTC02,CP5,3.0,6.267,16.267,15.3,15.233,15.367,15.567,15.933,15.233,15.367,15.567,15.933,15.233,15.367,15.567,15.933,0.6042982887707917,0.34045917925502506,0.37542258360296565,0.39495467874421164,0.4278913013681955,0.5051583217835602,0.37542258360296565,0.39495467874421164,0.4278913013681955,0.5051583217835602,0.37542258360296565,0.39495467874421164,0.4278913013681955,0.5051583217835602
LC_dv07_Tlc3p0_TTC03_CP1_S5p067_E15p067.mp4,LC_dv07_Tlc3p0_TTC03,CP1,3.0,5.067,15.067,15.267,15.233,15.333,15.533,15.9,15.233,15.333,15.533,15.9,15.233,15.333,15.533,15.9,0.2590618282728796,0.06400798829401504,0.2704617838522856,0.27792365122519,0.29414529968065756,0.32909539750035943,0.2704617838522856,0.27792365122519,0.29414529968065756,0.32909539750035943,0.2704617838522856,0.27792365122519,0.29414529968065756,0.32909539750035943
LC_dv07_Tlc3p0_TTC03_CP2_S5p367_E15p367.mp4,LC_dv07_Tlc3p0_TTC03,CP2,3.0,5.367,15.367,15.267,15.233,15.333,15.533,15.9,15.233,15.333,15.533,15.9,15.233,15.333,15.533,15.9,0.28051652579067143,0.07526719626899675,0.2704617838522856,0.27792365122519,0.29414529968065756,0.32909539750035943,0.2704617838522856,0.27792365122519,0.29414529968065756,0.32909539750035943,0.2704617838522856,0.27792365122519,0.29414529968065756,0.32909539750035943
LC_dv07_Tlc3p0_TTC03_CP3_S5p667_E15p667.mp4,LC_dv07_Tlc3p0_TTC03,CP3,3.0,5.667,15.667,15.267,15.233,15.333,15.533,15.9,15.233,15.333,15.533,15.9,15.233,15.333,15.533,15.9,0.30606225057078223,0.08943871212108964,0.2704617838522856,0.27792365122519,0.29414529968065756,0.32909539750035943,0.2704617838522856,0.27792365122519,0.29414529968065756,0.32909539750035943,0.2704617838522856,0.27792365122519,0.29414529968065756,0.32909539750035943
LC_dv07_Tlc3p0_TTC03_CP4_S5p967_E15p967.mp4,LC_dv07_Tlc3p0_TTC03,CP4,3.0,5.967,15.967,15.267,15.233,15.333,15.533,15.9,15.233,15.333,15.533,15.9,15.233,15.333,15.533,15.9,0.33638045249823834,0.10780067688326078,0.2704617838522856,0.27792365122519,0.29414529968065756,0.32909539750035943,0.2704617838522856,0.27792365122519,0.29414529968065756,0.32909539750035943,0.2704617838522856,0.27792365122519,0.29414529968065756,0.32909539750035943
LC_dv07_Tlc3p0_TTC03_CP5_S6p267_E16p267.mp4,LC_dv07_Tlc3p0_TTC03,CP5,3.0,6.267,16.267,15.267,15.233,15.333,15.533,15.9,15.233,15.333,15.533,15.9,15.233,15.333,15.533,15.9,0.3737278544936556,0.1326994337778943,0.2704617838522856,0.27792365122519,0.29414529968065756,0.32909539750035943,0.2704617838522856,0.27792365122519,0.29414529968065756,0.32909539750035943,0.2704617838522856,0.27792365122519,0.29414529968065756,0.32909539750035943
LC_dv07_Tlc3p0_TTC04_CP1_S5p033_E15p033.mp4,LC_dv07_Tlc3p0_TTC04,CP1,3.0,5.033,15.033,15.3,15.267,15.367,15.567,15.933,15.267,15.367,15.567,15.933,15.267,15.367,15.533,15.933,0.20211090280314595,0.03904435021697478,0.21200201973562194,0.21644691488132792,0.22607999420881122,0.24608918267297125,0.21200201973562194,0.21644691488132792,0.22607999420881122,0.24608918267297125,0.21200201973562194,0.21644691488132792,0.2244955946083655,0.24608918267297125
LC_dv07_Tlc3p0_TTC04_CP2_S5p333_E15p333.mp4,LC_dv07_Tlc3p0_TTC04,CP2,3.0,5.333,15.333,15.3,15.267,15.367,15.567,15.933,15.267,15.367,15.567,15.933,15.267,15.367,15.533,15.933,0.21492034470880378,0.04075667014523066,0.21200201973562194,0.21644691488132792,0.22607999420881122,0.24608918267297125,0.21200201973562194,0.21644691488132792,0.22607999420881122,0.24608918267297125,0.21200201973562194,0.21644691488132792,0.2244955946083655,0.24608918267297125
LC_dv07_Tlc3p0_TTC04_CP3_S5p633_E15p633.mp4,LC_dv07_Tlc3p0_TTC04,CP3,3.0,5.633,15.633,15.3,15.267,15.367,15.567,15.933,15.267,15.367,15.567,15.933,15.267,15.367,15.533,15.933,0.22951144819939226,0.05046616581164891,0.21200201973562194,0.21644691488132792,0.22607999420881122,0.24608918267297125,0.21200201973562194,0.21644691488132792,0.22607999420881122,0.24608918267297125,0.21200201973562194,0.21644691488132792,0.2244955946083655,0.24608918267297125
LC_dv07_Tlc3p0_TTC04_CP4_S5p933_E15p933.mp4,LC_dv07_Tlc3p0_TTC04,CP4,3.0,5.933,15.933,15.3,15.267,15.367,15.567,15.933,15.267,15.367,15.567,15.933,15.267,15.367,15.533,15.933,0.24608918267297125,0.053307316912511775,0.21200201973562194,0.21644691488132792,0.22607999420881122,0.24608918267297125,0.21200201973562194,0.21644691488132792,0.22607999420881122,0.24608918267297125,0.21200201973562194,0.21644691488132792,0.2244955946083655,0.24608918267297125
LC_dv07_Tlc3p0_TTC04_CP5_S6p233_E16p233.mp4,LC_dv07_Tlc3p0_TTC04,CP5,3.0,6.233,16.233,15.3,15.267,15.367,15.567,15.933,15.267,15.367,15.567,15.933,15.267,15.367,15.533,15.933,0.26556793437494647,0.06739323196200457,0.21200201973562194,0.21644691488132792,0.22607999420881122,0.24608918267297125,0.21200201973562194,0.21644691488132792,0.22607999420881122,0.24608918267297125,0.21200201973562194,0.21644691488132792,0.2244955946083655,0.24608918267297125
LC_dv07_Tlc3p0_TTC05_CP1_S5p067_E15p067.mp4,LC_dv07_Tlc3p0_TTC05,CP1,3.0,5.067,15.067,15.267,15.233,15.333,15.5,15.9,15.233,15.333,15.5,15.9,15.233,15.333,15.5,15.9,0.1693425054238453,0.027437936692619864,0.1741411504323724,0.17721601099350523,0.18258282133471193,0.19672051121901687,0.1741411504323724,0.17721601099350523,0.18258282133471193,0.19672051121901687,0.1741411504323724,0.17721601099350523,0.18258282133471193,0.19672051121901687
LC_dv07_Tlc3p0_TTC05_CP3_S5p667_E15p667.mp4,LC_dv07_Tlc3p0_TTC05,CP3,3.0,5.667,15.667,15.267,15.233,15.333,15.5,15.9,15.233,15.333,15.5,15.9,15.233,15.333,15.5,15.9,0.18820875457897324,0.033929392665989204,0.1741411504323724,0.17721601099350523,0.18258282133471193,0.19672051121901687,0.1741411504323724,0.17721601099350523,0.18258282133471193,0.19672051121901687,0.1741411504323724,0.17721601099350523,0.18258282133471193,0.19672051121901687
LC_dv07_Tlc3p0_TTC05_CP5_S6p267_E16p267.mp4,LC_dv07_Tlc3p0_TTC05,CP5,3.0,6.267,16.267,15.267,15.233,15.333,15.5,15.9,15.233,15.333,15.5,15.9,15.233,15.333,15.5,15.9,0.21195444613162634,0.04302070491579351,0.1741411504323724,0.17721601099350523,0.18258282133471193,0.19672051121901687,0.1741411504323724,0.17721601099350523,0.18258282133471193,0.19672051121901687,0.1741411504323724,0.17721601099350523,0.18258282133471193,0.19672051121901687
LC_dv07_Tlc3p0_TTC06_CP1_S5p067_E15p067.mp4,LC_dv07_Tlc3p0_TTC06,CP1,3.0,5.067,15.067,15.267,15.2,15.333,15.533,15.9,15.2,15.333,15.533,15.9,15.2,15.333,15.533,15.9,0.13500543241168994,0.017531575055871006,0.13742683330749186,0.1399884940857442,0.14400937878221365,0.15194771242857327,0.13742683330749186,0.1399884940857442,0.14400937878221365,0.15194771242857327,0.13742683330749186,0.1399884940857442,0.14400937878221365,0.15194771242857327
LC_dv07_Tlc3p0_TTC06_CP2_S5p367_E15p367.mp4,LC_dv07_Tlc3p0_TTC06,CP2,3.0,5.367,15.367,15.267,15.2,15.333,15.533,15.9,15.2,15.333,15.533,15.9,15.2,15.333,15.533,15.9,0.14063600681455865,0.019011470160674112,0.13742683330749186,0.1399884940857442,0.14400937878221365,0.15194771242857327,0.13742683330749186,0.1399884940857442,0.14400937878221365,0.15194771242857327,0.13742683330749186,0.1399884940857442,0.14400937878221365,0.15194771242857327
LC_dv07_Tlc3p0_TTC06_CP4_S5p967_E15p967.mp4,LC_dv07_Tlc3p0_TTC06,CP4,3.0,5.967,15.967,15.267,15.2,15.333,15.533,15.9,15.2,15.333,15.533,15.9,15.2,15.333,15.533,15.9,0.15350628464881727,0.022618213183999765,0.13742683330749186,0.1399884940857442,0.14400937878221365,0.15194771242857327,0.13742683330749186,0.1399884940857442,0.14400937878221365,0.15194771242857327,0.13742683330749186,0.1399884940857442,0.14400937878221365,0.15194771242857327
LC_dv07_Tlc4p0_TTC02_CP1_S5p067_E15p067.mp4,LC_dv07_Tlc4p0_TTC02,CP1,4.0,5.067,15.067,15.267,15.233,15.4,15.667,18.867,15.233,15.4,15.667,18.733,15.233,15.4,15.667,18.367,0.3559710767639389,0.12025307090463985,0.37758118697866294,0.40245583265481766,0.44972593111938014,3.03118422459992,0.37758118697866294,0.40245583265481766,0.44972593111938014,3.0905941454520347,0.37758118697866294,0.40245583265481766,0.44972593111938014,3.1394672558776637
LC_dv07_Tlc4p0_TTC02_CP2_S5p367_E15p367.mp4,LC_dv07_Tlc4p0_TTC02,CP2,4.0,5.367,15.367,15.267,15.233,15.4,15.667,18.867,15.233,15.4,15.667,18.733,15.233,15.4,15.667,18.367,0.3972586295515876,0.14970854979524845,0.37758118697866294,0.40245583265481766,0.44972593111938014,3.03118422459992,0.37758118697866294,0.40245583265481766,0.44972593111938014,3.0905941454520347,0.37758118697866294,0.40245583265481766,0.44972593111938014,3.1394672558776637
LC_dv07_Tlc4p0_TTC02_CP3_S5p667_E15p667.mp4,LC_dv07_Tlc4p0_TTC02,CP3,4.0,5.667,15.667,15.267,15.233,15.4,15.667,18.867,15.233,15.4,15.667,18.733,15.233,15.4,15.667,18.367,0.44972593111938014,0.19104799944437142,0.37758118697866294,0.40245583265481766,0.44972593111938014,3.03118422459992,0.37758118697866294,0.40245583265481766,0.44972593111938014,3.0905941454520347,0.37758118697866294,0.40245583265481766,0.44972593111938014,3.1394672558776637
LC_dv07_Tlc4p0_TTC02_CP4_S5p967_E15p967.mp4,LC_dv07_Tlc4p0_TTC02,CP4,4.0,5.967,15.967,15.267,15.233,15.4,15.667,18.867,15.233,15.4,15.667,18.733,15.233,15.4,15.667,18.367,0.5178047972854147,0.25340769204007396,0.37758118697866294,0.40245583265481766,0.44972593111938014,3.03118422459992,0.37758118697866294,0.40245583265481766,0.44972593111938014,3.0905941454520347,0.37758118697866294,0.40245583265481766,0.44972593111938014,3.1394672558776637
LC_dv07_Tlc4p0_TTC02_CP5_S6p267_E16p267.mp4,LC_dv07_Tlc4p0_TTC02,CP5,4.0,6.267,16.267,15.267,15.233,15.4,15.667,18.867,15.233,15.4,15.667,18.733,15.233,15.4,15.667,18.367,0.6084664326108075,0.34483500870027817,0.37758118697866294,0.40245583265481766,0.44972593111938014,3.03118422459992,0.37758118697866294,0.40245583265481766,0.44972593111938014,3.0905941454520347,0.37758118697866294,0.40245583265481766,0.44972593111938014,3.1394672558776637
LC_dv07_Tlc4p0_TTC03_CP1_S5p067_E15p067.mp4,LC_dv07_Tlc4p0_TTC03,CP1,4.0,5.067,15.067,15.267,15.267,15.4,15.667,,15.267,15.4,15.667,19.733,15.267,15.4,15.667,19.333,0.25984432425579035,0.06428603856539754,0.27350879000132355,0.28370911855734937,0.3063093802346252,,0.27350879000132355,0.28370911855734937,0.3063093802346252,2.9382578786519744,0.27350879000132355,0.28370911855734937,0.3063093802346252,2.9004722642855727
LC_dv07_Tlc4p0_TTC03_CP2_S5p367_E15p367.mp4,LC_dv07_Tlc4p0_TTC03,CP2,4.0,5.367,15.367,15.267,15.267,15.4,15.667,,15.267,15.4,15.667,19.733,15.267,15.4,15.667,19.333,0.2810992605297226,0.07545304231382474,0.27350879000132355,0.28370911855734937,0.3063093802346252,,0.27350879000132355,0.28370911855734937,0.3063093802346252,2.9382578786519744,0.27350879000132355,0.28370911855734937,0.3063093802346252,2.9004722642855727
LC_dv07_Tlc4p0_TTC03_CP3_S5p667_E15p667.mp4,LC_dv07_Tlc4p0_TTC03,CP3,4.0,5.667,15.667,15.3,15.267,15.4,15.667,,15.267,15.4,15.667,19.733,15.267,15.4,15.667,19.333,0.3063093802346252,0.08928528013877327,0.27350879000132355,0.28370911855734937,0.3063093802346252,,0.27350879000132355,0.28370911855734937,0.3063093802346252,2.9382578786519744,0.27350879000132355,0.28370911855734937,0.3063093802346252,2.9004722642855727
LC_dv07_Tlc4p0_TTC03_CP4_S5p967_E15p967.mp4,LC_dv07_Tlc4p0_TTC03,CP4,4.0,5.967,15.967,15.3,15.267,15.4,15.667,,15.267,15.4,15.667,19.733,15.267,15.4,15.667,19.333,0.3363209045569913,0.09901086132286575,0.27350879000132355,0.28370911855734937,0.3063093802346252,,0.27350879000132355,0.28370911855734937,0.3063093802346252,2.9382578786519744,0.27350879000132355,0.28370911855734937,0.3063093802346252,2.9004722642855727
LC_dv07_Tlc4p0_TTC03_CP5_S6p267_E16p267.mp4,LC_dv07_Tlc4p0_TTC03,CP5,4.0,6.267,16.267,15.3,15.267,15.4,15.667,,15.267,15.4,15.667,19.733,15.267,15.4,15.667,19.333,0.3732882353980655,0.13231787342941817,0.27350879000132355,0.28370911855734937,0.3063093802346252,,0.27350879000132355,0.28370911855734937,0.3063093802346252,2.9382578786519744,0.27350879000132355,0.28370911855734937,0.3063093802346252,2.9004722642855727
LC_dv07_Tlc4p0_TTC04_CP1_S5p033_E15p033.mp4,LC_dv07_Tlc4p0_TTC04,CP1,4.0,5.033,15.033,15.3,15.3,15.4,15.667,,15.3,15.4,15.667,,15.3,15.4,15.667,,0.2007145547143022,0.035415037068846696,0.2117881058978449,0.21632300405077393,0.22917753501090393,,0.2117881058978449,0.21632300405077393,0.22917753501090393,,0.2117881058978449,0.21632300405077393,0.22917753501090393,
LC_dv07_Tlc4p0_TTC04_CP2_S5p333_E15p333.mp4,LC_dv07_Tlc4p0_TTC04,CP2,4.0,5.333,15.333,15.3,15.3,15.4,15.667,,15.3,15.4,15.667,,15.3,15.4,15.667,,0.21327051869665192,0.043554581142398706,0.2117881058978449,0.21632300405077393,0.22917753501090393,,0.2117881058978449,0.21632300405077393,0.22917753501090393,,0.2117881058978449,0.21632300405077393,0.22917753501090393,
LC_dv07_Tlc4p0_TTC04_CP3_S5p633_E15p633.mp4,LC_dv07_Tlc4p0_TTC04,CP3,4.0,5.633,15.633,15.3,15.3,15.4,15.667,,15.3,15.4,15.667,,15.3,15.4,15.667,,0.2275497664219165,0.04955608462014882,0.2117881058978449,0.21632300405077393,0.22917753501090393,,0.2117881058978449,0.21632300405077393,0.22917753501090393,,0.2117881058978449,0.21632300405077393,0.22917753501090393,
LC_dv07_Tlc4p0_TTC04_CP4_S5p933_E15p933.mp4,LC_dv07_Tlc4p0_TTC04,CP4,4.0,5.933,15.933,15.3,15.3,15.4,15.667,,15.3,15.4,15.667,,15.3,15.4,15.667,,0.24361686622419185,0.05673414705516946,0.2117881058978449,0.21632300405077393,0.22917753501090393,,0.2117881058978449,0.21632300405077393,0.22917753501090393,,0.2117881058978449,0.21632300405077393,0.22917753501090393,
LC_dv07_Tlc4p0_TTC04_CP5_S6p233_E16p233.mp4,LC_dv07_Tlc4p0_TTC04,CP5,4.0,6.233,16.233,15.3,15.3,15.4,15.667,,15.3,15.4,15.667,,15.3,15.4,15.667,,0.2624020271622961,0.06576878337020786,0.2117881058978449,0.21632300405077393,0.22917753501090393,,0.2117881058978449,0.21632300405077393,0.22917753501090393,,0.2117881058978449,0.21632300405077393,0.22917753501090393,
LC_dv07_Tlc4p0_TTC06_CP1_S5p067_E15p067.mp4,LC_dv07_Tlc4p0_TTC06,CP1,4.0,5.067,15.067,15.267,15.267,15.367,15.633,,15.267,15.367,15.633,,15.267,15.367,15.633,,0.14414150532758946,0.01989223709460086,0.14837265097442165,0.1505284877070653,0.15670813497039368,,0.14837265097442165,0.1505284877070653,0.15670813497039368,,0.14837265097442165,0.1505284877070653,0.15670813497039368,
LC_dv07_Tlc4p0_TTC06_CP3_S5p667_E15p667.mp4,LC_dv07_Tlc4p0_TTC06,CP3,4.0,5.667,15.667,15.267,15.267,15.367,15.633,,15.267,15.367,15.633,,15.267,15.367,15.633,,0.15745390864323566,0.02186160756367581,0.14837265097442165,0.1505284877070653,0.15670813497039368,,0.14837265097442165,0.1505284877070653,0.15670813497039368,,0.14837265097442165,0.1505284877070653,0.15670813497039368,
LC_dv07_Tlc4p0_TTC06_CP5_S6p267_E16p267.mp4,LC_dv07_Tlc4p0_TTC06,CP5,4.0,6.267,16.267,15.3,15.267,15.367,15.633,,15.267,15.367,15.633,,15.267,15.367,15.633,,0.17364431859930732,0.028894051301356378,0.14837265097442165,0.1505284877070653,0.15670813497039368,,0.14837265097442165,0.1505284877070653,0.15670813497039368,,0.14837265097442165,0.1505284877070653,0.15670813497039368,
LC_dv07_Tlc4p0_TTC07_CP1_S5p067_E15p067.mp4,LC_dv07_Tlc4p0_TTC07,CP1,4.0,5.067,15.067,15.3,15.3,15.4,15.667,,15.3,15.4,15.667,,15.3,15.4,15.667,,0.12544426229118222,0.01507264955766977,0.1291848997282435,0.13086229869189603,0.13555887425528332,,0.1291848997282435,0.13086229869189603,0.13555887425528332,,0.1291848997282435,0.13086229869189603,0.13555887425528332,
LC_dv07_Tlc4p0_TTC07_CP2_S5p367_E15p367.mp4,LC_dv07_Tlc4p0_TTC07,CP2,4.0,5.367,15.367,15.3,15.3,15.4,15.667,,15.3,15.4,15.667,,15.3,15.4,15.667,,0.13030135618933805,0.016296797242389558,0.1291848997282435,0.13086229869189603,0.13555887425528332,,0.1291848997282435,0.13086229869189603,0.13555887425528332,,0.1291848997282435,0.13086229869189603,0.13555887425528332,
LC_dv07_Tlc4p0_TTC07_CP4_S5p967_E15p967.mp4,LC_dv07_Tlc4p0_TTC07,CP4,4.0,5.967,15.967,15.3,15.3,15.4,15.667,,15.3,15.4,15.667,,15.3,15.4,15.667,,0.14120486170433622,0.019123015497834486,0.1291848997282435,0.13086229869189603,0.13555887425528332,,0.1291848997282435,0.13086229869189603,0.13555887425528332,,0.1291848997282435,0.13086229869189603,0.13555887425528332,
LC_dv14_Tlc2p0_TTC02_CP1_S5p067_E15p067.mp4,LC_dv14_Tlc2p0_TTC02,CP1,2.0,5.067,15.067,15.2,15.2,15.267,15.4,15.667,15.2,15.267,15.4,15.667,15.2,15.267,15.4,15.667,0.21114893708110785,0.08845932438750394,0.22383088968166417,0.23088504086361783,0.24631350077369282,0.2843904629136047,0.22383088968166417,0.23088504086361783,0.24631350077369282,0.2843904629136047,0.22383088968166417,0.23088504086361783,0.24631350077369282,0.2843904629136047
LC_dv14_Tlc2p0_TTC02_CP2_S5p367_E15p367.mp4,LC_dv14_Tlc2p0_TTC02,CP2,2.0,5.367,15.367,15.2,15.2,15.267,15.4,15.667,15.2,15.267,15.4,15.667,15.2,15.267,15.4,15.667,0.24227494336521743,0.11675911993758396,0.22383088968166417,0.23088504086361783,0.24631350077369282,0.2843904629136047,0.22383088968166417,0.23088504086361783,0.24631350077369282,0.2843904629136047,0.22383088968166417,0.23088504086361783,0.24631350077369282,0.2843904629136047
LC_dv14_Tlc2p0_TTC02_CP3_S5p667_E15p667.mp4,LC_dv14_Tlc2p0_TTC02,CP3,2.0,5.667,15.667,15.2,15.2,15.267,15.4,15.667,15.2,15.267,15.4,15.667,15.2,15.267,15.4,15.667,0.2843904629136047,0.1604551709340544,0.22383088968166417,0.23088504086361783,0.24631350077369282,0.2843904629136047,0.22383088968166417,0.23088504086361783,0.24631350077369282,0.2843904629136047,0.22383088968166417,0.23088504086361783,0.24631350077369282,0.2843904629136047
LC_dv14_Tlc2p0_TTC02_CP4_S5p967_E15p967.mp4,LC_dv14_Tlc2p0_TTC02,CP4,2.0,5.967,15.967,15.233,15.2,15.267,15.4,15.667,15.2,15.267,15.4,15.667,15.2,15.267,15.4,15.667,0.3439920844284673,0.2338385484050773,0.22383088968166417,0.23088504086361783,0.24631350077369282,0.2843904629136047,0.22383088968166417,0.23088504086361783,0.24631350077369282,0.2843904629136047,0.22383088968166417,0.23088504086361783,0.24631350077369282,0.2843904629136047
LC_dv14_Tlc2p0_TTC02_CP5_S6p267_E16p267.mp4,LC_dv14_Tlc2p0_TTC02,CP5,2.0,6.267,16.267,15.233,15.2,15.267,15.4,15.667,15.2,15.267,15.4,15.667,15.2,15.267,15.4,15.667,0.43440679940551696,0.3717179527939493,0.22383088968166417,0.23088504086361783,0.24631350077369282,0.2843904629136047,0.22383088968166417,0.23088504086361783,0.24631350077369282,0.2843904629136047,0.22383088968166417,0.23088504086361783,0.24631350077369282,0.2843904629136047
LC_dv14_Tlc2p0_TTC03_CP1_S5p067_E15p067.mp4,LC_dv14_Tlc2p0_TTC03,CP1,2.0,5.067,15.067,15.2,15.2,15.267,15.4,15.633,15.2,15.267,15.4,15.633,15.2,15.267,15.4,15.633,0.1469044553120215,0.04287823581815733,0.15302047023372348,0.15627958487326868,0.16316126443227444,0.17685060303061673,0.15302047023372348,0.15627958487326868,0.16316126443227444,0.17685060303061673,0.15302047023372348,0.15627958487326868,0.16316126443227444,0.17685060303061673
LC_dv14_Tlc2p0_TTC03_CP2_S5p367_E15p367.mp4,LC_dv14_Tlc2p0_TTC03,CP2,2.0,5.367,15.367,15.2,15.2,15.267,15.4,15.633,15.2,15.267,15.4,15.633,15.2,15.267,15.4,15.633,0.16137441089156138,0.05191524170932541,0.15302047023372348,0.15627958487326868,0.16316126443227444,0.17685060303061673,0.15302047023372348,0.15627958487326868,0.16316126443227444,0.17685060303061673,0.15302047023372348,0.15627958487326868,0.16316126443227444,0.17685060303061673
LC_dv14_Tlc2p0_TTC03_CP3_S5p667_E15p667.mp4,LC_dv14_Tlc2p0_TTC03,CP3,2.0,5.667,15.667,15.2,15.2,15.267,15.4,15.633,15.2,15.267,15.4,15.633,15.2,15.267,15.4,15.633,0.17899793379416704,0.06382471098844864,0.15302047023372348,0.15627958487326868,0.16316126443227444,0.17685060303061673,0.15302047023372348,0.15627958487326868,0.16316126443227444,0.17685060303061673,0.15302047023372348,0.15627958487326868,0.16316126443227444,0.17685060303061673
LC_dv14_Tlc2p0_TTC03_CP4_S5p967_E15p967.mp4,LC_dv14_Tlc2p0_TTC03,CP4,2.0,5.967,15.967,15.2,15.2,15.267,15.4,15.633,15.2,15.267,15.4,15.633,15.2,15.267,15.4,15.633,0.20094950645533483,0.08031893361132943,0.15302047023372348,0.15627958487326868,0.16316126443227444,0.17685060303061673,0.15302047023372348,0.15627958487326868,0.16316126443227444,0.17685060303061673,0.15302047023372348,0.15627958487326868,0.16316126443227444,0.17685060303061673
LC_dv14_Tlc2p0_TTC03_CP5_S6p267_E16p267.mp4,LC_dv14_Tlc2p0_TTC03,CP5,2.0,6.267,16.267,15.2,15.2,15.267,15.4,15.633,15.2,15.267,15.4,15.633,15.2,15.267,15.4,15.633,0.22914975257196754,0.10425490868400507,0.15302047023372348,0.15627958487326868,0.16316126443227444,0.17685060303061673,0.15302047023372348,0.15627958487326868,0.16316126443227444,0.17685060303061673,0.15302047023372348,0.15627958487326868,0.16316126443227444,0.17685060303061673
LC_dv14_Tlc2p0_TTC04_CP1_S5p067_E15p067.mp4,LC_dv14_Tlc2p0_TTC04,CP1,2.0,5.067,15.067,15.2,15.2,15.267,15.4,15.667,15.2,15.267,15.4,15.667,15.2,15.267,15.4,15.667,0.1126092124570352,0.02522718675804513,0.11612827435448005,0.11799735382023632,0.12192178161325123,0.13060837377371645,0.11612827435448005,0.11799735382023632,0.12192178161325123,0.13060837377371645,0.11612827435448005,0.11799735382023632,0.12192178161325123,0.13060837377371645
LC_dv14_Tlc2p0_TTC04_CP2_S5p367_E15p367.mp4,LC_dv14_Tlc2p0_TTC04,CP2,2.0,5.367,15.367,15.2,15.2,15.267,15.4,15.667,15.2,15.267,15.4,15.667,15.2,15.267,15.4,15.667,0.12092031312637193,0.029184549802161397,0.11612827435448005,0.11799735382023632,0.12192178161325123,0.13060837377371645,0.11612827435448005,0.11799735382023632,0.12192178161325123,0.13060837377371645,0.11612827435448005,0.11799735382023632,0.12192178161325123,0.13060837377371645
LC_dv14_Tlc2p0_TTC04_CP3_S5p667_E15p667.mp4,LC_dv14_Tlc2p0_TTC04,CP3,2.0,5.667,15.667,15.2,15.2,15.267,15.4,15.667,15.2,15.267,15.4,15.667,15.2,15.267,15.4,15.667,0.13060837377371645,0.03402336728703904,0.11612827435448005,0.11799735382023632,0.12192178161325123,0.13060837377371645,0.11612827435448005,0.11799735382023632,0.12192178161325123,0.13060837377371645,0.11612827435448005,0.11799735382023632,0.12192178161325123,0.13060837377371645
LC_dv14_Tlc2p0_TTC04_CP4_S5p967_E15p967.mp4,LC_dv14_Tlc2p0_TTC04,CP4,2.0,5.967,15.967,15.2,15.2,15.267,15.4,15.667,15.2,15.267,15.4,15.667,15.2,15.267,15.4,15.667,0.1419384522181039,0.0401185778943253,0.11612827435448005,0.11799735382023632,0.12192178161325123,0.13060837377371645,0.11612827435448005,0.11799735382023632,0.12192178161325123,0.13060837377371645,0.11612827435448005,0.11799735382023632,0.12192178161325123,0.13060837377371645
LC_dv14_Tlc2p0_TTC04_CP5_S6p267_E16p267.mp4,LC_dv14_Tlc2p0_TTC04,CP5,2.0,6.267,16.267,15.233,15.2,15.267,15.4,15.667,15.2,15.267,15.4,15.667,15.2,15.267,15.4,15.667,0.1554294640851687,0.048078526573306135,0.11612827435448005,0.11799735382023632,0.12192178161325123,0.13060837377371645,0.11612827435448005,0.11799735382023632,0.12192178161325123,0.13060837377371645,0.11612827435448005,0.11799735382023632,0.12192178161325123,0.13060837377371645
LC_dv14_Tlc2p0_TTC05_CP1_S5p067_E15p067.mp4,LC_dv14_Tlc2p0_TTC05,CP1,2.0,5.067,15.067,15.2,15.2,15.267,15.4,15.633,15.2,15.267,15.4,15.633,15.2,15.267,15.4,15.667,0.09146868672111211,0.016650298925124193,0.09380118081620856,0.0950173730964802,0.09752155822595852,0.10225460135274703,0.09380118081620856,0.0950173730964802,0.09752155822595852,0.10225460135274703,0.09380118081620856,0.0950173730964802,0.09752155822595852,0.10294758032422476
LC_dv14_Tlc2p0_TTC05_CP3_S5p667_E15p667.mp4,LC_dv14_Tlc2p0_TTC05,CP3,2.0,5.667,15.667,15.2,15.2,15.267,15.4,15.633,15.2,15.267,15.4,15.633,15.2,15.267,15.4,15.667,0.10294758032422476,0.020305605955969985,0.09380118081620856,0.0950173730964802,0.09752155822595852,0.10225460135274703,0.09380118081620856,0.0950173730964802,0.09752155822595852,0.10225460135274703,0.09380118081620856,0.0950173730964802,0.09752155822595852,0.10294758032422476
LC_dv14_Tlc2p0_TTC05_CP5_S6p267_E16p267.mp4,LC_dv14_Tlc2p0_TTC05,CP5,2.0,6.267,16.267,15.233,15.2,15.267,15.4,15.633,15.2,15.267,15.4,15.633,15.2,15.267,15.4,15.667,0.11777608104350537,0.027629375583307948,0.09380118081620856,0.0950173730964802,0.09752155822595852,0.10225460135274703,0.09380118081620856,0.0950173730964802,0.09752155822595852,0.10225460135274703,0.09380118081620856,0.0950173730964802,0.09752155822595852,0.10294758032422476
LC_dv14_Tlc2p0_TTC06_CP1_S5p067_E15p067.mp4,LC_dv14_Tlc2p0_TTC06,CP1,2.0,5.067,15.067,15.2,15.2,15.267,15.4,15.633,15.2,15.267,15.4,15.633,15.167,15.267,15.4,15.667,0.07691972935444857,0.011318410558935321,0.07855963853948243,0.07941445588819916,0.08117061078576396,0.08444670452937353,0.07855963853948243,0.07941445588819916,0.08117061078576396,0.08444670452937353,0.07814557615049128,0.07941445588819916,0.08117061078576396,0.08493805969671035
LC_dv14_Tlc2p0_TTC06_CP2_S5p367_E15p367.mp4,LC_dv14_Tlc2p0_TTC06,CP2,2.0,5.367,15.367,15.2,15.2,15.267,15.4,15.633,15.2,15.267,15.4,15.633,15.167,15.267,15.4,15.667,0.08072866042237496,0.013020233988814238,0.07855963853948243,0.07941445588819916,0.08117061078576396,0.08444670452937353,0.07855963853948243,0.07941445588819916,0.08117061078576396,0.08444670452937353,0.07814557615049128,0.07941445588819916,0.08117061078576396,0.08493805969671035
LC_dv14_Tlc2p0_TTC06_CP4_S5p967_E15p967.mp4,LC_dv14_Tlc2p0_TTC06,CP4,2.0,5.967,15.967,15.2,15.2,15.267,15.4,15.633,15.2,15.267,15.4,15.633,15.167,15.267,15.4,15.667,0.08959322308077887,0.01600905737542999,0.07855963853948243,0.07941445588819916,0.08117061078576396,0.08444670452937353,0.07855963853948243,0.07941445588819916,0.08117061078576396,0.08444670452937353,0.07814557615049128,0.07941445588819916,0.08117061078576396,0.08493805969671035
LC_dv14_Tlc3p0_TTC02_CP1_S5p033_E15p033.mp4,LC_dv14_Tlc3p0_TTC02,CP1,3.0,5.033,15.033,15.267,15.267,15.367,15.567,15.933,15.267,15.367,15.567,15.933,15.267,15.367,15.533,15.933,0.2040104452541348,0.08255552642355247,0.22556733834533424,0.23636964741640137,0.2613513074962894,0.32370935534544143,0.22556733834533424,0.23636964741640137,0.2613513074962894,0.32370935534544143,0.22556733834533424,0.23636964741640137,0.25681189430683093,0.32370935534544143
LC_dv14_Tlc3p0_TTC02_CP2_S5p333_E15p333.mp4,LC_dv14_Tlc3p0_TTC02,CP2,3.0,5.333,15.333,15.267,15.267,15.367,15.567,15.933,15.267,15.367,15.567,15.933,15.267,15.367,15.533,15.933,0.23264669188063847,0.10750393732289958,0.22556733834533424,0.23636964741640137,0.2613513074962894,0.32370935534544143,0.22556733834533424,0.23636964741640137,0.2613513074962894,0.32370935534544143,0.22556733834533424,0.23636964741640137,0.25681189430683093,0.32370935534544143
LC_dv14_Tlc3p0_TTC02_CP3_S5p633_E15p633.mp4,LC_dv14_Tlc3p0_TTC02,CP3,3.0,5.633,15.633,15.267,15.267,15.367,15.567,15.933,15.267,15.367,15.567,15.933,15.267,15.367,15.533,15.933,0.27084864951546944,0.14543583302813978,0.22556733834533424,0.23636964741640137,0.2613513074962894,0.32370935534544143,0.22556733834533424,0.23636964741640137,0.2613513074962894,0.32370935534544143,0.22556733834533424,0.23636964741640137,0.25681189430683093,0.32370935534544143
LC_dv14_Tlc3p0_TTC02_CP4_S5p933_E15p933.mp4,LC_dv14_Tlc3p0_TTC02,CP4,3.0,5.933,15.933,15.267,15.267,15.367,15.567,15.933,15.267,15.367,15.567,15.933,15.267,15.367,15.533,15.933,0.32370935534544143,0.20714465659656847,0.22556733834533424,0.23636964741640137,0.2613513074962894,0.32370935534544143,0.22556733834533424,0.23636964741640137,0.2613513074962894,0.32370935534544143,0.22556733834533424,0.23636964741640137,0.25681189430683093,0.32370935534544143
LC_dv14_Tlc3p0_TTC02_CP5_S6p233_E16p233.mp4,LC_dv14_Tlc3p0_TTC02,CP5,3.0,6.233,16.233,15.267,15.267,15.367,15.567,15.933,15.267,15.367,15.567,15.933,15.267,15.367,15.533,15.933,0.40186234351053757,0.31747808276616796,0.22556733834533424,0.23636964741640137,0.2613513074962894,0.32370935534544143,0.22556733834533424,0.23636964741640137,0.2613513074962894,0.32370935534544143,0.22556733834533424,0.23636964741640137,0.25681189430683093,0.32370935534544143
LC_dv14_Tlc3p0_TTC03_CP1_S5p067_E15p067.mp4,LC_dv14_Tlc3p0_TTC03,CP1,3.0,5.067,15.067,15.233,15.233,15.333,15.533,15.9,15.233,15.333,15.533,15.9,15.233,15.3,15.533,15.9,0.14689300979650347,0.042894455949813136,0.15449986554531422,0.15950468772822407,0.1705365291694911,0.19519515884031807,0.15449986554531422,0.15950468772822407,0.1705365291694911,0.19519515884031807,0.15449986554531422,0.157796443683559,0.1705365291694911,0.19519515884031807
LC_dv14_Tlc3p0_TTC03_CP2_S5p367_E15p367.mp4,LC_dv14_Tlc3p0_TTC03,CP2,3.0,5.367,15.367,15.233,15.233,15.333,15.533,15.9,15.233,15.333,15.533,15.9,15.233,15.3,15.533,15.9,0.1612502410939721,0.05176662277862825,0.15449986554531422,0.15950468772822407,0.1705365291694911,0.19519515884031807,0.15449986554531422,0.15950468772822407,0.1705365291694911,0.19519515884031807,0.15449986554531422,0.157796443683559,0.1705365291694911,0.19519515884031807
LC_dv14_Tlc3p0_TTC03_CP3_S5p667_E15p667.mp4,LC_dv14_Tlc3p0_TTC03,CP3,3.0,5.667,15.667,15.233,15.233,15.333,15.533,15.9,15.233,15.333,15.533,15.9,15.233,15.3,15.533,15.9,0.1787774756763134,0.06358332300914661,0.15449986554531422,0.15950468772822407,0.1705365291694911,0.19519515884031807,0.15449986554531422,0.15950468772822407,0.1705365291694911,0.19519515884031807,0.15449986554531422,0.157796443683559,0.1705365291694911,0.19519515884031807
LC_dv14_Tlc3p0_TTC03_CP4_S5p967_E15p967.mp4,LC_dv14_Tlc3p0_TTC03,CP4,3.0,5.967,15.967,15.233,15.233,15.333,15.533,15.9,15.233,15.333,15.533,15.9,15.233,15.3,15.533,15.9,0.2003950470273261,0.07664525444075267,0.15449986554531422,0.15950468772822407,0.1705365291694911,0.19519515884031807,0.15449986554531422,0.15950468772822407,0.1705365291694911,0.19519515884031807,0.15449986554531422,0.157796443683559,0.1705365291694911,0.19519515884031807
LC_dv14_Tlc3p0_TTC03_CP5_S6p267_E16p267.mp4,LC_dv14_Tlc3p0_TTC03,CP5,3.0,6.267,16.267,15.233,15.233,15.333,15.533,15.9,15.233,15.333,15.533,15.9,15.233,15.3,15.533,15.9,0.22801641851686782,0.10320316107604703,0.15449986554531422,0.15950468772822407,0.1705365291694911,0.19519515884031807,0.15449986554531422,0.15950468772822407,0.1705365291694911,0.19519515884031807,0.15449986554531422,0.157796443683559,0.1705365291694911,0.19519515884031807
LC_dv14_Tlc3p0_TTC04_CP1_S5p067_E15p067.mp4,LC_dv14_Tlc3p0_TTC04,CP1,3.0,5.067,15.067,15.233,15.2,15.333,15.533,15.9,15.2,15.333,15.533,15.9,15.233,15.333,15.5,15.9,0.11264287670515474,0.02522878654912857,0.11617123590148795,0.11994277770325762,0.1260821229279331,0.1391514652488151,0.11617123590148795,0.11994277770325762,0.1260821229279331,0.1391514652488151,0.11709537283001976,0.11994277770325762,0.12501982592552688,0.1391514652488151
LC_dv14_Tlc3p0_TTC04_CP2_S5p367_E15p367.mp4,LC_dv14_Tlc3p0_TTC04,CP2,3.0,5.367,15.367,15.233,15.2,15.333,15.533,15.9,15.2,15.333,15.533,15.9,15.233,15.333,15.5,15.9,0.12092807340834225,0.0291417266233953,0.11617123590148795,0.11994277770325762,0.1260821229279331,0.1391514652488151,0.11617123590148795,0.11994277770325762,0.1260821229279331,0.1391514652488151,0.11709537283001976,0.11994277770325762,0.12501982592552688,0.1391514652488151
LC_dv14_Tlc3p0_TTC04_CP3_S5p667_E15p667.mp4,LC_dv14_Tlc3p0_TTC04,CP3,3.0,5.667,15.667,15.233,15.2,15.333,15.533,15.9,15.2,15.333,15.533,15.9,15.233,15.333,15.5,15.9,0.13054504622443897,0.03394521653904147,0.11617123590148795,0.11994277770325762,0.1260821229279331,0.1391514652488151,0.11617123590148795,0.11994277770325762,0.1260821229279331,0.1391514652488151,0.11709537283001976,0.11994277770325762,0.12501982592552688,0.1391514652488151
LC_dv14_Tlc3p0_TTC04_CP4_S5p967_E15p967.mp4,LC_dv14_Tlc3p0_TTC04,CP4,3.0,5.967,15.967,15.233,15.2,15.333,15.533,15.9,15.2,15.333,15.533,15.9,15.233,15.333,15.5,15.9,0.14181032513073213,0.040035634662676754,0.11617123590148795,0.11994277770325762,0.1260821229279331,0.1391514652488151,0.11617123590148795,0.11994277770325762,0.1260821229279331,0.1391514652488151,0.11709537283001976,0.11994277770325762,0.12501982592552688,0.1391514652488151
LC_dv14_Tlc3p0_TTC04_CP5_S6p267_E16p267.mp4,LC_dv14_Tlc3p0_TTC04,CP5,3.0,6.267,16.267,15.233,15.2,15.333,15.533,15.9,15.2,15.333,15.533,15.9,15.233,15.333,15.5,15.9,0.15514813795815946,0.047892225049339494,0.11617123590148795,0.11994277770325762,0.1260821229279331,0.1391514652488151,0.11617123590148795,0.11994277770325762,0.1260821229279331,0.1391514652488151,0.11709537283001976,0.11994277770325762,0.12501982592552688,0.1391514652488151
LC_dv14_Tlc3p0_TTC06_CP1_S5p067_E15p067.mp4,LC_dv14_Tlc3p0_TTC06,CP1,3.0,5.067,15.067,15.233,15.233,15.333,15.5,15.9,15.233,15.333,15.5,15.9,15.233,15.333,15.5,15.9,0.07691658722551009,0.011776218426489139,0.07895492856401579,0.0802401724477343,0.08247897286562708,0.08840716640419542,0.07895492856401579,0.0802401724477343,0.08247897286562708,0.08840716640419542,0.07895492856401579,0.0802401724477343,0.08247897286562708,0.08840716640419542
LC_dv14_Tlc3p0_TTC06_CP3_S5p667_E15p667.mp4,LC_dv14_Tlc3p0_TTC06,CP3,3.0,5.667,15.667,15.233,15.233,15.333,15.5,15.9,15.233,15.333,15.5,15.9,15.233,15.333,15.5,15.9,0.08485385891221682,0.014353481226615864,0.07895492856401579,0.0802401724477343,0.08247897286562708,0.08840716640419542,0.07895492856401579,0.0802401724477343,0.08247897286562708,0.08840716640419542,0.07895492856401579,0.0802401724477343,0.08247897286562708,0.08840716640419542
LC_dv14_Tlc3p0_TTC06_CP5_S6p267_E16p267.mp4,LC_dv14_Tlc3p0_TTC06,CP5,3.0,6.267,16.267,15.233,15.233,15.333,15.5,15.9,15.233,15.333,15.5,15.9,15.233,15.333,15.5,15.9,0.09461641058993206,0.017834138294043244,0.07895492856401579,0.0802401724477343,0.08247897286562708,0.08840716640419542,0.07895492856401579,0.0802401724477343,0.08247897286562708,0.08840716640419542,0.07895492856401579,0.0802401724477343,0.08247897286562708,0.08840716640419542
LC_dv14_Tlc3p0_TTC07_CP1_S5p067_E15p067.mp4,LC_dv14_Tlc3p0_TTC07,CP1,3.0,5.067,15.067,15.233,15.233,15.3,15.533,15.9,15.233,15.3,15.533,15.9,15.233,15.3,15.533,15.9,0.06645850141789314,0.008792678598261185,0.06798969882567311,0.06861910852869255,0.07092753270947122,0.07485262003657751,0.06798969882567311,0.06861910852869255,0.07092753270947122,0.07485262003657751,0.06798969882567311,0.06861910852869255,0.07092753270947122,0.07485262003657751
LC_dv14_Tlc3p0_TTC07_CP2_S5p367_E15p367.mp4,LC_dv14_Tlc3p0_TTC07,CP2,3.0,5.367,15.367,15.233,15.233,15.3,15.533,15.9,15.233,15.3,15.533,15.9,15.233,15.3,15.533,15.9,0.06926282379908445,0.00956790998395651,0.06798969882567311,0.06861910852869255,0.07092753270947122,0.07485262003657751,0.06798969882567311,0.06861910852869255,0.07092753270947122,0.07485262003657751,0.06798969882567311,0.06861910852869255,0.07092753270947122,0.07485262003657751
LC_dv14_Tlc3p0_TTC07_CP4_S5p967_E15p967.mp4,LC_dv14_Tlc3p0_TTC07,CP4,3.0,5.967,15.967,15.233,15.233,15.3,15.533,15.9,15.233,15.3,15.533,15.9,15.233,15.3,15.533,15.9,0.07562223229218092,0.011398585319397485,0.06798969882567311,0.06861910852869255,0.07092753270947122,0.07485262003657751,0.06798969882567311,0.06861910852869255,0.07092753270947122,0.07485262003657751,0.06798969882567311,0.06861910852869255,0.07092753270947122,0.07485262003657751
LC_dv14_Tlc4p0_TTC02_CP1_S5p067_E15p067.mp4,LC_dv14_Tlc4p0_TTC02,CP1,4.0,5.067,15.067,15.267,15.233,15.4,15.633,18.067,15.233,15.4,15.633,18.033,15.233,15.4,15.633,17.767,0.21044324251624058,0.08787120136075548,0.22648636445932277,0.2450053947960879,0.2769078840352825,3.1394672558776637,0.22648636445932277,0.2450053947960879,0.2769078840352825,3.1394672558776637,0.22648636445932277,0.2450053947960879,0.2769078840352825,3.1394672558776637
LC_dv14_Tlc4p0_TTC02_CP2_S5p367_E15p367.mp4,LC_dv14_Tlc4p0_TTC02,CP2,4.0,5.367,15.367,15.267,15.233,15.4,15.633,18.067,15.233,15.4,15.633,18.033,15.233,15.4,15.633,17.767,0.24103978375438379,0.11078471042190915,0.22648636445932277,0.2450053947960879,0.2769078840352825,3.1394672558776637,0.22648636445932277,0.2450053947960879,0.2769078840352825,3.1394672558776637,0.22648636445932277,0.2450053947960879,0.2769078840352825,3.1394672558776637
LC_dv14_Tlc4p0_TTC02_CP3_S5p667_E15p667.mp4,LC_dv14_Tlc4p0_TTC02,CP3,4.0,5.667,15.667,15.267,15.233,15.4,15.633,18.067,15.233,15.4,15.633,18.033,15.233,15.4,15.633,17.767,0.28218788755686974,0.15765957852609916,0.22648636445932277,0.2450053947960879,0.2769078840352825,3.1394672558776637,0.22648636445932277,0.2450053947960879,0.2769078840352825,3.1394672558776637,0.22648636445932277,0.2450053947960879,0.2769078840352825,3.1394672558776637
LC_dv14_Tlc4p0_TTC02_CP4_S5p967_E15p967.mp4,LC_dv14_Tlc4p0_TTC02,CP4,4.0,5.967,15.967,15.267,15.233,15.4,15.633,18.067,15.233,15.4,15.633,18.033,15.233,15.4,15.633,17.767,0.3400527981986694,0.228260680479434,0.22648636445932277,0.2450053947960879,0.2769078840352825,3.1394672558776637,0.22648636445932277,0.2450053947960879,0.2769078840352825,3.1394672558776637,0.22648636445932277,0.2450053947960879,0.2769078840352825,3.1394672558776637
LC_dv14_Tlc4p0_TTC02_CP5_S6p267_E16p267.mp4,LC_dv14_Tlc4p0_TTC02,CP5,4.0,6.267,16.267,15.267,15.233,15.4,15.633,18.067,15.233,15.4,15.633,18.033,15.233,15.4,15.633,17.767,0.42693530918809236,0.35780370792105265,0.22648636445932277,0.2450053947960879,0.2769078840352825,3.1394672558776637,0.22648636445932277,0.2450053947960879,0.2769078840352825,3.1394672558776637,0.22648636445932277,0.2450053947960879,0.2769078840352825,3.1394672558776637
LC_dv14_Tlc4p0_TTC03_CP1_S5p067_E15p067.mp4,LC_dv14_Tlc4p0_TTC03,CP1,4.0,5.067,15.067,15.267,15.267,15.367,15.633,18.867,15.267,15.367,15.633,18.833,15.267,15.367,15.633,18.633,0.1470534091938255,0.04298801508520163,0.15627958487326868,0.1613192007651923,0.17651971577236744,3.0290654215148436,0.15627958487326868,0.1613192007651923,0.17651971577236744,3.003660848627356,0.15627958487326868,0.1613192007651923,0.17651971577236744,3.003660848627356
LC_dv14_Tlc4p0_TTC03_CP2_S5p367_E15p367.mp4,LC_dv14_Tlc4p0_TTC03,CP2,4.0,5.367,15.367,15.267,15.267,15.367,15.633,18.867,15.267,15.367,15.633,18.833,15.267,15.367,15.633,18.633,0.1613192007651923,0.05174182370313171,0.15627958487326868,0.1613192007651923,0.17651971577236744,3.0290654215148436,0.15627958487326868,0.1613192007651923,0.17651971577236744,3.003660848627356,0.15627958487326868,0.1613192007651923,0.17651971577236744,3.003660848627356
LC_dv14_Tlc4p0_TTC03_CP3_S5p667_E15p667.mp4,LC_dv14_Tlc4p0_TTC03,CP3,4.0,5.667,15.667,15.267,15.267,15.367,15.633,18.867,15.267,15.367,15.633,18.833,15.267,15.367,15.633,18.633,0.17864207813500396,0.06343656996295853,0.15627958487326868,0.1613192007651923,0.17651971577236744,3.0290654215148436,0.15627958487326868,0.1613192007651923,0.17651971577236744,3.003660848627356,0.15627958487326868,0.1613192007651923,0.17651971577236744,3.003660848627356
LC_dv14_Tlc4p0_TTC03_CP4_S5p967_E15p967.mp4,LC_dv14_Tlc4p0_TTC03,CP4,4.0,5.967,15.967,15.267,15.267,15.367,15.633,18.867,15.267,15.367,15.633,18.833,15.267,15.367,15.633,18.633,0.20024629013287118,0.07965347030115291,0.15627958487326868,0.1613192007651923,0.17651971577236744,3.0290654215148436,0.15627958487326868,0.1613192007651923,0.17651971577236744,3.003660848627356,0.15627958487326868,0.1613192007651923,0.17651971577236744,3.003660848627356
LC_dv14_Tlc4p0_TTC03_CP5_S6p267_E16p267.mp4,LC_dv14_Tlc4p0_TTC03,CP5,4.0,6.267,16.267,15.267,15.267,15.367,15.633,18.867,15.267,15.367,15.633,18.833,15.267,15.367,15.633,18.633,0.2276045679341468,0.1028048821157297,0.15627958487326868,0.1613192007651923,0.17651971577236744,3.0290654215148436,0.15627958487326868,0.1613192007651923,0.17651971577236744,3.003660848627356,0.15627958487326868,0.1613192007651923,0.17651971577236744,3.003660848627356
LC_dv14_Tlc4p0_TTC04_CP1_S5p067_E15p067.mp4,LC_dv14_Tlc4p0_TTC04,CP1,4.0,5.067,15.067,15.267,15.267,15.367,15.633,19.9,15.267,15.367,15.633,19.833,15.267,15.367,15.633,19.633,0.1129196838129814,0.025366336659157,0.11832339359733564,0.12122370310217484,0.12966485621068194,2.9319494139563638,0.11832339359733564,0.12122370310217484,0.12966485621068194,2.9761896972320203,0.11832339359733564,0.12122370310217484,0.12966485621068194,2.8192276593050316
LC_dv14_Tlc4p0_TTC04_CP2_S5p367_E15p367.mp4,LC_dv14_Tlc4p0_TTC04,CP2,4.0,5.367,15.367,15.267,15.267,15.367,15.633,19.9,15.267,15.367,15.633,19.833,15.267,15.367,15.633,19.633,0.12122370310217484,0.029260813904132727,0.11832339359733564,0.12122370310217484,0.12966485621068194,2.9319494139563638,0.11832339359733564,0.12122370310217484,0.12966485621068194,2.9761896972320203,0.11832339359733564,0.12122370310217484,0.12966485621068194,2.8192276593050316
LC_dv14_Tlc4p0_TTC04_CP3_S5p667_E15p667.mp4,LC_dv14_Tlc4p0_TTC04,CP3,4.0,5.667,15.667,15.267,15.267,15.367,15.633,19.9,15.267,15.367,15.633,19.833,15.267,15.367,15.633,19.633,0.13081688267108976,0.03405929123348009,0.11832339359733564,0.12122370310217484,0.12966485621068194,2.9319494139563638,0.11832339359733564,0.12122370310217484,0.12966485621068194,2.9761896972320203,0.11832339359733564,0.12122370310217484,0.12966485621068194,2.8192276593050316
LC_dv14_Tlc4p0_TTC04_CP4_S5p967_E15p967.mp4,LC_dv14_Tlc4p0_TTC04,CP4,4.0,5.967,15.967,15.267,15.267,15.367,15.633,19.9,15.267,15.367,15.633,19.833,15.267,15.367,15.633,19.633,0.14209893648343738,0.0401770643264649,0.11832339359733564,0.12122370310217484,0.12966485621068194,2.9319494139563638,0.11832339359733564,0.12122370310217484,0.12966485621068194,2.9761896972320203,0.11832339359733564,0.12122370310217484,0.12966485621068194,2.8192276593050316
LC_dv14_Tlc4p0_TTC04_CP5_S6p267_E16p267.mp4,LC_dv14_Tlc4p0_TTC04,CP5,4.0,6.267,16.267,15.267,15.267,15.367,15.633,19.9,15.267,15.367,15.633,19.833,15.267,15.367,15.633,19.633,0.15551919059151043,0.048108289381836616,0.11832339359733564,0.12122370310217484,0.12966485621068194,2.9319494139563638,0.11832339359733564,0.12122370310217484,0.12966485621068194,2.9761896972320203,0.11832339359733564,0.12122370310217484,0.12966485621068194,2.8192276593050316
LC_dv14_Tlc4p0_TTC05_CP1_S5p033_E15p033.mp4,LC_dv14_Tlc4p0_TTC05,CP1,4.0,5.033,15.033,15.3,15.3,15.433,15.7,,15.3,15.433,15.7,,15.3,15.433,15.7,,0.09030205669493327,0.01622856453434501,0.09490246628691233,0.09740052356691732,0.10277906497150804,,0.09490246628691233,0.09740052356691732,0.10277906497150804,,0.09490246628691233,0.09740052356691732,0.10277906497150804,
LC_dv14_Tlc4p0_TTC05_CP2_S5p333_E15p333.mp4,LC_dv14_Tlc4p0_TTC05,CP2,4.0,5.333,15.333,15.3,15.3,15.433,15.7,,15.3,15.433,15.7,,15.3,15.433,15.7,,0.09550884501154071,0.018162209289070808,0.09490246628691233,0.09740052356691732,0.10277906497150804,,0.09490246628691233,0.09740052356691732,0.10277906497150804,,0.09490246628691233,0.09740052356691732,0.10277906497150804,
LC_dv14_Tlc4p0_TTC05_CP4_S5p933_E15p933.mp4,LC_dv14_Tlc4p0_TTC05,CP4,4.0,5.933,15.933,15.3,15.3,15.433,15.7,,15.3,15.433,15.7,,15.3,15.433,15.7,,0.10799371357381476,0.023222141654366067,0.09490246628691233,0.09740052356691732,0.10277906497150804,,0.09490246628691233,0.09740052356691732,0.10277906497150804,,0.09490246628691233,0.09740052356691732,0.10277906497150804,
LC_dv14_Tlc4p0_TTC07_CP1_S5p067_E15p067.mp4,LC_dv14_Tlc4p0_TTC07,CP1,4.0,5.067,15.067,15.267,15.233,15.4,15.633,,15.233,15.4,15.633,,15.233,15.4,15.633,,0.06634842360205814,0.008763586082619196,0.06786960300926016,0.0694467700891377,0.07180393634798704,,0.06786960300926016,0.0694467700891377,0.07180393634798704,,0.06786960300926016,0.0694467700891377,0.07180393634798704,
LC_dv14_Tlc4p0_TTC07_CP3_S5p667_E15p667.mp4,LC_dv14_Tlc4p0_TTC07,CP3,4.0,5.667,15.667,15.267,15.233,15.4,15.633,,15.233,15.4,15.633,,15.233,15.4,15.633,,0.07215339970374182,0.010371763830159923,0.06786960300926016,0.0694467700891377,0.07180393634798704,,0.06786960300926016,0.0694467700891377,0.07180393634798704,,0.06786960300926016,0.0694467700891377,0.07180393634798704,
LC_dv14_Tlc4p0_TTC07_CP5_S6p267_E16p267.mp4,LC_dv14_Tlc4p0_TTC07,CP5,4.0,6.267,16.267,15.267,15.233,15.4,15.633,,15.233,15.4,15.633,,15.233,15.4,15.633,,0.07909089884085387,0.012461033575769918,0.06786960300926016,0.0694467700891377,0.07180393634798704,,0.06786960300926016,0.0694467700891377,0.07180393634798704,,0.06786960300926016,0.0694467700891377,0.07180393634798704,
LC_dv21_Tlc2p0_TTC02_CP1_S5p067_E15p067.mp4,LC_dv21_Tlc2p0_TTC02,CP1,2.0,5.067,15.067,15.2,15.2,15.267,15.4,15.633,15.2,15.267,15.4,15.633,15.2,15.233,15.4,15.633,0.1497989939467379,0.06774087350202201,0.15949119904143777,0.16490149950167143,0.17683402928539024,0.20250101371897755,0.15949119904143777,0.16490149950167143,0.17683402928539024,0.20250101371897755,0.15949119904143777,0.16215133101598822,0.17683402928539024,0.20250101371897755
LC_dv21_Tlc2p0_TTC02_CP2_S5p367_E15p367.mp4,LC_dv21_Tlc2p0_TTC02,CP2,2.0,5.367,15.367,15.2,15.2,15.267,15.4,15.633,15.2,15.267,15.4,15.633,15.2,15.233,15.4,15.633,0.17369227547623045,0.09122311787816612,0.15949119904143777,0.16490149950167143,0.17683402928539024,0.20250101371897755,0.15949119904143777,0.16490149950167143,0.17683402928539024,0.20250101371897755,0.15949119904143777,0.16215133101598822,0.17683402928539024,0.20250101371897755
LC_dv21_Tlc2p0_TTC02_CP3_S5p667_E15p667.mp4,LC_dv21_Tlc2p0_TTC02,CP3,2.0,5.667,15.667,15.2,15.2,15.267,15.4,15.633,15.2,15.267,15.4,15.633,15.2,15.233,15.4,15.633,0.20680280768557305,0.12911363239729243,0.15949119904143777,0.16490149950167143,0.17683402928539024,0.20250101371897755,0.15949119904143777,0.16490149950167143,0.17683402928539024,0.20250101371897755,0.15949119904143777,0.16215133101598822,0.17683402928539024,0.20250101371897755
LC_dv21_Tlc2p0_TTC02_CP4_S5p967_E15p967.mp4,LC_dv21_Tlc2p0_TTC02,CP4,2.0,5.967,15.967,15.2,15.2,15.267,15.4,15.633,15.2,15.267,15.4,15.633,15.2,15.233,15.4,15.633,0.2553908431657401,0.1964735278322489,0.15949119904143777,0.16490149950167143,0.17683402928539024,0.20250101371897755,0.15949119904143777,0.16490149950167143,0.17683402928539024,0.20250101371897755,0.15949119904143777,0.16215133101598822,0.17683402928539024,0.20250101371897755
LC_dv21_Tlc2p0_TTC02_CP5_S6p267_E16p267.mp4,LC_dv21_Tlc2p0_TTC02,CP5,2.0,6.267,16.267,15.2,15.2,15.267,15.4,15.633,15.2,15.267,15.4,15.633,15.2,15.233,15.4,15.633,0.33336990523965215,0.3333139760992053,0.15949119904143777,0.16490149950167143,0.17683402928539024,0.20250101371897755,0.15949119904143777,0.16490149950167143,0.17683402928539024,0.20250101371897755,0.15949119904143777,0.16215133101598822,0.17683402928539024,0.20250101371897755
LC_dv21_Tlc2p0_TTC03_CP1_S5p067_E15p067.mp4,LC_dv21_Tlc2p0_TTC03,CP1,2.0,5.067,15.067,15.2,15.2,15.267,15.4,15.667,15.2,15.267,15.4,15.667,15.2,15.267,15.4,15.667,0.10258315905835413,0.030972399768209105,0.10708515845196091,0.10948751352450607,0.11460252018556087,0.12646286624858602,0.10708515845196091,0.10948751352450607,0.11460252018556087,0.12646286624858602,0.10708515845196091,0.10948751352450607,0.11460252018556087,0.12646286624858602
LC_dv21_Tlc2p0_TTC03_CP2_S5p367_E15p367.mp4,LC_dv21_Tlc2p0_TTC03,CP2,2.0,5.367,15.367,15.2,15.2,15.267,15.4,15.667,15.2,15.267,15.4,15.667,15.2,15.267,15.4,15.667,0.11331359372869022,0.03888762599360127,0.10708515845196091,0.10948751352450607,0.11460252018556087,0.12646286624858602,0.10708515845196091,0.10948751352450607,0.11460252018556087,0.12646286624858602,0.10708515845196091,0.10948751352450607,0.11460252018556087,0.12646286624858602
LC_dv21_Tlc2p0_TTC03_CP3_S5p667_E15p667.mp4,LC_dv21_Tlc2p0_TTC03,CP3,2.0,5.667,15.667,15.2,15.2,15.267,15.4,15.667,15.2,15.267,15.4,15.667,15.2,15.267,15.4,15.667,0.12646286624858602,0.04837293070205887,0.10708515845196091,0.10948751352450607,0.11460252018556087,0.12646286624858602,0.10708515845196091,0.10948751352450607,0.11460252018556087,0.12646286624858602,0.10708515845196091,0.10948751352450607,0.11460252018556087,0.12646286624858602
LC_dv21_Tlc2p0_TTC03_CP4_S5p967_E15p967.mp4,LC_dv21_Tlc2p0_TTC03,CP4,2.0,5.967,15.967,15.2,15.2,15.267,15.4,15.667,15.2,15.267,15.4,15.667,15.2,15.267,15.4,15.667,0.14318903522275134,0.06199156546253016,0.10708515845196091,0.10948751352450607,0.11460252018556087,0.12646286624858602,0.10708515845196091,0.10948751352450607,0.11460252018556087,0.12646286624858602,0.10708515845196091,0.10948751352450607,0.11460252018556087,0.12646286624858602
LC_dv21_Tlc2p0_TTC03_CP5_S6p267_E16p267.mp4,LC_dv21_Tlc2p0_TTC03,CP5,2.0,6.267,16.267,15.2,15.2,15.267,15.4,15.667,15.2,15.267,15.4,15.667,15.2,15.267,15.4,15.667,0.16491591677461265,0.08214236870884059,0.10708515845196091,0.10948751352450607,0.11460252018556087,0.12646286624858602,0.10708515845196091,0.10948751352450607,0.11460252018556087,0.12646286624858602,0.10708515845196091,0.10948751352450607,0.11460252018556087,0.12646286624858602
LC_dv21_Tlc2p0_TTC04_CP1_S5p067_E15p067.mp4,LC_dv21_Tlc2p0_TTC04,CP1,2.0,5.067,15.067,15.2,15.2,15.267,15.4,15.667,15.2,15.267,15.4,15.667,15.2,15.267,15.4,15.667,0.0777358534673638,0.018267087327080517,0.08029149400836057,0.08163511569570894,0.08446943224252097,0.0907633719989826,0.08029149400836057,0.08163511569570894,0.08446943224252097,0.0907633719989826,0.08029149400836057,0.08163511569570894,0.08446943224252097,0.0907633719989826
LC_dv21_Tlc2p0_TTC04_CP2_S5p367_E15p367.mp4,LC_dv21_Tlc2p0_TTC04,CP2,2.0,5.367,15.367,15.2,15.2,15.267,15.4,15.667,15.2,15.267,15.4,15.667,15.2,15.267,15.4,15.667,0.08374070952678625,0.021244939387453712,0.08029149400836057,0.08163511569570894,0.08446943224252097,0.0907633719989826,0.08029149400836057,0.08163511569570894,0.08446943224252097,0.0907633719989826,0.08029149400836057,0.08163511569570894,0.08446943224252097,0.0907633719989826
LC_dv21_Tlc2p0_TTC04_CP3_S5p667_E15p667.mp4,LC_dv21_Tlc2p0_TTC04,CP3,2.0,5.667,15.667,15.2,15.2,15.267,15.4,15.667,15.2,15.267,15.4,15.667,15.2,15.267,15.4,15.667,0.0907633719989826,0.024946339800064166,0.08029149400836057,0.08163511569570894,0.08446943224252097,0.0907633719989826,0.08029149400836057,0.08163511569570894,0.08446943224252097,0.0907633719989826,0.08029149400836057,0.08163511569570894,0.08446943224252097,0.0907633719989826
LC_dv21_Tlc2p0_TTC04_CP4_S5p967_E15p967.mp4,LC_dv21_Tlc2p0_TTC04,CP4,2.0,5.967,15.967,15.2,15.2,15.267,15.4,15.667,15.2,15.267,15.4,15.667,15.2,15.267,15.4,15.667,0.09907067221256757,0.02970230890389069,0.08029149400836057,0.08163511569570894,0.08446943224252097,0.0907633719989826,0.08029149400836057,0.08163511569570894,0.08446943224252097,0.0907633719989826,0.08029149400836057,0.08163511569570894,0.08446943224252097,0.0907633719989826
LC_dv21_Tlc2p0_TTC04_CP5_S6p267_E16p267.mp4,LC_dv21_Tlc2p0_TTC04,CP5,2.0,6.267,16.267,15.2,15.2,15.267,15.4,15.667,15.2,15.267,15.4,15.667,15.2,15.267,15.4,15.667,0.1090502045437073,0.036044502168431844,0.08029149400836057,0.08163511569570894,0.08446943224252097,0.0907633719989826,0.08029149400836057,0.08163511569570894,0.08446943224252097,0.0907633719989826,0.08029149400836057,0.08163511569570894,0.08446943224252097,0.0907633719989826
LC_dv21_Tlc2p0_TTC05_CP1_S5p067_E15p067.mp4,LC_dv21_Tlc2p0_TTC05,CP1,2.0,5.067,15.067,15.2,15.2,15.267,15.4,15.667,15.2,15.267,15.4,15.667,15.2,15.267,15.4,15.667,0.06270650516027443,0.01188852987811129,0.06435927522035058,0.06520859146110634,0.06700487302985446,0.07089281438021222,0.06435927522035058,0.06520859146110634,0.06700487302985446,0.07089281438021222,0.06435927522035058,0.06520859146110634,0.06700487302985446,0.07089281438021222
LC_dv21_Tlc2p0_TTC05_CP2_S5p367_E15p367.mp4,LC_dv21_Tlc2p0_TTC05,CP2,2.0,5.367,15.367,15.2,15.2,15.267,15.4,15.667,15.2,15.267,15.4,15.667,15.2,15.267,15.4,15.667,0.06654541561629382,0.013421101497679673,0.06435927522035058,0.06520859146110634,0.06700487302985446,0.07089281438021222,0.06435927522035058,0.06520859146110634,0.06700487302985446,0.07089281438021222,0.06435927522035058,0.06520859146110634,0.06700487302985446,0.07089281438021222
LC_dv21_Tlc2p0_TTC05_CP4_S5p967_E15p967.mp4,LC_dv21_Tlc2p0_TTC05,CP4,2.0,5.967,15.967,15.2,15.2,15.267,15.4,15.667,15.2,15.267,15.4,15.667,15.2,15.267,15.4,15.667,0.07586293388466545,0.01742232890556054,0.06435927522035058,0.06520859146110634,0.06700487302985446,0.07089281438021222,0.06435927522035058,0.06520859146110634,0.06700487302985446,0.07089281438021222,0.06435927522035058,0.06520859146110634,0.06700487302985446,0.07089281438021222
LC_dv21_Tlc2p0_TTC07_CP1_S5p033_E15p033.mp4,LC_dv21_Tlc2p0_TTC07,CP1,2.0,5.033,15.033,15.233,15.233,15.3,15.433,15.7,15.233,15.3,15.433,15.7,15.233,15.3,15.433,15.7,0.045626282090280613,0.006295063164399525,0.04693341622737829,0.047390700370391295,0.04833128626009619,0.050329072967157294,0.04693341622737829,0.047390700370391295,0.04833128626009619,0.050329072967157294,0.04693341622737829,0.047390700370391295,0.04833128626009619,0.050329072967157294
LC_dv21_Tlc2p0_TTC07_CP3_S5p633_E15p633.mp4,LC_dv21_Tlc2p0_TTC07,CP3,2.0,5.633,15.633,15.233,15.233,15.3,15.433,15.7,15.233,15.3,15.433,15.7,15.233,15.3,15.433,15.7,0.04981496339061953,0.007518194760637837,0.04693341622737829,0.047390700370391295,0.04833128626009619,0.050329072967157294,0.04693341622737829,0.047390700370391295,0.04833128626009619,0.050329072967157294,0.04693341622737829,0.047390700370391295,0.04833128626009619,0.050329072967157294
LC_dv21_Tlc2p0_TTC07_CP5_S6p233_E16p233.mp4,LC_dv21_Tlc2p0_TTC07,CP5,2.0,6.233,16.233,15.233,15.233,15.3,15.433,15.7,15.233,15.3,15.433,15.7,15.233,15.3,15.433,15.7,0.05484385826211252,0.009104371381714101,0.04693341622737829,0.047390700370391295,0.04833128626009619,0.050329072967157294,0.04693341622737829,0.047390700370391295,0.04833128626009619,0.050329072967157294,0.04693341622737829,0.047390700370391295,0.04833128626009619,0.050329072967157294
LC_dv21_Tlc3p0_TTC02_CP1_S5p067_E15p067.mp4,LC_dv21_Tlc3p0_TTC02,CP1,3.0,5.067,15.067,15.2,15.233,15.3,15.533,15.9,15.233,15.3,15.533,15.9,15.233,15.333,15.5,15.9,0.15020472412612312,0.068107631295767,0.1626547335120541,0.16822503135979633,0.19104696709354835,0.24289725893747496,0.1626547335120541,0.16822503135979633,0.19104696709354835,0.24289725893747496,0.1626547335120541,0.1711398621504884,0.18740524047952256,0.24289725893747496
LC_dv21_Tlc3p0_TTC02_CP2_S5p367_E15p367.mp4,LC_dv21_Tlc3p0_TTC02,CP2,3.0,5.367,15.367,15.2,15.233,15.3,15.533,15.9,15.233,15.3,15.533,15.9,15.233,15.333,15.5,15.9,0.17418938147350382,0.09164821329649207,0.1626547335120541,0.16822503135979633,0.19104696709354835,0.24289725893747496,0.1626547335120541,0.16822503135979633,0.19104696709354835,0.24289725893747496,0.1626547335120541,0.1711398621504884,0.18740524047952256,0.24289725893747496
LC_dv21_Tlc3p0_TTC02_CP3_S5p667_E15p667.mp4,LC_dv21_Tlc3p0_TTC02,CP3,3.0,5.667,15.667,15.2,15.233,15.3,15.533,15.9,15.233,15.3,15.533,15.9,15.233,15.333,15.5,15.9,0.2070748867317744,0.12600152307783682,0.1626547335120541,0.16822503135979633,0.19104696709354835,0.24289725893747496,0.1626547335120541,0.16822503135979633,0.19104696709354835,0.24289725893747496,0.1626547335120541,0.1711398621504884,0.18740524047952256,0.24289725893747496
LC_dv21_Tlc3p0_TTC02_CP4_S5p967_E15p967.mp4,LC_dv21_Tlc3p0_TTC02,CP4,3.0,5.967,15.967,15.2,15.233,15.3,15.533,15.9,15.233,15.3,15.533,15.9,15.233,15.333,15.5,15.9,0.25552879339444284,0.19699523511679629,0.1626547335120541,0.16822503135979633,0.19104696709354835,0.24289725893747496,0.1626547335120541,0.16822503135979633,0.19104696709354835,0.24289725893747496,0.1626547335120541,0.1711398621504884,0.18740524047952256,0.24289725893747496
LC_dv21_Tlc3p0_TTC02_CP5_S6p267_E16p267.mp4,LC_dv21_Tlc3p0_TTC02,CP5,3.0,6.267,16.267,15.233,15.233,15.3,15.533,15.9,15.233,15.3,15.533,15.9,15.233,15.333,15.5,15.9,0.33331140848140706,0.3331396107509328,0.1626547335120541,0.16822503135979633,0.19104696709354835,0.24289725893747496,0.1626547335120541,0.16822503135979633,0.19104696709354835,0.24289725893747496,0.1626547335120541,0.1711398621504884,0.18740524047952256,0.24289725893747496
LC_dv21_Tlc3p0_TTC03_CP1_S5p067_E15p067.mp4,LC_dv21_Tlc3p0_TTC03,CP1,3.0,5.067,15.067,15.2,15.233,15.333,15.533,15.9,15.233,15.333,15.533,15.9,15.233,15.333,15.533,15.9,0.09700922583984303,0.02844007487145587,0.10205515643036561,0.10534844774137973,0.1125486674362669,0.12877883777836108,0.10205515643036561,0.10534844774137973,0.1125486674362669,0.12877883777836108,0.10205515643036561,0.10534844774137973,0.1125486674362669,0.12877883777836108
LC_dv21_Tlc3p0_TTC03_CP2_S5p367_E15p367.mp4,LC_dv21_Tlc3p0_TTC03,CP2,3.0,5.367,15.367,15.2,15.233,15.333,15.533,15.9,15.233,15.333,15.533,15.9,15.233,15.333,15.533,15.9,0.10646783100970156,0.0334024360275184,0.10205515643036561,0.10534844774137973,0.1125486674362669,0.12877883777836108,0.10205515643036561,0.10534844774137973,0.1125486674362669,0.12877883777836108,0.10205515643036561,0.10534844774137973,0.1125486674362669,0.12877883777836108
LC_dv21_Tlc3p0_TTC03_CP3_S5p667_E15p667.mp4,LC_dv21_Tlc3p0_TTC03,CP3,3.0,5.667,15.667,15.2,15.233,15.333,15.533,15.9,15.233,15.333,15.533,15.9,15.233,15.333,15.533,15.9,0.11793088483675178,0.042058574153154046,0.10205515643036561,0.10534844774137973,0.1125486674362669,0.12877883777836108,0.10205515643036561,0.10534844774137973,0.1125486674362669,0.12877883777836108,0.10205515643036561,0.10534844774137973,0.1125486674362669,0.12877883777836108
LC_dv21_Tlc3p0_TTC03_CP4_S5p967_E15p967.mp4,LC_dv21_Tlc3p0_TTC03,CP4,3.0,5.967,15.967,15.2,15.233,15.333,15.533,15.9,15.233,15.333,15.533,15.9,15.233,15.333,15.533,15.9,0.13225813481674287,0.052873520864822894,0.10205515643036561,0.10534844774137973,0.1125486674362669,0.12877883777836108,0.10205515643036561,0.10534844774137973,0.1125486674362669,0.12877883777836108,0.10205515643036561,0.10534844774137973,0.1125486674362669,0.12877883777836108
LC_dv21_Tlc3p0_TTC03_CP5_S6p267_E16p267.mp4,LC_dv21_Tlc3p0_TTC03,CP5,3.0,6.267,16.267,15.233,15.233,15.333,15.533,15.9,15.233,15.333,15.533,15.9,15.233,15.333,15.533,15.9,0.1505405057065038,0.06845997979448562,0.10205515643036561,0.10534844774137973,0.1125486674362669,0.12877883777836108,0.10205515643036561,0.10534844774137973,0.1125486674362669,0.12877883777836108,0.10205515643036561,0.10534844774137973,0.1125486674362669,0.12877883777836108
LC_dv21_Tlc3p0_TTC04_CP1_S5p067_E15p067.mp4,LC_dv21_Tlc3p0_TTC04,CP1,3.0,5.067,15.067,15.2,15.233,15.333,15.5,15.9,15.233,15.333,15.5,15.9,15.233,15.333,15.5,15.9,0.07779044912342178,0.017817105166717195,0.08100649177363857,0.08306473082613315,0.08674167870494873,0.09700922583984274,0.08100649177363857,0.08306473082613315,0.08674167870494873,0.09700922583984274,0.08100649177363857,0.08306473082613315,0.08674167870494873,0.09700922583984274
LC_dv21_Tlc3p0_TTC04_CP2_S5p367_E15p367.mp4,LC_dv21_Tlc3p0_TTC04,CP2,3.0,5.367,15.367,15.2,15.233,15.333,15.5,15.9,15.233,15.333,15.5,15.9,15.233,15.333,15.5,15.9,0.08377423817979518,0.021239583836346325,0.08100649177363857,0.08306473082613315,0.08674167870494873,0.09700922583984274,0.08100649177363857,0.08306473082613315,0.08674167870494873,0.09700922583984274,0.08100649177363857,0.08306473082613315,0.08674167870494873,0.09700922583984274
LC_dv21_Tlc3p0_TTC04_CP3_S5p667_E15p667.mp4,LC_dv21_Tlc3p0_TTC04,CP3,3.0,5.667,15.667,15.2,15.233,15.333,15.5,15.9,15.233,15.333,15.5,15.9,15.233,15.333,15.5,15.9,0.09076774645826638,0.024926869499812813,0.08100649177363857,0.08306473082613315,0.08674167870494873,0.09700922583984274,0.08100649177363857,0.08306473082613315,0.08674167870494873,0.09700922583984274,0.08100649177363857,0.08306473082613315,0.08674167870494873,0.09700922583984274
LC_dv21_Tlc3p0_TTC04_CP4_S5p967_E15p967.mp4,LC_dv21_Tlc3p0_TTC04,CP4,3.0,5.967,15.967,15.2,15.233,15.333,15.5,15.9,15.233,15.333,15.5,15.9,15.233,15.333,15.5,15.9,0.09897176328149923,0.02962747764948334,0.08100649177363857,0.08306473082613315,0.08674167870494873,0.09700922583984274,0.08100649177363857,0.08306473082613315,0.08674167870494873,0.09700922583984274,0.08100649177363857,0.08306473082613315,0.08674167870494873,0.09700922583984274
LC_dv21_Tlc3p0_TTC04_CP5_S6p267_E16p267.mp4,LC_dv21_Tlc3p0_TTC04,CP5,3.0,6.267,16.267,15.233,15.233,15.333,15.5,15.9,15.233,15.333,15.5,15.9,15.233,15.333,15.5,15.9,0.10883599995344592,0.03581514947193438,0.08100649177363857,0.08306473082613315,0.08674167870494873,0.09700922583984274,0.08100649177363857,0.08306473082613315,0.08674167870494873,0.09700922583984274,0.08100649177363857,0.08306473082613315,0.08674167870494873,0.09700922583984274
LC_dv21_Tlc3p0_TTC05_CP1_S5p067_E15p067.mp4,LC_dv21_Tlc3p0_TTC05,CP1,3.0,5.067,15.067,15.233,15.267,15.367,15.533,15.933,15.267,15.367,15.533,15.933,15.267,15.367,15.533,15.933,0.06271277170150572,0.011890905365806444,0.06521536791505655,0.06654541561629382,0.06888775440272858,0.07522343602317479,0.06521536791505655,0.06654541561629382,0.06888775440272858,0.07522343602317479,0.06521536791505655,0.06654541561629382,0.06888775440272858,0.07522343602317479
LC_dv21_Tlc3p0_TTC05_CP3_S5p667_E15p667.mp4,LC_dv21_Tlc3p0_TTC05,CP3,3.0,5.667,15.667,15.233,15.267,15.367,15.533,15.933,15.267,15.367,15.533,15.933,15.267,15.367,15.533,15.933,0.07088213865140629,0.015205286538626057,0.06521536791505655,0.06654541561629382,0.06888775440272858,0.07522343602317479,0.06521536791505655,0.06654541561629382,0.06888775440272858,0.07522343602317479,0.06521536791505655,0.06654541561629382,0.06888775440272858,0.07522343602317479
LC_dv21_Tlc3p0_TTC05_CP5_S6p267_E16p267.mp4,LC_dv21_Tlc3p0_TTC05,CP5,3.0,6.267,16.267,15.267,15.267,15.367,15.533,15.933,15.267,15.367,15.533,15.933,15.267,15.367,15.533,15.933,0.08145149605084874,0.01954676295073652,0.06521536791505655,0.06654541561629382,0.06888775440272858,0.07522343602317479,0.06521536791505655,0.06654541561629382,0.06888775440272858,0.07522343602317479,0.06521536791505655,0.06654541561629382,0.06888775440272858,0.07522343602317479
LC_dv21_Tlc3p0_TTC06_CP1_S5p067_E15p067.mp4,LC_dv21_Tlc3p0_TTC06,CP1,3.0,5.067,15.067,15.2,15.2,15.3,15.533,15.9,15.2,15.3,15.533,15.9,15.233,15.333,15.5,15.9,0.05250642116672136,0.008336242299501438,0.05365734437398059,0.05455458868001453,0.056767275336218496,0.060624590729774115,0.05365734437398059,0.05455458868001453,0.056767275336218496,0.060624590729774115,0.053951067535353066,0.054858242401747304,0.056440496047774645,0.060624590729774115
LC_dv21_Tlc3p0_TTC06_CP2_S5p367_E15p367.mp4,LC_dv21_Tlc3p0_TTC06,CP2,3.0,5.367,15.367,15.2,15.2,15.3,15.533,15.9,15.2,15.3,15.533,15.9,15.233,15.333,15.5,15.9,0.05516852787305867,0.009214073566177285,0.05365734437398059,0.05455458868001453,0.056767275336218496,0.060624590729774115,0.05365734437398059,0.05455458868001453,0.056767275336218496,0.060624590729774115,0.053951067535353066,0.054858242401747304,0.056440496047774645,0.060624590729774115
LC_dv21_Tlc3p0_TTC06_CP4_S5p967_E15p967.mp4,LC_dv21_Tlc3p0_TTC06,CP4,3.0,5.967,15.967,15.2,15.2,15.3,15.533,15.9,15.2,15.3,15.533,15.9,15.233,15.333,15.5,15.9,0.061385656422737696,0.011403128780198148,0.05365734437398059,0.05455458868001453,0.056767275336218496,0.060624590729774115,0.05365734437398059,0.05455458868001453,0.056767275336218496,0.060624590729774115,0.053951067535353066,0.054858242401747304,0.056440496047774645,0.060624590729774115
LC_dv21_Tlc4p0_TTC02_CP1_S5p067_E15p067.mp4,LC_dv21_Tlc4p0_TTC02,CP1,4.0,5.067,15.067,15.233,15.233,15.4,15.633,17.733,15.233,15.4,15.633,17.733,15.233,15.367,15.633,17.567,0.1497038457713163,0.0676550072997424,0.1620398857352844,0.1764371868309573,0.20176539294713217,3.1394672558776637,0.1620398857352844,0.1764371868309573,0.20176539294713217,3.1394672558776637,0.1620398857352844,0.17332527991406357,0.20176539294713217,3.1394672558776637
LC_dv21_Tlc4p0_TTC02_CP2_S5p367_E15p367.mp4,LC_dv21_Tlc4p0_TTC02,CP2,4.0,5.367,15.367,15.233,15.233,15.4,15.633,17.733,15.233,15.4,15.633,17.733,15.233,15.367,15.633,17.567,0.17332527991406357,0.08829136596638339,0.1620398857352844,0.1764371868309573,0.20176539294713217,3.1394672558776637,0.1620398857352844,0.1764371868309573,0.20176539294713217,3.1394672558776637,0.1620398857352844,0.17332527991406357,0.20176539294713217,3.1394672558776637
LC_dv21_Tlc4p0_TTC02_CP3_S5p667_E15p667.mp4,LC_dv21_Tlc4p0_TTC02,CP3,4.0,5.667,15.667,15.233,15.233,15.4,15.633,17.733,15.233,15.4,15.633,17.733,15.233,15.367,15.633,17.567,0.20596836415994613,0.12792024052178547,0.1620398857352844,0.1764371868309573,0.20176539294713217,3.1394672558776637,0.1620398857352844,0.1764371868309573,0.20176539294713217,3.1394672558776637,0.1620398857352844,0.17332527991406357,0.20176539294713217,3.1394672558776637
LC_dv21_Tlc4p0_TTC02_CP4_S5p967_E15p967.mp4,LC_dv21_Tlc4p0_TTC02,CP4,4.0,5.967,15.967,15.233,15.233,15.4,15.633,17.733,15.233,15.4,15.633,17.733,15.233,15.367,15.633,17.567,0.25361087778213853,0.1885581414939881,0.1620398857352844,0.1764371868309573,0.20176539294713217,3.1394672558776637,0.1620398857352844,0.1764371868309573,0.20176539294713217,3.1394672558776637,0.1620398857352844,0.17332527991406357,0.20176539294713217,3.1394672558776637
LC_dv21_Tlc4p0_TTC02_CP5_S6p267_E16p267.mp4,LC_dv21_Tlc4p0_TTC02,CP5,4.0,6.267,16.267,15.233,15.233,15.4,15.633,17.733,15.233,15.4,15.633,17.733,15.233,15.367,15.633,17.567,0.32983844188735956,0.3262388741040974,0.1620398857352844,0.1764371868309573,0.20176539294713217,3.1394672558776637,0.1620398857352844,0.1764371868309573,0.20176539294713217,3.1394672558776637,0.1620398857352844,0.17332527991406357,0.20176539294713217,3.1394672558776637
LC_dv21_Tlc4p0_TTC03_CP1_S5p067_E15p067.mp4,LC_dv21_Tlc4p0_TTC03,CP1,4.0,5.067,15.067,15.233,15.233,15.4,15.667,18.6,15.233,15.4,15.667,18.533,15.233,15.4,15.667,18.4,0.10235461617361051,0.03165781605166523,0.10795039449892191,0.11423424463882688,0.12595571677438308,3.0672379811557815,0.10795039449892191,0.11423424463882688,0.12595571677438308,3.1394672558776637,0.10795039449892191,0.11423424463882688,0.12595571677438308,3.0100081349953
LC_dv21_Tlc4p0_TTC03_CP2_S5p367_E15p367.mp4,LC_dv21_Tlc4p0_TTC03,CP2,4.0,5.367,15.367,15.233,15.233,15.4,15.667,18.6,15.233,15.4,15.667,18.533,15.233,15.4,15.667,18.4,0.1129129162521474,0.038545718686153294,0.10795039449892191,0.11423424463882688,0.12595571677438308,3.0672379811557815,0.10795039449892191,0.11423424463882688,0.12595571677438308,3.1394672558776637,0.10795039449892191,0.11423424463882688,0.12595571677438308,3.0100081349953
LC_dv21_Tlc4p0_TTC03_CP3_S5p667_E15p667.mp4,LC_dv21_Tlc4p0_TTC03,CP3,4.0,5.667,15.667,15.233,15.233,15.4,15.667,18.6,15.233,15.4,15.667,18.533,15.233,15.4,15.667,18.4,0.12595571677438308,0.047952569690129454,0.10795039449892191,0.11423424463882688,0.12595571677438308,3.0672379811557815,0.10795039449892191,0.11423424463882688,0.12595571677438308,3.1394672558776637,0.10795039449892191,0.11423424463882688,0.12595571677438308,3.0100081349953
LC_dv21_Tlc4p0_TTC03_CP4_S5p967_E15p967.mp4,LC_dv21_Tlc4p0_TTC03,CP4,4.0,5.967,15.967,15.233,15.233,15.4,15.667,18.6,15.233,15.4,15.667,18.533,15.233,15.4,15.667,18.4,0.14234571723366685,0.0612110005236922,0.10795039449892191,0.11423424463882688,0.12595571677438308,3.0672379811557815,0.10795039449892191,0.11423424463882688,0.12595571677438308,3.1394672558776637,0.10795039449892191,0.11423424463882688,0.12595571677438308,3.0100081349953
LC_dv21_Tlc4p0_TTC03_CP5_S6p267_E16p267.mp4,LC_dv21_Tlc4p0_TTC03,CP5,4.0,6.267,16.267,15.233,15.233,15.4,15.667,18.6,15.233,15.4,15.667,18.533,15.233,15.4,15.667,18.4,0.16362835759832547,0.08083920678336118,0.10795039449892191,0.11423424463882688,0.12595571677438308,3.0672379811557815,0.10795039449892191,0.11423424463882688,0.12595571677438308,3.1394672558776637,0.10795039449892191,0.11423424463882688,0.12595571677438308,3.0100081349953
LC_dv21_Tlc4p0_TTC04_CP1_S5p067_E15p067.mp4,LC_dv21_Tlc4p0_TTC04,CP1,4.0,5.067,15.067,15.233,15.267,15.4,15.633,19.567,15.267,15.4,15.633,19.533,15.267,15.4,15.633,19.4,0.0777390628561761,0.018268594942029894,0.08161742401342452,0.08442398903610766,0.08983254693089764,3.001545698438811,0.08161742401342452,0.08442398903610766,0.08983254693089764,2.959314749530805,0.08161742401342452,0.08442398903610766,0.08983254693089764,2.8026850540389368
LC_dv21_Tlc4p0_TTC04_CP2_S5p367_E15p367.mp4,LC_dv21_Tlc4p0_TTC04,CP2,4.0,5.367,15.367,15.233,15.267,15.4,15.633,19.567,15.267,15.4,15.633,19.533,15.267,15.4,15.633,19.4,0.08370348691230468,0.021192582455382282,0.08161742401342452,0.08442398903610766,0.08983254693089764,3.001545698438811,0.08161742401342452,0.08442398903610766,0.08983254693089764,2.959314749530805,0.08161742401342452,0.08442398903610766,0.08983254693089764,2.8026850540389368
LC_dv21_Tlc4p0_TTC04_CP3_S5p667_E15p667.mp4,LC_dv21_Tlc4p0_TTC04,CP3,4.0,5.667,15.667,15.233,15.267,15.4,15.633,19.567,15.267,15.4,15.633,19.533,15.267,15.4,15.633,19.4,0.09066724038498591,0.024858640413864454,0.08161742401342452,0.08442398903610766,0.08983254693089764,3.001545698438811,0.08161742401342452,0.08442398903610766,0.08983254693089764,2.959314749530805,0.08161742401342452,0.08442398903610766,0.08983254693089764,2.8026850540389368
LC_dv21_Tlc4p0_TTC04_CP4_S5p967_E15p967.mp4,LC_dv21_Tlc4p0_TTC04,CP4,4.0,5.967,15.967,15.233,15.267,15.4,15.633,19.567,15.267,15.4,15.633,19.533,15.267,15.4,15.633,19.4,0.09888343293680114,0.029564277911422694,0.08161742401342452,0.08442398903610766,0.08983254693089764,3.001545698438811,0.08161742401342452,0.08442398903610766,0.08983254693089764,2.959314749530805,0.08161742401342452,0.08442398903610766,0.08983254693089764,2.8026850540389368
LC_dv21_Tlc4p0_TTC04_CP5_S6p267_E16p267.mp4,LC_dv21_Tlc4p0_TTC04,CP5,4.0,6.267,16.267,15.233,15.267,15.4,15.633,19.567,15.267,15.4,15.633,19.533,15.267,15.4,15.633,19.4,0.1087480422169079,0.03575106298803467,0.08161742401342452,0.08442398903610766,0.08983254693089764,3.001545698438811,0.08161742401342452,0.08442398903610766,0.08983254693089764,2.959314749530805,0.08161742401342452,0.08442398903610766,0.08983254693089764,2.8026850540389368
LC_dv21_Tlc4p0_TTC06_CP1_S5p067_E15p067.mp4,LC_dv21_Tlc4p0_TTC06,CP1,4.0,5.067,15.067,15.233,15.267,15.367,15.633,,15.267,15.367,15.633,,15.267,15.367,15.633,,0.05248738886225873,0.008330201410639943,0.054218336908733025,0.055132981454240414,0.05771226665805952,,0.054218336908733025,0.055132981454240414,0.05771226665805952,,0.054218336908733025,0.055132981454240414,0.05771226665805952,
LC_dv21_Tlc4p0_TTC06_CP3_S5p667_E15p667.mp4,LC_dv21_Tlc4p0_TTC06,CP3,4.0,5.667,15.667,15.233,15.267,15.367,15.633,,15.267,15.367,15.633,,15.267,15.367,15.633,,0.058053978848399766,0.010195678036442484,0.054218336908733025,0.055132981454240414,0.05771226665805952,,0.054218336908733025,0.055132981454240414,0.05771226665805952,,0.054218336908733025,0.055132981454240414,0.05771226665805952,
LC_dv21_Tlc4p0_TTC06_CP5_S6p267_E16p267.mp4,LC_dv21_Tlc4p0_TTC06,CP5,4.0,6.267,16.267,15.233,15.267,15.367,15.633,,15.267,15.367,15.633,,15.267,15.367,15.633,,0.06495212526726411,0.012761688896962855,0.054218336908733025,0.055132981454240414,0.05771226665805952,,0.054218336908733025,0.055132981454240414,0.05771226665805952,,0.054218336908733025,0.055132981454240414,0.05771226665805952,
LC_dv21_Tlc4p0_TTC07_CP1_S5p033_E15p033.mp4,LC_dv21_Tlc4p0_TTC07,CP1,4.0,5.033,15.033,15.267,15.267,15.433,15.667,,15.267,15.433,15.667,,15.3,15.4,15.667,,0.04469776839135763,0.006041498147889387,0.04616338576506789,0.047270500498185195,0.04891402590300288,,0.04616338576506789,0.047270500498185195,0.04891402590300288,,0.04638178404876657,0.047043674638690275,0.04891402590300288,
LC_dv21_Tlc4p0_TTC07_CP2_S5p333_E15p333.mp4,LC_dv21_Tlc4p0_TTC07,CP2,4.0,5.333,15.333,15.267,15.267,15.433,15.667,,15.267,15.433,15.667,,15.3,15.4,15.667,,0.04660225825762056,0.006571820392873148,0.04616338576506789,0.047270500498185195,0.04891402590300288,,0.04616338576506789,0.047270500498185195,0.04891402590300288,,0.04638178404876657,0.047043674638690275,0.04891402590300288,
LC_dv21_Tlc4p0_TTC07_CP4_S5p933_E15p933.mp4,LC_dv21_Tlc4p0_TTC07,CP4,4.0,5.933,15.933,15.267,15.267,15.433,15.667,,15.267,15.433,15.667,,15.3,15.4,15.667,,0.05093922330838155,0.007850274370751104,0.04616338576506789,0.047270500498185195,0.04891402590300288,,0.04616338576506789,0.047270500498185195,0.04891402590300288,,0.04638178404876657,0.047043674638690275,0.04891402590300288,
LC_dv28_Tlc2p0_TTC02_CP1_S5p067_E15p067.mp4,LC_dv28_Tlc2p0_TTC02,CP1,2.0,5.067,15.067,15.167,15.2,15.267,15.4,15.633,15.2,15.267,15.4,15.633,15.2,15.267,15.4,15.633,0.11609965095196856,0.054621468207953126,0.12396710147240328,0.12833160821671596,0.13802052508455995,0.15899371306200452,0.12396710147240328,0.12833160821671596,0.13802052508455995,0.15899371306200452,0.12396710147240328,0.12833160821671596,0.13802052508455995,0.15899371306200452
LC_dv28_Tlc2p0_TTC02_CP2_S5p367_E15p367.mp4,LC_dv28_Tlc2p0_TTC02,CP2,2.0,5.367,15.367,15.167,15.2,15.267,15.4,15.633,15.2,15.267,15.4,15.633,15.2,15.267,15.4,15.633,0.13547118769108235,0.07446596779529152,0.12396710147240328,0.12833160821671596,0.13802052508455995,0.15899371306200452,0.12396710147240328,0.12833160821671596,0.13802052508455995,0.15899371306200452,0.12396710147240328,0.12833160821671596,0.13802052508455995,0.15899371306200452
LC_dv28_Tlc2p0_TTC02_CP3_S5p667_E15p667.mp4,LC_dv28_Tlc2p0_TTC02,CP3,2.0,5.667,15.667,15.167,15.2,15.267,15.4,15.633,15.2,15.267,15.4,15.633,15.2,15.267,15.4,15.633,0.1625285907305229,0.10706836950332856,0.12396710147240328,0.12833160821671596,0.13802052508455995,0.15899371306200452,0.12396710147240328,0.12833160821671596,0.13802052508455995,0.15899371306200452,0.12396710147240328,0.12833160821671596,0.13802052508455995,0.15899371306200452
LC_dv28_Tlc2p0_TTC02_CP4_S5p967_E15p967.mp4,LC_dv28_Tlc2p0_TTC02,CP4,2.0,5.967,15.967,15.167,15.2,15.267,15.4,15.633,15.2,15.267,15.4,15.633,15.2,15.267,15.4,15.633,0.20315454442557995,0.16703332816390756,0.12396710147240328,0.12833160821671596,0.13802052508455995,0.15899371306200452,0.12396710147240328,0.12833160821671596,0.13802052508455995,0.15899371306200452,0.12396710147240328,0.12833160821671596,0.13802052508455995,0.15899371306200452
LC_dv28_Tlc2p0_TTC02_CP5_S6p267_E16p267.mp4,LC_dv28_Tlc2p0_TTC02,CP5,2.0,6.267,16.267,15.167,15.2,15.267,15.4,15.633,15.2,15.267,15.4,15.633,15.2,15.267,15.4,15.633,0.27038454249180777,0.29497824408050305,0.12396710147240328,0.12833160821671596,0.13802052508455995,0.15899371306200452,0.12396710147240328,0.12833160821671596,0.13802052508455995,0.15899371306200452,0.12396710147240328,0.12833160821671596,0.13802052508455995,0.15899371306200452
LC_dv28_Tlc2p0_TTC03_CP1_S5p067_E15p067.mp4,LC_dv28_Tlc2p0_TTC03,CP1,2.0,5.067,15.067,15.167,15.2,15.267,15.4,15.667,15.2,15.267,15.4,15.667,15.2,15.267,15.4,15.667,0.07847124286083151,0.024968222014881938,0.08199413623872719,0.08387872135805817,0.08792013509426475,0.09729486422832029,0.08199413623872719,0.08387872135805817,0.08792013509426475,0.09729486422832029,0.08199413623872719,0.08387872135805817,0.08792013509426475,0.09729486422832029
LC_dv28_Tlc2p0_TTC03_CP2_S5p367_E15p367.mp4,LC_dv28_Tlc2p0_TTC03,CP2,2.0,5.367,15.367,15.167,15.2,15.267,15.4,15.667,15.2,15.267,15.4,15.667,15.2,15.267,15.4,15.667,0.08687372854101062,0.030654117013398853,0.08199413623872719,0.08387872135805817,0.08792013509426475,0.09729486422832029,0.08199413623872719,0.08387872135805817,0.08792013509426475,0.09729486422832029,0.08199413623872719,0.08387872135805817,0.08792013509426475,0.09729486422832029
LC_dv28_Tlc2p0_TTC03_CP3_S5p667_E15p667.mp4,LC_dv28_Tlc2p0_TTC03,CP3,2.0,5.667,15.667,15.167,15.2,15.267,15.4,15.667,15.2,15.267,15.4,15.667,15.2,15.267,15.4,15.667,0.09729486422832029,0.03842836294195701,0.08199413623872719,0.08387872135805817,0.08792013509426475,0.09729486422832029,0.08199413623872719,0.08387872135805817,0.08792013509426475,0.09729486422832029,0.08199413623872719,0.08387872135805817,0.08792013509426475,0.09729486422832029
LC_dv28_Tlc2p0_TTC03_CP4_S5p967_E15p967.mp4,LC_dv28_Tlc2p0_TTC03,CP4,2.0,5.967,15.967,15.167,15.2,15.267,15.4,15.667,15.2,15.267,15.4,15.667,15.2,15.267,15.4,15.667,0.11056057248395872,0.04959094277631107,0.08199413623872719,0.08387872135805817,0.08792013509426475,0.09729486422832029,0.08199413623872719,0.08387872135805817,0.08792013509426475,0.09729486422832029,0.08199413623872719,0.08387872135805817,0.08792013509426475,0.09729486422832029
LC_dv28_Tlc2p0_TTC03_CP5_S6p267_E16p267.mp4,LC_dv28_Tlc2p0_TTC03,CP5,2.0,6.267,16.267,15.167,15.2,15.267,15.4,15.667,15.2,15.267,15.4,15.667,15.2,15.267,15.4,15.667,0.1280177798816322,0.06643869900162562,0.08199413623872719,0.08387872135805817,0.08792013509426475,0.09729486422832029,0.08199413623872719,0.08387872135805817,0.08792013509426475,0.09729486422832029,0.08199413623872719,0.08387872135805817,0.08792013509426475,0.09729486422832029
LC_dv28_Tlc2p0_TTC04_CP1_S5p067_E15p067.mp4,LC_dv28_Tlc2p0_TTC04,CP1,2.0,5.067,15.067,15.167,15.2,15.267,15.4,15.633,15.2,15.267,15.4,15.633,15.167,15.267,15.4,15.633,0.05931238719989966,0.013989226065819394,0.06130170405883923,0.06234930508610417,0.06455789982812908,0.0688197671036985,0.06130170405883923,0.06234930508610417,0.06455789982812908,0.0688197671036985,0.060790990976227935,0.06234930508610417,0.06455789982812908,0.0688197671036985
LC_dv28_Tlc2p0_TTC04_CP2_S5p367_E15p367.mp4,LC_dv28_Tlc2p0_TTC04,CP2,2.0,5.367,15.367,15.167,15.2,15.267,15.4,15.633,15.2,15.267,15.4,15.633,15.167,15.267,15.4,15.633,0.06398958456877157,0.016636249582317464,0.06130170405883923,0.06234930508610417,0.06455789982812908,0.0688197671036985,0.06130170405883923,0.06234930508610417,0.06455789982812908,0.0688197671036985,0.060790990976227935,0.06234930508610417,0.06455789982812908,0.0688197671036985
LC_dv28_Tlc2p0_TTC04_CP3_S5p667_E15p667.mp4,LC_dv28_Tlc2p0_TTC04,CP3,2.0,5.667,15.667,15.167,15.2,15.267,15.4,15.633,15.2,15.267,15.4,15.633,15.167,15.267,15.4,15.633,0.06947495903233718,0.01960182825157645,0.06130170405883923,0.06234930508610417,0.06455789982812908,0.0688197671036985,0.06130170405883923,0.06234930508610417,0.06455789982812908,0.0688197671036985,0.060790990976227935,0.06234930508610417,0.06455789982812908,0.0688197671036985
LC_dv28_Tlc2p0_TTC04_CP4_S5p967_E15p967.mp4,LC_dv28_Tlc2p0_TTC04,CP4,2.0,5.967,15.967,15.167,15.2,15.267,15.4,15.633,15.2,15.267,15.4,15.633,15.167,15.267,15.4,15.633,0.07598845964808446,0.023438538916072765,0.06130170405883923,0.06234930508610417,0.06455789982812908,0.0688197671036985,0.06130170405883923,0.06234930508610417,0.06455789982812908,0.0688197671036985,0.060790990976227935,0.06234930508610417,0.06455789982812908,0.0688197671036985
LC_dv28_Tlc2p0_TTC04_CP5_S6p267_E16p267.mp4,LC_dv28_Tlc2p0_TTC04,CP5,2.0,6.267,16.267,15.167,15.2,15.267,15.4,15.633,15.2,15.267,15.4,15.633,15.167,15.267,15.4,15.633,0.0838264472304579,0.028508970444245257,0.06130170405883923,0.06234930508610417,0.06455789982812908,0.0688197671036985,0.06130170405883923,0.06234930508610417,0.06455789982812908,0.0688197671036985,0.060790990976227935,0.06234930508610417,0.06455789982812908,0.0688197671036985
LC_dv28_Tlc2p0_TTC05_CP1_S5p067_E15p067.mp4,LC_dv28_Tlc2p0_TTC05,CP1,2.0,5.067,15.067,15.167,15.2,15.267,15.4,15.633,15.2,15.267,15.4,15.633,15.2,15.267,15.4,15.633,0.04763053243490434,0.009201914368491996,0.048906400827212405,0.04957226810468015,0.05095577008383925,0.053576405910119834,0.048906400827212405,0.04957226810468015,0.05095577008383925,0.053576405910119834,0.048906400827212405,0.04957226810468015,0.05095577008383925,0.053576405910119834
LC_dv28_Tlc2p0_TTC05_CP3_S5p667_E15p667.mp4,LC_dv28_Tlc2p0_TTC05,CP3,2.0,5.667,15.667,15.167,15.2,15.267,15.4,15.633,15.2,15.267,15.4,15.633,15.2,15.267,15.4,15.633,0.05397272349359093,0.01183199321046287,0.048906400827212405,0.04957226810468015,0.05095577008383925,0.053576405910119834,0.048906400827212405,0.04957226810468015,0.05095577008383925,0.053576405910119834,0.048906400827212405,0.04957226810468015,0.05095577008383925,0.053576405910119834
LC_dv28_Tlc2p0_TTC05_CP5_S6p267_E16p267.mp4,LC_dv28_Tlc2p0_TTC05,CP5,2.0,6.267,16.267,15.167,15.2,15.267,15.4,15.633,15.2,15.267,15.4,15.633,15.2,15.267,15.4,15.633,0.062266817584459386,0.0157342756938661,0.048906400827212405,0.04957226810468015,0.05095577008383925,0.053576405910119834,0.048906400827212405,0.04957226810468015,0.05095577008383925,0.053576405910119834,0.048906400827212405,0.04957226810468015,0.05095577008383925,0.053576405910119834
LC_dv28_Tlc2p0_TTC06_CP1_S5p033_E15p033.mp4,LC_dv28_Tlc2p0_TTC06,CP1,2.0,5.033,15.033,15.2,15.233,15.3,15.433,15.7,15.233,15.3,15.433,15.7,15.233,15.3,15.433,15.7,0.03933357062400347,0.006275671094107401,0.04064323039908953,0.04109758445077257,0.04203933824871485,0.04406161920553152,0.04064323039908953,0.04109758445077257,0.04203933824871485,0.04406161920553152,0.04064323039908953,0.04109758445077257,0.04203933824871485,0.04406161920553152
LC_dv28_Tlc2p0_TTC06_CP2_S5p333_E15p333.mp4,LC_dv28_Tlc2p0_TTC06,CP2,2.0,5.333,15.333,15.2,15.233,15.3,15.433,15.7,15.233,15.3,15.433,15.7,15.233,15.3,15.433,15.7,0.04132949925416681,0.006941343054637229,0.04064323039908953,0.04109758445077257,0.04203933824871485,0.04406161920553152,0.04064323039908953,0.04109758445077257,0.04203933824871485,0.04406161920553152,0.04064323039908953,0.04109758445077257,0.04203933824871485,0.04406161920553152
LC_dv28_Tlc2p0_TTC06_CP4_S5p933_E15p933.mp4,LC_dv28_Tlc2p0_TTC06,CP4,2.0,5.933,15.933,15.2,15.233,15.3,15.433,15.7,15.233,15.3,15.433,15.7,15.233,15.3,15.433,15.7,0.04600767789343691,0.008594651295399706,0.04064323039908953,0.04109758445077257,0.04203933824871485,0.04406161920553152,0.04064323039908953,0.04109758445077257,0.04203933824871485,0.04406161920553152,0.04064323039908953,0.04109758445077257,0.04203933824871485,0.04406161920553152
LC_dv28_Tlc3p0_TTC02_CP1_S5p033_E15p033.mp4,LC_dv28_Tlc3p0_TTC02,CP1,3.0,5.033,15.033,15.2,15.233,15.333,15.567,15.933,15.233,15.333,15.567,15.933,15.233,15.333,15.533,15.933,0.11288585411019139,0.051642496348231454,0.1243597916484846,0.13102605742412035,0.14976329923725665,0.1930001518366872,0.1243597916484846,0.13102605742412035,0.14976329923725665,0.1930001518366872,0.1243597916484846,0.13102605742412035,0.14676722652282959,0.1930001518366872
LC_dv28_Tlc3p0_TTC02_CP2_S5p333_E15p333.mp4,LC_dv28_Tlc3p0_TTC02,CP2,3.0,5.333,15.333,15.2,15.233,15.333,15.567,15.933,15.233,15.333,15.567,15.933,15.233,15.333,15.533,15.933,0.13102605742412035,0.06961155696804852,0.1243597916484846,0.13102605742412035,0.14976329923725665,0.1930001518366872,0.1243597916484846,0.13102605742412035,0.14976329923725665,0.1930001518366872,0.1243597916484846,0.13102605742412035,0.14676722652282959,0.1930001518366872
LC_dv28_Tlc3p0_TTC02_CP3_S5p633_E15p633.mp4,LC_dv28_Tlc3p0_TTC02,CP3,3.0,5.633,15.633,15.2,15.233,15.333,15.567,15.933,15.233,15.333,15.567,15.933,15.233,15.333,15.533,15.933,0.15607264390256592,0.0967720577356474,0.1243597916484846,0.13102605742412035,0.14976329923725665,0.1930001518366872,0.1243597916484846,0.13102605742412035,0.14976329923725665,0.1930001518366872,0.1243597916484846,0.13102605742412035,0.14676722652282959,0.1930001518366872
LC_dv28_Tlc3p0_TTC02_CP4_S5p933_E15p933.mp4,LC_dv28_Tlc3p0_TTC02,CP4,3.0,5.933,15.933,15.233,15.233,15.333,15.567,15.933,15.233,15.333,15.567,15.933,15.233,15.333,15.533,15.933,0.1930001518366872,0.1507441730746167,0.1243597916484846,0.13102605742412035,0.14976329923725665,0.1930001518366872,0.1243597916484846,0.13102605742412035,0.14976329923725665,0.1930001518366872,0.1243597916484846,0.13102605742412035,0.14676722652282959,0.1930001518366872
LC_dv28_Tlc3p0_TTC02_CP5_S6p233_E16p233.mp4,LC_dv28_Tlc3p0_TTC02,CP5,3.0,6.233,16.233,15.233,15.233,15.333,15.567,15.933,15.233,15.333,15.567,15.933,15.233,15.333,15.533,15.933,0.2525614377582286,0.25753793336017344,0.1243597916484846,0.13102605742412035,0.14976329923725665,0.1930001518366872,0.1243597916484846,0.13102605742412035,0.14976329923725665,0.1930001518366872,0.1243597916484846,0.13102605742412035,0.14676722652282959,0.1930001518366872
LC_dv28_Tlc3p0_TTC03_CP1_S5p067_E15p067.mp4,LC_dv28_Tlc3p0_TTC03,CP1,3.0,5.067,15.067,15.167,15.2,15.333,15.533,15.9,15.2,15.333,15.533,15.9,15.2,15.333,15.533,15.9,0.0784679727649497,0.024966142147701445,0.08195488191695373,0.08577762165856352,0.09223922022576553,0.10700000411493091,0.08195488191695373,0.08577762165856352,0.09223922022576553,0.10700000411493091,0.08195488191695373,0.08577762165856352,0.09223922022576553,0.10700000411493091
LC_dv28_Tlc3p0_TTC03_CP2_S5p367_E15p367.mp4,LC_dv28_Tlc3p0_TTC03,CP2,3.0,5.367,15.367,15.167,15.2,15.333,15.533,15.9,15.2,15.333,15.533,15.9,15.2,15.333,15.533,15.9,0.08679365041697179,0.030569664536101503,0.08195488191695373,0.08577762165856352,0.09223922022576553,0.10700000411493091,0.08195488191695373,0.08577762165856352,0.09223922022576553,0.10700000411493091,0.08195488191695373,0.08577762165856352,0.09223922022576553,0.10700000411493091
LC_dv28_Tlc3p0_TTC03_CP3_S5p667_E15p667.mp4,LC_dv28_Tlc3p0_TTC03,CP3,3.0,5.667,15.667,15.2,15.2,15.333,15.533,15.9,15.2,15.333,15.533,15.9,15.2,15.333,15.533,15.9,0.0971292901251284,0.038272739698836176,0.08195488191695373,0.08577762165856352,0.09223922022576553,0.10700000411493091,0.08195488191695373,0.08577762165856352,0.09223922022576553,0.10700000411493091,0.08195488191695373,0.08577762165856352,0.09223922022576553,0.10700000411493091
LC_dv28_Tlc3p0_TTC03_CP4_S5p967_E15p967.mp4,LC_dv28_Tlc3p0_TTC03,CP4,3.0,5.967,15.967,15.2,15.2,15.333,15.533,15.9,15.2,15.333,15.533,15.9,15.2,15.333,15.533,15.9,0.11022420045608959,0.04927060656849362,0.08195488191695373,0.08577762165856352,0.09223922022576553,0.10700000411493091,0.08195488191695373,0.08577762165856352,0.09223922022576553,0.10700000411493091,0.08195488191695373,0.08577762165856352,0.09223922022576553,0.10700000411493091
LC_dv28_Tlc3p0_TTC03_CP5_S6p267_E16p267.mp4,LC_dv28_Tlc3p0_TTC03,CP5,3.0,6.267,16.267,15.2,15.2,15.333,15.533,15.9,15.2,15.333,15.533,15.9,15.2,15.333,15.533,15.9,0.127429155947857,0.0658213438183313,0.08195488191695373,0.08577762165856352,0.09223922022576553,0.10700000411493091,0.08195488191695373,0.08577762165856352,0.09223922022576553,0.10700000411493091,0.08195488191695373,0.08577762165856352,0.09223922022576553,0.10700000411493091
LC_dv28_Tlc3p0_TTC04_CP1_S5p067_E15p067.mp4,LC_dv28_Tlc3p0_TTC04,CP1,3.0,5.067,15.067,15.167,15.233,15.333,15.5,15.9,15.233,15.333,15.5,15.9,15.233,15.333,15.5,15.9,0.05925264842181033,0.014233352649149258,0.06174807128724969,0.06335007574010032,0.0662154130996309,0.07425631159144183,0.06174807128724969,0.06335007574010032,0.0662154130996309,0.07425631159144183,0.06174807128724969,0.06335007574010032,0.0662154130996309,0.07425631159144183
LC_dv28_Tlc3p0_TTC04_CP2_S5p367_E15p367.mp4,LC_dv28_Tlc3p0_TTC04,CP2,3.0,5.367,15.367,15.167,15.233,15.333,15.5,15.9,15.233,15.333,15.5,15.9,15.233,15.333,15.5,15.9,0.06390270434998147,0.01657593732770931,0.06174807128724969,0.06335007574010032,0.0662154130996309,0.07425631159144183,0.06174807128724969,0.06335007574010032,0.0662154130996309,0.07425631159144183,0.06174807128724969,0.06335007574010032,0.0662154130996309,0.07425631159144183
LC_dv28_Tlc3p0_TTC04_CP3_S5p667_E15p667.mp4,LC_dv28_Tlc3p0_TTC04,CP3,3.0,5.667,15.667,15.2,15.233,15.333,15.5,15.9,15.233,15.333,15.5,15.9,15.233,15.333,15.5,15.9,0.06933679599781867,0.01951120624989263,0.06174807128724969,0.06335007574010032,0.0662154130996309,0.07425631159144183,0.06174807128724969,0.06335007574010032,0.0662154130996309,0.07425631159144183,0.06174807128724969,0.06335007574010032,0.0662154130996309,0.07425631159144183
LC_dv28_Tlc3p0_TTC04_CP4_S5p967_E15p967.mp4,LC_dv28_Tlc3p0_TTC04,CP4,3.0,5.967,15.967,15.2,15.233,15.333,15.5,15.9,15.233,15.333,15.5,15.9,15.233,15.333,15.5,15.9,0.07577744690895347,0.02329031066497715,0.06174807128724969,0.06335007574010032,0.0662154130996309,0.07425631159144183,0.06174807128724969,0.06335007574010032,0.0662154130996309,0.07425631159144183,0.06174807128724969,0.06335007574010032,0.0662154130996309,0.07425631159144183
LC_dv28_Tlc3p0_TTC04_CP5_S6p267_E16p267.mp4,LC_dv28_Tlc3p0_TTC04,CP5,3.0,6.267,16.267,15.2,15.233,15.333,15.5,15.9,15.233,15.333,15.5,15.9,15.233,15.333,15.5,15.9,0.08355863416746694,0.028323495658951692,0.06174807128724969,0.06335007574010032,0.0662154130996309,0.07425631159144183,0.06174807128724969,0.06335007574010032,0.0662154130996309,0.07425631159144183,0.06174807128724969,0.06335007574010032,0.0662154130996309,0.07425631159144183
LC_dv28_Tlc3p0_TTC06_CP1_S5p033_E15p033.mp4,LC_dv28_Tlc3p0_TTC06,CP1,3.0,5.033,15.033,15.233,15.3,15.4,15.6,15.967,15.3,15.4,15.6,15.967,15.3,15.4,15.6,15.967,0.03934343662795162,0.00627881932459301,0.04110745744392003,0.041812412313832675,0.04329045195748432,0.04629053416824531,0.04110745744392003,0.041812412313832675,0.04329045195748432,0.04629053416824531,0.04110745744392003,0.041812412313832675,0.04329045195748432,0.04629053416824531
LC_dv28_Tlc3p0_TTC06_CP3_S5p633_E15p633.mp4,LC_dv28_Tlc3p0_TTC06,CP3,3.0,5.633,15.633,15.233,15.3,15.4,15.6,15.967,15.3,15.4,15.6,15.967,15.3,15.4,15.6,15.967,0.04354281240974139,0.007546446262490589,0.04110745744392003,0.041812412313832675,0.04329045195748432,0.04629053416824531,0.04110745744392003,0.041812412313832675,0.04329045195748432,0.04629053416824531,0.04110745744392003,0.041812412313832675,0.04329045195748432,0.04629053416824531
LC_dv28_Tlc3p0_TTC06_CP5_S6p233_E16p233.mp4,LC_dv28_Tlc3p0_TTC06,CP5,3.0,6.233,16.233,15.267,15.3,15.4,15.6,15.967,15.3,15.4,15.6,15.967,15.3,15.4,15.6,15.967,0.04875692255251498,0.009647247622913172,0.04110745744392003,0.041812412313832675,0.04329045195748432,0.04629053416824531,0.04110745744392003,0.041812412313832675,0.04329045195748432,0.04629053416824531,0.04110745744392003,0.041812412313832675,0.04329045195748432,0.04629053416824531
LC_dv28_Tlc3p0_TTC07_CP1_S5p067_E15p067.mp4,LC_dv28_Tlc3p0_TTC07,CP1,3.0,5.067,15.067,15.167,15.233,15.333,15.533,15.9,15.233,15.333,15.533,15.9,15.233,15.3,15.533,15.9,0.03415523881515069,0.004732186524698208,0.03497069738188196,0.03547893252583257,0.03654104205956299,0.038659796491398994,0.03497069738188196,0.03547893252583257,0.03654104205956299,0.038659796491398994,0.03497069738188196,0.03530722517694948,0.03654104205956299,0.038659796491398994
LC_dv28_Tlc3p0_TTC07_CP2_S5p367_E15p367.mp4,LC_dv28_Tlc3p0_TTC07,CP2,3.0,5.367,15.367,15.167,15.233,15.333,15.533,15.9,15.233,15.333,15.533,15.9,15.233,15.3,15.533,15.9,0.03565164265759745,0.005160603624223045,0.03497069738188196,0.03547893252583257,0.03654104205956299,0.038659796491398994,0.03497069738188196,0.03547893252583257,0.03654104205956299,0.038659796491398994,0.03497069738188196,0.03530722517694948,0.03654104205956299,0.038659796491398994
LC_dv28_Tlc3p0_TTC07_CP4_S5p967_E15p967.mp4,LC_dv28_Tlc3p0_TTC07,CP4,3.0,5.967,15.967,15.2,15.233,15.333,15.533,15.9,15.233,15.333,15.533,15.9,15.233,15.3,15.533,15.9,0.03906823516503908,0.006192920681553136,0.03497069738188196,0.03547893252583257,0.03654104205956299,0.038659796491398994,0.03497069738188196,0.03547893252583257,0.03654104205956299,0.038659796491398994,0.03497069738188196,0.03530722517694948,0.03654104205956299,0.038659796491398994
LC_dv28_Tlc4p0_TTC02_CP1_S5p067_E15p067.mp4,LC_dv28_Tlc4p0_TTC02,CP1,4.0,5.067,15.067,15.167,15.267,15.367,15.633,18.933,15.267,15.367,15.633,18.167,15.267,15.367,15.633,17.9,0.11587829656137702,0.05441361820548336,0.1279482482975987,0.13500543241168994,0.15828646951147338,0.7800712303769036,0.1279482482975987,0.13500543241168994,0.15828646951147338,3.1394672558776637,0.1279482482975987,0.13500543241168994,0.15828646951147338,3.1394672558776637
LC_dv28_Tlc4p0_TTC02_CP2_S5p367_E15p367.mp4,LC_dv28_Tlc4p0_TTC02,CP2,4.0,5.367,15.367,15.2,15.267,15.367,15.633,18.933,15.267,15.367,15.633,18.167,15.267,15.367,15.633,17.9,0.13500543241168994,0.0738685614185321,0.1279482482975987,0.13500543241168994,0.15828646951147338,0.7800712303769036,0.1279482482975987,0.13500543241168994,0.15828646951147338,3.1394672558776637,0.1279482482975987,0.13500543241168994,0.15828646951147338,3.1394672558776637
LC_dv28_Tlc4p0_TTC02_CP3_S5p667_E15p667.mp4,LC_dv28_Tlc4p0_TTC02,CP3,4.0,5.667,15.667,15.2,15.267,15.367,15.633,18.933,15.267,15.367,15.633,18.167,15.267,15.367,15.633,17.9,0.1617064651473878,0.10382750295125726,0.1279482482975987,0.13500543241168994,0.15828646951147338,0.7800712303769036,0.1279482482975987,0.13500543241168994,0.15828646951147338,3.1394672558776637,0.1279482482975987,0.13500543241168994,0.15828646951147338,3.1394672558776637
LC_dv28_Tlc4p0_TTC02_CP4_S5p967_E15p967.mp4,LC_dv28_Tlc4p0_TTC02,CP4,4.0,5.967,15.967,15.2,15.267,15.367,15.633,18.933,15.267,15.367,15.633,18.167,15.267,15.367,15.633,17.9,0.20150703217059873,0.16447330168537594,0.1279482482975987,0.13500543241168994,0.15828646951147338,0.7800712303769036,0.1279482482975987,0.13500543241168994,0.15828646951147338,3.1394672558776637,0.1279482482975987,0.13500543241168994,0.15828646951147338,3.1394672558776637
LC_dv28_Tlc4p0_TTC02_CP5_S6p267_E16p267.mp4,LC_dv28_Tlc4p0_TTC02,CP5,4.0,6.267,16.267,15.2,15.267,15.367,15.633,18.933,15.267,15.367,15.633,18.167,15.267,15.367,15.633,17.9,0.26695349676753677,0.2875084366642438,0.1279482482975987,0.13500543241168994,0.15828646951147338,0.7800712303769036,0.1279482482975987,0.13500543241168994,0.15828646951147338,3.1394672558776637,0.1279482482975987,0.13500543241168994,0.15828646951147338,3.1394672558776637
LC_dv28_Tlc4p0_TTC03_CP1_S5p033_E15p033.mp4,LC_dv28_Tlc4p0_TTC03,CP1,4.0,5.033,15.033,15.2,15.3,15.433,15.7,18.467,15.3,15.433,15.7,18.4,15.3,15.433,15.7,18.333,0.07695745492572283,0.024005225206504017,0.0840021971299065,0.08801464371474813,0.09735521292818845,3.1394672558776637,0.0840021971299065,0.08801464371474813,0.09735521292818845,3.133091110746251,0.0840021971299065,0.08801464371474813,0.09735521292818845,3.0587495234099586
LC_dv28_Tlc4p0_TTC03_CP2_S5p333_E15p333.mp4,LC_dv28_Tlc4p0_TTC03,CP2,4.0,5.333,15.333,15.233,15.3,15.433,15.7,18.467,15.3,15.433,15.7,18.4,15.3,15.433,15.7,18.333,0.08495721953487444,0.028750069126399286,0.0840021971299065,0.08801464371474813,0.09735521292818845,3.1394672558776637,0.0840021971299065,0.08801464371474813,0.09735521292818845,3.133091110746251,0.0840021971299065,0.08801464371474813,0.09735521292818845,3.0587495234099586
LC_dv28_Tlc4p0_TTC03_CP3_S5p633_E15p633.mp4,LC_dv28_Tlc4p0_TTC03,CP3,4.0,5.633,15.633,15.233,15.3,15.433,15.7,18.467,15.3,15.433,15.7,18.4,15.3,15.433,15.7,18.333,0.09484034097640243,0.03648190862645594,0.0840021971299065,0.08801464371474813,0.09735521292818845,3.1394672558776637,0.0840021971299065,0.08801464371474813,0.09735521292818845,3.133091110746251,0.0840021971299065,0.08801464371474813,0.09735521292818845,3.0587495234099586
LC_dv28_Tlc4p0_TTC03_CP4_S5p933_E15p933.mp4,LC_dv28_Tlc4p0_TTC03,CP4,4.0,5.933,15.933,15.233,15.3,15.433,15.7,18.467,15.3,15.433,15.7,18.4,15.3,15.433,15.7,18.333,0.1072925266710681,0.045764265369498985,0.0840021971299065,0.08801464371474813,0.09735521292818845,3.1394672558776637,0.0840021971299065,0.08801464371474813,0.09735521292818845,3.133091110746251,0.0840021971299065,0.08801464371474813,0.09735521292818845,3.0587495234099586
LC_dv28_Tlc4p0_TTC03_CP5_S6p233_E16p233.mp4,LC_dv28_Tlc4p0_TTC03,CP5,4.0,6.233,16.233,15.233,15.3,15.433,15.7,18.467,15.3,15.433,15.7,18.4,15.3,15.433,15.7,18.333,0.1235120818906272,0.061833914866803626,0.0840021971299065,0.08801464371474813,0.09735521292818845,3.1394672558776637,0.0840021971299065,0.08801464371474813,0.09735521292818845,3.133091110746251,0.0840021971299065,0.08801464371474813,0.09735521292818845,3.0587495234099586
LC_dv28_Tlc4p0_TTC04_CP1_S5p067_E15p067.mp4,LC_dv28_Tlc4p0_TTC04,CP1,4.0,5.067,15.067,15.167,15.233,15.4,15.667,19.4,15.233,15.4,15.667,19.4,15.233,15.4,15.633,19.3,0.059346043212619715,0.01428385693750648,0.061837313200223475,0.06456011365276207,0.06943652523268645,3.0057763078946858,0.061837313200223475,0.06456011365276207,0.06943652523268645,3.0057763078946858,0.061837313200223475,0.06456011365276207,0.06878708029847937,2.85660842253445
LC_dv28_Tlc4p0_TTC04_CP2_S5p367_E15p367.mp4,LC_dv28_Tlc4p0_TTC04,CP2,4.0,5.367,15.367,15.2,15.233,15.4,15.667,19.4,15.233,15.4,15.667,19.4,15.233,15.4,15.633,19.3,0.06399828558115574,0.016642948137240664,0.061837313200223475,0.06456011365276207,0.06943652523268645,3.0057763078946858,0.061837313200223475,0.06456011365276207,0.06943652523268645,3.0057763078946858,0.061837313200223475,0.06456011365276207,0.06878708029847937,2.85660842253445
LC_dv28_Tlc4p0_TTC04_CP3_S5p667_E15p667.mp4,LC_dv28_Tlc4p0_TTC04,CP3,4.0,5.667,15.667,15.2,15.233,15.4,15.667,19.4,15.233,15.4,15.667,19.4,15.233,15.4,15.633,19.3,0.06943652523268645,0.019559668665865323,0.061837313200223475,0.06456011365276207,0.06943652523268645,3.0057763078946858,0.061837313200223475,0.06456011365276207,0.06943652523268645,3.0057763078946858,0.061837313200223475,0.06456011365276207,0.06878708029847937,2.85660842253445
LC_dv28_Tlc4p0_TTC04_CP4_S5p967_E15p967.mp4,LC_dv28_Tlc4p0_TTC04,CP4,4.0,5.967,15.967,15.2,15.233,15.4,15.667,19.4,15.233,15.4,15.667,19.4,15.233,15.4,15.633,19.3,0.07590268983395994,0.023370384239631455,0.061837313200223475,0.06456011365276207,0.06943652523268645,3.0057763078946858,0.061837313200223475,0.06456011365276207,0.06943652523268645,3.0057763078946858,0.061837313200223475,0.06456011365276207,0.06878708029847937,2.85660842253445
LC_dv28_Tlc4p0_TTC04_CP5_S6p267_E16p267.mp4,LC_dv28_Tlc4p0_TTC04,CP5,4.0,6.267,16.267,15.2,15.233,15.4,15.667,19.4,15.233,15.4,15.667,19.4,15.233,15.4,15.633,19.3,0.0836811692136914,0.028391703861646096,0.061837313200223475,0.06456011365276207,0.06943652523268645,3.0057763078946858,0.061837313200223475,0.06456011365276207,0.06943652523268645,3.0057763078946858,0.061837313200223475,0.06456011365276207,0.06878708029847937,2.85660842253445
LC_dv28_Tlc4p0_TTC05_CP1_S5p067_E15p067.mp4,LC_dv28_Tlc4p0_TTC05,CP1,4.0,5.067,15.067,15.167,15.267,15.367,15.633,,15.267,15.367,15.633,,15.267,15.367,15.633,,0.04762450705800568,0.009199586827178023,0.04954747645549884,0.05057245794021002,0.05352461153333459,,0.04954747645549884,0.05057245794021002,0.05352461153333459,,0.04954747645549884,0.05057245794021002,0.05352461153333459,
LC_dv28_Tlc4p0_TTC05_CP2_S5p367_E15p367.mp4,LC_dv28_Tlc4p0_TTC05,CP2,4.0,5.367,15.367,15.2,15.267,15.367,15.633,,15.267,15.367,15.633,,15.267,15.367,15.633,,0.05057245794021002,0.010378926849121216,0.04954747645549884,0.05057245794021002,0.05352461153333459,,0.04954747645549884,0.05057245794021002,0.05352461153333459,,0.04954747645549884,0.05057245794021002,0.05352461153333459,
LC_dv28_Tlc4p0_TTC05_CP4_S5p967_E15p967.mp4,LC_dv28_Tlc4p0_TTC05,CP4,4.0,5.967,15.967,15.2,15.267,15.367,15.633,,15.267,15.367,15.633,,15.267,15.367,15.633,,0.05772111440433694,0.013254185470002127,0.04954747645549884,0.05057245794021002,0.05352461153333459,,0.04954747645549884,0.05057245794021002,0.05352461153333459,,0.04954747645549884,0.05057245794021002,0.05352461153333459,
LC_dv28_Tlc4p0_TTC07_CP1_S5p067_E15p067.mp4,LC_dv28_Tlc4p0_TTC07,CP1,4.0,5.067,15.067,15.167,15.233,15.4,15.633,,15.233,15.4,15.633,,15.233,15.4,15.633,,0.034167639350694626,0.004735622986676083,0.03497914614160064,0.035833544986285194,0.03710215309887657,,0.03497914614160064,0.035833544986285194,0.03710215309887657,,0.03497914614160064,0.035833544986285194,0.03710215309887657,
LC_dv28_Tlc4p0_TTC07_CP3_S5p667_E15p667.mp4,LC_dv28_Tlc4p0_TTC07,CP3,4.0,5.667,15.667,15.2,15.233,15.4,15.633,,15.233,15.4,15.633,,15.233,15.4,15.633,,0.03728811344956959,0.005532159756523412,0.03497914614160064,0.035833544986285194,0.03710215309887657,,0.03497914614160064,0.035833544986285194,0.03710215309887657,,0.03497914614160064,0.035833544986285194,0.03710215309887657,
LC_dv28_Tlc4p0_TTC07_CP5_S6p267_E16p267.mp4,LC_dv28_Tlc4p0_TTC07,CP5,4.0,6.267,16.267,15.2,15.233,15.4,15.633,,15.233,15.4,15.633,,15.233,15.4,15.633,,0.04103128918285052,0.006831710096291501,0.03497914614160064,0.035833544986285194,0.03710215309887657,,0.03497914614160064,0.035833544986285194,0.03710215309887657,,0.03497914614160064,0.035833544986285194,0.03710215309887657,
LC_dv35_Tlc2p0_TTC02_CP1_S5p033_E15p033.mp4,LC_dv35_Tlc2p0_TTC02,CP1,2.0,5.033,15.033,14.7,15.233,15.3,15.433,15.7,15.233,15.3,15.433,15.7,15.233,15.3,15.433,15.7,0.09196896039872061,0.0430026857936692,0.10154897802350116,0.10517786706517356,0.11335449977426458,0.13415025234905942,0.10154897802350116,0.10517786706517356,0.11335449977426458,0.13415025234905942,0.10154897802350116,0.10517786706517356,0.11335449977426458,0.13415025234905942
LC_dv35_Tlc2p0_TTC02_CP2_S5p333_E15p333.mp4,LC_dv35_Tlc2p0_TTC02,CP2,2.0,5.333,15.333,14.967,15.233,15.3,15.433,15.7,15.233,15.3,15.433,15.7,15.233,15.3,15.433,15.7,0.10711560354022188,0.05842853739639481,0.10154897802350116,0.10517786706517356,0.11335449977426458,0.13415025234905942,0.10154897802350116,0.10517786706517356,0.11335449977426458,0.13415025234905942,0.10154897802350116,0.10517786706517356,0.11335449977426458,0.13415025234905942
LC_dv35_Tlc2p0_TTC02_CP3_S5p633_E15p633.mp4,LC_dv35_Tlc2p0_TTC02,CP3,2.0,5.633,15.633,15.167,15.233,15.3,15.433,15.7,15.233,15.3,15.433,15.7,15.233,15.3,15.433,15.7,0.12826173587031006,0.0837139335077307,0.10154897802350116,0.10517786706517356,0.11335449977426458,0.13415025234905942,0.10154897802350116,0.10517786706517356,0.11335449977426458,0.13415025234905942,0.10154897802350116,0.10517786706517356,0.11335449977426458,0.13415025234905942
LC_dv35_Tlc2p0_TTC02_CP4_S5p933_E15p933.mp4,LC_dv35_Tlc2p0_TTC02,CP4,2.0,5.933,15.933,15.167,15.233,15.3,15.433,15.7,15.233,15.3,15.433,15.7,15.233,15.3,15.433,15.7,0.15980201591798268,0.12980852510614005,0.10154897802350116,0.10517786706517356,0.11335449977426458,0.13415025234905942,0.10154897802350116,0.10517786706517356,0.11335449977426458,0.13415025234905942,0.10154897802350116,0.10517786706517356,0.11335449977426458,0.13415025234905942
LC_dv35_Tlc2p0_TTC02_CP5_S6p233_E16p233.mp4,LC_dv35_Tlc2p0_TTC02,CP5,2.0,6.233,16.233,15.167,15.233,15.3,15.433,15.7,15.233,15.3,15.433,15.7,15.233,15.3,15.433,15.7,0.21195444613162634,0.22792174456216965,0.10154897802350116,0.10517786706517356,0.11335449977426458,0.13415025234905942,0.10154897802350116,0.10517786706517356,0.11335449977426458,0.13415025234905942,0.10154897802350116,0.10517786706517356,0.11335449977426458,0.13415025234905942
LC_dv35_Tlc2p0_TTC03_CP1_S5p067_E15p067.mp4,LC_dv35_Tlc2p0_TTC03,CP1,2.0,5.067,15.067,14.733,15.2,15.267,15.4,15.667,15.2,15.267,15.4,15.667,15.2,15.267,15.4,15.667,0.06359617513366558,0.020254222136158097,0.06649136116770767,0.0680412986182708,0.07137386604249635,0.07912080864932344,0.06649136116770767,0.0680412986182708,0.07137386604249635,0.07912080864932344,0.06649136116770767,0.0680412986182708,0.07137386604249635,0.07912080864932344
LC_dv35_Tlc2p0_TTC03_CP2_S5p367_E15p367.mp4,LC_dv35_Tlc2p0_TTC03,CP2,2.0,5.367,15.367,15.033,15.2,15.267,15.4,15.667,15.2,15.267,15.4,15.667,15.2,15.267,15.4,15.667,0.0705105023330704,0.025328952409886366,0.06649136116770767,0.0680412986182708,0.07137386604249635,0.07912080864932344,0.06649136116770767,0.0680412986182708,0.07137386604249635,0.07912080864932344,0.06649136116770767,0.0680412986182708,0.07137386604249635,0.07912080864932344
LC_dv35_Tlc2p0_TTC03_CP3_S5p667_E15p667.mp4,LC_dv35_Tlc2p0_TTC03,CP3,2.0,5.667,15.667,15.133,15.2,15.267,15.4,15.667,15.2,15.267,15.4,15.667,15.2,15.267,15.4,15.667,0.07912080864932344,0.03187595964777653,0.06649136116770767,0.0680412986182708,0.07137386604249635,0.07912080864932344,0.06649136116770767,0.0680412986182708,0.07137386604249635,0.07912080864932344,0.06649136116770767,0.0680412986182708,0.07137386604249635,0.07912080864932344
LC_dv35_Tlc2p0_TTC03_CP4_S5p967_E15p967.mp4,LC_dv35_Tlc2p0_TTC03,CP4,2.0,5.967,15.967,15.133,15.2,15.267,15.4,15.667,15.2,15.267,15.4,15.667,15.2,15.267,15.4,15.667,0.09009900743491006,0.040673777864087095,0.06649136116770767,0.0680412986182708,0.07137386604249635,0.07912080864932344,0.06649136116770767,0.0680412986182708,0.07137386604249635,0.07912080864932344,0.06649136116770767,0.0680412986182708,0.07137386604249635,0.07912080864932344
LC_dv35_Tlc2p0_TTC03_CP5_S6p267_E16p267.mp4,LC_dv35_Tlc2p0_TTC03,CP5,2.0,6.267,16.267,15.167,15.2,15.267,15.4,15.667,15.2,15.267,15.4,15.667,15.2,15.267,15.4,15.667,0.1046577897777691,0.055722236484157556,0.06649136116770767,0.0680412986182708,0.07137386604249635,0.07912080864932344,0.06649136116770767,0.0680412986182708,0.07137386604249635,0.07912080864932344,0.06649136116770767,0.0680412986182708,0.07137386604249635,0.07912080864932344
LC_dv35_Tlc2p0_TTC04_CP1_S5p067_E15p067.mp4,LC_dv35_Tlc2p0_TTC04,CP1,2.0,5.067,15.067,14.767,15.2,15.267,15.4,15.667,15.2,15.267,15.4,15.667,15.2,15.267,15.4,15.667,0.04654118906334586,0.011021780772928607,0.04807331282792407,0.0488797317692888,0.05056838224028483,0.05433100480724281,0.04807331282792407,0.0488797317692888,0.05056838224028483,0.05433100480724281,0.04807331282792407,0.0488797317692888,0.05056838224028483,0.05433100480724281
LC_dv35_Tlc2p0_TTC04_CP2_S5p367_E15p367.mp4,LC_dv35_Tlc2p0_TTC04,CP2,2.0,5.367,15.367,15.067,15.2,15.267,15.4,15.667,15.2,15.267,15.4,15.667,15.2,15.267,15.4,15.667,0.05013337433682771,0.012807148971285454,0.04807331282792407,0.0488797317692888,0.05056838224028483,0.05433100480724281,0.04807331282792407,0.0488797317692888,0.05056838224028483,0.05433100480724281,0.04807331282792407,0.0488797317692888,0.05056838224028483,0.05433100480724281
LC_dv35_Tlc2p0_TTC04_CP3_S5p667_E15p667.mp4,LC_dv35_Tlc2p0_TTC04,CP3,2.0,5.667,15.667,15.133,15.2,15.267,15.4,15.667,15.2,15.267,15.4,15.667,15.2,15.267,15.4,15.667,0.05433100480724281,0.015036347003656273,0.04807331282792407,0.0488797317692888,0.05056838224028483,0.05433100480724281,0.04807331282792407,0.0488797317692888,0.05056838224028483,0.05433100480724281,0.04807331282792407,0.0488797317692888,0.05056838224028483,0.05433100480724281
LC_dv35_Tlc2p0_TTC04_CP4_S5p967_E15p967.mp4,LC_dv35_Tlc2p0_TTC04,CP4,2.0,5.967,15.967,15.133,15.2,15.267,15.4,15.667,15.2,15.267,15.4,15.667,15.2,15.267,15.4,15.667,0.05929557350040273,0.01790338300410557,0.04807331282792407,0.0488797317692888,0.05056838224028483,0.05433100480724281,0.04807331282792407,0.0488797317692888,0.05056838224028483,0.05433100480724281,0.04807331282792407,0.0488797317692888,0.05056838224028483,0.05433100480724281
LC_dv35_Tlc2p0_TTC04_CP5_S6p267_E16p267.mp4,LC_dv35_Tlc2p0_TTC04,CP5,2.0,6.267,16.267,15.167,15.2,15.267,15.4,15.667,15.2,15.267,15.4,15.667,15.2,15.267,15.4,15.667,0.06527189316428475,0.021686031905626343,0.04807331282792407,0.0488797317692888,0.05056838224028483,0.05433100480724281,0.04807331282792407,0.0488797317692888,0.05056838224028483,0.05433100480724281,0.04807331282792407,0.0488797317692888,0.05056838224028483,0.05433100480724281
LC_dv35_Tlc2p0_TTC05_CP1_S5p033_E15p033.mp4,LC_dv35_Tlc2p0_TTC05,CP1,2.0,5.033,15.033,14.7,15.233,15.3,15.433,15.7,15.233,15.3,15.433,15.7,15.233,15.3,15.433,15.7,0.037909960095326246,0.00731324048551648,0.03944071657326253,0.03998192471518705,0.041110150901628464,0.04356700025048075,0.03944071657326253,0.03998192471518705,0.041110150901628464,0.04356700025048075,0.03944071657326253,0.03998192471518705,0.041110150901628464,0.04356700025048075
LC_dv35_Tlc2p0_TTC05_CP2_S5p333_E15p333.mp4,LC_dv35_Tlc2p0_TTC05,CP2,2.0,5.333,15.333,15.033,15.233,15.3,15.433,15.7,15.233,15.3,15.433,15.7,15.233,15.3,15.433,15.7,0.04025727534544479,0.008259712434961772,0.03944071657326253,0.03998192471518705,0.041110150901628464,0.04356700025048075,0.03944071657326253,0.03998192471518705,0.041110150901628464,0.04356700025048075,0.03944071657326253,0.03998192471518705,0.041110150901628464,0.04356700025048075
LC_dv35_Tlc2p0_TTC05_CP4_S5p933_E15p933.mp4,LC_dv35_Tlc2p0_TTC05,CP4,2.0,5.933,15.933,15.167,15.233,15.3,15.433,15.7,15.233,15.3,15.433,15.7,15.233,15.3,15.433,15.7,0.0459717216018525,0.010762740119158258,0.03944071657326253,0.03998192471518705,0.041110150901628464,0.04356700025048075,0.03944071657326253,0.03998192471518705,0.041110150901628464,0.04356700025048075,0.03944071657326253,0.03998192471518705,0.041110150901628464,0.04356700025048075
LC_dv35_Tlc2p0_TTC07_CP1_S5p067_E15p067.mp4,LC_dv35_Tlc2p0_TTC07,CP1,2.0,5.067,15.067,14.733,15.2,15.267,15.4,15.667,15.2,15.267,15.4,15.667,15.2,15.267,15.4,15.667,0.02749238811628943,0.003846385347866119,0.028017879077222106,0.028289930720286103,0.028849754169886863,0.030039083752677172,0.028017879077222106,0.028289930720286103,0.028849754169886863,0.030039083752677172,0.028017879077222106,0.028289930720286103,0.028849754169886863,0.030039083752677172
LC_dv35_Tlc2p0_TTC07_CP3_S5p667_E15p667.mp4,LC_dv35_Tlc2p0_TTC07,CP3,2.0,5.667,15.667,15.133,15.2,15.267,15.4,15.667,15.2,15.267,15.4,15.667,15.2,15.267,15.4,15.667,0.030039083752677172,0.004597210667560736,0.028017879077222106,0.028289930720286103,0.028849754169886863,0.030039083752677172,0.028017879077222106,0.028289930720286103,0.028849754169886863,0.030039083752677172,0.028017879077222106,0.028289930720286103,0.028849754169886863,0.030039083752677172
LC_dv35_Tlc2p0_TTC07_CP5_S6p267_E16p267.mp4,LC_dv35_Tlc2p0_TTC07,CP5,2.0,6.267,16.267,15.167,15.2,15.267,15.4,15.667,15.2,15.267,15.4,15.667,15.2,15.267,15.4,15.667,0.03310746114036099,0.005493413641126682,0.028017879077222106,0.028289930720286103,0.028849754169886863,0.030039083752677172,0.028017879077222106,0.028289930720286103,0.028849754169886863,0.030039083752677172,0.028017879077222106,0.028289930720286103,0.028849754169886863,0.030039083752677172
LC_dv35_Tlc3p0_TTC02_CP1_S5p067_E15p067.mp4,LC_dv35_Tlc3p0_TTC02,CP1,3.0,5.067,15.067,14.767,15.2,15.333,15.533,15.9,15.2,15.333,15.533,15.9,15.233,15.3,15.533,15.9,0.09462591801477238,0.04553562928346151,0.10114002960017633,0.10861010951005835,0.1222222898091956,0.15857927867799979,0.10114002960017633,0.10861010951005835,0.1222222898091956,0.15857927867799979,0.10291383309985663,0.10663658424717949,0.1222222898091956,0.15857927867799979
LC_dv35_Tlc3p0_TTC02_CP2_S5p367_E15p367.mp4,LC_dv35_Tlc3p0_TTC02,CP2,3.0,5.367,15.367,15.033,15.2,15.333,15.533,15.9,15.2,15.333,15.533,15.9,15.233,15.3,15.533,15.9,0.11066448456888568,0.06239278797538481,0.10114002960017633,0.10861010951005835,0.1222222898091956,0.15857927867799979,0.10114002960017633,0.10861010951005835,0.1222222898091956,0.15857927867799979,0.10291383309985663,0.10663658424717949,0.1222222898091956,0.15857927867799979
LC_dv35_Tlc3p0_TTC02_CP3_S5p667_E15p667.mp4,LC_dv35_Tlc3p0_TTC02,CP3,3.0,5.667,15.667,15.133,15.2,15.333,15.533,15.9,15.2,15.333,15.533,15.9,15.233,15.3,15.533,15.9,0.13336241630936269,0.09043786927634496,0.10114002960017633,0.10861010951005835,0.1222222898091956,0.15857927867799979,0.10114002960017633,0.10861010951005835,0.1222222898091956,0.15857927867799979,0.10291383309985663,0.10663658424717949,0.1222222898091956,0.15857927867799979
LC_dv35_Tlc3p0_TTC02_CP4_S5p967_E15p967.mp4,LC_dv35_Tlc3p0_TTC02,CP4,3.0,5.967,15.967,15.133,15.2,15.333,15.533,15.9,15.2,15.333,15.533,15.9,15.233,15.3,15.533,15.9,0.16756753534987337,0.14259661211602798,0.10114002960017633,0.10861010951005835,0.1222222898091956,0.15857927867799979,0.10114002960017633,0.10861010951005835,0.1222222898091956,0.15857927867799979,0.10291383309985663,0.10663658424717949,0.1222222898091956,0.15857927867799979
LC_dv35_Tlc3p0_TTC02_CP5_S6p267_E16p267.mp4,LC_dv35_Tlc3p0_TTC02,CP5,3.0,6.267,16.267,15.167,15.2,15.333,15.533,15.9,15.2,15.333,15.533,15.9,15.233,15.3,15.533,15.9,0.22543281346390387,0.25756971744406165,0.10114002960017633,0.10861010951005835,0.1222222898091956,0.15857927867799979,0.10114002960017633,0.10861010951005835,0.1222222898091956,0.15857927867799979,0.10291383309985663,0.10663658424717949,0.1222222898091956,0.15857927867799979
LC_dv35_Tlc3p0_TTC03_CP1_S5p033_E15p033.mp4,LC_dv35_Tlc3p0_TTC03,CP1,3.0,5.033,15.033,14.7,15.233,15.333,15.567,15.933,15.233,15.333,15.567,15.933,15.267,15.333,15.567,15.933,0.062240056105225525,0.01970856307669563,0.0664538098180466,0.06879964847286144,0.07495691517584964,0.08723187426703438,0.0664538098180466,0.06879964847286144,0.07495691517584964,0.08723187426703438,0.06721778396049136,0.06879964847286144,0.07495691517584964,0.08723187426703438
LC_dv35_Tlc3p0_TTC03_CP2_S5p333_E15p333.mp4,LC_dv35_Tlc3p0_TTC03,CP2,3.0,5.333,15.333,15.033,15.233,15.333,15.567,15.933,15.233,15.333,15.567,15.933,15.267,15.333,15.567,15.933,0.06879964847286144,0.02409759065144548,0.0664538098180466,0.06879964847286144,0.07495691517584964,0.08723187426703438,0.0664538098180466,0.06879964847286144,0.07495691517584964,0.08723187426703438,0.06721778396049136,0.06879964847286144,0.07495691517584964,0.08723187426703438
LC_dv35_Tlc3p0_TTC03_CP3_S5p633_E15p633.mp4,LC_dv35_Tlc3p0_TTC03,CP3,3.0,5.633,15.633,15.167,15.233,15.333,15.567,15.933,15.233,15.333,15.567,15.933,15.267,15.333,15.567,15.933,0.07692601438216538,0.030120312502270034,0.0664538098180466,0.06879964847286144,0.07495691517584964,0.08723187426703438,0.0664538098180466,0.06879964847286144,0.07495691517584964,0.08723187426703438,0.06721778396049136,0.06879964847286144,0.07495691517584964,0.08723187426703438
LC_dv35_Tlc3p0_TTC03_CP4_S5p933_E15p933.mp4,LC_dv35_Tlc3p0_TTC03,CP4,3.0,5.933,15.933,15.167,15.233,15.333,15.567,15.933,15.233,15.333,15.567,15.933,15.267,15.333,15.567,15.933,0.08723187426703438,0.038721918443695415,0.0664538098180466,0.06879964847286144,0.07495691517584964,0.08723187426703438,0.0664538098180466,0.06879964847286144,0.07495691517584964,0.08723187426703438,0.06721778396049136,0.06879964847286144,0.07495691517584964,0.08723187426703438
LC_dv35_Tlc3p0_TTC03_CP5_S6p233_E16p233.mp4,LC_dv35_Tlc3p0_TTC03,CP5,3.0,6.233,16.233,15.2,15.233,15.333,15.567,15.933,15.233,15.333,15.567,15.933,15.267,15.333,15.567,15.933,0.10072358556876382,0.05080182666076137,0.0664538098180466,0.06879964847286144,0.07495691517584964,0.08723187426703438,0.0664538098180466,0.06879964847286144,0.07495691517584964,0.08723187426703438,0.06721778396049136,0.06879964847286144,0.07495691517584964,0.08723187426703438
LC_dv35_Tlc3p0_TTC04_CP1_S5p067_E15p067.mp4,LC_dv35_Tlc3p0_TTC04,CP1,3.0,5.067,15.067,14.767,15.2,15.333,15.533,15.9,15.2,15.333,15.533,15.9,15.233,15.333,15.533,15.9,0.04789838536125077,0.011673845134039757,0.049520103987092653,0.05125685633437458,0.054093697012933616,0.06022121486077052,0.049520103987092653,0.05125685633437458,0.054093697012933616,0.06022121486077052,0.04994184127818542,0.05125685633437458,0.054093697012933616,0.06022121486077052
LC_dv35_Tlc3p0_TTC04_CP2_S5p367_E15p367.mp4,LC_dv35_Tlc3p0_TTC04,CP2,3.0,5.367,15.367,15.033,15.2,15.333,15.533,15.9,15.2,15.333,15.533,15.9,15.233,15.333,15.533,15.9,0.05170882268817458,0.013614604429101099,0.049520103987092653,0.05125685633437458,0.054093697012933616,0.06022121486077052,0.049520103987092653,0.05125685633437458,0.054093697012933616,0.06022121486077052,0.04994184127818542,0.05125685633437458,0.054093697012933616,0.06022121486077052
LC_dv35_Tlc3p0_TTC04_CP3_S5p667_E15p667.mp4,LC_dv35_Tlc3p0_TTC04,CP3,3.0,5.667,15.667,15.133,15.2,15.333,15.533,15.9,15.2,15.333,15.533,15.9,15.233,15.333,15.533,15.9,0.05617103939845979,0.016063416251864304,0.049520103987092653,0.05125685633437458,0.054093697012933616,0.06022121486077052,0.049520103987092653,0.05125685633437458,0.054093697012933616,0.06022121486077052,0.04994184127818542,0.05125685633437458,0.054093697012933616,0.06022121486077052
LC_dv35_Tlc3p0_TTC04_CP4_S5p967_E15p967.mp4,LC_dv35_Tlc3p0_TTC04,CP4,3.0,5.967,15.967,15.133,15.2,15.333,15.533,15.9,15.2,15.333,15.533,15.9,15.233,15.333,15.533,15.9,0.061485899922530625,0.019244033800387597,0.049520103987092653,0.05125685633437458,0.054093697012933616,0.06022121486077052,0.049520103987092653,0.05125685633437458,0.054093697012933616,0.06022121486077052,0.04994184127818542,0.05125685633437458,0.054093697012933616,0.06022121486077052
LC_dv35_Tlc3p0_TTC04_CP5_S6p267_E16p267.mp4,LC_dv35_Tlc3p0_TTC04,CP5,3.0,6.267,16.267,15.167,15.2,15.333,15.533,15.9,15.2,15.333,15.533,15.9,15.233,15.333,15.533,15.9,0.06791122082982123,0.023472140987132125,0.049520103987092653,0.05125685633437458,0.054093697012933616,0.06022121486077052,0.049520103987092653,0.05125685633437458,0.054093697012933616,0.06022121486077052,0.04994184127818542,0.05125685633437458,0.054093697012933616,0.06022121486077052
LC_dv35_Tlc3p0_TTC05_CP1_S5p067_E15p067.mp4,LC_dv35_Tlc3p0_TTC05,CP1,3.0,5.067,15.067,14.767,15.233,15.3,15.533,15.9,15.233,15.3,15.533,15.9,15.233,15.3,15.533,15.9,0.03837682043641158,0.007494452156118076,0.03967766811630794,0.04022372376098832,0.042259250623309125,0.04590669384408513,0.03967766811630794,0.04022372376098832,0.042259250623309125,0.04590669384408513,0.03967766811630794,0.04022372376098832,0.042259250623309125,0.04590669384408513
LC_dv35_Tlc3p0_TTC05_CP3_S5p667_E15p667.mp4,LC_dv35_Tlc3p0_TTC05,CP3,3.0,5.667,15.667,15.133,15.233,15.3,15.533,15.9,15.233,15.3,15.533,15.9,15.233,15.3,15.533,15.9,0.04351563316698402,0.009641603483366006,0.03967766811630794,0.04022372376098832,0.042259250623309125,0.04590669384408513,0.03967766811630794,0.04022372376098832,0.042259250623309125,0.04590669384408513,0.03967766811630794,0.04022372376098832,0.042259250623309125,0.04590669384408513
LC_dv35_Tlc3p0_TTC05_CP5_S6p267_E16p267.mp4,LC_dv35_Tlc3p0_TTC05,CP5,3.0,6.267,16.267,15.167,15.233,15.3,15.533,15.9,15.233,15.3,15.533,15.9,15.233,15.3,15.533,15.9,0.0502390767503151,0.012847792078596822,0.03967766811630794,0.04022372376098832,0.042259250623309125,0.04590669384408513,0.03967766811630794,0.04022372376098832,0.042259250623309125,0.04590669384408513,0.03967766811630794,0.04022372376098832,0.042259250623309125,0.04590669384408513
LC_dv35_Tlc3p0_TTC06_CP1_S5p067_E15p067.mp4,LC_dv35_Tlc3p0_TTC06,CP1,3.0,5.067,15.067,14.767,15.233,15.3,15.533,15.9,15.233,15.3,15.533,15.9,15.233,15.3,15.533,15.9,0.032058582816901306,0.005230059837473785,0.032958467783685226,0.033334379511712024,0.03471655704272498,0.0371387569679103,0.032958467783685226,0.033334379511712024,0.03471655704272498,0.0371387569679103,0.032958467783685226,0.033334379511712024,0.03471655704272498,0.0371387569679103
LC_dv35_Tlc3p0_TTC06_CP2_S5p367_E15p367.mp4,LC_dv35_Tlc3p0_TTC06,CP2,3.0,5.367,15.367,15.033,15.233,15.3,15.533,15.9,15.233,15.3,15.533,15.9,15.233,15.3,15.533,15.9,0.03371836030175932,0.005789809107057241,0.032958467783685226,0.033334379511712024,0.03471655704272498,0.0371387569679103,0.032958467783685226,0.033334379511712024,0.03471655704272498,0.0371387569679103,0.032958467783685226,0.033334379511712024,0.03471655704272498,0.0371387569679103
LC_dv35_Tlc3p0_TTC06_CP4_S5p967_E15p967.mp4,LC_dv35_Tlc3p0_TTC06,CP4,3.0,5.967,15.967,15.133,15.233,15.3,15.533,15.9,15.233,15.3,15.533,15.9,15.233,15.3,15.533,15.9,0.037616001305635964,0.0072040366388972195,0.032958467783685226,0.033334379511712024,0.03471655704272498,0.0371387569679103,0.032958467783685226,0.033334379511712024,0.03471655704272498,0.0371387569679103,0.032958467783685226,0.033334379511712024,0.03471655704272498,0.0371387569679103
LC_dv35_Tlc4p0_TTC02_CP1_S5p067_E15p067.mp4,LC_dv35_Tlc4p0_TTC02,CP1,4.0,5.067,15.067,14.767,15.267,15.367,15.633,19.9,15.267,15.367,15.633,19.9,15.267,15.367,15.633,17.767,0.09491203124630843,0.04581120380333771,0.10512504039597771,0.11107554221002715,0.13087138567504297,0.11619272858396905,0.10512504039597771,0.11107554221002715,0.13087138567504297,0.11619272858396905,0.10512504039597771,0.11107554221002715,0.13087138567504297,3.1394672558776637
LC_dv35_Tlc4p0_TTC02_CP2_S5p367_E15p367.mp4,LC_dv35_Tlc4p0_TTC02,CP2,4.0,5.367,15.367,15.0,15.267,15.367,15.633,19.9,15.267,15.367,15.633,19.9,15.267,15.367,15.633,17.767,0.11107554221002715,0.06275189803682153,0.10512504039597771,0.11107554221002715,0.13087138567504297,0.11619272858396905,0.10512504039597771,0.11107554221002715,0.13087138567504297,0.11619272858396905,0.10512504039597771,0.11107554221002715,0.13087138567504297,3.1394672558776637
LC_dv35_Tlc4p0_TTC02_CP3_S5p667_E15p667.mp4,LC_dv35_Tlc4p0_TTC02,CP3,4.0,5.667,15.667,15.133,15.267,15.367,15.633,19.9,15.267,15.367,15.633,19.9,15.267,15.367,15.633,17.767,0.13386442203938964,0.09109046598291999,0.10512504039597771,0.11107554221002715,0.13087138567504297,0.11619272858396905,0.10512504039597771,0.11107554221002715,0.13087138567504297,0.11619272858396905,0.10512504039597771,0.11107554221002715,0.13087138567504297,3.1394672558776637
LC_dv35_Tlc4p0_TTC02_CP4_S5p967_E15p967.mp4,LC_dv35_Tlc4p0_TTC02,CP4,4.0,5.967,15.967,15.167,15.267,15.367,15.633,19.9,15.267,15.367,15.633,19.9,15.267,15.367,15.633,17.767,0.1684653988846745,0.14414025280610276,0.10512504039597771,0.11107554221002715,0.13087138567504297,0.11619272858396905,0.10512504039597771,0.11107554221002715,0.13087138567504297,0.11619272858396905,0.10512504039597771,0.11107554221002715,0.13087138567504297,3.1394672558776637
LC_dv35_Tlc4p0_TTC02_CP5_S6p267_E16p267.mp4,LC_dv35_Tlc4p0_TTC02,CP5,4.0,6.267,16.267,15.167,15.267,15.367,15.633,19.9,15.267,15.367,15.633,19.9,15.267,15.367,15.633,17.767,0.22711229844685227,0.26145983377356447,0.10512504039597771,0.11107554221002715,0.13087138567504297,0.11619272858396905,0.10512504039597771,0.11107554221002715,0.13087138567504297,0.11619272858396905,0.10512504039597771,0.11107554221002715,0.13087138567504297,3.1394672558776637
LC_dv35_Tlc4p0_TTC03_CP1_S5p067_E15p067.mp4,LC_dv35_Tlc4p0_TTC03,CP1,4.0,5.067,15.067,14.733,15.267,15.367,15.633,18.367,15.267,15.367,15.633,18.3,15.267,15.367,15.633,18.233,0.06364992814521361,0.020611254326164098,0.0680732806000174,0.07053427604035428,0.07803869822497948,3.1394672558776637,0.0680732806000174,0.07053427604035428,0.07803869822497948,3.1394672558776637,0.0680732806000174,0.07053427604035428,0.07803869822497948,3.0629933981396817
LC_dv35_Tlc4p0_TTC03_CP2_S5p367_E15p367.mp4,LC_dv35_Tlc4p0_TTC03,CP2,4.0,5.367,15.367,15.033,15.267,15.367,15.633,18.367,15.267,15.367,15.633,18.3,15.267,15.367,15.633,18.233,0.07053427604035428,0.02531960417008309,0.0680732806000174,0.07053427604035428,0.07803869822497948,3.1394672558776637,0.0680732806000174,0.07053427604035428,0.07803869822497948,3.1394672558776637,0.0680732806000174,0.07053427604035428,0.07803869822497948,3.0629933981396817
LC_dv35_Tlc4p0_TTC03_CP3_S5p667_E15p667.mp4,LC_dv35_Tlc4p0_TTC03,CP3,4.0,5.667,15.667,15.133,15.267,15.367,15.633,18.367,15.267,15.367,15.633,18.3,15.267,15.367,15.633,18.233,0.07909089884085387,0.03182862241787566,0.0680732806000174,0.07053427604035428,0.07803869822497948,3.1394672558776637,0.0680732806000174,0.07053427604035428,0.07803869822497948,3.1394672558776637,0.0680732806000174,0.07053427604035428,0.07803869822497948,3.0629933981396817
LC_dv35_Tlc4p0_TTC03_CP4_S5p967_E15p967.mp4,LC_dv35_Tlc4p0_TTC03,CP4,4.0,5.967,15.967,15.167,15.267,15.367,15.633,18.367,15.267,15.367,15.633,18.3,15.267,15.367,15.633,18.233,0.09001288000110054,0.04057459448070083,0.0680732806000174,0.07053427604035428,0.07803869822497948,3.1394672558776637,0.0680732806000174,0.07053427604035428,0.07803869822497948,3.1394672558776637,0.0680732806000174,0.07053427604035428,0.07803869822497948,3.0629933981396817
LC_dv35_Tlc4p0_TTC03_CP5_S6p267_E16p267.mp4,LC_dv35_Tlc4p0_TTC03,CP5,4.0,6.267,16.267,15.167,15.267,15.367,15.633,18.367,15.267,15.367,15.633,18.3,15.267,15.367,15.633,18.233,0.10446046251068877,0.05550091664453316,0.0680732806000174,0.07053427604035428,0.07803869822497948,3.1394672558776637,0.0680732806000174,0.07053427604035428,0.07803869822497948,3.1394672558776637,0.0680732806000174,0.07053427604035428,0.07803869822497948,3.0629933981396817
LC_dv35_Tlc4p0_TTC04_CP1_S5p067_E15p067.mp4,LC_dv35_Tlc4p0_TTC04,CP1,4.0,5.067,15.067,14.767,15.233,15.367,15.633,19.467,15.233,15.367,15.633,19.4,15.233,15.367,15.633,19.333,0.04654233983106833,0.011022325725772874,0.0484681767639144,0.050128034142898154,0.05381380278139178,3.0375421036569277,0.0484681767639144,0.050128034142898154,0.05381380278139178,2.921444663926756,0.0484681767639144,0.050128034142898154,0.05381380278139178,2.7451668795748394
LC_dv35_Tlc4p0_TTC04_CP2_S5p367_E15p367.mp4,LC_dv35_Tlc4p0_TTC04,CP2,4.0,5.367,15.367,15.033,15.233,15.367,15.633,19.467,15.233,15.367,15.633,19.4,15.233,15.367,15.633,19.333,0.050128034142898154,0.012791072196579519,0.0484681767639144,0.050128034142898154,0.05381380278139178,3.0375421036569277,0.0484681767639144,0.050128034142898154,0.05381380278139178,2.921444663926756,0.0484681767639144,0.050128034142898154,0.05381380278139178,2.7451668795748394
LC_dv35_Tlc4p0_TTC04_CP3_S5p667_E15p667.mp4,LC_dv35_Tlc4p0_TTC04,CP3,4.0,5.667,15.667,15.133,15.233,15.367,15.633,19.467,15.233,15.367,15.633,19.4,15.233,15.367,15.633,19.333,0.05431219432556655,0.015013403615866021,0.0484681767639144,0.050128034142898154,0.05381380278139178,3.0375421036569277,0.0484681767639144,0.050128034142898154,0.05381380278139178,2.921444663926756,0.0484681767639144,0.050128034142898154,0.05381380278139178,2.7451668795748394
LC_dv35_Tlc4p0_TTC04_CP4_S5p967_E15p967.mp4,LC_dv35_Tlc4p0_TTC04,CP4,4.0,5.967,15.967,15.167,15.233,15.367,15.633,19.467,15.233,15.367,15.633,19.4,15.233,15.367,15.633,19.333,0.059250783523382124,0.017867029646791332,0.0484681767639144,0.050128034142898154,0.05381380278139178,3.0375421036569277,0.0484681767639144,0.050128034142898154,0.05381380278139178,2.921444663926756,0.0484681767639144,0.050128034142898154,0.05381380278139178,2.7451668795748394
LC_dv35_Tlc4p0_TTC04_CP5_S6p267_E16p267.mp4,LC_dv35_Tlc4p0_TTC04,CP5,4.0,6.267,16.267,15.167,15.233,15.367,15.633,19.467,15.233,15.367,15.633,19.4,15.233,15.367,15.633,19.333,0.0651882705432335,0.021626007002156937,0.0484681767639144,0.050128034142898154,0.05381380278139178,3.0375421036569277,0.0484681767639144,0.050128034142898154,0.05381380278139178,2.921444663926756,0.0484681767639144,0.050128034142898154,0.05381380278139178,2.7451668795748394
LC_dv35_Tlc4p0_TTC06_CP1_S5p067_E15p067.mp4,LC_dv35_Tlc4p0_TTC06,CP1,4.0,5.067,15.067,14.767,15.3,15.433,15.7,,15.3,15.433,15.7,,15.3,15.433,15.7,,0.03205530685609071,0.005228991098491063,0.03333024742788149,0.03410696260221379,0.035774291479971305,,0.03333024742788149,0.03410696260221379,0.035774291479971305,,0.03333024742788149,0.03410696260221379,0.035774291479971305,
LC_dv35_Tlc4p0_TTC06_CP3_S5p667_E15p667.mp4,LC_dv35_Tlc4p0_TTC06,CP3,4.0,5.667,15.667,15.167,15.3,15.433,15.7,,15.3,15.433,15.7,,15.3,15.433,15.7,,0.03555735138748899,0.0064364973775251225,0.03333024742788149,0.03410696260221379,0.035774291479971305,,0.03333024742788149,0.03410696260221379,0.035774291479971305,,0.03333024742788149,0.03410696260221379,0.035774291479971305,
LC_dv35_Tlc4p0_TTC06_CP5_S6p267_E16p267.mp4,LC_dv35_Tlc4p0_TTC06,CP5,4.0,6.267,16.267,15.2,15.3,15.433,15.7,,15.3,15.433,15.7,,15.3,15.433,15.7,,0.03991748359745932,0.008110728501162658,0.03333024742788149,0.03410696260221379,0.035774291479971305,,0.03333024742788149,0.03410696260221379,0.035774291479971305,,0.03333024742788149,0.03410696260221379,0.035774291479971305,
LC_dv35_Tlc4p0_TTC07_CP1_S5p067_E15p067.mp4,LC_dv35_Tlc4p0_TTC07,CP1,4.0,5.067,15.067,14.7,15.233,15.4,15.667,,15.233,15.4,15.667,,15.233,15.4,15.667,,0.027039359371321802,0.0037206733953857366,0.027678366985395837,0.028348733246423286,0.02948889959429599,,0.027678366985395837,0.028348733246423286,0.02948889959429599,,0.027678366985395837,0.028348733246423286,0.02948889959429599,
LC_dv35_Tlc4p0_TTC07_CP2_S5p367_E15p367.mp4,LC_dv35_Tlc4p0_TTC07,CP2,4.0,5.367,15.367,15.033,15.233,15.4,15.667,,15.233,15.4,15.667,,15.233,15.4,15.667,,0.028212328632893195,0.004056802708865864,0.027678366985395837,0.028348733246423286,0.02948889959429599,,0.027678366985395837,0.028348733246423286,0.02948889959429599,,0.027678366985395837,0.028348733246423286,0.02948889959429599,
LC_dv35_Tlc4p0_TTC07_CP4_S5p967_E15p967.mp4,LC_dv35_Tlc4p0_TTC07,CP4,4.0,5.967,15.967,15.167,15.233,15.4,15.667,,15.233,15.4,15.667,,15.233,15.4,15.667,,0.030886462427251984,0.004856160521852391,0.027678366985395837,0.028348733246423286,0.02948889959429599,,0.027678366985395837,0.028348733246423286,0.02948889959429599,,0.027678366985395837,0.028348733246423286,0.02948889959429599,
LC_dv42_Tlc2p0_TTC02_CP1_S5p033_E15p033.mp4,LC_dv42_Tlc2p0_TTC02,CP1,2.0,5.033,15.033,13.5,15.233,15.3,15.433,15.7,15.233,15.3,15.433,15.7,15.233,15.3,15.433,15.7,0.07397042148636168,0.0334802514090481,0.08139164548583372,0.08421256524566925,0.09046254851450405,0.10626363235897557,0.08139164548583372,0.08421256524566925,0.09046254851450405,0.10626363235897557,0.08139164548583372,0.08421256524566925,0.09046254851450405,0.10626363235897557
LC_dv42_Tlc2p0_TTC02_CP2_S5p333_E15p333.mp4,LC_dv42_Tlc2p0_TTC02,CP2,2.0,5.333,15.333,13.8,15.233,15.3,15.433,15.7,15.233,15.3,15.433,15.7,15.233,15.3,15.433,15.7,0.08569954938014242,0.04498722832936246,0.08139164548583372,0.08421256524566925,0.09046254851450405,0.10626363235897557,0.08139164548583372,0.08421256524566925,0.09046254851450405,0.10626363235897557,0.08139164548583372,0.08421256524566925,0.09046254851450405,0.10626363235897557
LC_dv42_Tlc2p0_TTC02_CP3_S5p633_E15p633.mp4,LC_dv42_Tlc2p0_TTC02,CP3,2.0,5.633,15.633,14.1,15.233,15.3,15.433,15.7,15.233,15.3,15.433,15.7,15.233,15.3,15.433,15.7,0.10181244356672049,0.06346167844561688,0.08139164548583372,0.08421256524566925,0.09046254851450405,0.10626363235897557,0.08139164548583372,0.08421256524566925,0.09046254851450405,0.10626363235897557,0.08139164548583372,0.08421256524566925,0.09046254851450405,0.10626363235897557
LC_dv42_Tlc2p0_TTC02_CP4_S5p933_E15p933.mp4,LC_dv42_Tlc2p0_TTC02,CP4,2.0,5.933,15.933,14.4,15.233,15.3,15.433,15.7,15.233,15.3,15.433,15.7,15.233,15.3,15.433,15.7,0.12537749381443947,0.09614554868338397,0.08139164548583372,0.08421256524566925,0.09046254851450405,0.10626363235897557,0.08139164548583372,0.08421256524566925,0.09046254851450405,0.10626363235897557,0.08139164548583372,0.08421256524566925,0.09046254851450405,0.10626363235897557
LC_dv42_Tlc2p0_TTC02_CP5_S6p233_E16p233.mp4,LC_dv42_Tlc2p0_TTC02,CP5,2.0,6.233,16.233,14.7,15.233,15.3,15.433,15.7,15.233,15.3,15.433,15.7,15.233,15.3,15.433,15.7,0.16320361746822745,0.16273426625336299,0.08139164548583372,0.08421256524566925,0.09046254851450405,0.10626363235897557,0.08139164548583372,0.08421256524566925,0.09046254851450405,0.10626363235897557,0.08139164548583372,0.08421256524566925,0.09046254851450405,0.10626363235897557
LC_dv42_Tlc2p0_TTC03_CP1_S5p067_E15p067.mp4,LC_dv42_Tlc2p0_TTC03,CP1,2.0,5.067,15.067,13.533,15.2,15.267,15.4,15.667,15.2,15.267,15.4,15.667,15.2,15.267,15.4,15.667,0.05353222207344734,0.017538699364781838,0.05599060558201278,0.05731167055666285,0.060140414272920995,0.0667554131724629,0.05599060558201278,0.05731167055666285,0.060140414272920995,0.0667554131724629,0.05599060558201278,0.05731167055666285,0.060140414272920995,0.0667554131724629
LC_dv42_Tlc2p0_TTC03_CP2_S5p367_E15p367.mp4,LC_dv42_Tlc2p0_TTC03,CP2,2.0,5.367,15.367,13.833,15.2,15.267,15.4,15.667,15.2,15.267,15.4,15.667,15.2,15.267,15.4,15.667,0.05941346992039877,0.021629180097723383,0.05599060558201278,0.05731167055666285,0.060140414272920995,0.0667554131724629,0.05599060558201278,0.05731167055666285,0.060140414272920995,0.0667554131724629,0.05599060558201278,0.05731167055666285,0.060140414272920995,0.0667554131724629
LC_dv42_Tlc2p0_TTC03_CP3_S5p667_E15p667.mp4,LC_dv42_Tlc2p0_TTC03,CP3,2.0,5.667,15.667,14.133,15.2,15.267,15.4,15.667,15.2,15.267,15.4,15.667,15.2,15.267,15.4,15.667,0.0667554131724629,0.027295855272864916,0.05599060558201278,0.05731167055666285,0.060140414272920995,0.0667554131724629,0.05599060558201278,0.05731167055666285,0.060140414272920995,0.0667554131724629,0.05599060558201278,0.05731167055666285,0.060140414272920995,0.0667554131724629
LC_dv42_Tlc2p0_TTC03_CP4_S5p967_E15p967.mp4,LC_dv42_Tlc2p0_TTC03,CP4,2.0,5.967,15.967,14.433,15.2,15.267,15.4,15.667,15.2,15.267,15.4,15.667,15.2,15.267,15.4,15.667,0.07617906972875312,0.035533117589934535,0.05599060558201278,0.05731167055666285,0.060140414272920995,0.0667554131724629,0.05599060558201278,0.05731167055666285,0.060140414272920995,0.0667554131724629,0.05599060558201278,0.05731167055666285,0.060140414272920995,0.0667554131724629
LC_dv42_Tlc2p0_TTC03_CP5_S6p267_E16p267.mp4,LC_dv42_Tlc2p0_TTC03,CP5,2.0,6.267,16.267,14.733,15.2,15.267,15.4,15.667,15.2,15.267,15.4,15.667,15.2,15.267,15.4,15.667,0.08869863987792263,0.04815131650589303,0.05599060558201278,0.05731167055666285,0.060140414272920995,0.0667554131724629,0.05599060558201278,0.05731167055666285,0.060140414272920995,0.0667554131724629,0.05599060558201278,0.05731167055666285,0.060140414272920995,0.0667554131724629
LC_dv42_Tlc2p0_TTC04_CP1_S5p067_E15p067.mp4,LC_dv42_Tlc2p0_TTC04,CP1,2.0,5.067,15.067,13.533,15.2,15.267,15.4,15.633,15.2,15.267,15.4,15.633,15.2,15.267,15.367,15.633,0.040246085267373694,0.00991423530102438,0.04162010794082268,0.0423457650997018,0.04387572163509147,0.046837654498043065,0.04162010794082268,0.0423457650997018,0.04387572163509147,0.046837654498043065,0.04162010794082268,0.0423457650997018,0.04348246012836227,0.046837654498043065
LC_dv42_Tlc2p0_TTC04_CP2_S5p367_E15p367.mp4,LC_dv42_Tlc2p0_TTC04,CP2,2.0,5.367,15.367,13.833,15.2,15.267,15.4,15.633,15.2,15.267,15.4,15.633,15.2,15.267,15.367,15.633,0.04348246012836227,0.011585642255474541,0.04162010794082268,0.0423457650997018,0.04387572163509147,0.046837654498043065,0.04162010794082268,0.0423457650997018,0.04387572163509147,0.046837654498043065,0.04162010794082268,0.0423457650997018,0.04348246012836227,0.046837654498043065
LC_dv42_Tlc2p0_TTC04_CP3_S5p667_E15p667.mp4,LC_dv42_Tlc2p0_TTC04,CP3,2.0,5.667,15.667,14.133,15.2,15.267,15.4,15.633,15.2,15.267,15.4,15.633,15.2,15.267,15.367,15.633,0.04729425402197343,0.013703162943194522,0.04162010794082268,0.0423457650997018,0.04387572163509147,0.046837654498043065,0.04162010794082268,0.0423457650997018,0.04387572163509147,0.046837654498043065,0.04162010794082268,0.0423457650997018,0.04348246012836227,0.046837654498043065
LC_dv42_Tlc2p0_TTC04_CP4_S5p967_E15p967.mp4,LC_dv42_Tlc2p0_TTC04,CP4,2.0,5.967,15.967,14.433,15.2,15.267,15.4,15.633,15.2,15.267,15.4,15.633,15.2,15.267,15.367,15.633,0.0518326940932591,0.016454411374937267,0.04162010794082268,0.0423457650997018,0.04387572163509147,0.046837654498043065,0.04162010794082268,0.0423457650997018,0.04387572163509147,0.046837654498043065,0.04162010794082268,0.0423457650997018,0.04348246012836227,0.046837654498043065
LC_dv42_Tlc2p0_TTC04_CP5_S6p267_E16p267.mp4,LC_dv42_Tlc2p0_TTC04,CP5,2.0,6.267,16.267,14.733,15.2,15.267,15.4,15.633,15.2,15.267,15.4,15.633,15.2,15.267,15.367,15.633,0.057339601085755004,0.02013025780164777,0.04162010794082268,0.0423457650997018,0.04387572163509147,0.046837654498043065,0.04162010794082268,0.0423457650997018,0.04387572163509147,0.046837654498043065,0.04162010794082268,0.0423457650997018,0.04348246012836227,0.046837654498043065
LC_dv42_Tlc2p0_TTC05_CP1_S5p067_E15p067.mp4,LC_dv42_Tlc2p0_TTC05,CP1,2.0,5.067,15.067,13.533,15.2,15.267,15.4,15.667,15.2,15.267,15.4,15.667,15.2,15.267,15.4,15.667,0.03263614836717932,0.006518035244488588,0.033533334046892786,0.0339997596974845,0.034979796215272245,0.03711166316268887,0.033533334046892786,0.0339997596974845,0.034979796215272245,0.03711166316268887,0.033533334046892786,0.0339997596974845,0.034979796215272245,0.03711166316268887
LC_dv42_Tlc2p0_TTC05_CP3_S5p667_E15p667.mp4,LC_dv42_Tlc2p0_TTC05,CP3,2.0,5.667,15.667,14.133,15.2,15.267,15.4,15.667,15.2,15.267,15.4,15.667,15.2,15.267,15.4,15.667,0.03711166316268887,0.008438320261860326,0.033533334046892786,0.0339997596974845,0.034979796215272245,0.03711166316268887,0.033533334046892786,0.0339997596974845,0.034979796215272245,0.03711166316268887,0.033533334046892786,0.0339997596974845,0.034979796215272245,0.03711166316268887
LC_dv42_Tlc2p0_TTC05_CP5_S6p267_E16p267.mp4,LC_dv42_Tlc2p0_TTC05,CP5,2.0,6.267,16.267,14.733,15.2,15.267,15.4,15.667,15.2,15.267,15.4,15.667,15.2,15.267,15.4,15.667,0.04301837497887793,0.011331829256223693,0.033533334046892786,0.0339997596974845,0.034979796215272245,0.03711166316268887,0.033533334046892786,0.0339997596974845,0.034979796215272245,0.03711166316268887,0.033533334046892786,0.0339997596974845,0.034979796215272245,0.03711166316268887
LC_dv42_Tlc2p0_TTC06_CP1_S5p067_E15p067.mp4,LC_dv42_Tlc2p0_TTC06,CP1,2.0,5.067,15.067,13.533,15.2,15.267,15.4,15.667,15.2,15.267,15.4,15.667,15.2,15.267,15.4,15.667,0.02683656162104933,0.004408575028943407,0.02744268154886314,0.027754692733908976,0.028401350600275602,0.029793720728192957,0.02744268154886314,0.027754692733908976,0.028401350600275602,0.029793720728192957,0.02744268154886314,0.027754692733908976,0.028401350600275602,0.029793720728192957
LC_dv42_Tlc2p0_TTC06_CP2_S5p367_E15p367.mp4,LC_dv42_Tlc2p0_TTC06,CP2,2.0,5.367,15.367,13.833,15.2,15.267,15.4,15.667,15.2,15.267,15.4,15.667,15.2,15.267,15.4,15.667,0.02823645408704016,0.0048220152136981805,0.02744268154886314,0.027754692733908976,0.028401350600275602,0.029793720728192957,0.02744268154886314,0.027754692733908976,0.028401350600275602,0.029793720728192957,0.02744268154886314,0.027754692733908976,0.028401350600275602,0.029793720728192957
LC_dv42_Tlc2p0_TTC06_CP4_S5p967_E15p967.mp4,LC_dv42_Tlc2p0_TTC06,CP4,2.0,5.967,15.967,14.433,15.2,15.267,15.4,15.667,15.2,15.267,15.4,15.667,15.2,15.267,15.4,15.667,0.031535409549872905,0.006091622461521428,0.02744268154886314,0.027754692733908976,0.028401350600275602,0.029793720728192957,0.02744268154886314,0.027754692733908976,0.028401350600275602,0.029793720728192957,0.02744268154886314,0.027754692733908976,0.028401350600275602,0.029793720728192957
LC_dv42_Tlc3p0_TTC02_CP1_S5p067_E15p067.mp4,LC_dv42_Tlc3p0_TTC02,CP1,3.0,5.067,15.067,13.533,15.233,15.333,15.533,15.9,15.233,15.333,15.533,15.9,15.233,15.333,15.533,15.9,0.0800457470983823,0.039202627980236805,0.08716727109975692,0.09211290171959192,0.10390156355003387,0.1355881283021132,0.08716727109975692,0.09211290171959192,0.10390156355003387,0.1355881283021132,0.08716727109975692,0.09211290171959192,0.10390156355003387,0.1355881283021132
LC_dv42_Tlc3p0_TTC02_CP2_S5p367_E15p367.mp4,LC_dv42_Tlc3p0_TTC02,CP2,3.0,5.367,15.367,13.833,15.233,15.333,15.533,15.9,15.233,15.333,15.533,15.9,15.233,15.333,15.533,15.9,0.09388534750974166,0.053952423252982815,0.08716727109975692,0.09211290171959192,0.10390156355003387,0.1355881283021132,0.08716727109975692,0.09211290171959192,0.10390156355003387,0.1355881283021132,0.08716727109975692,0.09211290171959192,0.10390156355003387,0.1355881283021132
LC_dv42_Tlc3p0_TTC02_CP3_S5p667_E15p667.mp4,LC_dv42_Tlc3p0_TTC02,CP3,3.0,5.667,15.667,14.133,15.233,15.333,15.533,15.9,15.233,15.333,15.533,15.9,15.233,15.333,15.533,15.9,0.11355947333689484,0.07889993590407264,0.08716727109975692,0.09211290171959192,0.10390156355003387,0.1355881283021132,0.08716727109975692,0.09211290171959192,0.10390156355003387,0.1355881283021132,0.08716727109975692,0.09211290171959192,0.10390156355003387,0.1355881283021132
LC_dv42_Tlc3p0_TTC02_CP4_S5p967_E15p967.mp4,LC_dv42_Tlc3p0_TTC02,CP4,3.0,5.967,15.967,14.433,15.233,15.333,15.533,15.9,15.233,15.333,15.533,15.9,15.233,15.333,15.533,15.9,0.14357069804977948,0.12602145774761517,0.08716727109975692,0.09211290171959192,0.10390156355003387,0.1355881283021132,0.08716727109975692,0.09211290171959192,0.10390156355003387,0.1355881283021132,0.08716727109975692,0.09211290171959192,0.10390156355003387,0.1355881283021132
LC_dv42_Tlc3p0_TTC02_CP5_S6p267_E16p267.mp4,LC_dv42_Tlc3p0_TTC02,CP5,3.0,6.267,16.267,14.733,15.233,15.333,15.533,15.9,15.233,15.333,15.533,15.9,15.233,15.333,15.533,15.9,0.1952961150305354,0.23282399168310414,0.08716727109975692,0.09211290171959192,0.10390156355003387,0.1355881283021132,0.08716727109975692,0.09211290171959192,0.10390156355003387,0.1355881283021132,0.08716727109975692,0.09211290171959192,0.10390156355003387,0.1355881283021132
LC_dv42_Tlc3p0_TTC03_CP1_S5p067_E15p067.mp4,LC_dv42_Tlc3p0_TTC03,CP1,3.0,5.067,15.067,13.533,15.233,15.333,15.5,15.9,15.233,15.333,15.5,15.9,15.233,15.333,15.5,15.9,0.05350939694154216,0.017519186698402425,0.05662043891698849,0.05866546741987665,0.06242580077784648,0.07376466774986484,0.05662043891698849,0.05866546741987665,0.06242580077784648,0.07376466774986484,0.05662043891698849,0.05866546741987665,0.06242580077784648,0.07376466774986484
LC_dv42_Tlc3p0_TTC03_CP2_S5p367_E15p367.mp4,LC_dv42_Tlc3p0_TTC03,CP2,3.0,5.367,15.367,13.833,15.233,15.333,15.5,15.9,15.233,15.333,15.5,15.9,15.233,15.333,15.5,15.9,0.059381610453658425,0.021592884997723633,0.05662043891698849,0.05866546741987665,0.06242580077784648,0.07376466774986484,0.05662043891698849,0.05866546741987665,0.06242580077784648,0.07376466774986484,0.05662043891698849,0.05866546741987665,0.06242580077784648,0.07376466774986484
LC_dv42_Tlc3p0_TTC03_CP3_S5p667_E15p667.mp4,LC_dv42_Tlc3p0_TTC03,CP3,3.0,5.667,15.667,14.133,15.233,15.333,15.5,15.9,15.233,15.333,15.5,15.9,15.233,15.333,15.5,15.9,0.06670338048762899,0.027241519578141478,0.05662043891698849,0.05866546741987665,0.06242580077784648,0.07376466774986484,0.05662043891698849,0.05866546741987665,0.06242580077784648,0.07376466774986484,0.05662043891698849,0.05866546741987665,0.06242580077784648,0.07376466774986484
LC_dv42_Tlc3p0_TTC03_CP4_S5p967_E15p967.mp4,LC_dv42_Tlc3p0_TTC03,CP4,3.0,5.967,15.967,14.433,15.233,15.333,15.5,15.9,15.233,15.333,15.5,15.9,15.233,15.333,15.5,15.9,0.07606827671070127,0.03542066619336414,0.05662043891698849,0.05866546741987665,0.06242580077784648,0.07376466774986484,0.05662043891698849,0.05866546741987665,0.06242580077784648,0.07376466774986484,0.05662043891698849,0.05866546741987665,0.06242580077784648,0.07376466774986484
LC_dv42_Tlc3p0_TTC03_CP5_S6p267_E16p267.mp4,LC_dv42_Tlc3p0_TTC03,CP5,3.0,6.267,16.267,14.733,15.233,15.333,15.5,15.9,15.233,15.333,15.5,15.9,15.233,15.333,15.5,15.9,0.0885110440525081,0.04794382664001408,0.05662043891698849,0.05866546741987665,0.06242580077784648,0.07376466774986484,0.05662043891698849,0.05866546741987665,0.06242580077784648,0.07376466774986484,0.05662043891698849,0.05866546741987665,0.06242580077784648,0.07376466774986484
LC_dv42_Tlc3p0_TTC04_CP1_S5p067_E15p067.mp4,LC_dv42_Tlc3p0_TTC04,CP1,3.0,5.067,15.067,13.533,15.2,15.333,15.533,15.9,15.2,15.333,15.533,15.9,15.2,15.333,15.533,15.9,0.04021341144347061,0.009898146240669585,0.041582410274744123,0.04305182819447361,0.04546428467542278,0.050656836377509305,0.041582410274744123,0.04305182819447361,0.04546428467542278,0.050656836377509305,0.041582410274744123,0.04305182819447361,0.04546428467542278,0.050656836377509305
LC_dv42_Tlc3p0_TTC04_CP2_S5p367_E15p367.mp4,LC_dv42_Tlc3p0_TTC04,CP2,3.0,5.367,15.367,13.833,15.2,15.333,15.533,15.9,15.2,15.333,15.533,15.9,15.2,15.333,15.533,15.9,0.043436303208479035,0.011555048625136555,0.041582410274744123,0.04305182819447361,0.04546428467542278,0.050656836377509305,0.041582410274744123,0.04305182819447361,0.04546428467542278,0.050656836377509305,0.041582410274744123,0.04305182819447361,0.04546428467542278,0.050656836377509305
LC_dv42_Tlc3p0_TTC04_CP3_S5p667_E15p667.mp4,LC_dv42_Tlc3p0_TTC04,CP3,3.0,5.667,15.667,14.133,15.2,15.333,15.533,15.9,15.2,15.333,15.533,15.9,15.2,15.333,15.533,15.9,0.047223064946686086,0.01365602513284624,0.041582410274744123,0.04305182819447361,0.04546428467542278,0.050656836377509305,0.041582410274744123,0.04305182819447361,0.04546428467542278,0.050656836377509305,0.041582410274744123,0.04305182819447361,0.04546428467542278,0.050656836377509305
LC_dv42_Tlc3p0_TTC04_CP4_S5p967_E15p967.mp4,LC_dv42_Tlc3p0_TTC04,CP4,3.0,5.967,15.967,14.433,15.2,15.333,15.533,15.9,15.2,15.333,15.533,15.9,15.2,15.333,15.533,15.9,0.05173155919642322,0.01638601233117769,0.041582410274744123,0.04305182819447361,0.04546428467542278,0.050656836377509305,0.041582410274744123,0.04305182819447361,0.04546428467542278,0.050656836377509305,0.041582410274744123,0.04305182819447361,0.04546428467542278,0.050656836377509305
LC_dv42_Tlc3p0_TTC04_CP5_S6p267_E16p267.mp4,LC_dv42_Tlc3p0_TTC04,CP5,3.0,6.267,16.267,14.733,15.2,15.333,15.533,15.9,15.2,15.333,15.533,15.9,15.2,15.333,15.533,15.9,0.05720369621225077,0.020033234181459955,0.041582410274744123,0.04305182819447361,0.04546428467542278,0.050656836377509305,0.041582410274744123,0.04305182819447361,0.04546428467542278,0.050656836377509305,0.041582410274744123,0.04305182819447361,0.04546428467542278,0.050656836377509305
LC_dv42_Tlc3p0_TTC06_CP1_S5p067_E15p067.mp4,LC_dv42_Tlc3p0_TTC06,CP1,3.0,5.067,15.067,13.533,15.2,15.333,15.533,15.9,15.2,15.333,15.533,15.9,15.2,15.333,15.533,15.9,0.026825469195479918,0.0044049315851383474,0.027429883209535582,0.02806257815133277,0.029068079723473854,0.031112128235428083,0.027429883209535582,0.02806257815133277,0.029068079723473854,0.031112128235428083,0.027429883209535582,0.02806257815133277,0.029068079723473854,0.031112128235428083
LC_dv42_Tlc3p0_TTC06_CP3_S5p667_E15p667.mp4,LC_dv42_Tlc3p0_TTC06,CP3,3.0,5.667,15.667,14.133,15.2,15.333,15.533,15.9,15.2,15.333,15.533,15.9,15.2,15.333,15.533,15.9,0.029779578663604957,0.005431273542694056,0.027429883209535582,0.02806257815133277,0.029068079723473854,0.031112128235428083,0.027429883209535582,0.02806257815133277,0.029068079723473854,0.031112128235428083,0.027429883209535582,0.02806257815133277,0.029068079723473854,0.031112128235428083
LC_dv42_Tlc3p0_TTC06_CP5_S6p267_E16p267.mp4,LC_dv42_Tlc3p0_TTC06,CP5,3.0,6.267,16.267,14.733,15.2,15.333,15.533,15.9,15.2,15.333,15.533,15.9,15.2,15.333,15.533,15.9,0.03345882017247474,0.006854914532417863,0.027429883209535582,0.02806257815133277,0.029068079723473854,0.031112128235428083,0.027429883209535582,0.02806257815133277,0.029068079723473854,0.031112128235428083,0.027429883209535582,0.02806257815133277,0.029068079723473854,0.031112128235428083
LC_dv42_Tlc3p0_TTC07_CP1_S5p033_E15p033.mp4,LC_dv42_Tlc3p0_TTC07,CP1,3.0,5.033,15.033,13.533,15.267,15.333,15.567,15.933,15.267,15.333,15.567,15.933,15.267,15.333,15.567,15.933,0.02279593604403527,0.003181021542373032,0.023566035545319275,0.023796659047175775,0.024640001844339867,0.026092830595497246,0.023566035545319275,0.023796659047175775,0.024640001844339867,0.026092830595497246,0.023566035545319275,0.023796659047175775,0.024640001844339867,0.026092830595497246
LC_dv42_Tlc3p0_TTC07_CP2_S5p333_E15p333.mp4,LC_dv42_Tlc3p0_TTC07,CP2,3.0,5.333,15.333,13.8,15.267,15.333,15.567,15.933,15.267,15.333,15.567,15.933,15.267,15.333,15.567,15.933,0.023796659047175775,0.0034685329984723897,0.023566035545319275,0.023796659047175775,0.024640001844339867,0.026092830595497246,0.023566035545319275,0.023796659047175775,0.024640001844339867,0.026092830595497246,0.023566035545319275,0.023796659047175775,0.024640001844339867,0.026092830595497246
LC_dv42_Tlc3p0_TTC07_CP4_S5p933_E15p933.mp4,LC_dv42_Tlc3p0_TTC07,CP4,3.0,5.933,15.933,14.4,15.267,15.333,15.567,15.933,15.267,15.333,15.567,15.933,15.267,15.333,15.567,15.933,0.026092830595497246,0.004169430558467047,0.023566035545319275,0.023796659047175775,0.024640001844339867,0.026092830595497246,0.023566035545319275,0.023796659047175775,0.024640001844339867,0.026092830595497246,0.023566035545319275,0.023796659047175775,0.024640001844339867,0.026092830595497246
LC_dv42_Tlc4p0_TTC02_CP1_S5p067_E15p067.mp4,LC_dv42_Tlc4p0_TTC02,CP1,4.0,5.067,15.067,13.5,15.267,15.4,15.633,18.6,15.267,15.4,15.633,18.6,15.267,15.367,15.633,18.467,0.08034288122613467,0.03949405583870046,0.08916057036919696,0.09616718801539782,0.11150285894290077,0.2605597742293556,0.08916057036919696,0.09616718801539782,0.11150285894290077,0.2605597742293556,0.08916057036919696,0.09433679786507537,0.11150285894290077,0.3309304301152956
LC_dv42_Tlc4p0_TTC02_CP2_S5p367_E15p367.mp4,LC_dv42_Tlc4p0_TTC02,CP2,4.0,5.367,15.367,13.833,15.267,15.4,15.633,18.6,15.267,15.4,15.633,18.6,15.267,15.367,15.633,18.467,0.09433679786507537,0.05445797286058922,0.08916057036919696,0.09616718801539782,0.11150285894290077,0.2605597742293556,0.08916057036919696,0.09616718801539782,0.11150285894290077,0.2605597742293556,0.08916057036919696,0.09433679786507537,0.11150285894290077,0.3309304301152956
LC_dv42_Tlc4p0_TTC02_CP3_S5p667_E15p667.mp4,LC_dv42_Tlc4p0_TTC02,CP3,4.0,5.667,15.667,14.133,15.267,15.4,15.633,18.6,15.267,15.4,15.633,18.6,15.267,15.367,15.633,18.467,0.11411661881687932,0.07965445424988692,0.08916057036919696,0.09616718801539782,0.11150285894290077,0.2605597742293556,0.08916057036919696,0.09616718801539782,0.11150285894290077,0.2605597742293556,0.08916057036919696,0.09433679786507537,0.11150285894290077,0.3309304301152956
LC_dv42_Tlc4p0_TTC02_CP4_S5p967_E15p967.mp4,LC_dv42_Tlc4p0_TTC02,CP4,4.0,5.967,15.967,14.433,15.267,15.4,15.633,18.6,15.267,15.4,15.633,18.6,15.267,15.367,15.633,18.467,0.14447288299163968,0.12590250796494756,0.08916057036919696,0.09616718801539782,0.11150285894290077,0.2605597742293556,0.08916057036919696,0.09616718801539782,0.11150285894290077,0.2605597742293556,0.08916057036919696,0.09433679786507537,0.11150285894290077,0.3309304301152956
LC_dv42_Tlc4p0_TTC02_CP5_S6p267_E16p267.mp4,LC_dv42_Tlc4p0_TTC02,CP5,4.0,6.267,16.267,14.733,15.267,15.4,15.633,18.6,15.267,15.4,15.633,18.6,15.267,15.367,15.633,18.467,0.19680253109303614,0.23639746053455676,0.08916057036919696,0.09616718801539782,0.11150285894290077,0.2605597742293556,0.08916057036919696,0.09616718801539782,0.11150285894290077,0.2605597742293556,0.08916057036919696,0.09433679786507537,0.11150285894290077,0.3309304301152956
LC_dv42_Tlc4p0_TTC03_CP1_S5p067_E15p067.mp4,LC_dv42_Tlc4p0_TTC03,CP1,4.0,5.067,15.067,13.533,15.233,15.4,15.633,18.267,15.233,15.4,15.633,18.267,15.233,15.4,15.633,18.2,0.05353374444112522,0.017539696683803042,0.056644290747525826,0.06013080959137591,0.06581265856698483,3.1394672558776637,0.056644290747525826,0.06013080959137591,0.06581265856698483,3.1394672558776637,0.056644290747525826,0.06013080959137591,0.06581265856698483,3.1394672558776637
LC_dv42_Tlc4p0_TTC03_CP2_S5p367_E15p367.mp4,LC_dv42_Tlc4p0_TTC03,CP2,4.0,5.367,15.367,13.833,15.233,15.4,15.633,18.267,15.233,15.4,15.633,18.267,15.233,15.4,15.633,18.2,0.059405970500971135,0.02160497561222226,0.056644290747525826,0.06013080959137591,0.06581265856698483,3.1394672558776637,0.056644290747525826,0.06013080959137591,0.06581265856698483,3.1394672558776637,0.056644290747525826,0.06013080959137591,0.06581265856698483,3.1394672558776637
LC_dv42_Tlc4p0_TTC03_CP3_S5p667_E15p667.mp4,LC_dv42_Tlc4p0_TTC03,CP3,4.0,5.667,15.667,14.133,15.233,15.4,15.633,18.267,15.233,15.4,15.633,18.267,15.233,15.4,15.633,18.2,0.0667128349438887,0.02724214777393869,0.056644290747525826,0.06013080959137591,0.06581265856698483,3.1394672558776637,0.056644290747525826,0.06013080959137591,0.06581265856698483,3.1394672558776637,0.056644290747525826,0.06013080959137591,0.06581265856698483,3.1394672558776637
LC_dv42_Tlc4p0_TTC03_CP4_S5p967_E15p967.mp4,LC_dv42_Tlc4p0_TTC03,CP4,4.0,5.967,15.967,14.433,15.233,15.4,15.633,18.267,15.233,15.4,15.633,18.267,15.233,15.4,15.633,18.2,0.07607134994482694,0.03541738021474027,0.056644290747525826,0.06013080959137591,0.06581265856698483,3.1394672558776637,0.056644290747525826,0.06013080959137591,0.06581265856698483,3.1394672558776637,0.056644290747525826,0.06013080959137591,0.06581265856698483,3.1394672558776637
LC_dv42_Tlc4p0_TTC03_CP5_S6p267_E16p267.mp4,LC_dv42_Tlc4p0_TTC03,CP5,4.0,6.267,16.267,14.767,15.233,15.4,15.633,18.267,15.233,15.4,15.633,18.267,15.233,15.4,15.633,18.2,0.08850272486407898,0.047972253259461896,0.056644290747525826,0.06013080959137591,0.06581265856698483,3.1394672558776637,0.056644290747525826,0.06013080959137591,0.06581265856698483,3.1394672558776637,0.056644290747525826,0.06013080959137591,0.06581265856698483,3.1394672558776637
LC_dv42_Tlc4p0_TTC04_CP1_S5p067_E15p067.mp4,LC_dv42_Tlc4p0_TTC04,CP1,4.0,5.067,15.067,13.533,15.267,15.367,15.633,19.233,15.267,15.367,15.633,19.233,15.267,15.367,15.633,19.167,0.040209116204710425,0.009896032174670107,0.04229438416369828,0.04342427838171003,0.046745765050162945,2.8295895762265975,0.04229438416369828,0.04342427838171003,0.046745765050162945,2.8295895762265975,0.04229438416369828,0.04342427838171003,0.046745765050162945,2.8628588104104447
LC_dv42_Tlc4p0_TTC04_CP2_S5p367_E15p367.mp4,LC_dv42_Tlc4p0_TTC04,CP2,4.0,5.367,15.367,13.833,15.267,15.367,15.633,19.233,15.267,15.367,15.633,19.233,15.267,15.367,15.633,19.167,0.04342427838171003,0.011545647384275224,0.04229438416369828,0.04342427838171003,0.046745765050162945,2.8295895762265975,0.04229438416369828,0.04342427838171003,0.046745765050162945,2.8295895762265975,0.04229438416369828,0.04342427838171003,0.046745765050162945,2.8628588104104447
LC_dv42_Tlc4p0_TTC04_CP3_S5p667_E15p667.mp4,LC_dv42_Tlc4p0_TTC04,CP3,4.0,5.667,15.667,14.133,15.267,15.367,15.633,19.233,15.267,15.367,15.633,19.233,15.267,15.367,15.633,19.167,0.04719819936570398,0.013634549556976773,0.04229438416369828,0.04342427838171003,0.046745765050162945,2.8295895762265975,0.04229438416369828,0.04342427838171003,0.046745765050162945,2.8295895762265975,0.04229438416369828,0.04342427838171003,0.046745765050162945,2.8628588104104447
LC_dv42_Tlc4p0_TTC04_CP4_S5p967_E15p967.mp4,LC_dv42_Tlc4p0_TTC04,CP4,4.0,5.967,15.967,14.433,15.267,15.367,15.633,19.233,15.267,15.367,15.633,19.233,15.267,15.367,15.633,19.167,0.05170740231983454,0.016367875235059403,0.04229438416369828,0.04342427838171003,0.046745765050162945,2.8295895762265975,0.04229438416369828,0.04342427838171003,0.046745765050162945,2.8295895762265975,0.04229438416369828,0.04342427838171003,0.046745765050162945,2.8628588104104447
LC_dv42_Tlc4p0_TTC04_CP5_S6p267_E16p267.mp4,LC_dv42_Tlc4p0_TTC04,CP5,4.0,6.267,16.267,14.733,15.267,15.367,15.633,19.233,15.267,15.367,15.633,19.233,15.267,15.367,15.633,19.167,0.05715680215319887,0.019734895944919516,0.04229438416369828,0.04342427838171003,0.046745765050162945,2.8295895762265975,0.04229438416369828,0.04342427838171003,0.046745765050162945,2.8295895762265975,0.04229438416369828,0.04342427838171003,0.046745765050162945,2.8628588104104447
LC_dv42_Tlc4p0_TTC05_CP1_S5p067_E15p067.mp4,LC_dv42_Tlc4p0_TTC05,CP1,4.0,5.067,15.067,13.533,15.233,15.4,15.633,,15.233,15.4,15.633,,15.233,15.367,15.633,,0.03219237483106654,0.0063436480792356965,0.03328839410374628,0.03446608348657471,0.03626156229288754,,0.03328839410374628,0.03446608348657471,0.03626156229288754,,0.03328839410374628,0.034223553361232964,0.03626156229288754,
LC_dv42_Tlc4p0_TTC05_CP2_S5p367_E15p367.mp4,LC_dv42_Tlc4p0_TTC05,CP2,4.0,5.367,15.367,13.833,15.233,15.4,15.633,,15.233,15.4,15.633,,15.233,15.367,15.633,,0.034223553361232964,0.007171815763307671,0.03328839410374628,0.03446608348657471,0.03626156229288754,,0.03328839410374628,0.03446608348657471,0.03626156229288754,,0.03328839410374628,0.034223553361232964,0.03626156229288754,
LC_dv42_Tlc4p0_TTC05_CP4_S5p967_E15p967.mp4,LC_dv42_Tlc4p0_TTC05,CP4,4.0,5.967,15.967,14.433,15.233,15.4,15.633,,15.233,15.4,15.633,,15.233,15.367,15.633,,0.039177200152565546,0.009397122154932339,0.03328839410374628,0.03446608348657471,0.03626156229288754,,0.03328839410374628,0.03446608348657471,0.03626156229288754,,0.03328839410374628,0.034223553361232964,0.03626156229288754,
LC_dv42_Tlc4p0_TTC07_CP1_S5p067_E15p067.mp4,LC_dv42_Tlc4p0_TTC07,CP1,4.0,5.067,15.067,13.533,15.233,15.4,15.633,,15.233,15.4,15.633,,15.233,15.4,15.633,,0.023000697010590956,0.0032384217316688527,0.02355512280260169,0.02413662650105771,0.02500367965572634,,0.02355512280260169,0.02413662650105771,0.02500367965572634,,0.02355512280260169,0.02413662650105771,0.02500367965572634,
LC_dv42_Tlc4p0_TTC07_CP3_S5p667_E15p667.mp4,LC_dv42_Tlc4p0_TTC07,CP3,4.0,5.667,15.667,14.133,15.233,15.4,15.633,,15.233,15.4,15.633,,15.233,15.4,15.633,,0.02513289528610971,0.0038676379535473563,0.02355512280260169,0.02413662650105771,0.02500367965572634,,0.02355512280260169,0.02413662650105771,0.02500367965572634,,0.02355512280260169,0.02413662650105771,0.02500367965572634,
LC_dv42_Tlc4p0_TTC07_CP5_S6p267_E16p267.mp4,LC_dv42_Tlc4p0_TTC07,CP5,4.0,6.267,16.267,14.767,15.233,15.4,15.633,,15.233,15.4,15.633,,15.233,15.4,15.633,,0.02770484968452697,0.0046996709090255905,0.02355512280260169,0.02413662650105771,0.02500367965572634,,0.02355512280260169,0.02413662650105771,0.02500367965572634,,0.02355512280260169,0.02413662650105771,0.02500367965572634,
