p_change,x_rel,y_rel,vy_oth,v_ego,v_oth,dg_A,G_A_continue,G_A_ease_off,G_A_brake,G_A_brake_hard,dg_B,G_B_continue,G_B_ease_off,G_B_brake,G_B_brake_hard,video,trace,e_t,cp,p,n,ttc_start,ttc_true,distance,dv_kph,lcd
0.07000000000000002,10.222351797381462,3.5011409184109388,0.004232281883507101,26.796,24.991,9515.270031345379,23677.061250133804,14161.791218788425,20580.379825855336,62018.009856000084,8436.79691203191,11342.777002844086,2905.980090812176,20307.625099442394,62018.009856000084,LC_dv07_Tlc2p0_TTC02_CP1_S5p033_E15p033.mp4,LC_dv07_Tlc2p0_TTC02,15.033,CP1,0.0,21,2.0,2.0,3.888888888888889,7.0,2.0
1.0,9.660391353928892,3.2048006004953082,-0.9852701196991885,26.796,24.977,141248.3365893804,164124.7620910463,72472.4078132214,22876.425501665883,62018.009856000084,57640.276730776284,64193.875600800966,6553.598870024684,20309.305236416614,62018.009856000084,LC_dv07_Tlc2p0_TTC02_CP2_S5p333_E15p333.mp4,LC_dv07_Tlc2p0_TTC02,15.333,CP2,0.9545454545454546,11,2.0,1.7,3.305555555555556,7.0,2.0
1.0,9.087151187101881,2.7468935732482476,-1.5240312751011829,26.796,24.98,138268.59593633364,161979.43658773578,77157.72653927878,23710.840651402148,62018.009856000084,62235.742981055795,69804.42420205621,7568.681221000417,20312.247698057785,62018.009856000084,LC_dv07_Tlc2p0_TTC02_CP3_S5p633_E15p633.mp4,LC_dv07_Tlc2p0_TTC02,15.633,CP3,0.85,10,2.0,1.4,2.722222222222222,7.0,2.0
1.0,8.518697012668875,2.2736512939204876,-1.578588381395977,26.796,24.983,133043.45086110156,157882.13776968422,82760.15356928048,24838.686908582662,62018.01998609452,67006.03654730834,76770.09467574707,9764.058128438724,20320.08799083272,62018.01998609452,LC_dv07_Tlc2p0_TTC02_CP4_S5p933_E15p933.mp4,LC_dv07_Tlc2p0_TTC02,15.933,CP4,1.0,11,2.0,1.1,2.138888888888889,7.0,2.0
1.0,7.9441164086994,1.7960691760154126,-1.5954786911756704,26.796,24.985,127756.90336607459,153555.33859112824,87043.43952252791,25798.435225053643,62018.17329230404,69914.40558643405,82839.36608431108,12924.960497877037,20334.49622908545,62018.17329230404,LC_dv07_Tlc2p0_TTC02_CP5_S6p233_E16p233.mp4,LC_dv07_Tlc2p0_TTC02,16.233,CP5,0.85,10,2.0,0.8,1.5555555555555556,7.0,2.0
0.07000000000000002,12.175350978152709,3.500833980467499,0.0012367870960605547,26.796,24.991,12496.781757697361,27092.063082825076,14595.281325127715,20308.118187444594,62018.009856000084,6991.619969099989,9680.031934326811,2688.411965226822,20307.599999999995,62018.009856000084,LC_dv07_Tlc2p0_TTC03_CP1_S5p033_E15p033.mp4,LC_dv07_Tlc2p0_TTC03,15.033,CP1,0.0238095238095238,21,3.0,3.0,5.833333333333333,7.0,2.0
1.0,11.612392302410687,3.2053456935116,-0.9819343028203885,26.796,24.977,150407.43037837383,171001.4920617366,61745.78721459045,20594.061683362772,62018.009856000084,44454.329719076944,48937.12798609874,4482.7982670218,20307.60168202662,62018.009856000084,LC_dv07_Tlc2p0_TTC03_CP2_S5p333_E15p333.mp4,LC_dv07_Tlc2p0_TTC03,15.333,CP2,0.8181818181818182,11,3.0,2.7,5.25,7.0,2.0
1.0,11.044153353885653,2.7473581302511185,-1.5240398397156687,26.651,24.98,147607.61134128575,168147.10050492638,59707.45221953815,20539.48916364062,61894.01281600004,43551.57678569863,47838.263400346485,4286.686614647856,20307.60027354131,61894.01281600004,LC_dv07_Tlc2p0_TTC03_CP3_S5p633_E15p633.mp4,LC_dv07_Tlc2p0_TTC03,15.633,CP3,0.75,10,3.0,2.4,4.666666666666666,7.0,2.0
1.0,10.485700065243185,2.274175486139682,-1.5786115007208479,26.793,24.983,146444.44145987878,168497.08512997834,70530.25810340847,22052.643670099547,62015.43758400001,52225.16104993244,57839.5543183347,5614.393268402267,20307.84935759348,62015.43758400001,LC_dv07_Tlc2p0_TTC03_CP4_S5p933_E15p933.mp4,LC_dv07_Tlc2p0_TTC03,15.933,CP4,0.9545454545454546,11,3.0,2.1,4.083333333333333,7.0,2.0
1.0,9.911114167551263,1.79184819607131,-1.6121453546314244,26.796,24.985,143417.5441735438,166109.9250888398,74331.61568377934,22692.38091529599,62018.009856000084,56587.026033390706,62922.23036953586,6335.204336145147,20308.839105093786,62018.009856000084,LC_dv07_Tlc2p0_TTC03_CP5_S6p233_E16p233.mp4,LC_dv07_Tlc2p0_TTC03,16.233,CP5,0.8,10,3.0,1.8,3.5,7.0,2.0
0.07000000000000002,13.91617671066981,3.502362453746161,0.004485825744512014,26.796,24.991,15335.084111087202,29017.86897772258,13682.784866635378,20307.599999999995,62018.009856000084,5249.485537708697,7794.021945900437,2544.53640819174,20307.599999999995,62018.009856000084,LC_dv07_Tlc2p0_TTC04_CP1_S5p067_E15p067.mp4,LC_dv07_Tlc2p0_TTC04,15.067,CP1,0.0,21,4.0,4.0,7.777777777777778,7.0,2.0
1.0,13.345322554693288,3.1130602164421863,-1.29191522197877,26.796,24.977,152185.5523231902,172493.1523231902,51694.08042124194,20307.599999999995,62018.009856000084,34749.10571913201,38330.16226961427,3581.0565504822694,20307.599999999995,62018.009856000084,LC_dv07_Tlc2p0_TTC04_CP2_S5p367_E15p367.mp4,LC_dv07_Tlc2p0_TTC04,15.367,CP2,0.8636363636363636,11,4.0,3.7,7.194444444444445,7.0,2.0
1.0,12.776786058055919,2.658430368971288,-1.5137004858804244,26.651,24.98,150597.24497668073,170904.84497668073,52181.7813432179,20307.599999999995,61894.01281600004,35380.33954402346,38963.43440370031,3583.094859676851,20307.599999999995,61894.01281600004,LC_dv07_Tlc2p0_TTC04_CP3_S5p667_E15p667.mp4,LC_dv07_Tlc2p0_TTC04,15.667,CP3,0.7,10,4.0,3.4,6.611111111111111,7.0,2.0
1.0,12.202625664998973,2.1779111276424783,-1.598574354781786,26.796,24.983,151726.16871507664,172086.48383158023,59979.49276385563,20360.315116503603,62018.009856000084,41435.8252665381,45525.76973069174,4089.9444641536406,20307.599999999995,62018.009856000084,LC_dv07_Tlc2p0_TTC04_CP4_S5p967_E15p967.mp4,LC_dv07_Tlc2p0_TTC04,15.967,CP4,0.8181818181818182,11,4.0,3.1,6.027777777777778,7.0,2.0
1.0,11.634319746681347,1.6818959634828858,-1.6452253106733914,26.796,24.986,150970.5725350426,171912.26111348995,65875.63143167774,20941.68857844734,62018.009856000084,46244.355774929536,50997.5428290914,4753.1870541618655,20307.608538350498,62018.009856000084,LC_dv07_Tlc2p0_TTC04_CP5_S6p267_E16p267.mp4,LC_dv07_Tlc2p0_TTC04,16.267,CP5,0.85,10,4.0,2.8,5.444444444444444,7.0,2.0
0.07000000000000002,15.922176944937519,3.5021172644699976,0.0011524930533690608,26.796,24.991,19626.221044294653,30607.795928439897,10981.574884145246,20307.599999999995,62018.009856000084,3684.621576637198,6181.201871546389,2496.5802949091913,20307.599999999995,62018.009856000084,LC_dv07_Tlc2p0_TTC05_CP1_S5p067_E15p067.mp4,LC_dv07_Tlc2p0_TTC05,15.067,CP1,0.0,11,5.0,5.0,9.72222222222222,7.0,2.0
1.0,15.350322743340437,3.1125667342699663,-1.2919127390495995,26.796,24.959,149561.4847642389,169869.0847642389,38917.190061158515,20307.599999999995,62018.009856000084,24944.745221902846,27954.727481085898,3009.982259183051,20307.599999999995,62018.009856000084,LC_dv07_Tlc2p0_TTC05_CP2_S5p367_E15p367.mp4,LC_dv07_Tlc2p0_TTC05,15.367,CP2,0.8181818181818182,11,5.0,4.7,9.13888888888889,7.0,2.0
1.0,14.208623134058387,2.17241032825307,-1.595255043433191,26.796,24.983,151695.129847488,172002.729847488,46737.81098126953,20307.599999999995,62018.009856000084,30651.68957971806,33912.98229041825,3261.2927107001915,20307.599999999995,62018.009856000084,LC_dv07_Tlc2p0_TTC05_CP4_S5p967_E15p967.mp4,LC_dv07_Tlc2p0_TTC05,15.967,CP4,0.8636363636363636,11,5.0,4.1,7.972222222222221,7.0,2.0
0.07000000000000002,19.787178062525538,3.5027181333796875,0.0044858257445194154,26.796,24.991,24798.817949004526,29009.34643417332,4210.528485168793,20307.599999999995,62018.009856000084,854.5950646062283,3185.611558004982,2331.0164933987535,20307.599999999995,62018.009856000084,LC_dv07_Tlc2p0_TTC07_CP1_S5p067_E15p067.mp4,LC_dv07_Tlc2p0_TTC07,15.067,CP1,0.0,10,7.0,7.0,13.61111111111111,7.0,2.0
1.0,18.65778339351546,2.652485596692098,-1.507712463275418,26.796,24.98,138590.0640474849,158820.15960677544,20230.09555929056,20307.599999999995,62018.009856000084,13777.090403055054,16461.246604080967,2684.156201025913,20307.599999999995,62018.009856000084,LC_dv07_Tlc2p0_TTC07_CP3_S5p667_E15p667.mp4,LC_dv07_Tlc2p0_TTC07,15.667,CP3,0.4,10,7.0,6.4,12.444444444444445,7.0,2.0
1.0,17.519325770292802,1.6872905957047213,-1.6512109897983949,26.796,24.986,143894.5443843423,164202.1443843423,27382.281632898103,20307.599999999995,62018.009856000084,17477.161280030876,20302.52286355563,2825.3615835247533,20307.599999999995,62018.009856000084,LC_dv07_Tlc2p0_TTC07_CP5_S6p267_E16p267.mp4,LC_dv07_Tlc2p0_TTC07,16.267,CP5,0.35,10,7.0,5.8,11.277777777777777,7.0,2.0
0.07000000000000002,10.07217964434306,3.5017368850445094,0.004456881393541194,26.648,24.991,9944.081619206452,23702.57205774337,13758.49043853692,20535.956265981502,61891.45446400002,7951.8862900528,10782.261864708371,2830.375574655571,20307.604026350895,61891.45446400002,LC_dv07_Tlc3p0_TTC02_CP1_S5p067_E15p067.mp4,LC_dv07_Tlc3p0_TTC02,15.067,CP1,0.0625,24,2.0,2.0,3.888888888888889,7.0,3.0
1.0,9.509443544363727,3.2769175266642177,-0.7452685704029287,26.796,24.971,140008.9215440288,163004.77448891697,72533.87658920363,22995.852944888185,62018.009856000084,58385.08033610329,65182.39899290184,6797.318656798557,20309.66388006731,62018.009856000084,LC_dv07_Tlc3p0_TTC02_CP2_S5p367_E15p367.mp4,LC_dv07_Tlc3p0_TTC02,15.367,CP2,0.75,12,2.0,1.7,3.305555555555556,7.0,3.0
1.0,8.948994856563802,2.9709979901027657,-1.0017426276752839,26.796,24.985,135966.3265120116,160268.85648109738,79571.77750484094,24302.529969085765,62018.01076890777,64573.914502700645,73137.93596784973,8564.021465149082,20315.26674376772,62018.01076890777,LC_dv07_Tlc3p0_TTC02_CP3_S5p667_E15p667.mp4,LC_dv07_Tlc3p0_TTC02,15.667,CP3,0.9166666666666666,12,2.0,1.4,2.722222222222222,7.0,3.0
1.0,8.389977296870208,2.649747338521731,-1.0686108832993633,26.796,24.986,131517.9893967343,156343.80085509236,81729.34054061137,24825.811458358046,62018.01922716608,67032.22236689339,76796.69102052879,9764.468653635402,20320.56637330279,62018.01922716608,LC_dv07_Tlc3p0_TTC02_CP4_S5p967_E15p967.mp4,LC_dv07_Tlc3p0_TTC02,15.967,CP4,0.875,12,2.0,1.1,2.138888888888889,7.0,3.0
1.0,7.824821517329734,2.3258807411245663,-1.0793697565084017,26.796,24.987,126814.30184905186,152948.38747458172,88690.37691463123,26134.085625529857,62018.35957794309,70060.79557038042,84933.04926416169,14872.253693781271,20340.888881636478,62018.35957794309,LC_dv07_Tlc3p0_TTC02_CP5_S6p267_E16p267.mp4,LC_dv07_Tlc3p0_TTC02,16.267,CP5,0.9583333333333334,12,2.0,0.8,1.5555555555555556,7.0,3.0
0.07000000000000002,12.030175832551238,3.5015331553336146,0.0011524930533690608,26.796,24.991,11937.14403353232,26651.695794827403,14714.551761295083,20312.826631329994,62018.009856000084,7247.126672298584,9937.681255440879,2690.5545831422946,20307.599999999995,62018.009856000084,LC_dv07_Tlc3p0_TTC03_CP1_S5p067_E15p067.mp4,LC_dv07_Tlc3p0_TTC03,15.067,CP1,0.0416666666666666,24,3.0,3.0,5.833333333333333,7.0,3.0
1.0,11.471422155232121,3.2454507755394326,-0.8486109444080897,26.796,24.984,149996.8862413695,170685.7195634758,61937.87699021386,20688.833322106304,62018.009856000084,44928.33857295493,49448.56519495179,4520.226621996858,20307.60260397648,62018.009856000084,LC_dv07_Tlc3p0_TTC03_CP2_S5p367_E15p367.mp4,LC_dv07_Tlc3p0_TTC03,15.367,CP2,0.75,12,3.0,2.7,5.25,7.0,3.0
1.0,10.906971850747812,2.93768872534077,-1.022693377387466,26.796,24.985,147994.66754463213,169701.14702467696,67910.05550510348,21706.479480044836,62018.009856000084,50019.071020170886,55245.401536604026,5226.33051643314,20307.687539345283,62018.009856000084,LC_dv07_Tlc3p0_TTC03_CP3_S5p667_E15p667.mp4,LC_dv07_Tlc3p0_TTC03,15.667,CP3,0.875,12,3.0,2.4,4.666666666666666,7.0,3.0
1.0,10.34795886480871,2.6242879667115186,-1.0419442240398116,26.796,24.986,145537.95646882502,167607.4650155942,69801.94611244483,22069.508546769182,62018.009856000084,52266.68383217495,57911.97097961078,5645.2871474358235,20307.857602676617,62018.009856000084,LC_dv07_Tlc3p0_TTC03_CP4_S5p967_E15p967.mp4,LC_dv07_Tlc3p0_TTC03,15.967,CP4,0.7916666666666666,12,3.0,2.1,4.083333333333333,7.0,3.0
1.0,9.7828044938838,2.3033493513679284,-1.0673937122671868,26.796,24.987,142780.60379113143,165734.05333432514,75649.46331597502,22953.4495431937,62018.009856000084,57852.12953312343,64607.145244414256,6755.015711290829,20309.489575193435,62018.009856000084,LC_dv07_Tlc3p0_TTC03_CP5_S6p267_E16p267.mp4,LC_dv07_Tlc3p0_TTC03,16.267,CP5,0.8333333333333334,12,3.0,1.8,3.5,7.0,3.0
0.07000000000000002,14.086349907252961,3.500557425673026,0.0012461620834562244,26.796,24.991,16466.64384715108,29958.985527684745,13492.341680533664,20307.599999999995,62018.009856000084,5368.889523334643,7958.13994031704,2589.2504169823965,20307.599999999995,62018.009856000084,LC_dv07_Tlc3p0_TTC04_CP1_S5p033_E15p033.mp4,LC_dv07_Tlc3p0_TTC04,15.033,CP1,0.0625,24,4.0,4.0,7.777777777777778,7.0,3.0
1.0,13.529464507706233,3.3019180993351345,-0.658616138057518,26.651,24.984,148109.36794257368,168416.96794257368,43277.659574887846,20307.599999999995,61894.01281600004,29073.74102712298,32255.082587516146,3181.3415603931667,20307.599999999995,61894.01281600004,LC_dv07_Tlc3p0_TTC04_CP2_S5p333_E15p333.mp4,LC_dv07_Tlc3p0_TTC04,15.333,CP2,0.375,12,4.0,3.7,7.194444444444445,7.0,3.0
1.0,12.970348670041567,2.994846302825898,-1.0195700911719174,26.796,24.985,151230.9814042552,171538.5814042552,52041.04409966901,20307.599999999995,62018.009856000084,35432.56455991296,39005.3591125548,3572.7945526418425,20307.599999999995,62018.009856000084,LC_dv07_Tlc3p0_TTC04_CP3_S5p633_E15p633.mp4,LC_dv07_Tlc3p0_TTC04,15.633,CP3,0.5833333333333334,12,4.0,3.4,6.611111111111111,7.0,3.0
1.0,12.415003508078875,2.68174157859953,-1.0452866369911886,26.651,24.986,149060.045483447,169367.645483447,51235.587512732876,20307.599999999995,61894.01281600004,35275.55338459844,38858.67913949737,3583.1257548989315,20307.599999999995,61894.01281600004,LC_dv07_Tlc3p0_TTC04_CP4_S5p933_E15p933.mp4,LC_dv07_Tlc3p0_TTC04,15.933,CP4,0.875,12,4.0,3.1,6.027777777777778,7.0,3.0
1.0,11.850468852895755,2.3626444858566122,-1.0688328170517802,26.796,24.987,151033.79026591626,171443.21844099782,60833.23528087649,20409.428175081543,62018.009856000084,42652.36096745546,46850.178786999924,4197.817819544461,20307.60004897448,62018.009856000084,LC_dv07_Tlc3p0_TTC04_CP5_S6p233_E16p233.mp4,LC_dv07_Tlc3p0_TTC04,16.233,CP5,0.75,12,4.0,2.8,5.444444444444444,7.0,3.0
0.07000000000000002,15.893176950524499,3.5021352657079943,0.0011524930533690608,26.796,24.991,19564.29619332358,30594.34306355654,11030.046870232962,20307.599999999995,62018.009856000084,3686.139735552481,6182.720748827126,2496.581013274645,20307.599999999995,62018.009856000084,LC_dv07_Tlc3p0_TTC05_CP1_S5p067_E15p067.mp4,LC_dv07_Tlc3p0_TTC05,15.067,CP1,0.0416666666666666,12,5.0,5.0,9.72222222222222,7.0,3.0
1.0,14.775967385842705,2.9280894474917796,-1.0197087037706793,26.793,24.985,151283.02234350142,171590.62234350143,43614.77769972692,20307.599999999995,62015.43758400001,28261.975620488276,31410.242838765174,3148.2672182768993,20307.599999999995,62015.43758400001,LC_dv07_Tlc3p0_TTC05_CP3_S5p667_E15p667.mp4,LC_dv07_Tlc3p0_TTC05,15.667,CP3,0.75,12,5.0,4.4,8.555555555555555,7.0,3.0
1.0,13.651796271415257,2.291323321526635,-1.061403348461942,26.796,24.987,152550.17991475918,172857.7799147592,51405.76648733622,20307.599999999995,62018.009856000084,34005.155994216686,37511.27127323443,3506.115279017743,20307.599999999995,62018.009856000084,LC_dv07_Tlc3p0_TTC05_CP5_S6p267_E16p267.mp4,LC_dv07_Tlc3p0_TTC05,16.267,CP5,0.6666666666666666,12,5.0,3.8,7.388888888888888,7.0,3.0
0.07000000000000002,18.72561156487447,3.4990526605697068,-0.0019503408617863917,26.796,24.983,24390.99319268362,30368.401387911967,5977.408195228345,20307.599999999995,62018.009856000084,1578.94692958411,3993.3204042918373,2414.3734747077274,20307.599999999995,62018.009856000084,LC_dv07_Tlc3p0_TTC06_CP1_S5p067_E15p067.mp4,LC_dv07_Tlc3p0_TTC06,15.067,CP1,0.0416666666666666,12,6.0,6.0,11.666666666666666,7.0,3.0
1.0,18.16641477884687,3.2334623985587854,-0.885277773453778,26.796,24.984,137664.83011560986,157967.07696235192,20302.24684674204,20307.599999999995,62018.009856000084,13814.992451095331,16495.561560191447,2680.569109096116,20307.599999999995,62018.009856000084,LC_dv07_Tlc3p0_TTC06_CP2_S5p367_E15p367.mp4,LC_dv07_Tlc3p0_TTC06,15.367,CP2,0.25,12,6.0,5.7,11.083333333333334,7.0,3.0
1.0,17.041951042705474,2.611298653549334,-1.0519417367907813,26.796,24.986,143085.21242884744,163392.81242884745,27344.654042435046,20307.599999999995,62018.009856000084,17622.035456277128,20441.505925408408,2819.47046913128,20307.599999999995,62018.009856000084,LC_dv07_Tlc3p0_TTC06_CP4_S5p967_E15p967.mp4,LC_dv07_Tlc3p0_TTC06,15.967,CP4,0.375,12,6.0,5.1,9.916666666666666,7.0,3.0
0.07000000000000002,10.037175325959996,3.5017710484753763,0.004487751535492032,26.796,24.991,9473.417897457037,23561.65160515737,14088.233707700334,20613.380080440882,62018.009856000084,8819.098353052192,11780.779432791662,2961.681079739471,20307.664082222993,62018.009856000084,LC_dv07_Tlc4p0_TTC02_CP1_S5p067_E15p067.mp4,LC_dv07_Tlc4p0_TTC02,15.067,CP1,0.0,25,2.0,2.0,3.888888888888889,7.0,4.0
1.0,9.481465192448582,3.30393398910839,-0.6552851181904361,26.796,24.987,139599.92666715514,162592.40876644177,72226.14201252474,22992.48209928664,62018.009856000084,58398.33894213734,65188.78114170489,6790.442199567547,20309.663130461617,62018.009856000084,LC_dv07_Tlc4p0_TTC02_CP2_S5p367_E15p367.mp4,LC_dv07_Tlc4p0_TTC02,15.367,CP2,0.6538461538461539,13,2.0,1.7,3.305555555555556,7.0,4.0
1.0,8.920065481587216,3.078020760845574,-0.7532383815695503,26.796,24.988,134968.76379022244,159228.19223061285,78787.87727977619,24259.428440390424,62018.01046287648,64405.04038272635,72933.52021953273,8528.479836806375,20315.10156427521,62018.01046287648,LC_dv07_Tlc4p0_TTC02_CP3_S5p667_E15p667.mp4,LC_dv07_Tlc4p0_TTC02,15.667,CP3,1.0,12,2.0,1.4,2.722222222222222,7.0,4.0
1.0,8.359121330900262,2.84477425735114,-0.7752735279386006,26.796,24.977,130330.73709193937,155132.34916348042,81007.92883857645,24801.612071541047,62018.01835861731,66960.86070433786,76740.93996310512,9780.079258767266,20320.509534050092,62018.01835861731,LC_dv07_Tlc4p0_TTC02_CP4_S5p967_E15p967.mp4,LC_dv07_Tlc4p0_TTC02,15.967,CP4,0.8461538461538461,13,2.0,1.1,2.138888888888889,7.0,4.0
1.0,7.803040092541815,2.6038944514295737,-0.7889709496287777,26.796,24.988,125309.69070382771,151382.38270475031,87738.64213561245,26072.692000922605,62018.32000357832,70051.88282166416,84704.92421248688,14653.04139082272,20340.388439976894,62018.32000357832,LC_dv07_Tlc4p0_TTC02_CP5_S6p267_E16p267.mp4,LC_dv07_Tlc4p0_TTC02,16.267,CP5,1.0,12,2.0,0.8,1.5555555555555556,7.0,4.0
0.07000000000000002,12.008177186803001,3.5015421817171712,0.0011428569224107075,26.793,24.991,11914.702653171289,26595.59371093095,14680.89105775966,20313.114316205534,62015.43758400001,7242.873956556519,9933.17863453224,2690.3046779757206,20307.599999999995,62015.43758400001,LC_dv07_Tlc4p0_TTC03_CP1_S5p067_E15p067.mp4,LC_dv07_Tlc4p0_TTC03,15.067,CP1,0.0,25,3.0,3.0,5.833333333333333,7.0,4.0
1.0,11.457467664996726,3.304455886459088,-0.6519633571105772,26.796,24.987,149794.94862323444,170447.1328356271,61427.991359465275,20652.18421239265,62018.009856000084,44690.07702136047,49204.354898867816,4514.2778775073475,20307.602121165397,62018.009856000084,LC_dv07_Tlc4p0_TTC03_CP2_S5p367_E15p367.mp4,LC_dv07_Tlc4p0_TTC03,15.367,CP2,0.6538461538461539,13,3.0,2.7,5.25,7.0,4.0
1.0,10.902064176837023,3.0736879614115704,-0.7682197874816853,26.793,24.988,147917.91784957552,169554.41296487433,66927.69255023496,21636.49511529882,62015.43758400001,49683.6119296644,54833.61284726758,5150.000917603175,20307.668999009817,62015.43758400001,LC_dv07_Tlc4p0_TTC03_CP3_S5p667_E15p667.mp4,LC_dv07_Tlc4p0_TTC03,15.667,CP3,0.9583333333333334,12,3.0,2.4,4.666666666666666,7.0,4.0
1.0,10.349121656426252,2.841283326331387,-0.7719585226228809,26.651,24.988,144668.71056275352,166032.3752507738,63192.748102077654,21363.664688020264,61894.01281600004,47609.8586214988,52482.47317732395,4872.614555825141,20307.617373527464,61894.01281600004,LC_dv07_Tlc4p0_TTC03_CP4_S5p967_E15p967.mp4,LC_dv07_Tlc4p0_TTC03,15.967,CP4,0.8461538461538461,13,3.0,2.1,4.083333333333333,7.0,4.0
1.0,9.789041049548237,2.604340286955439,-0.7889686066352206,26.796,24.988,142871.27133690641,165764.03199964293,74682.94317611199,22892.760662736513,62018.009856000084,57700.43300777454,64268.12064898626,6567.68764121172,20309.32696994628,62018.009856000084,LC_dv07_Tlc4p0_TTC03_CP5_S6p267_E16p267.mp4,LC_dv07_Tlc4p0_TTC03,16.267,CP5,0.9583333333333334,12,3.0,1.8,3.5,7.0,4.0
0.07000000000000002,14.151351204390874,3.5005085473378035,0.0012367870960645554,26.651,24.991,17896.496985723606,30327.957315073552,12431.460329349944,20307.599999999995,61894.01281600004,4485.463028151114,6997.3093941899415,2511.846366038828,20307.599999999995,61894.01281600004,LC_dv07_Tlc4p0_TTC04_CP1_S5p033_E15p033.mp4,LC_dv07_Tlc4p0_TTC04,15.033,CP1,0.02,25,4.0,4.0,7.777777777777778,7.0,4.0
1.0,13.597500570888803,3.3498661502629936,-0.4986234639833175,26.796,24.987,151192.85836533058,171500.4583653306,48286.7103177701,20307.599999999995,62018.009856000084,32374.22133264059,35745.32611956653,3371.104786925942,20307.599999999995,62018.009856000084,LC_dv07_Tlc4p0_TTC04_CP2_S5p333_E15p333.mp4,LC_dv07_Tlc4p0_TTC04,15.333,CP2,0.5769230769230769,13,4.0,3.7,7.194444444444445,7.0,4.0
1.0,13.041448550027487,3.1237952424874345,-0.7553042067580049,26.796,24.987,151300.5984100708,171608.1984100708,51105.73559686504,20307.599999999995,62018.009856000084,34734.391132131976,38301.45958019548,3567.0684480635036,20307.599999999995,62018.009856000084,LC_dv07_Tlc4p0_TTC04_CP3_S5p633_E15p633.mp4,LC_dv07_Tlc4p0_TTC04,15.633,CP3,0.7083333333333334,12,4.0,3.4,6.611111111111111,7.0,4.0
1.0,12.493162670527976,2.893678711904165,-0.7686367714694239,26.796,24.988,151603.53612208157,171915.56889148295,55929.53255693569,20312.03276940139,62018.009856000084,38601.03655839843,42446.89105415016,3845.854495751729,20307.599999999995,62018.009856000084,LC_dv07_Tlc4p0_TTC04_CP4_S5p933_E15p933.mp4,LC_dv07_Tlc4p0_TTC04,15.933,CP4,0.7307692307692307,13,4.0,3.1,6.027777777777778,7.0,4.0
1.0,11.936652355879174,2.6565864440827536,-0.7955153745003458,26.796,24.988,151028.59924204394,171402.14666775835,59514.258628972406,20373.54742571441,62018.009856000084,41913.72515289069,46004.872698506966,4091.147545616277,20307.599999999995,62018.009856000084,LC_dv07_Tlc4p0_TTC04_CP5_S6p233_E16p233.mp4,LC_dv07_Tlc4p0_TTC04,16.233,CP5,0.8333333333333334,12,4.0,2.8,5.444444444444444,7.0,4.0
0.07000000000000002,17.840177196158844,3.5019266996401677,0.0011524930533690608,26.796,24.991,23352.934003986175,30819.824013431702,7466.890009445527,20307.599999999995,62018.009856000084,2407.9012479645535,4834.747742755724,2426.8464947911707,20307.599999999995,62018.009856000084,LC_dv07_Tlc4p0_TTC06_CP1_S5p067_E15p067.mp4,LC_dv07_Tlc4p0_TTC06,15.067,CP1,0.0416666666666666,12,6.0,6.0,11.666666666666666,7.0,4.0
1.0,16.734064687612566,3.070769778215074,-0.7622411175654394,26.651,24.988,140197.36575474445,160504.96575474445,25356.3101116085,20307.599999999995,61894.01281600004,16406.81150499588,19193.563035064497,2786.751530068616,20307.599999999995,61894.01281600004,LC_dv07_Tlc4p0_TTC06_CP3_S5p667_E15p667.mp4,LC_dv07_Tlc4p0_TTC06,15.667,CP3,0.4583333333333333,12,6.0,5.4,10.5,7.0,4.0
1.0,15.61703926501463,2.599779528150714,-0.7889709496287843,26.796,24.988,149364.80341225694,169672.40341225694,37689.362389779504,20307.599999999995,62018.009856000084,24159.905536620983,27168.01248050853,3008.1069438875465,20307.599999999995,62018.009856000084,LC_dv07_Tlc4p0_TTC06_CP5_S6p267_E16p267.mp4,LC_dv07_Tlc4p0_TTC06,16.267,CP5,0.7083333333333334,12,6.0,4.8,9.333333333333332,7.0,4.0
0.07000000000000002,19.789178062140294,3.5027168919149982,0.0044878948523348694,26.796,24.991,24795.96142480288,29024.36408947536,4228.402664672479,20307.599999999995,62018.009856000084,856.8545896181017,3187.914203588003,2331.0596139699014,20307.599999999995,62018.009856000084,LC_dv07_Tlc4p0_TTC07_CP1_S5p067_E15p067.mp4,LC_dv07_Tlc4p0_TTC07,15.067,CP1,0.0384615384615384,13,7.0,7.0,13.61111111111111,7.0,4.0
1.0,19.229481071272353,3.32367729022833,-0.5886093959865858,26.796,24.987,137028.507905038,151188.81325238076,14160.305347342783,20307.599999999995,62018.009856000084,10930.481501773316,13528.870727678943,2598.3892259056274,20307.599999999995,62018.009856000084,LC_dv07_Tlc4p0_TTC07_CP2_S5p367_E15p367.mp4,LC_dv07_Tlc4p0_TTC07,15.367,CP2,0.3076923076923077,13,7.0,6.7,13.02777777777778,7.0,4.0
1.0,18.11213260879841,2.8545010704677716,-0.7919517468956297,26.796,24.988,137639.5370248431,157947.1370248431,20388.678474269906,20307.599999999995,62018.009856000084,13830.143324002715,16511.057673712818,2680.914349710102,20307.599999999995,62018.009856000084,LC_dv07_Tlc4p0_TTC07_CP4_S5p967_E15p967.mp4,LC_dv07_Tlc4p0_TTC07,15.967,CP4,0.5769230769230769,13,7.0,6.1,11.86111111111111,7.0,4.0
0.07000000000000002,13.686434481224442,3.500495277978727,0.0026415087968774797,28.739,24.991,7810.58290260797,27228.472652994988,19417.889750387018,21541.30036671522,65416.92891650487,12039.129814981841,18926.631221752104,6887.501406770263,20309.960429566705,65416.92891650487,LC_dv14_Tlc2p0_TTC02_CP1_S5p067_E15p067.mp4,LC_dv14_Tlc2p0_TTC02,15.067,CP1,0.0769230769230769,26,2.0,2.0,7.777777777777778,14.0,2.0
1.0,12.536167480807507,3.114288023472712,-1.2873354935568981,28.739,24.977,155647.7722062091,189878.1386704593,137843.39226495405,34230.366464250204,65434.080036414125,88233.14864060123,108586.28412575251,34759.7612144214,20353.135485151284,65434.080036414125,LC_dv14_Tlc2p0_TTC02_CP2_S5p367_E15p367.mp4,LC_dv14_Tlc2p0_TTC02,15.367,CP2,0.9230769230769232,13,2.0,1.7,6.611111111111111,14.0,2.0
1.0,11.378937489007388,2.6527027012581814,-1.5301259224206023,28.739,24.98,151134.05169731422,189021.01326191958,143636.9238666889,37886.96156460536,65456.59734295367,97956.77057804332,118351.86350839428,53736.21425346659,20395.092930350962,65456.59734295367,LC_dv14_Tlc2p0_TTC02_CP3_S5p667_E15p667.mp4,LC_dv14_Tlc2p0_TTC02,15.667,CP3,1.0,13,2.0,1.4,5.444444444444444,14.0,2.0
1.0,10.222764066349969,2.1727164664870426,-1.5968768392496093,28.739,24.983,145880.71286878778,186230.48881697064,147851.54230331993,40349.77594818285,65492.686814712804,105129.56919897412,125591.98080556229,72107.50439383594,20462.41160658816,65492.686814712804,LC_dv14_Tlc2p0_TTC02_CP4_S5p967_E15p967.mp4,LC_dv14_Tlc2p0_TTC02,15.967,CP4,0.9230769230769232,13,2.0,1.1,4.277777777777778,14.0,2.0
1.0,9.069231377954376,1.6843833331900753,-1.6259415544107636,28.739,24.973,138140.62719223928,183574.2791620318,151328.29388113445,45433.65196979252,65592.61591630083,113529.65590105439,135060.81047652362,96501.69121347523,21531.154575469234,65592.61591630083,LC_dv14_Tlc2p0_TTC02_CP5_S6p267_E16p267.mp4,LC_dv14_Tlc2p0_TTC02,16.267,CP5,1.0,13,2.0,0.8,3.111111111111111,14.0,2.0
0.07000000000000002,17.59443802665096,3.4997654959065883,-0.0007162724276410497,28.737,24.991,33307.3660253453,54025.032182548755,20844.65525488423,20717.66615720346,65414.534922718405,36133.2569660526,40084.3315612314,3951.074595178806,20307.878134805567,65414.534922718405,LC_dv14_Tlc2p0_TTC03_CP1_S5p067_E15p067.mp4,LC_dv14_Tlc2p0_TTC03,15.067,CP1,0.0576923076923076,26,3.0,3.0,11.666666666666666,14.0,2.0
1.0,16.443162117165897,3.105573954778656,-1.3140001460038981,28.737,24.977,177446.25912536943,203149.40036248352,118099.93145531388,25703.14123711408,65415.08634134836,69778.10318924846,81935.28018539108,12157.176996142616,20313.182488542272,65415.08634134836,LC_dv14_Tlc2p0_TTC03_CP2_S5p367_E15p367.mp4,LC_dv14_Tlc2p0_TTC03,15.367,CP2,0.9615384615384616,13,3.0,2.7,10.5,14.0,2.0
1.0,15.291934008676956,2.6448422021492584,-1.530137274111991,28.739,24.98,172804.2813300682,201320.97156744642,126500.20339777414,28516.690237378236,65418.90039803154,74593.97114549718,91355.97769819548,16762.006552698294,20319.75898438043,65418.90039803154,LC_dv14_Tlc2p0_TTC03_CP3_S5p667_E15p667.mp4,LC_dv14_Tlc2p0_TTC03,15.667,CP3,0.8076923076923077,13,3.0,2.4,9.333333333333332,14.0,2.0
1.0,14.139760351720845,2.1655369301636407,-1.593552869829194,28.739,24.983,167358.70093529916,197875.3959993445,131061.2180765264,30516.695064045336,65422.156955458835,77274.7450670869,97602.72580717437,21397.14384270939,20327.980740087467,65422.156955458835,LC_dv14_Tlc2p0_TTC03_CP4_S5p967_E15p967.mp4,LC_dv14_Tlc2p0_TTC03,15.967,CP4,0.9230769230769232,13,3.0,2.1,8.166666666666666,14.0,2.0
1.0,12.982223863406148,1.673533256439139,-1.6379103248987434,28.739,24.986,162514.4763754181,196307.32673420993,139093.39473249172,33792.85035879182,65431.22622479068,86820.09056849434,107166.87080742406,32572.911755462996,20346.780238929718,65431.22622479068,LC_dv14_Tlc2p0_TTC03_CP5_S6p267_E16p267.mp4,LC_dv14_Tlc2p0_TTC03,16.267,CP5,0.8846153846153846,13,3.0,1.8,7.0,14.0,2.0
0.07000000000000002,21.50184140011998,3.497576647349912,-0.003587248957181239,28.739,24.991,13303.942972401986,32047.115899912926,18743.17292751094,20307.600011429015,65416.141694000005,9281.7502808947,12217.817254394984,2936.0669735002853,20307.600011429015,65416.141694000005,LC_dv14_Tlc2p0_TTC04_CP1_S5p067_E15p067.mp4,LC_dv14_Tlc2p0_TTC04,15.067,CP1,0.0192307692307692,26,4.0,4.0,15.555555555555555,14.0,2.0
1.0,20.35116325831417,3.1058581798663853,-1.3140024624267812,28.739,24.978,185839.56139101827,206201.63208513614,92318.1727135094,20362.07069411787,65416.141694000005,51559.03212834491,57313.92021755021,5754.8880892052985,20307.665110167512,65416.141694000005,LC_dv14_Tlc2p0_TTC04_CP2_S5p367_E15p367.mp4,LC_dv14_Tlc2p0_TTC04,15.367,CP2,0.6923076923076923,13,4.0,3.7,14.38888888888889,14.0,2.0
1.0,19.194938529143144,2.651001482914609,-1.509169735125117,28.739,24.98,185491.95699014474,207305.58880898496,103429.29850343356,21813.631818840226,65416.14178009514,58927.00000654706,66269.87392902155,7342.873922474483,20308.33015515251,65416.14178009514,LC_dv14_Tlc2p0_TTC04_CP3_S5p667_E15p667.mp4,LC_dv14_Tlc2p0_TTC04,15.667,CP3,0.4615384615384615,13,4.0,3.4,13.22222222222222,14.0,2.0
1.0,18.042518923477196,2.1794622951469473,-1.573997766800972,28.737,24.983,182446.0161953118,205405.45591850445,108700.62008370622,22959.43972319264,65414.542420397614,62878.77725201455,71523.24102466875,8644.4637726542,20309.382842408108,65414.542420397614,LC_dv14_Tlc2p0_TTC04_CP4_S5p967_E15p967.mp4,LC_dv14_Tlc2p0_TTC04,15.967,CP4,0.8076923076923077,13,4.0,3.1,12.055555555555555,14.0,2.0
1.0,16.889232214959495,1.6826776842798905,-1.6469018171630494,28.739,24.986,179123.45000296005,204491.0156395602,118442.41158121267,25367.56563660016,65416.55571321852,69005.38386203046,80682.76272329647,11677.378861266021,20312.43117696335,65416.55571321852,LC_dv14_Tlc2p0_TTC04_CP5_S6p267_E16p267.mp4,LC_dv14_Tlc2p0_TTC04,16.267,CP5,0.6538461538461539,13,4.0,2.8,10.888888888888888,14.0,2.0
0.07000000000000002,25.367437220171485,3.5003825334753005,-0.0006918237325193017,28.739,24.991,19194.60410577149,32149.895329335264,12955.291223563776,20307.599999999995,65416.141694000005,5435.734905123341,8027.567320923787,2591.832415800445,20307.599999999995,65416.141694000005,LC_dv14_Tlc2p0_TTC05_CP1_S5p067_E15p067.mp4,LC_dv14_Tlc2p0_TTC05,15.067,CP1,0.0,13,5.0,5.0,19.444444444444443,14.0,2.0
1.0,23.07093659234089,2.644157096729866,-1.5301467447074113,28.59,24.981,181850.4049498647,202158.0049498647,67274.66813903555,20307.599999999995,65296.55340000003,36316.708499145876,40139.15073346086,3822.442234314987,20307.599999999995,65296.55340000003,LC_dv14_Tlc2p0_TTC05_CP3_S5p667_E15p667.mp4,LC_dv14_Tlc2p0_TTC05,15.667,CP3,0.3076923076923077,13,5.0,4.4,17.11111111111111,14.0,2.0
1.0,20.766226805265966,1.6738489394962528,-1.6379175991272317,28.739,24.986,187449.93541690666,207778.36753264818,92616.69598767703,20328.432115741525,65416.141694000005,51050.38549067158,56781.29201781029,5730.906527138709,20307.64802355876,65416.141694000005,LC_dv14_Tlc2p0_TTC05_CP5_S6p267_E16p267.mp4,LC_dv14_Tlc2p0_TTC05,16.267,CP5,0.4615384615384615,13,5.0,3.8,14.777777777777777,14.0,2.0
0.07000000000000002,29.2618469991083,3.497260670979149,-0.0036107235837260785,28.593,24.991,25167.80233196173,29784.924657526808,4617.122325565077,20307.599999999995,65298.95508600002,1708.943633458517,4123.301362973486,2414.357729514969,20307.599999999995,65298.95508600002,LC_dv14_Tlc2p0_TTC06_CP1_S5p067_E15p067.mp4,LC_dv14_Tlc2p0_TTC06,15.067,CP1,0.1153846153846153,13,6.0,6.0,23.33333333333333,14.0,2.0
1.0,28.106164305905782,3.1064803249702106,-1.3139924291622287,28.739,24.977,167888.22273134277,188195.82273134278,30897.495668511703,20307.599999999995,65416.141694000005,18492.777325297204,21333.894882006818,2841.117556709615,20307.599999999995,65416.141694000005,LC_dv14_Tlc2p0_TTC06_CP2_S5p367_E15p367.mp4,LC_dv14_Tlc2p0_TTC06,15.367,CP2,0.4230769230769231,13,6.0,5.7,22.166666666666668,14.0,2.0
1.0,25.797763816978748,2.165085227740865,-1.593552869829194,28.739,24.983,177413.89661808658,197721.4966180866,50621.67060896062,20307.599999999995,65416.141694000005,27262.929027776743,30452.839844563157,3189.910816786415,20307.599999999995,65416.141694000005,LC_dv14_Tlc2p0_TTC06_CP4_S5p967_E15p967.mp4,LC_dv14_Tlc2p0_TTC06,15.967,CP4,0.5,13,6.0,5.1,19.83333333333333,14.0,2.0
0.07000000000000002,13.999557515469277,3.499785475006727,-0.0002375981103355619,28.737,24.991,8656.243975530979,28149.67943189749,19493.43545636651,21441.48294706481,65415.134490402896,12851.70808311365,19177.865946311565,6326.1578631979155,20309.5617074657,65415.134490402896,LC_dv14_Tlc3p0_TTC02_CP1_S5p033_E15p033.mp4,LC_dv14_Tlc3p0_TTC02,15.033,CP1,0.0,24,2.0,2.0,7.777777777777778,14.0,3.0
1.0,12.85968016089149,3.300575125576531,-0.6602522731591505,28.739,24.984,155234.0136135541,188253.28867931722,134734.7467384913,33019.275065763126,65429.56095538343,84646.71911411708,104991.1059723899,30018.82303315957,20344.38685827282,65429.56095538343,LC_dv14_Tlc3p0_TTC02_CP2_S5p333_E15p333.mp4,LC_dv14_Tlc3p0_TTC02,15.333,CP2,0.6666666666666666,12,2.0,1.7,6.611111111111111,14.0,3.0
1.0,11.71218775820964,2.995458882449193,-1.021233506458231,28.739,24.985,149226.87085843668,184881.78859095197,139412.53915142472,35654.91773251528,65443.45945202934,92438.75696460971,112811.0212058198,43274.67501255795,20372.264241210087,65443.45945202934,LC_dv14_Tlc3p0_TTC02_CP3_S5p633_E15p633.mp4,LC_dv14_Tlc3p0_TTC02,15.633,CP3,1.0,12,2.0,1.4,5.444444444444444,14.0,3.0
1.0,10.568866801740675,2.682656058287009,-1.0440187425816225,28.739,24.986,142450.9821602003,181392.83760762162,143644.9962600998,38941.855447421316,65474.87814756332,101399.66278523224,121829.51940671497,63063.613565330525,20429.856621482726,65474.87814756332,LC_dv14_Tlc3p0_TTC02_CP4_S5p933_E15p933.mp4,LC_dv14_Tlc3p0_TTC02,15.933,CP4,0.875,12,2.0,1.1,4.277777777777778,14.0,3.0
1.0,9.425643501369464,2.361449678712461,-1.0706850960574885,28.737,24.987,135268.88120248733,177395.44758360254,147786.9174634796,42126.56638111521,65538.50754247044,109772.15622560287,130319.49679815941,86045.94241747115,20547.340572556546,65538.50754247044,LC_dv14_Tlc3p0_TTC02_CP5_S6p233_E16p233.mp4,LC_dv14_Tlc3p0_TTC02,16.233,CP5,1.0,12,2.0,0.8,3.111111111111111,14.0,3.0
0.07000000000000002,17.59583992344274,3.497743613900142,-0.0035876054125427628,28.739,24.991,9179.45881268302,29901.998889035596,23242.591988032753,20722.540076352576,65416.14436863712,9670.349886767584,15890.905874732893,6220.555987965309,20307.882021694186,65416.14436863712,LC_dv14_Tlc3p0_TTC03_CP1_S5p067_E15p067.mp4,LC_dv14_Tlc3p0_TTC03,15.067,CP1,0.0833333333333333,24,3.0,3.0,11.666666666666666,14.0,3.0
1.0,16.452252455485187,3.2355676690468513,-0.8806854486870309,28.739,24.984,177254.58999867027,202738.81099446458,117172.84526354632,25484.220995794305,65416.59591027244,68943.85793853705,80797.75148444848,11853.893545911436,20312.824891576594,65416.59591027244,LC_dv14_Tlc3p0_TTC03_CP2_S5p367_E15p367.mp4,LC_dv14_Tlc3p0_TTC03,15.367,CP2,0.7083333333333334,12,3.0,2.7,10.5,14.0,3.0
1.0,15.305143043536726,2.93283845734457,-1.0061976928023544,28.739,24.985,172829.11007971567,201022.05951137,125538.75680592553,28192.949431654324,65418.569456565834,73906.2436893267,90197.14254449788,16290.898855171181,20319.017697304276,65418.569456565834,LC_dv14_Tlc3p0_TTC03_CP3_S5p667_E15p667.mp4,LC_dv14_Tlc3p0_TTC03,15.667,CP3,0.8333333333333334,12,3.0,2.4,9.333333333333332,14.0,3.0
1.0,14.166132898207234,2.623509045216037,-1.0269197378188237,28.59,24.986,167286.98238433583,195982.29426509215,123177.74652020399,28695.311880756326,65299.861206038055,74571.013760958,91737.2919065092,17166.2781455512,20322.48293271136,65299.861206038055,LC_dv14_Tlc3p0_TTC03_CP4_S5p967_E15p967.mp4,LC_dv14_Tlc3p0_TTC03,15.967,CP4,0.875,12,3.0,2.1,8.166666666666666,14.0,3.0
1.0,13.023689582901993,2.3094922923036356,-1.051126814862964,28.739,24.987,162524.92287517822,195853.35620892845,136689.8935693722,33328.433333750225,65429.91147195785,85520.88459252851,105865.33766205986,30543.804218165693,20344.453069531344,65429.91147195785,LC_dv14_Tlc3p0_TTC03_CP5_S6p267_E16p267.mp4,LC_dv14_Tlc3p0_TTC03,16.267,CP5,1.0,12,3.0,1.8,7.0,14.0,3.0
0.07000000000000002,21.496844357957592,3.497562529783511,-0.0036083736726781066,28.737,24.991,13309.872116924562,32048.566905658314,18738.694788733752,20307.600011242426,65414.53236600001,9279.791282628365,12215.647635604946,2935.8563529765825,20307.600011242426,65414.53236600001,LC_dv14_Tlc3p0_TTC04_CP1_S5p067_E15p067.mp4,LC_dv14_Tlc3p0_TTC04,15.067,CP1,0.0,24,4.0,4.0,15.555555555555555,14.0,3.0
1.0,20.350251863143196,3.2348653923521113,-0.8840130614200741,28.739,24.984,185677.90972257545,206011.22944004275,90990.43591980098,20333.319717467293,65416.141694000005,50698.65638064324,56367.120112539196,5668.463731895955,20307.645509125454,65416.141694000005,LC_dv14_Tlc3p0_TTC04_CP2_S5p367_E15p367.mp4,LC_dv14_Tlc3p0_TTC04,15.367,CP2,0.4583333333333333,12,4.0,3.7,14.38888888888889,14.0,3.0
1.0,19.20213959677474,2.9269977632337314,-1.021165855435267,28.739,24.985,185161.2304813072,206809.92847155174,101971.09322967629,21648.69799024454,65416.141696721796,58271.76545050173,65347.17590571153,7075.410455209797,20308.21546654849,65416.141696721796,LC_dv14_Tlc3p0_TTC04_CP3_S5p667_E15p667.mp4,LC_dv14_Tlc3p0_TTC04,15.667,CP3,0.7083333333333334,12,4.0,3.4,13.22222222222222,14.0,3.0
1.0,18.05512048971814,2.609369483564976,-1.0535679954959458,28.739,24.986,182266.88857642817,205026.63347023146,107381.12563209761,22759.744893803298,65416.147284495615,62235.90710108714,70646.47593709748,8410.568836010338,20309.186067753144,65416.147284495615,LC_dv14_Tlc3p0_TTC04_CP4_S5p967_E15p967.mp4,LC_dv14_Tlc3p0_TTC04,15.967,CP4,0.6666666666666666,12,4.0,3.1,12.055555555555555,14.0,3.0
1.0,16.91167745319525,2.2926601839540743,-1.060099366278323,28.739,24.987,179044.02929032044,204117.58679714543,116849.11705983363,25073.557506824993,65416.451583449954,68247.91969544759,79513.32256524185,11265.402869794258,20312.01113128947,65416.451583449954,LC_dv14_Tlc3p0_TTC04_CP5_S6p267_E16p267.mp4,LC_dv14_Tlc3p0_TTC04,16.267,CP5,0.7916666666666666,12,4.0,2.8,10.888888888888888,14.0,3.0
0.07000000000000002,29.262438645806757,3.5006750063949217,-0.0006938332817263399,28.739,24.991,24665.62613358091,30191.504624724756,5525.878491143843,20307.599999999995,65416.141694000005,2219.690441265462,4637.648598542279,2417.9581572768166,20307.599999999995,65416.141694000005,LC_dv14_Tlc3p0_TTC06_CP1_S5p067_E15p067.mp4,LC_dv14_Tlc3p0_TTC06,15.067,CP1,0.0416666666666666,12,6.0,6.0,23.33333333333333,14.0,3.0
1.0,26.97214117696493,2.926331548180124,-1.024159866615214,28.739,24.985,173738.46399832412,194046.06399832413,41775.311205725964,20307.599999999995,65416.141694000005,23112.31827059592,26088.337485379983,2976.0192147840644,20307.599999999995,65416.141694000005,LC_dv14_Tlc3p0_TTC06_CP3_S5p667_E15p667.mp4,LC_dv14_Tlc3p0_TTC06,15.667,CP3,0.2916666666666667,12,6.0,5.4,21.0,14.0,3.0
1.0,24.681677987680725,2.2920016824681855,-1.0600880007745939,28.739,24.987,181383.06350062156,201690.66350062157,60674.13230574726,20307.599999999995,65416.141694000005,32258.432239676506,35782.76994553871,3524.337705862207,20307.599999999995,65416.141694000005,LC_dv14_Tlc3p0_TTC06_CP5_S6p267_E16p267.mp4,LC_dv14_Tlc3p0_TTC06,16.267,CP5,0.4166666666666667,12,6.0,4.8,18.666666666666664,14.0,3.0
0.07000000000000002,33.114441208809296,3.5009860651414155,0.002629444517265131,28.739,24.991,23085.440981831944,26183.318931526657,3097.8779496947122,20307.599999999995,65416.141694000005,3.7207871911155053,2293.1042985930817,2289.383511401966,20307.599999999995,65416.141694000005,LC_dv14_Tlc3p0_TTC07_CP1_S5p067_E15p067.mp4,LC_dv14_Tlc3p0_TTC07,15.067,CP1,0.0416666666666666,12,7.0,7.0,27.22222222222222,14.0,3.0
1.0,31.96725435743167,3.2347987336562944,-0.8873443860576492,28.739,24.984,151654.83091128222,163731.0688655051,12076.2379542229,20307.599999999995,65416.141694000005,8239.226391745251,10719.256123066898,2480.0297313216465,20307.599999999995,65416.141694000005,LC_dv14_Tlc3p0_TTC07_CP2_S5p367_E15p367.mp4,LC_dv14_Tlc3p0_TTC07,15.367,CP2,0.2083333333333333,12,7.0,6.7,26.05555555555556,14.0,3.0
1.0,29.681129661302105,2.612920210984446,-1.0569247796436447,28.739,24.986,159983.66563336807,178892.87952058442,18909.21388721635,20307.599999999995,65416.141694000005,13301.861563276405,15977.899209839048,2676.0376465626437,20307.599999999995,65416.141694000005,LC_dv14_Tlc3p0_TTC07_CP4_S5p967_E15p967.mp4,LC_dv14_Tlc3p0_TTC07,15.967,CP4,0.4583333333333333,12,7.0,6.1,23.72222222222222,14.0,3.0
0.07000000000000002,13.71683990447666,3.4988853989461126,-0.0002539167183549882,28.739,24.991,7913.139346820964,27375.311793708315,19462.17244688735,21542.311731828348,65416.91818728222,12089.355226457767,18953.638433941273,6864.283207483507,20309.93454178706,65416.91818728222,LC_dv14_Tlc4p0_TTC02_CP1_S5p067_E15p067.mp4,LC_dv14_Tlc4p0_TTC02,15.067,CP1,0.0416666666666666,24,2.0,2.0,7.777777777777778,14.0,4.0
1.0,12.576299256563852,3.304261189638588,-0.6540257860203342,28.593,24.987,152983.7883279969,185094.4696486247,129890.95543594482,32110.681320627817,65310.550183025036,81972.15453291012,102314.3765808553,26696.49993943168,20342.22204794517,65310.550183025036,LC_dv14_Tlc4p0_TTC02_CP2_S5p367_E15p367.mp4,LC_dv14_Tlc4p0_TTC02,15.367,CP2,0.7916666666666666,12,2.0,1.7,6.611111111111111,14.0,4.0
1.0,11.431245654395228,3.0736603242503695,-0.7666931134807814,28.739,24.988,139231.920730192,176374.10280214925,140110.61341421437,37142.182071957235,65452.68405818805,96015.16627834583,116402.57213691436,50351.93658431615,20387.405858568527,65452.68405818805,LC_dv14_Tlc4p0_TTC02_CP3_S5p667_E15p667.mp4,LC_dv14_Tlc4p0_TTC02,15.667,CP3,0.9583333333333334,12,2.0,1.4,5.444444444444444,14.0,4.0
1.0,10.286976448696432,2.841855299617738,-0.7740177186567021,28.739,24.988,129411.23677607386,168774.54358419817,141423.80132220127,39363.30680812431,65485.28065629064,103341.02383601837,123785.39987448268,67788.84562797136,20444.376038464317,65485.28065629064,LC_dv14_Tlc4p0_TTC02_CP4_S5p967_E15p967.mp4,LC_dv14_Tlc4p0_TTC02,15.967,CP4,0.9583333333333334,12,2.0,1.1,4.277777777777778,14.0,4.0
1.0,9.14690261014664,2.6043269073780437,-0.7876511917346094,28.739,24.988,117142.39000400068,160454.42399275268,140584.43802236684,43312.033988752,65571.2962139139,111758.66554900716,133063.3323216244,93352.71192284844,21304.666772617227,65571.2962139139,LC_dv14_Tlc4p0_TTC02_CP5_S6p267_E16p267.mp4,LC_dv14_Tlc4p0_TTC02,16.267,CP5,0.9583333333333334,12,2.0,0.8,3.111111111111111,14.0,4.0
0.07000000000000002,17.58143590686876,3.500788690090582,0.0026394992474854046,28.739,24.991,8960.00142820392,29681.43253981688,20763.237963957625,20721.43111161296,65416.14464343581,11810.442747897121,15782.787990048326,3972.3452421512043,20307.8826676235,65416.14464343581,LC_dv14_Tlc4p0_TTC03_CP1_S5p067_E15p067.mp4,LC_dv14_Tlc4p0_TTC03,15.067,CP1,0.0,24,3.0,3.0,11.666666666666666,14.0,4.0
1.0,16.44729895597614,3.300564505163894,-0.6673714923943085,28.737,24.987,177168.91753598713,202532.01446557758,116514.75633774551,25363.096929590454,65414.93772610633,68787.88931300008,80397.43905210814,11609.54973910805,20312.644094319712,65414.93772610633,LC_dv14_Tlc4p0_TTC03_CP2_S5p367_E15p367.mp4,LC_dv14_Tlc4p0_TTC03,15.367,CP2,0.5,12,3.0,2.7,10.5,14.0,4.0
1.0,15.313248213434237,3.073820937164767,-0.7517344405128469,28.739,24.988,172720.0221645015,200774.172319507,125048.2459450474,28054.15015500549,65418.43696607939,73775.45332985118,89793.1509357271,16017.697605875921,20318.710609523794,65418.43696607939,LC_dv14_Tlc4p0_TTC03_CP3_S5p667_E15p667.mp4,LC_dv14_Tlc4p0_TTC03,15.667,CP3,0.7916666666666666,12,3.0,2.4,9.333333333333332,14.0,4.0
1.0,14.173304352741873,2.8365099549533896,-0.7869188981960381,28.739,24.988,167041.70641455302,197041.20677952626,129054.68929632833,29999.500364973228,65421.342315571426,75713.48628967721,95999.1193124943,20285.633022817077,20326.357557873678,65421.342315571426,LC_dv14_Tlc4p0_TTC03_CP4_S5p967_E15p967.mp4,LC_dv14_Tlc4p0_TTC03,15.967,CP4,0.875,12,3.0,2.1,8.166666666666666,14.0,4.0
1.0,13.038899841676862,2.597481264363333,-0.7966446081846503,28.739,24.988,162298.3952416339,195449.47808937982,136308.70971291643,33151.08284774591,65429.4181503111,84846.5768513485,105190.1504788636,30168.57008226768,20343.5736275151,65429.4181503111,LC_dv14_Tlc4p0_TTC03_CP5_S6p267_E16p267.mp4,LC_dv14_Tlc4p0_TTC03,16.267,CP5,0.9166666666666666,12,3.0,1.8,7.0,14.0,4.0
0.07000000000000002,21.45543608010255,3.500099514675637,-0.0006918237325148608,28.739,24.991,13006.987809795613,31674.980814346,18667.993004550386,20307.600012059564,65416.141694000005,9152.850798189651,12088.93578348335,2936.084985293698,20307.600012059564,65416.141694000005,LC_dv14_Tlc4p0_TTC04_CP1_S5p067_E15p067.mp4,LC_dv14_Tlc4p0_TTC04,15.067,CP1,0.0416666666666666,24,4.0,4.0,15.555555555555555,14.0,4.0
1.0,20.312297716244533,3.3008917714228705,-0.6640200605431119,28.739,24.987,185452.9583871112,205785.40182424767,90757.90342906892,20332.443437136473,65416.141694000005,50625.8632903448,56271.2994989121,5645.436208567302,20307.64392925685,65416.141694000005,LC_dv14_Tlc4p0_TTC04_CP2_S5p367_E15p367.mp4,LC_dv14_Tlc4p0_TTC04,15.367,CP2,0.5416666666666666,12,4.0,3.7,14.38888888888889,14.0,4.0
1.0,19.17224505318321,3.0700123160489783,-0.7636991023016586,28.739,24.988,184925.78985213858,206545.60465542928,101510.6265613498,21619.814803290716,65416.1416940535,58081.828566423785,65112.971430045814,7031.142863622027,20308.196075860218,65416.1416940535,LC_dv14_Tlc4p0_TTC04_CP3_S5p667_E15p667.mp4,LC_dv14_Tlc4p0_TTC04,15.667,CP3,0.6666666666666666,12,4.0,3.4,13.22222222222222,14.0,4.0
1.0,18.028306884259834,2.8393912881016963,-0.7635761944430375,28.739,24.988,182106.47398097246,204841.14331768753,107014.3587439411,22734.669336715076,65416.14676403859,62142.0553423987,70480.66541224175,8338.610069843053,20309.16130518837,65416.14676403859,LC_dv14_Tlc4p0_TTC04_CP4_S5p967_E15p967.mp4,LC_dv14_Tlc4p0_TTC04,15.967,CP4,0.6666666666666666,12,4.0,3.1,12.055555555555555,14.0,4.0
1.0,16.88290102187176,2.6006889636560566,-0.7996177615614362,28.739,24.988,178943.49350726488,203973.72465274567,116428.87350330465,25030.231145480797,65416.435258682955,68120.9187475114,79307.25061960034,11186.331872088938,20311.956381555075,65416.435258682955,LC_dv14_Tlc4p0_TTC04_CP5_S6p267_E16p267.mp4,LC_dv14_Tlc4p0_TTC04,16.267,CP5,0.6666666666666666,12,4.0,2.8,10.888888888888888,14.0,4.0
0.07000000000000002,25.63355938891698,3.5003078514421544,-0.00022618716468838642,28.739,24.991,19819.5380543453,32025.31828631958,12205.780231974279,20307.599999999995,65416.141694000005,5007.1619644964285,7567.046265314404,2559.884300817976,20307.599999999995,65416.141694000005,LC_dv14_Tlc4p0_TTC05_CP1_S5p033_E15p033.mp4,LC_dv14_Tlc4p0_TTC05,15.033,CP1,0.0,12,5.0,5.0,19.444444444444443,14.0,4.0
1.0,24.49672286338468,3.348138132533488,-0.5002600772564701,28.737,24.987,179907.93936468536,200215.53936468536,58436.632895869545,20307.599999999995,65414.53236600001,31270.536672736347,34694.25992850775,3423.7232557714037,20307.599999999995,65414.53236600001,LC_dv14_Tlc4p0_TTC05_CP2_S5p333_E15p333.mp4,LC_dv14_Tlc4p0_TTC05,15.333,CP2,0.2916666666666667,12,5.0,4.7,18.27777777777778,14.0,4.0
1.0,22.21601618593726,2.891551456601393,-0.7807044936567412,28.739,24.988,184458.59683464232,204766.19683464232,76794.95729025964,20307.599999999995,65416.141694000005,41604.500699773394,45996.9889948722,4392.4882950988,20307.599999999995,65416.141694000005,LC_dv14_Tlc4p0_TTC05_CP4_S5p933_E15p933.mp4,LC_dv14_Tlc4p0_TTC05,15.933,CP4,0.5833333333333334,12,5.0,4.1,15.944444444444445,14.0,4.0
0.07000000000000002,33.16184782069875,3.4970996721307306,-0.00027774549520150467,28.739,24.991,23115.713821621233,26200.32773573683,3084.6139141155973,20307.599999999995,65416.141694000005,0.0,2287.359824736591,2289.3621762071925,20307.599999999995,65416.141694000005,LC_dv14_Tlc4p0_TTC07_CP1_S5p067_E15p067.mp4,LC_dv14_Tlc4p0_TTC07,15.067,CP1,0.0,12,7.0,7.0,27.22222222222222,14.0,4.0
1.0,30.878248007781206,3.0694690045600166,-0.7666950096457483,28.739,24.988,157597.4880013125,172965.68270403138,15368.19470271886,20307.599999999995,65416.141694000005,10922.50464399311,13507.97683918295,2585.4721951898396,20307.599999999995,65416.141694000005,LC_dv14_Tlc4p0_TTC07_CP3_S5p667_E15p667.mp4,LC_dv14_Tlc4p0_TTC07,15.667,CP3,0.375,12,7.0,6.4,24.88888888888889,14.0,4.0
1.0,28.588899564862686,2.5941502790303868,-0.7966256445698561,28.739,24.988,165834.47977644874,186142.07977644875,27657.06715659118,20307.599999999995,65416.141694000005,17047.08384286397,19829.589565610866,2782.505722746897,20307.599999999995,65416.141694000005,LC_dv14_Tlc4p0_TTC07_CP5_S6p267_E16p267.mp4,LC_dv14_Tlc4p0_TTC07,16.267,CP5,0.375,12,7.0,5.8,22.55555555555556,14.0,4.0
0.07000000000000002,17.346663290504292,3.4998253793397414,0.001016348086451122,30.683,24.991,7300.065161521819,30519.278827248832,25277.337292883356,23219.213665727013,70329.12401648496,8239.872260683975,23078.218934376673,14838.346673692698,20312.325979816447,70329.12401648496,LC_dv21_Tlc2p0_TTC02_CP1_S5p067_E15p067.mp4,LC_dv21_Tlc2p0_TTC02,15.067,CP1,0.0,21,2.0,2.0,11.666666666666666,21.0,2.0
1.0,15.614362249400024,3.1041410316721105,-1.3189478255587723,30.683,24.978,167769.98963726277,220774.14951147296,181941.32355613768,53004.159874210185,70404.53018058455,125290.54038167644,145684.98855103255,88804.31720242913,20394.448169356114,70379.94431470727,LC_dv21_Tlc2p0_TTC02_CP2_S5p367_E15p367.mp4,LC_dv21_Tlc2p0_TTC02,15.367,CP2,0.9090909090909092,11,2.0,1.7,9.916666666666666,21.0,2.0
1.0,13.873810640763859,2.6455221231787003,-1.5289798440038513,30.683,24.981,164173.03082181182,224832.36000794976,186382.9206193786,60659.32918613795,72211.1963221328,136063.92079595593,157540.49406488688,110981.42070736353,21476.57326893094,70431.73617561697,LC_dv21_Tlc2p0_TTC02_CP3_S5p667_E15p667.mp4,LC_dv21_Tlc2p0_TTC02,15.667,CP3,0.85,10,2.0,1.4,8.166666666666666,21.0,2.0
1.0,12.134648385045328,2.166788769427326,-1.5922657451524953,30.683,24.983,154128.59694273942,223327.58501377335,190159.0630450238,69198.98807103393,73288.24535972798,140697.5955598465,165996.23881008834,128748.7400965307,25298.643250241836,70527.17467287368,LC_dv21_Tlc2p0_TTC02_CP4_S5p967_E15p967.mp4,LC_dv21_Tlc2p0_TTC02,15.967,CP4,0.9090909090909092,11,2.0,1.1,6.416666666666667,21.0,2.0
1.0,10.398309980320201,1.6728776264787315,-1.6392004456817817,30.683,24.986,149286.8292218548,225068.12102904293,193678.2296061141,114093.73457250794,75781.29180718813,110665.93812374432,178593.8690764262,148089.91230399703,67927.93095268188,70784.89256419441,LC_dv21_Tlc2p0_TTC02_CP5_S6p267_E16p267.mp4,LC_dv21_Tlc2p0_TTC02,16.267,CP5,0.85,10,2.0,0.8,4.666666666666667,21.0,2.0
0.07000000000000002,23.136664658532307,3.499427592996153,0.0010163480864570432,30.535,24.991,13204.746350402776,34600.81546519747,24556.315594434516,21396.069114794693,70236.08778379257,14063.486001784382,20747.86777864668,6684.381776862298,20308.275922407738,70236.08778379257,LC_dv21_Tlc2p0_TTC03_CP1_S5p067_E15p067.mp4,LC_dv21_Tlc2p0_TTC03,15.067,CP1,0.0,21,3.0,3.0,17.5,21.0,2.0
1.0,21.397368158080983,3.1117591339210793,-1.2922663088464725,30.683,24.977,203057.18542596867,238623.36633655484,171905.99439558337,35566.18091058618,70332.66682251997,91308.85977456649,111629.97776228223,33752.43533760758,20321.117987715734,70332.66682251997,LC_dv21_Tlc2p0_TTC03_CP2_S5p367_E15p367.mp4,LC_dv21_Tlc2p0_TTC03,15.367,CP2,0.6818181818181818,11,3.0,2.7,15.75,21.0,2.0
1.0,19.667822677297227,2.65855057021543,-1.5140263990298772,30.68,24.98,197020.15068844904,238271.5044458282,177670.7875603103,41251.35375737918,70337.92396360685,102927.06949067613,123259.55630880239,48410.281863739656,20332.48681812626,70337.92396360685,LC_dv21_Tlc2p0_TTC03_CP3_S5p667_E15p667.mp4,LC_dv21_Tlc2p0_TTC03,15.667,CP3,0.4,10,3.0,2.4,13.999999999999998,21.0,2.0
1.0,17.926663237303256,2.184393319967882,-1.5755945001952143,30.683,24.983,189518.45009810512,235415.24231377398,180586.4680863613,45896.792215668866,70350.30266040047,112009.5374158371,132358.48035568424,62998.69746730232,20348.94293984714,70350.30266040047,LC_dv21_Tlc2p0_TTC03_CP4_S5p967_E15p967.mp4,LC_dv21_Tlc2p0_TTC03,15.967,CP4,0.7727272727272727,11,3.0,2.1,12.25,21.0,2.0
1.0,16.19133008564026,1.6963522799939035,-1.6212363793066233,30.683,24.986,181855.3304352427,234311.50705965143,184937.03035346107,52456.17662440871,70379.1319899976,123691.23716339056,144074.71773437652,84867.10588706918,20383.48057098596,70372.60010919784,LC_dv21_Tlc2p0_TTC03_CP5_S6p267_E16p267.mp4,LC_dv21_Tlc2p0_TTC03,16.267,CP5,0.6,10,3.0,1.8,10.5,21.0,2.0
0.07000000000000002,29.004664274950606,3.4989848952809925,-0.0023046331826748145,30.683,24.991,16230.30446615651,36538.06870581183,23471.062279360758,20307.764239655316,70326.46489019276,12565.8974819038,16427.682793748496,3861.785311844697,20307.63282701715,70326.46489019276,LC_dv21_Tlc2p0_TTC04_CP1_S5p067_E15p067.mp4,LC_dv21_Tlc2p0_TTC04,15.067,CP1,0.0,21,4.0,4.0,23.33333333333333,21.0,2.0
1.0,27.267364445418668,3.104301241941126,-1.3156042191159474,30.683,24.978,217236.60712400166,239601.89070043524,143131.24850681712,22365.283576433565,70326.50846631308,66946.06018834833,78324.78505800119,11378.724869652851,20308.676616946203,70326.50846631308,LC_dv21_Tlc2p0_TTC04_CP2_S5p367_E15p367.mp4,LC_dv21_Tlc2p0_TTC04,15.367,CP2,0.4090909090909091,11,4.0,3.7,21.58333333333333,21.0,2.0
1.0,25.526822951478998,2.659560866730416,-1.4870636861214348,30.683,24.98,215062.762844813,241117.1916261338,155870.81076957108,26054.4287813208,70327.13019614063,73503.58152003729,89854.15254985717,16350.571029819876,20310.660213691655,70327.13019614063,LC_dv21_Tlc2p0_TTC04_CP3_S5p667_E15p667.mp4,LC_dv21_Tlc2p0_TTC04,15.667,CP3,0.1,10,4.0,3.4,19.83333333333333,21.0,2.0
1.0,23.786660031036114,2.177945262836078,-1.5989303569873603,30.683,24.983,210454.19709725052,239898.68461599128,162613.40759984075,29444.487518740767,70328.37091993011,77764.22071760679,98077.61465477412,21395.49637973057,20313.393937167337,70328.37091993011,LC_dv21_Tlc2p0_TTC04_CP4_S5p967_E15p967.mp4,LC_dv21_Tlc2p0_TTC04,15.967,CP4,0.5909090909090909,11,4.0,3.1,18.08333333333333,21.0,2.0
1.0,22.046327654263237,1.6917869135528631,-1.6182352195734466,30.683,24.973,205852.18593767204,240384.04448341558,171473.6510198038,34531.858545743526,70331.57653946377,89304.81597670101,109623.98009343471,31461.3272625818,20319.16411673371,70331.57653946377,LC_dv21_Tlc2p0_TTC04_CP5_S6p267_E16p267.mp4,LC_dv21_Tlc2p0_TTC04,16.267,CP5,0.4,10,4.0,2.8,16.333333333333332,21.0,2.0
0.07000000000000002,34.809665638853254,3.4985785844025967,-0.0023046331826792553,30.683,24.991,18588.69375830138,35680.38405714067,17091.69029883929,20307.599999999995,70326.46489000006,7443.503531818268,10173.981575356705,2730.4780435384373,20307.599999999995,70326.46489000006,LC_dv21_Tlc2p0_TTC05_CP1_S5p067_E15p067.mp4,LC_dv21_Tlc2p0_TTC05,15.067,CP1,0.0454545454545454,11,5.0,5.0,29.166666666666664,21.0,2.0
1.0,33.07737316259306,3.1118770320447733,-1.2889478342124845,30.683,24.977,211948.40338062335,232256.00338062336,100137.25371436299,20307.599999999995,70326.46489000006,43135.96346322034,47859.57864672896,4723.615183508618,20307.599999999995,70326.46489000006,LC_dv21_Tlc2p0_TTC05_CP2_S5p367_E15p367.mp4,LC_dv21_Tlc2p0_TTC05,15.367,CP2,0.4545454545454545,11,5.0,4.7,27.416666666666668,21.0,2.0
1.0,29.601657016488588,2.1715289263957134,-1.5955965470702385,30.683,24.983,217986.57457410128,238296.71937946763,128203.9588058682,20310.144805366344,70326.46489000006,58293.028752023674,66034.09360396344,7741.064851939769,20307.735657613666,70326.46489000006,LC_dv21_Tlc2p0_TTC05_CP4_S5p967_E15p967.mp4,LC_dv21_Tlc2p0_TTC05,15.967,CP4,0.4545454545454545,11,5.0,4.1,23.916666666666664,21.0,2.0
0.07000000000000002,46.04774450371726,3.497047343170822,-0.0015158624631297563,30.683,24.991,21678.384068783926,25238.5368922304,3560.152823446473,20307.599999999995,70326.46489000006,0.0,1721.3015818031063,2256.5294771851486,20307.599999999995,70326.46489000006,LC_dv21_Tlc2p0_TTC07_CP1_S5p033_E15p033.mp4,LC_dv21_Tlc2p0_TTC07,15.033,CP1,0.0,10,7.0,7.0,40.83333333333333,21.0,2.0
1.0,42.57789890578935,2.7649117107756567,-1.4765143313256528,30.683,24.98,169310.49165415225,189618.09165415226,23502.191372355202,20307.599999999995,70326.46489000006,10346.640881328161,12923.69317127169,2577.0522899435286,20307.599999999995,70326.46489000006,LC_dv21_Tlc2p0_TTC07_CP3_S5p633_E15p633.mp4,LC_dv21_Tlc2p0_TTC07,15.633,CP3,0.0,10,7.0,6.4,37.333333333333336,21.0,2.0
1.0,39.11218572146493,1.8085367260961491,-1.6029011359954417,30.683,24.985,191566.00256313465,211873.60256313466,42979.77906537784,20307.599999999995,70326.46489000006,20422.153271765386,23324.70116848847,2902.547896723086,20307.599999999995,70326.46489000006,LC_dv21_Tlc2p0_TTC07_CP5_S6p233_E16p233.mp4,LC_dv21_Tlc2p0_TTC07,16.233,CP5,0.05,10,7.0,5.8,33.83333333333333,21.0,2.0
0.07000000000000002,17.31266157076797,3.4998597594835252,0.00102869919037888,30.683,24.991,7261.525264988817,30487.30522941865,25023.578932403696,23225.779964429832,70329.15280527197,8481.136428475864,23083.731625134118,14602.595196658254,20312.368556630056,70329.15280527197,LC_dv21_Tlc3p0_TTC02_CP1_S5p067_E15p067.mp4,LC_dv21_Tlc3p0_TTC02,15.067,CP1,0.0208333333333333,24,2.0,2.0,11.666666666666666,21.0,3.0
1.0,15.583458908479418,3.2331709586308515,-0.8889579190317122,30.683,24.984,159336.55795899077,211787.76553866267,179017.48170434663,52451.20757967191,70397.009031732,124563.94440737258,144955.7738197752,87931.29413185311,20391.829412402632,70379.06991692618,LC_dv21_Tlc3p0_TTC02_CP2_S5p367_E15p367.mp4,LC_dv21_Tlc3p0_TTC02,15.367,CP2,0.5,12,2.0,1.7,9.916666666666666,21.0,3.0
1.0,13.862005062455204,2.9275219296300907,-1.0200333487458175,30.535,24.985,152176.27880691236,209305.10617062612,178853.3955261646,57128.82736371375,71422.50279239661,131478.0531393607,152725.38290740852,104303.8462313057,21247.329768047817,70326.78616382107,LC_dv21_Tlc3p0_TTC02_CP3_S5p667_E15p667.mp4,LC_dv21_Tlc3p0_TTC02,15.667,CP3,0.75,12,2.0,1.4,8.166666666666666,21.0,3.0
1.0,12.130992275047934,2.6197916754441493,-1.0222861530355962,30.683,24.974,137723.55221981945,204595.48152878816,179900.9641665237,66871.92930896871,73095.09765294488,140073.17228127937,164919.18555634364,127726.33189378867,24846.01327506427,70515.51979334463,LC_dv21_Tlc3p0_TTC02_CP4_S5p967_E15p967.mp4,LC_dv21_Tlc3p0_TTC02,15.967,CP4,0.875,12,2.0,1.1,6.416666666666667,21.0,3.0
1.0,10.399798899049824,2.299880618493354,-1.052388167899978,30.683,24.987,130260.13805033255,205449.07206757675,180344.32222657697,107361.6145233075,75188.9340172442,112812.48910935113,177454.83697790498,147017.08135681273,64642.34786855386,70730.27200068884,LC_dv21_Tlc3p0_TTC02_CP5_S6p267_E16p267.mp4,LC_dv21_Tlc3p0_TTC02,16.267,CP5,0.9166666666666666,12,2.0,0.8,4.666666666666667,21.0,3.0
0.07000000000000002,24.19128375429889,3.5022614578287548,0.0037388844830014427,30.683,24.991,13663.942720329258,34971.93703417634,24701.248842869794,21307.994313847084,70326.64099670734,14193.552130552762,20568.217455719245,6374.665325166483,20308.161928152986,70326.64099670734,LC_dv21_Tlc3p0_TTC03_CP1_S5p067_E15p067.mp4,LC_dv21_Tlc3p0_TTC03,15.067,CP1,0.0208333333333333,24,3.0,3.0,17.5,21.0,3.0
1.0,22.466462545426065,3.233938418549093,-0.8856328139168547,30.535,24.984,205678.0072849263,236204.59906989636,161555.77558841233,30526.591784970034,70238.4770363681,79707.67408172389,100022.6803685807,23010.86051544698,20315.006286856806,70238.4770363681,LC_dv21_Tlc3p0_TTC03_CP2_S5p367_E15p367.mp4,LC_dv21_Tlc3p0_TTC03,15.367,CP2,0.3333333333333333,12,3.0,2.7,15.75,21.0,3.0
1.0,20.746298026663744,2.9307785977188527,-1.0075088648295416,30.683,24.985,201091.55704743182,238793.3267998301,174369.82912992622,37701.76975239827,70334.90459075858,95824.01434622481,116148.79717419838,39320.182649125025,20324.782827973577,70334.90459075858,LC_dv21_Tlc3p0_TTC03_CP3_S5p667_E15p667.mp4,LC_dv21_Tlc3p0_TTC03,15.667,CP3,0.625,12,3.0,2.4,13.999999999999998,21.0,3.0
1.0,19.014710539207783,2.6226279015787806,-1.0362453071446762,30.683,24.986,194343.25326208211,236407.1247669348,177269.14716484945,42063.871504852694,70341.94658521612,104511.75365311971,124847.88553800443,51261.512486004234,20336.13188488472,70341.94658521612,LC_dv21_Tlc3p0_TTC03_CP4_S5p967_E15p967.mp4,LC_dv21_Tlc3p0_TTC03,15.967,CP4,0.7083333333333334,12,3.0,2.1,12.25,21.0,3.0
1.0,17.28357346007423,2.2971925148357055,-1.0769045960178603,30.683,24.987,186968.44076949614,235188.59646161986,181994.22557646167,48220.155692123706,70356.94529624227,116358.16138680645,136717.220562014,70522.71704657047,20359.059175207556,70356.94529624227,LC_dv21_Tlc3p0_TTC03_CP5_S6p267_E16p267.mp4,LC_dv21_Tlc3p0_TTC03,16.267,CP5,0.7083333333333334,12,3.0,1.8,10.5,21.0,3.0
0.07000000000000002,28.987665720622456,3.498985862996207,-0.002314924651543032,30.535,24.991,15876.646651644787,36184.25858709613,22652.27582848768,20307.61193545134,70235.86225000006,11959.678631583669,15547.26222444602,3587.583592862351,20307.61193545134,70235.86225000006,LC_dv21_Tlc3p0_TTC04_CP1_S5p067_E15p067.mp4,LC_dv21_Tlc3p0_TTC04,15.067,CP1,0.0208333333333333,24,4.0,4.0,23.33333333333333,21.0,3.0
1.0,27.258462376624934,3.2333080369993357,-0.8856245866588612,30.683,24.984,217152.51071961672,239367.98687542026,141847.1321962289,22215.47615580355,70326.49695873092,66502.3868272856,77657.42554483736,11155.038717551746,20308.602063161976,70326.49695873092,LC_dv21_Tlc3p0_TTC04_CP2_S5p367_E15p367.mp4,LC_dv21_Tlc3p0_TTC04,15.367,CP2,0.2916666666666667,12,4.0,3.7,21.58333333333333,21.0,3.0
1.0,25.526006535450655,2.9285631890281185,-1.020016720372091,30.683,24.985,214625.26228134258,240386.7345687871,154512.64418684063,25761.47228744451,70327.05541303025,73107.43481279947,88914.42124864545,15806.98643584597,20310.49388907126,70327.05541303025,LC_dv21_Tlc3p0_TTC04_CP3_S5p667_E15p667.mp4,LC_dv21_Tlc3p0_TTC04,15.667,CP3,0.25,12,4.0,3.4,19.83333333333333,21.0,3.0
1.0,23.805991062786795,2.6109091363955996,-1.0523092535376242,30.683,24.986,210365.83857201197,239423.00647980167,161186.64813768366,29057.16790778969,70328.20710816245,76722.22412251894,97035.32093822667,20665.956252142947,20313.096815707722,70328.20710816245,LC_dv21_Tlc3p0_TTC04_CP4_S5p967_E15p967.mp4,LC_dv21_Tlc3p0_TTC04,15.967,CP4,0.4583333333333333,12,4.0,3.1,18.08333333333333,21.0,3.0
1.0,22.08079386820307,2.287751767549547,-1.0733580821343571,30.683,24.987,206119.29360757687,240123.37939177844,170132.81017633682,34004.08578420158,70331.23878067367,88170.43651563788,108489.06768227773,30212.186131205668,20318.631166639858,70331.23878067367,LC_dv21_Tlc3p0_TTC04_CP5_S6p267_E16p267.mp4,LC_dv21_Tlc3p0_TTC04,16.267,CP5,0.5833333333333334,12,4.0,2.8,16.333333333333332,21.0,3.0
0.07000000000000002,34.80666592771341,3.49857799635119,-0.002306690583583713,30.683,24.991,18584.513302389714,35680.24609683996,17095.732794450247,20307.599999999995,70326.46489000006,7443.973927967496,10174.454156105203,2730.480228137707,20307.599999999995,70326.46489000006,LC_dv21_Tlc3p0_TTC05_CP1_S5p067_E15p067.mp4,LC_dv21_Tlc3p0_TTC05,15.067,CP1,0.0833333333333333,12,5.0,5.0,29.166666666666664,21.0,3.0
1.0,31.346027917831965,2.957585294543309,-1.0290004155808108,30.683,24.985,216174.41777018917,236482.02017159824,115868.29279374101,20307.602401409076,70326.46489000006,51498.25373333671,57549.910991420475,6051.657258083765,20307.602401409076,70326.46489000006,LC_dv21_Tlc3p0_TTC05_CP3_S5p667_E15p667.mp4,LC_dv21_Tlc3p0_TTC05,15.667,CP3,0.25,12,5.0,4.4,25.666666666666668,21.0,3.0
1.0,27.898814066251447,2.310196246367395,-1.0823472837030357,30.535,24.987,216511.48832873875,237233.07870531458,133408.2325326456,20721.590376575816,70235.86298334543,62380.236713475984,71461.4384990994,9081.20178562342,20308.050338837355,70235.86298334543,LC_dv21_Tlc3p0_TTC05_CP5_S6p267_E16p267.mp4,LC_dv21_Tlc3p0_TTC05,16.267,CP5,0.2916666666666667,12,5.0,3.8,22.166666666666664,21.0,3.0
0.07000000000000002,40.641668042074826,3.499148433232696,0.0010266417892731022,30.683,24.991,24786.053227506847,32075.374264551436,7289.321037044587,20307.599999999995,70326.46489000006,2428.437377460456,4845.837731335843,2417.4003538753873,20307.599999999995,70326.46489000006,LC_dv21_Tlc3p0_TTC06_CP1_S5p067_E15p067.mp4,LC_dv21_Tlc3p0_TTC06,15.067,CP1,0.0,12,6.0,6.0,35.0,21.0,3.0
1.0,38.91146482588327,3.2324650197725076,-0.8889558633325813,30.683,24.984,191124.50396210593,211432.10396210593,42407.52058224505,20307.599999999995,70326.46489000006,20357.13886177938,23257.024229990733,2899.8853682113545,20307.599999999995,70326.46489000006,LC_dv21_Tlc3p0_TTC06_CP2_S5p367_E15p367.mp4,LC_dv21_Tlc3p0_TTC06,15.367,CP2,0.1666666666666666,12,6.0,5.7,33.25,21.0,3.0
1.0,35.45499248735743,2.610073891947578,-1.052296900964516,30.683,24.986,204558.89639937496,224866.49639937497,77695.73187079621,20307.599999999995,70326.46489000006,32822.8594062339,36425.475110851905,3602.615704618001,20307.599999999995,70326.46489000006,LC_dv21_Tlc3p0_TTC06_CP4_S5p967_E15p967.mp4,LC_dv21_Tlc3p0_TTC06,15.967,CP4,0.0416666666666666,12,6.0,5.1,29.75,21.0,3.0
0.07000000000000002,17.354661558668568,3.4998278792064372,0.00102869919037888,30.683,24.991,7309.176635195447,30526.655826471244,25280.754033372676,23217.479191275797,70329.11722602723,8239.248586267175,23077.00580095973,14837.757214692556,20312.315838254428,70329.11722602723,LC_dv21_Tlc4p0_TTC02_CP1_S5p067_E15p067.mp4,LC_dv21_Tlc4p0_TTC02,15.067,CP1,0.02,25,2.0,2.0,11.666666666666666,21.0,4.0
1.0,15.637511714945594,3.299117058386842,-0.6689836305064847,30.532,24.987,159871.01796921584,209554.52261498623,176463.17333731728,49683.50464577039,70278.68422758605,119695.07063828423,140074.99744521774,80381.1082899029,20379.926806933516,70278.68422758605,LC_dv21_Tlc4p0_TTC02_CP2_S5p367_E15p367.mp4,LC_dv21_Tlc4p0_TTC02,15.367,CP2,0.6153846153846154,13,2.0,1.7,9.916666666666666,21.0,4.0
1.0,13.911102218418451,3.0704911771104317,-0.7655455850710067,30.683,24.988,137566.09747405836,195893.0673594433,172864.60577109762,58326.96988538492,71958.43303081869,134330.51393207093,155700.9521419686,108494.67259286843,21370.438209897668,70422.91639838177,LC_dv21_Tlc4p0_TTC02_CP3_S5p667_E15p667.mp4,LC_dv21_Tlc4p0_TTC02,15.667,CP3,0.9166666666666666,12,2.0,1.4,8.166666666666666,21.0,4.0
1.0,12.187160963971536,2.8407450850522404,-0.762302047705434,30.535,24.988,127898.76227835086,188489.92447351245,166952.12786124984,60591.16219516159,72440.41491456235,137745.22926074604,160556.54123055263,120942.15255084542,22811.31196980659,70391.94373688396,LC_dv21_Tlc4p0_TTC02_CP4_S5p967_E15p967.mp4,LC_dv21_Tlc4p0_TTC02,15.967,CP4,0.8846153846153846,13,2.0,1.1,6.416666666666667,21.0,4.0
1.0,10.460040358907372,2.607829689613244,-0.776958003472421,30.683,24.988,113079.99380069597,187020.94008762582,162384.12587330164,96777.49455668069,73940.94628692984,115442.90338603064,176540.4921550266,145889.30274128003,61097.58876899594,70630.30822499971,LC_dv21_Tlc4p0_TTC02_CP5_S6p267_E16p267.mp4,LC_dv21_Tlc4p0_TTC02,16.267,CP5,0.9166666666666666,12,2.0,0.8,4.666666666666667,21.0,4.0
0.07000000000000002,23.17766291738577,3.4994079053521485,0.0010286991903848013,30.683,24.991,13440.242691543885,35041.19905137224,24999.98572234092,21600.956359828357,70326.772509596,14167.885414299692,21534.68410561642,7366.798691316728,20308.41566531903,70326.772509596,LC_dv21_Tlc4p0_TTC03_CP1_S5p067_E15p067.mp4,LC_dv21_Tlc4p0_TTC03,15.067,CP1,0.0,25,3.0,3.0,17.5,21.0,4.0
1.0,21.456514752558252,3.302703691409209,-0.6556425336762438,30.683,24.987,203125.58323478675,237976.6990433029,170380.3108345796,34851.11580851616,70332.11700500998,89706.46991841434,110026.72813740994,32152.128216632667,20320.2582189956,70332.11700500998,LC_dv21_Tlc4p0_TTC03_CP2_S5p367_E15p367.mp4,LC_dv21_Tlc4p0_TTC03,15.367,CP2,0.4230769230769231,13,3.0,2.7,15.75,21.0,4.0
1.0,19.72810783004167,3.0785226077208914,-0.753559560023242,30.683,24.987,197242.67929103805,237708.12032394097,176155.72278723097,40465.44103290293,70338.8307385415,101393.65554284677,121724.77781688479,46515.49776222133,20331.12227403802,70338.8307385415,LC_dv21_Tlc4p0_TTC03_CP3_S5p667_E15p667.mp4,LC_dv21_Tlc4p0_TTC03,15.667,CP3,0.5833333333333334,12,3.0,2.4,13.999999999999998,21.0,4.0
1.0,18.005162558020835,2.8403250270425175,-0.7889707648927058,30.683,24.988,189703.74045106664,234670.01737594462,178891.61015452316,44966.276924877966,70348.63985056317,110270.27212257676,130616.8153172856,60348.5596407876,20346.543194708836,70348.63985056317,LC_dv21_Tlc4p0_TTC03_CP4_S5p967_E15p967.mp4,LC_dv21_Tlc4p0_TTC03,15.967,CP4,0.6538461538461539,13,3.0,2.1,12.25,21.0,4.0
1.0,16.28203604067382,2.6002829404124017,-0.7979141796488552,30.683,24.988,182124.42026620975,233401.67898462559,183823.37351174097,51277.25871841585,70369.45049869841,122052.6269808583,142431.16372600163,81934.78663515016,20378.536745143323,70369.45049869841,LC_dv21_Tlc4p0_TTC03_CP5_S6p267_E16p267.mp4,LC_dv21_Tlc4p0_TTC03,16.267,CP5,0.8333333333333334,12,3.0,1.8,10.5,21.0,4.0
0.07000000000000002,29.003667446989795,3.4989593630711164,-0.0023272891625654843,30.683,24.991,16232.803229812649,36540.56790195281,23472.526725573334,20307.76467214016,70326.46489019721,12568.019293802907,16429.820153936762,3861.8008601338543,20307.632866680797,70326.46489019721,LC_dv21_Tlc4p0_TTC04_CP1_S5p067_E15p067.mp4,LC_dv21_Tlc4p0_TTC04,15.067,CP1,0.0,25,4.0,4.0,23.33333333333333,21.0,4.0
1.0,27.277511715024875,3.2982935946758114,-0.66896557378878,30.683,24.987,216889.1946561142,239017.77972174625,141184.70208474054,22128.585065632036,70326.49161516744,66342.46772873821,77263.57007949374,10921.102350755538,20308.560398165704,70326.49161516744,LC_dv21_Tlc4p0_TTC04_CP2_S5p367_E15p367.mp4,LC_dv21_Tlc4p0_TTC04,15.367,CP2,0.2307692307692307,13,4.0,3.7,21.58333333333333,21.0,4.0
1.0,25.549103738783625,3.070545740560448,-0.765535605132505,30.683,24.988,214802.30793606758,240411.2965777817,153949.6975366009,25608.988641714135,70327.01493669239,72912.38819921241,88469.773783846,15557.385584633594,20310.39795327745,70327.01493669239,LC_dv21_Tlc4p0_TTC04_CP3_S5p667_E15p667.mp4,LC_dv21_Tlc4p0_TTC04,15.667,CP3,0.3333333333333333,12,4.0,3.4,19.83333333333333,21.0,4.0
1.0,23.82315743437686,2.8329157871168387,-0.7856322068386249,30.683,24.988,210377.7891533542,239243.95877100067,160645.71009465805,28866.169617646472,70328.1278770374,76278.72613316058,96591.67530348357,20334.45887927882,20312.949170322983,70328.1278770374,LC_dv21_Tlc4p0_TTC04_CP4_S5p967_E15p967.mp4,LC_dv21_Tlc4p0_TTC04,15.967,CP4,0.5,13,4.0,3.1,18.08333333333333,21.0,4.0
1.0,22.095031133463976,2.5927491608827626,-0.7979089160164126,30.683,24.988,206089.14990596552,239893.7332356022,169631.888295326,33804.5833296367,70331.1060284934,87821.75759481471,108140.17758773487,29720.244516592855,20318.419992920157,70331.1060284934,LC_dv21_Tlc4p0_TTC04_CP5_S6p267_E16p267.mp4,LC_dv21_Tlc4p0_TTC04,16.267,CP5,0.625,12,4.0,2.8,16.333333333333332,21.0,4.0
0.07000000000000002,40.654669191119666,3.499125170756834,0.001018407720471494,30.683,24.991,24793.361533550924,32067.475489403645,7274.113955852719,20307.599999999995,70326.46489000006,2426.461367005604,4843.829054102873,2417.3676870972686,20307.599999999995,70326.46489000006,LC_dv21_Tlc4p0_TTC06_CP1_S5p067_E15p067.mp4,LC_dv21_Tlc4p0_TTC06,15.067,CP1,0.0,12,6.0,6.0,35.0,21.0,4.0
1.0,37.21510921504093,3.071550766725662,-0.7625582335872113,30.683,24.988,199827.18460082612,220134.78460082613,62899.41187147146,20307.599999999995,70326.46489000006,27067.491921289868,30306.96971852202,3239.4777972321517,20307.599999999995,70326.46489000006,LC_dv21_Tlc4p0_TTC06_CP3_S5p667_E15p667.mp4,LC_dv21_Tlc4p0_TTC06,15.667,CP3,0.125,12,6.0,5.4,31.5,21.0,4.0
1.0,33.771037933388115,2.5956197529031884,-0.797918419752849,30.683,24.988,211080.504381518,231388.104381518,95310.52161614227,20307.599999999995,70326.46489000006,40595.1199150739,45073.51941633414,4478.399501260236,20307.599999999995,70326.46489000006,LC_dv21_Tlc4p0_TTC06_CP5_S6p267_E16p267.mp4,LC_dv21_Tlc4p0_TTC06,16.267,CP5,0.3333333333333333,12,6.0,4.8,28.0,21.0,4.0
0.07000000000000002,46.90474635650842,3.497360323388133,0.0014752566642356076,30.683,24.991,20887.407923160237,24149.802155254598,3262.3942320943606,20307.599999999995,70326.46489000006,0.0,1545.9183797601695,2256.4972429189925,20307.599999999995,70326.46489000006,LC_dv21_Tlc4p0_TTC07_CP1_S5p033_E15p033.mp4,LC_dv21_Tlc4p0_TTC07,15.033,CP1,0.0384615384615384,13,7.0,7.0,40.83333333333333,21.0,4.0
1.0,45.18319354943406,3.354584575529263,-0.4962650857999513,30.683,24.987,153018.12740002386,168989.97026274417,15971.842862720296,20307.599999999995,70326.46489000006,5725.8290834126565,8095.735673357092,2369.906589944436,20307.599999999995,70326.46489000006,LC_dv21_Tlc4p0_TTC07_CP2_S5p333_E15p333.mp4,LC_dv21_Tlc4p0_TTC07,15.333,CP2,0.0769230769230769,13,7.0,6.7,39.083333333333336,21.0,4.0
1.0,41.74420356189065,2.8852940895917056,-0.7823066319770652,30.683,24.988,174783.14729143624,195090.74729143624,26000.790712446124,20307.599999999995,70326.46489000006,12078.119802982503,14726.166545663023,2648.0467426805208,20307.599999999995,70326.46489000006,LC_dv21_Tlc4p0_TTC07_CP4_S5p933_E15p933.mp4,LC_dv21_Tlc4p0_TTC07,15.933,CP4,0.2307692307692307,13,7.0,6.1,35.58333333333333,21.0,4.0
0.07000000000000002,20.998507603795975,3.5009927753887298,0.002136681776769099,32.626,24.991,6864.055704658709,32600.438945524213,32109.663220986047,25736.383240865503,75140.87253413854,5139.68510598526,25620.8805687708,22765.272996841923,20481.19546278554,74949.37710188267,LC_dv28_Tlc2p0_TTC02_CP1_S5p067_E15p067.mp4,LC_dv28_Tlc2p0_TTC02,15.067,CP1,0.0576923076923076,26,2.0,2.0,15.555555555555555,28.0,2.0
1.0,18.67722196132198,3.1056667251191703,-1.317809625071192,32.626,24.978,173006.25098430048,252686.73052929918,220333.19221020487,82191.90641420525,79680.4795449987,158731.68555830885,181585.88844855054,133521.44914555128,22854.202890241686,75027.15640286267,LC_dv28_Tlc2p0_TTC02_CP2_S5p367_E15p367.mp4,LC_dv28_Tlc2p0_TTC02,15.367,CP2,0.7307692307692307,13,2.0,1.7,13.22222222222222,28.0,2.0
1.0,16.359946911772045,2.643981286620707,-1.530261407019526,32.626,24.981,177277.50777752168,259953.3369611819,227786.5673187113,102246.15064421833,82675.82918366021,159808.64291421528,195099.89953251174,155513.1428015523,35291.25661829647,75102.17469778427,LC_dv28_Tlc2p0_TTC02_CP3_S5p667_E15p667.mp4,LC_dv28_Tlc2p0_TTC02,15.667,CP3,0.9230769230769232,13,2.0,1.4,10.888888888888888,28.0,2.0
1.0,14.03755078747916,2.166977823823584,-1.591139945305339,32.626,24.983,179366.20951010636,265250.4064357442,232987.09537516473,149636.0548525724,85884.19692563785,131743.47164123505,206996.78292177187,173731.82136040137,86780.82990881485,75253.3112805368,LC_dv28_Tlc2p0_TTC02_CP4_S5p967_E15p967.mp4,LC_dv28_Tlc2p0_TTC02,15.967,CP4,0.9615384615384616,13,2.0,1.1,8.555555555555555,28.0,2.0
1.0,11.723233143382839,1.673383597950477,-1.6380520082894856,32.626,24.986,171968.8193575986,262154.64668030065,242950.30227803419,198311.1079481949,90185.82732270203,143709.00712031976,219441.30757539693,196323.94993065446,153261.81151309237,75732.30045507719,LC_dv28_Tlc2p0_TTC02_CP5_S6p267_E16p267.mp4,LC_dv28_Tlc2p0_TTC02,16.267,CP5,0.9615384615384616,13,2.0,0.8,6.222222222222222,28.0,2.0
0.07000000000000002,28.77750791396038,3.500443437901769,-0.0011875358401436358,32.626,24.991,15594.179741332176,38860.69541465119,30611.19982204691,23266.515673319016,74945.81147997656,11282.522079549666,24854.247043068146,13571.72496351848,20308.902548145055,74945.81147997656,LC_dv28_Tlc2p0_TTC03_CP1_S5p067_E15p067.mp4,LC_dv28_Tlc2p0_TTC03,15.067,CP1,0.0384615384615384,26,3.0,3.0,23.33333333333333,28.0,2.0
1.0,26.456229973805357,3.114113127862136,-1.2878096327164381,32.626,24.977,224483.18079906603,276155.5315299658,214545.25585212224,51672.350730899794,74956.86692653086,119944.63004985802,140271.6320907278,66840.17033011615,20327.002040869775,74956.86692653086,LC_dv28_Tlc2p0_TTC03_CP2_S5p367_E15p367.mp4,LC_dv28_Tlc2p0_TTC03,15.367,CP2,0.5384615384615384,13,3.0,2.7,21.0,28.0,2.0
1.0,24.133957876721187,2.657277969021611,-1.512291146449268,32.626,24.98,214969.54452067032,276414.6736306716,219291.02239460888,61445.129110001275,74990.3966885674,133680.59662395774,154085.8063501443,88047.88663170298,20405.209726186553,74967.50710024765,LC_dv28_Tlc2p0_TTC03_CP3_S5p667_E15p667.mp4,LC_dv28_Tlc2p0_TTC03,15.667,CP3,0.5,13,3.0,2.4,18.666666666666664,28.0,2.0
1.0,21.810560230095188,2.1774279435589325,-1.60113756277605,32.626,24.983,205268.09026139957,275092.76927905873,222149.81949105134,69824.67901765917,76859.66378060539,144483.34276327642,165466.44189972113,106602.43081572653,20983.099136444715,74983.67005332412,LC_dv28_Tlc2p0_TTC03_CP4_S5p967_E15p967.mp4,LC_dv28_Tlc2p0_TTC03,15.967,CP4,0.6923076923076923,13,3.0,2.1,16.333333333333332,28.0,2.0
1.0,19.48624020205522,1.681690752726982,-1.6470172517441442,32.626,24.986,195206.18235264468,274205.36029894,227988.35297554065,80315.61095764082,78999.17794629528,157432.27162567113,179078.71742908654,128750.81866220638,21646.445803415394,75015.89142788558,LC_dv28_Tlc2p0_TTC03_CP5_S6p267_E16p267.mp4,LC_dv28_Tlc2p0_TTC03,16.267,CP5,0.6538461538461539,13,3.0,1.8,14.0,28.0,2.0
0.07000000000000002,36.52751124396314,3.500896502633193,0.0021361233272365557,32.477,24.991,20730.733746572474,41131.539303419326,27409.46421578179,20400.80555684685,74886.93553653946,14901.11524687687,20101.51552925746,5200.4002823805895,20307.674438516093,74886.93553653946,LC_dv28_Tlc2p0_TTC04_CP1_S5p067_E15p067.mp4,LC_dv28_Tlc2p0_TTC04,15.067,CP1,0.0769230769230769,26,4.0,4.0,31.11111111111111,28.0,2.0
1.0,34.20722679690278,3.1065770335298963,-1.3144781091200028,32.626,24.977,245900.55934611964,273373.3228886704,190790.91188014267,27472.763542550718,74945.80722406688,78711.12437016322,99020.9307247486,22574.179248123535,20309.806354585387,74945.80722406688,LC_dv28_Tlc2p0_TTC04_CP2_S5p367_E15p367.mp4,LC_dv28_Tlc2p0_TTC04,15.367,CP2,0.3846153846153846,13,4.0,3.7,28.77777777777778,28.0,2.0
1.0,31.88394991226385,2.643586766544697,-1.5302552134618208,32.626,24.98,241109.76700589314,275750.33570139506,201957.25338898876,34640.56869550193,74947.40162523695,92519.77839210552,112832.38646215072,34188.402080127664,20312.6080700452,74947.40162523695,LC_dv28_Tlc2p0_TTC04_CP3_S5p667_E15p667.mp4,LC_dv28_Tlc2p0_TTC04,15.667,CP3,0.2692307692307692,13,4.0,3.4,26.444444444444443,28.0,2.0
1.0,29.560555398691623,2.1678944902565975,-1.5878042328413002,32.626,24.983,235207.75100135713,276458.83034886606,207743.9763234093,41251.07934750892,74949.93944866523,103628.96327937256,123945.5952399546,45710.97412197249,20316.631960582028,74949.93944866523,LC_dv28_Tlc2p0_TTC04_CP4_S5p967_E15p967.mp4,LC_dv28_Tlc2p0_TTC04,15.967,CP4,0.4615384615384615,13,4.0,3.1,24.11111111111111,28.0,2.0
1.0,27.243237319224427,1.6739833835541578,-1.6380474884292144,32.626,24.986,227021.67071392445,277131.8901862118,214114.8435605481,50110.21947228734,74955.1371577253,117266.89212102641,137591.28504966598,62861.01982068825,20324.392928639576,74955.1371577253,LC_dv28_Tlc2p0_TTC04_CP5_S6p267_E16p267.mp4,LC_dv28_Tlc2p0_TTC04,16.267,CP5,0.3846153846153846,13,4.0,2.8,21.77777777777777,28.0,2.0
0.07000000000000002,44.31151180834062,3.5003465913094782,-0.0011875358401377146,32.626,24.991,19013.77230393476,39321.37230393475,21907.125521501075,20307.599999999995,74945.13525600007,9362.205678265695,12254.01525776028,2891.8095794945866,20307.599999999995,74945.13525600007,LC_dv28_Tlc2p0_TTC05_CP1_S5p067_E15p067.mp4,LC_dv28_Tlc2p0_TTC05,15.067,CP1,0.0,13,5.0,5.0,38.888888888888886,28.0,2.0
1.0,39.66695221979433,2.643871326776396,-1.5302530148121671,32.626,24.98,247073.7586811103,267381.45666700206,162522.34657824147,20307.69798589175,74945.13525600007,62739.62868407806,72708.09945527624,9968.470771198181,20307.69798589175,74945.13525600007,LC_dv28_Tlc2p0_TTC05_CP3_S5p667_E15p667.mp4,LC_dv28_Tlc2p0_TTC05,15.667,CP3,0.2692307692307692,13,5.0,4.4,34.22222222222222,28.0,2.0
1.0,35.02023821660369,1.67328337478461,-1.6380352182378652,32.626,24.986,247443.88886997037,273666.79773125006,189695.35612731788,26222.90886127968,74945.61595938037,76266.8719352416,96576.26663996806,20924.337239322856,20309.394704726463,74945.61595938037,LC_dv28_Tlc2p0_TTC05_CP5_S6p267_E16p267.mp4,LC_dv28_Tlc2p0_TTC05,16.267,CP5,0.1538461538461538,13,5.0,3.8,29.55555555555556,28.0,2.0
0.07000000000000002,52.64758393181381,3.4993392437170665,-0.0003561482314827988,32.626,24.991,24025.03635603134,33579.59025189864,9554.553895867299,20307.599999999995,74945.13525600007,2027.4729024974367,4475.291743251197,2447.81884075376,20307.599999999995,74945.13525600007,LC_dv28_Tlc2p0_TTC06_CP1_S5p033_E15p033.mp4,LC_dv28_Tlc2p0_TTC06,15.033,CP1,0.0769230769230769,13,6.0,6.0,46.66666666666666,28.0,2.0
1.0,50.3363031070942,3.2060426557889983,-0.9811634738416796,32.626,24.977,211946.60249879592,232254.20249879593,64657.73924555363,20307.599999999995,74945.13525600007,21237.747548969342,24180.708354818456,2942.9608058491153,20307.599999999995,74945.13525600007,LC_dv28_Tlc2p0_TTC06_CP2_S5p333_E15p333.mp4,LC_dv28_Tlc2p0_TTC06,15.333,CP2,0.2307692307692307,13,6.0,5.7,44.333333333333336,28.0,2.0
1.0,45.70464119779713,2.281354418021908,-1.581144834742009,32.626,24.983,231566.64167255143,251874.24167255143,113342.93593160248,20307.599999999995,74945.13525600007,38354.865989274265,42671.909374656956,4317.043385382689,20307.599999999995,74945.13525600007,LC_dv28_Tlc2p0_TTC06_CP4_S5p933_E15p933.mp4,LC_dv28_Tlc2p0_TTC06,15.933,CP4,0.3846153846153846,13,6.0,5.1,39.66666666666666,28.0,2.0
0.07000000000000002,21.46057663080491,3.4992341552615183,-0.0003623789954089606,32.626,24.991,7595.698538572455,33221.9498155948,32541.164291191853,25626.251277022347,75112.03001155698,4852.765390726552,25326.201152034246,22644.039283448543,20473.435761307694,74948.92406324348,LC_dv28_Tlc3p0_TTC02_CP1_S5p033_E15p033.mp4,LC_dv28_Tlc3p0_TTC02,15.033,CP1,0.0416666666666666,24,2.0,2.0,15.555555555555555,28.0,3.0
1.0,19.149362010009504,3.301328309878375,-0.6611663621404876,32.626,24.984,161364.51101404522,239230.830040714,214119.22230221637,77866.31902666877,78775.41675922649,155902.42837816098,177574.615393145,128345.27410011485,21672.187014984032,75015.21006084145,LC_dv28_Tlc3p0_TTC02_CP2_S5p333_E15p333.mp4,LC_dv28_Tlc3p0_TTC02,15.333,CP2,0.5416666666666666,12,2.0,1.7,13.22222222222222,28.0,3.0
1.0,16.840205391764908,2.9956285422546802,-1.0183624721502658,32.477,24.985,157606.13207045506,238240.10517178258,212783.0285072449,86243.75692043052,80633.97310132752,159670.10829449547,185900.05844360875,143240.0901183792,26229.95014911329,75002.30092460013,LC_dv28_Tlc3p0_TTC02_CP3_S5p633_E15p633.mp4,LC_dv28_Tlc3p0_TTC02,15.633,CP3,0.7916666666666666,12,2.0,1.4,10.888888888888888,28.0,3.0
1.0,14.526919083794837,2.682628549180512,-1.0444948378038124,32.626,24.986,150623.7691319888,234762.8435937791,213346.22908245047,130226.82604799017,84139.07446179031,132198.24153945164,201571.21563653136,168898.52674016196,69372.97409707971,75174.43913628171,LC_dv28_Tlc3p0_TTC02_CP4_S5p933_E15p933.mp4,LC_dv28_Tlc3p0_TTC02,15.933,CP4,0.9166666666666666,12,2.0,1.1,8.555555555555555,28.0,3.0
1.0,12.21769276994132,2.3652727917354133,-1.0578348833360445,32.626,24.987,153099.6535753968,239900.794527037,213452.64925699597,177403.85324186835,86801.14095164019,140628.64434448828,216109.22359072062,186398.87269476862,137476.14373355452,75480.57924623236,LC_dv28_Tlc3p0_TTC02_CP5_S6p233_E16p233.mp4,LC_dv28_Tlc3p0_TTC02,16.233,CP5,1.0,12,2.0,0.8,6.222222222222222,28.0,3.0
0.07000000000000002,28.778507658544854,3.5004448213152077,-0.0011833330314677416,32.626,24.991,15597.553041441613,38870.64705943804,30608.15793847907,23273.094017996424,74945.81368596829,11285.367444231992,24863.593553668303,13578.226109436311,20308.90615403446,74945.81368596829,LC_dv28_Tlc3p0_TTC03_CP1_S5p067_E15p067.mp4,LC_dv28_Tlc3p0_TTC03,15.067,CP1,0.0,24,3.0,3.0,23.33333333333333,28.0,3.0
1.0,26.476318947177983,3.235077589070082,-0.8845154639599319,32.626,24.984,224482.27061983323,275542.76326698926,213847.76183218075,51060.49264715604,74956.5153230485,119069.10642313259,139395.60208421212,65821.18929523345,20326.495661079527,74956.5153230485,LC_dv28_Tlc3p0_TTC03_CP2_S5p367_E15p367.mp4,LC_dv28_Tlc3p0_TTC03,15.367,CP2,0.4166666666666667,12,3.0,2.7,21.0,28.0,3.0
1.0,24.167160067855242,2.931245512518738,-1.006331449208634,32.626,24.985,214880.65021949878,275540.2140228044,218738.4698197713,60659.56380330562,74981.17788843618,132755.057024227,153098.27830708798,86882.63959794558,20343.221282861003,74966.86493551526,LC_dv28_Tlc3p0_TTC03_CP3_S5p667_E15p667.mp4,LC_dv28_Tlc3p0_TTC03,15.667,CP3,0.6666666666666666,12,3.0,2.4,18.666666666666664,28.0,3.0
1.0,21.862875567626492,2.61637476567866,-1.0511773232367203,32.626,24.986,205750.74738491751,274621.3652012867,221302.72054575055,68870.61781636915,76722.71452335433,143475.08011271764,164386.6222887074,104943.89561900878,20911.54217598978,74982.40806823145,LC_dv28_Tlc3p0_TTC03_CP4_S5p967_E15p967.mp4,LC_dv28_Tlc3p0_TTC03,15.967,CP4,0.8333333333333334,12,3.0,2.1,16.333333333333332,28.0,3.0
1.0,19.554689798720855,2.2926327389711534,-1.0751953874822515,32.626,24.987,194843.50954170304,273554.3703402277,226885.50953979883,79120.24990144491,78710.86079852465,156184.3185677801,177769.61796109183,126817.40284711044,21585.299393311718,75013.34170232336,LC_dv28_Tlc3p0_TTC03_CP5_S6p267_E16p267.mp4,LC_dv28_Tlc3p0_TTC03,16.267,CP5,0.8333333333333334,12,3.0,1.8,14.0,28.0,3.0
0.07000000000000002,36.55951123579152,3.500873633828415,0.0021385054944008243,32.623,24.991,21117.405400726715,41672.13942917189,28021.213395356714,20554.734028445175,74943.97084299529,15327.021300464578,21017.24142455795,5690.220124093373,20307.706984317163,74943.97084299529,LC_dv28_Tlc3p0_TTC04_CP1_S5p067_E15p067.mp4,LC_dv28_Tlc3p0_TTC04,15.067,CP1,0.0208333333333333,24,4.0,4.0,31.11111111111111,28.0,3.0
1.0,34.247318891946726,3.2355484408843505,-0.8844972585671771,32.626,24.984,245534.87213442937,272602.1627321407,189523.31888367634,27067.290597711304,74945.74324268232,77629.10425183582,97938.78874486992,21890.30091249706,20309.68449303411,74945.74324268232,LC_dv28_Tlc3p0_TTC04_CP2_S5p367_E15p367.mp4,LC_dv28_Tlc3p0_TTC04,15.367,CP2,0.2083333333333333,12,4.0,3.7,28.77777777777778,28.0,3.0
1.0,31.938158705288963,2.926536265924861,-1.0213015050487275,32.626,24.985,241348.23264867504,275406.6972446703,201085.27591769036,34058.46459599525,74947.2550742147,91347.33088021823,111659.7093685236,33254.34005920335,20312.37848830537,74947.2550742147,LC_dv28_Tlc3p0_TTC04_CP3_S5p667_E15p667.mp4,LC_dv28_Tlc3p0_TTC04,15.667,CP3,0.4166666666666667,12,4.0,3.4,26.444444444444443,28.0,3.0
1.0,29.629873346031893,2.611834316741368,-1.0511705995651586,32.623,24.986,235346.2998931827,275725.0494014743,206125.3669578255,40378.749508291614,74948.44597567662,102097.2199575057,122413.38383414724,44096.33870977547,20316.163876641538,74948.44597567662,LC_dv28_Tlc3p0_TTC04_CP4_S5p967_E15p967.mp4,LC_dv28_Tlc3p0_TTC04,15.967,CP4,0.4583333333333333,12,4.0,3.1,24.11111111111111,28.0,3.0
1.0,27.315691338990423,2.292939526678558,-1.0602169276802709,32.626,24.987,227322.96098472824,276493.40119645954,213401.6433247454,49170.44021173131,74954.65495109693,116069.6370375259,136393.33146127526,61265.5293099572,20323.694423749355,74954.65495109693,LC_dv28_Tlc3p0_TTC04_CP5_S6p267_E16p267.mp4,LC_dv28_Tlc3p0_TTC04,16.267,CP5,0.6666666666666666,12,4.0,2.8,21.77777777777777,28.0,3.0
0.07000000000000002,52.63558393504942,3.499348055904887,-0.0003539429792750621,32.626,24.991,23955.49562601094,33540.21145222566,9584.715826214722,20307.599999999995,74945.13525600007,2086.89016883146,4534.760737269114,2447.8705684376537,20307.599999999995,74945.13525600007,LC_dv28_Tlc3p0_TTC06_CP1_S5p033_E15p033.mp4,LC_dv28_Tlc3p0_TTC06,15.033,CP1,0.0,12,6.0,6.0,46.66666666666666,28.0,3.0
1.0,48.0212474317734,3.0397008235017124,-0.9793313595951645,32.477,24.985,215668.0119290701,235975.61192907012,74004.19201094695,20307.599999999995,74886.93317400003,25352.729888192564,28494.564544340865,3141.8346561483013,20307.599999999995,74886.93317400003,LC_dv28_Tlc3p0_TTC06_CP3_S5p633_E15p633.mp4,LC_dv28_Tlc3p0_TTC06,15.633,CP3,0.0833333333333333,12,6.0,5.4,42.0,28.0,3.0
1.0,43.39772537229348,2.401014891871942,-1.0878281600917494,32.626,24.987,237678.0922556926,257985.69225569261,130925.8758646385,20307.599999999995,74945.13525600007,46949.913071672716,52281.05497681135,5331.141905138633,20307.599999999995,74945.13525600007,LC_dv28_Tlc3p0_TTC06_CP5_S6p233_E16p233.mp4,LC_dv28_Tlc3p0_TTC06,16.233,CP5,0.2083333333333333,12,6.0,4.8,37.33333333333333,28.0,3.0
0.07000000000000002,59.9025174239184,3.501191551051978,0.0021361233272380363,32.626,24.991,20782.286172555985,25377.950222810374,4595.664050254387,20307.599999999995,74945.13525600007,0.0,1241.131346137772,2256.512611563546,20307.599999999995,74945.13525600007,LC_dv28_Tlc3p0_TTC07_CP1_S5p067_E15p067.mp4,LC_dv28_Tlc3p0_TTC07,15.067,CP1,0.0416666666666666,12,7.0,7.0,54.44444444444444,28.0,3.0
1.0,57.58932508011487,3.235882386127669,-0.884494878586825,32.626,24.984,164968.6833206444,185276.2833206444,25441.127396178534,20307.599999999995,74945.13525600007,4939.593447009611,7272.784668911703,2333.191221902092,20307.599999999995,74945.13525600007,LC_dv28_Tlc3p0_TTC07_CP2_S5p367_E15p367.mp4,LC_dv28_Tlc3p0_TTC07,15.367,CP2,0.0,12,7.0,6.7,52.11111111111112,28.0,3.0
1.0,52.97187953432021,2.6121597580298985,-1.0511705995651526,32.623,24.986,196659.8572800971,216967.4572800971,45117.48396728931,20307.599999999995,74943.96077400008,13458.664752495926,16134.082135765122,2675.417383269195,20307.599999999995,74943.96077400008,LC_dv28_Tlc3p0_TTC07_CP4_S5p967_E15p967.mp4,LC_dv28_Tlc3p0_TTC07,15.967,CP4,0.2083333333333333,12,7.0,6.1,47.44444444444444,28.0,3.0
0.07000000000000002,21.029506063902186,3.5009798211787295,0.0021476184997556015,32.626,24.991,6905.994575972298,32636.66685177552,32154.46287072033,25730.672275803223,75139.48785825932,5133.877035597219,25615.011692855867,22760.178587811588,20481.134657258648,74949.34933006004,LC_dv28_Tlc4p0_TTC02_CP1_S5p067_E15p067.mp4,LC_dv28_Tlc4p0_TTC02,15.067,CP1,0.0,24,2.0,2.0,15.555555555555555,28.0,4.0
1.0,18.725362606574368,3.300624221614289,-0.6678468888198718,32.626,24.987,153541.17832776802,232776.8495744967,209197.717078269,79531.69584869173,79235.67124672869,157557.01264173354,180091.8809933174,131149.6603615037,22534.86835158386,75021.09755745145,LC_dv28_Tlc4p0_TTC02_CP2_S5p367_E15p367.mp4,LC_dv28_Tlc4p0_TTC02,15.367,CP2,0.6666666666666666,12,2.0,1.7,13.22222222222222,28.0,4.0
1.0,16.41925913747653,3.0689378254361213,-0.7668193544040945,32.477,24.988,142463.39234677554,223441.1724283529,201606.97261095294,88919.70401520519,80977.78008157737,160237.42483347416,189581.613730656,148581.88443973896,29344.18889718184,75008.90564670892,LC_dv28_Tlc4p0_TTC02_CP3_S5p667_E15p667.mp4,LC_dv28_Tlc4p0_TTC02,15.667,CP3,0.7916666666666666,12,2.0,1.4,10.888888888888888,28.0,4.0
1.0,14.114033035138407,2.8409182464517273,-0.7611778171440813,32.626,24.977,135529.0506659557,218680.8086978642,195256.7462371725,131414.0111527302,83151.7580319085,128528.56408529358,203705.41668757377,171664.47260829515,80927.09175680298,75176.8526022802,LC_dv28_Tlc4p0_TTC02_CP4_S5p967_E15p967.mp4,LC_dv28_Tlc4p0_TTC02,15.967,CP4,0.9166666666666666,12,2.0,1.1,8.555555555555555,28.0,4.0
1.0,11.813915396744694,2.6013163972415234,-0.7847935194395932,32.626,24.988,139409.5802852529,223168.6119144495,202105.7829605612,168391.67335767465,83759.03162919662,141751.21720835913,217270.38394965837,193585.25097107954,149153.13732537942,75519.16674129924,LC_dv28_Tlc4p0_TTC02_CP5_S6p267_E16p267.mp4,LC_dv28_Tlc4p0_TTC02,16.267,CP5,0.9166666666666666,12,2.0,0.8,6.222222222222222,28.0,4.0
0.07000000000000002,29.24957893681164,3.499511682966948,-0.00036237899540762704,32.623,24.991,16302.804653078485,39326.37433767842,30291.71486761155,23023.569684599934,74944.53441624655,12029.348644129303,24790.762823758552,12761.41417962925,20308.73413330767,74944.53441624655,LC_dv28_Tlc4p0_TTC03_CP1_S5p033_E15p033.mp4,LC_dv28_Tlc4p0_TTC03,15.033,CP1,0.0,24,3.0,3.0,23.33333333333333,28.0,4.0
1.0,26.945403370713898,3.354752180045382,-0.48451360226477885,32.477,24.976,226333.1605161585,272779.7028878742,208445.8882512739,46446.54237171572,74895.4490582224,111887.87516181092,132210.23854440448,56466.319505488515,20322.36338259355,74895.4490582224,LC_dv28_Tlc4p0_TTC03_CP2_S5p333_E15p333.mp4,LC_dv28_Tlc4p0_TTC03,15.333,CP2,0.375,12,3.0,2.7,21.0,28.0,4.0
1.0,24.635302681527815,3.1248999647200617,-0.7511035828906449,32.626,24.987,217895.93335201108,275075.8938379355,215808.60443480546,57179.96048592445,74963.18136342957,128256.15902927693,148592.8748460889,79630.07860173617,20336.71581681197,74963.18136342957,LC_dv28_Tlc4p0_TTC03_CP3_S5p633_E15p633.mp4,LC_dv28_Tlc4p0_TTC03,15.633,CP3,0.5,12,3.0,2.4,18.666666666666664,28.0,4.0
1.0,22.33007073212557,2.891050691058592,-0.7811783721484,32.477,24.988,207600.757670491,270867.5110454996,217287.59554862056,63266.7533750086,75343.22692682344,136634.74741134077,157159.70923762204,94625.74467804938,20524.96182628127,74916.42531207787,LC_dv28_Tlc4p0_TTC03_CP4_S5p933_E15p933.mp4,LC_dv28_Tlc4p0_TTC03,15.933,CP4,0.6666666666666666,12,3.0,2.1,16.333333333333332,28.0,4.0
1.0,20.023902228303097,2.655696434338422,-0.7845087633290678,32.626,24.988,196791.3269937643,272665.30202129646,224368.8313744924,75873.97502753217,77947.66096424354,152363.74850118434,173819.19122667678,120476.82626948293,21455.44272549244,75003.69101900066,LC_dv28_Tlc4p0_TTC03_CP5_S6p233_E16p233.mp4,LC_dv28_Tlc4p0_TTC03,16.233,CP5,0.7916666666666666,12,3.0,1.8,14.0,28.0,4.0
0.07000000000000002,36.50951022726008,3.5009200170229478,0.0021434154479290225,32.626,24.991,21163.710231498408,41729.76948895765,28028.76535748919,20566.059257459245,74945.14608528659,15456.107440698703,21148.323739934218,5692.216299235514,20307.70961037363,74945.14608528659,LC_dv28_Tlc4p0_TTC04_CP1_S5p067_E15p067.mp4,LC_dv28_Tlc4p0_TTC04,15.067,CP1,0.0,24,4.0,4.0,31.11111111111111,28.0,4.0
1.0,34.20336913179472,3.304569871283305,-0.6545093568428672,32.626,24.976,245502.56412845597,272597.3244481505,189482.17878186578,27094.760319694553,74945.74790350621,77727.41248989373,98037.10849245651,21882.079195249327,20309.69600256277,74945.74790350621,LC_dv28_Tlc4p0_TTC04_CP2_S5p367_E15p367.mp4,LC_dv28_Tlc4p0_TTC04,15.367,CP2,0.2916666666666667,12,4.0,3.7,28.77777777777778,28.0,4.0
1.0,31.89926597999701,3.0725648792832168,-0.7548433097320174,32.626,24.988,241276.25952896813,275271.24361546774,200827.22316466083,33994.98408649959,74947.24430839917,91194.22600568255,111506.59217531997,33125.24539681587,20312.36616963742,74947.24430839917,LC_dv28_Tlc4p0_TTC04_CP3_S5p667_E15p667.mp4,LC_dv28_Tlc4p0_TTC04,15.667,CP3,0.4583333333333333,12,4.0,3.4,26.444444444444443,28.0,4.0
1.0,29.589033767605617,2.8378743276427656,-0.784502044017272,32.626,24.988,235402.36232306462,275791.67246037856,206098.24328816656,40389.310137313936,74949.63905997654,102175.08010554966,122491.27624161352,44121.84851633613,20316.196136063863,74949.63905997654,LC_dv28_Tlc4p0_TTC04_CP4_S5p967_E15p967.mp4,LC_dv28_Tlc4p0_TTC04,15.967,CP4,0.4583333333333333,12,4.0,3.1,24.11111111111111,28.0,4.0
1.0,27.282915311090612,2.596956319974953,-0.7997534772522973,32.623,24.988,227307.03651787102,276286.80402497906,213135.34347086394,48979.76750710804,74953.42550712451,115842.05518608076,136165.67545406168,61011.70875038326,20323.62026798092,74953.42550712451,LC_dv28_Tlc4p0_TTC04_CP5_S6p267_E16p267.mp4,LC_dv28_Tlc4p0_TTC04,16.267,CP5,0.625,12,4.0,2.8,21.77777777777777,28.0,4.0
0.07000000000000002,44.31651027692361,3.500362391999753,-0.0011766102729859867,32.626,24.991,19012.968866109997,39320.56886610999,21900.968294472408,20307.599999999995,74945.13525600007,9361.32195887498,12253.117486377892,2891.795527502913,20307.599999999995,74945.13525600007,LC_dv28_Tlc4p0_TTC05_CP1_S5p067_E15p067.mp4,LC_dv28_Tlc4p0_TTC05,15.067,CP1,0.0,12,5.0,5.0,38.888888888888886,28.0,4.0
1.0,42.012368808896085,3.300988952616237,-0.664513556337054,32.626,24.987,239828.86458566683,260136.4645940326,141040.4674067592,20307.600008365767,74945.13525600007,51968.74365115638,58375.573933495325,6406.830282338948,20307.600008365767,74945.13525600007,LC_dv28_Tlc4p0_TTC05_CP2_S5p367_E15p367.mp4,LC_dv28_Tlc4p0_TTC05,15.367,CP2,0.25,12,5.0,4.7,36.55555555555556,28.0,4.0
1.0,37.4020352703329,2.834268624666989,-0.7845226367325708,32.477,24.988,245427.36323662946,265771.7822731534,165154.564074146,20344.419036523952,74886.93420356653,66012.64221688721,77317.17407179694,11304.53185490973,20307.8757290387,74886.93420356653,LC_dv28_Tlc4p0_TTC05_CP4_S5p967_E15p967.mp4,LC_dv28_Tlc4p0_TTC05,15.967,CP4,0.375,12,5.0,4.1,31.88888888888889,28.0,4.0
0.07000000000000002,59.88251615242129,3.5012276782583562,0.0021476184997556015,32.626,24.991,20801.05391685213,25414.441240827928,4613.387323975797,20307.599999999995,74945.13525600007,0.0,1242.2255066923385,2256.513568224148,20307.599999999995,74945.13525600007,LC_dv28_Tlc4p0_TTC07_CP1_S5p067_E15p067.mp4,LC_dv28_Tlc4p0_TTC07,15.067,CP1,0.0416666666666666,12,7.0,7.0,54.44444444444444,28.0,4.0
1.0,55.27226922296708,3.0683930556318186,-0.7668193544040932,32.477,24.988,174319.5902768604,194627.1902768604,30129.36060105778,20307.599999999995,74886.93317400003,7197.025455930339,9646.545391439508,2449.5199355091677,20307.599999999995,74886.93317400003,LC_dv28_Tlc4p0_TTC07_CP3_S5p667_E15p667.mp4,LC_dv28_Tlc4p0_TTC07,15.667,CP3,0.0833333333333333,12,7.0,6.4,49.77777777777778,28.0,4.0
1.0,50.66692166505839,2.596772994860868,-0.7877769149505206,32.626,24.988,211523.3999147507,231830.99991475072,63888.799515064755,20307.599999999995,74945.13525600007,20829.537245365966,23741.860383631465,2912.323138265501,20307.599999999995,74945.13525600007,LC_dv28_Tlc4p0_TTC07_CP5_S6p267_E16p267.mp4,LC_dv28_Tlc4p0_TTC07,16.267,CP5,0.25,12,7.0,5.8,45.11111111111111,28.0,4.0
0.07000000000000002,25.255433383843336,3.5004881937029335,0.0006679122694919212,34.566,24.991,6658.95519737179,35694.66918753985,36234.294483611615,29035.713990168057,77988.50065069116,7069.639931262489,28059.86434743827,26843.692598851016,20990.22441617578,77400.46213238989,LC_dv35_Tlc2p0_TTC02_CP1_S5p033_E15p033.mp4,LC_dv35_Tlc2p0_TTC02,15.033,CP1,0.0,21,2.0,2.0,19.444444444444443,35.0,2.0
1.0,22.359475112104587,3.203773199084826,-0.9825619093822942,34.569,24.976,193408.46913481865,281922.35902339825,254397.97105987172,123574.04258141994,88513.88988857962,177050.2539638522,213403.4503805046,168190.2291684363,36353.19641665238,77484.79096325266,LC_dv35_Tlc2p0_TTC02_CP2_S5p333_E15p333.mp4,LC_dv35_Tlc2p0_TTC02,15.333,CP2,0.6363636363636364,11,2.0,1.7,16.527777777777775,35.0,2.0
1.0,19.458921645756593,2.7645074397268816,-1.4737666431556264,34.569,24.979,199466.65127839692,292567.34702980303,263017.9736803207,166835.0033324034,93100.6957514061,150348.2776780802,227909.20393576546,189260.9297311442,83062.12957735515,77560.92625768525,LC_dv35_Tlc2p0_TTC02_CP3_S5p633_E15p633.mp4,LC_dv35_Tlc2p0_TTC02,15.633,CP3,0.8,10,2.0,1.4,13.611111111111107,35.0,2.0
1.0,16.55776721271466,2.2872430849279874,-1.5858822221297988,34.569,24.982,204792.21282832997,303356.92959725024,272421.6772029318,212519.36872334627,98564.71676892028,165388.85933187619,243141.70816007972,211552.2190519898,146708.20204743434,77752.84882820354,LC_dv35_Tlc2p0_TTC02_CP4_S5p933_E15p933.mp4,LC_dv35_Tlc2p0_TTC02,15.933,CP4,0.8636363636363636,11,2.0,1.1,10.694444444444445,35.0,2.0
1.0,13.651214672248265,1.7978005930005325,-1.6368049298071088,34.569,24.985,192776.81240167987,303590.00791170046,285977.259749758,241517.96312150065,110813.1955100206,173536.05827786424,257985.26274359273,235472.83788407984,193926.97120225412,84449.20446572847,LC_dv35_Tlc2p0_TTC02_CP5_S6p233_E16p233.mp4,LC_dv35_Tlc2p0_TTC02,16.233,CP5,0.9,10,2.0,0.8,7.777777777777778,35.0,2.0
0.07000000000000002,34.389707068916906,3.498491348293826,0.0007336029168743709,34.419,24.991,19170.193533258516,44615.578621807246,36169.14132363896,25445.38508854873,77355.8822705422,10570.163120918587,29348.964317242535,18778.801196323948,20309.30645491421,77355.8822705422,LC_dv35_Tlc2p0_TTC03_CP1_S5p067_E15p067.mp4,LC_dv35_Tlc2p0_TTC03,15.067,CP1,0.0238095238095238,21,3.0,3.0,29.166666666666664,35.0,2.0
1.0,31.48610626101617,3.114781616743095,-1.2901450810544353,34.569,24.977,236977.89854457675,313503.8812844053,252871.59316597512,76525.98273982856,78373.92665880731,147549.72354845298,168340.96995859704,101416.97713052027,20791.246410144046,77412.66066638615,LC_dv35_Tlc2p0_TTC03_CP2_S5p367_E15p367.mp4,LC_dv35_Tlc2p0_TTC03,15.367,CP2,0.6363636363636364,11,3.0,2.7,26.25,35.0,2.0
1.0,28.580074052565344,2.6487151885168343,-1.5373712456124868,34.569,24.981,234770.548416618,315785.7366274317,260081.05123195198,90903.3628271908,81015.1882108137,163300.3221973534,184691.0755167851,124648.37096149221,21390.75331943168,77425.94628618823,LC_dv35_Tlc2p0_TTC03_CP3_S5p667_E15p667.mp4,LC_dv35_Tlc2p0_TTC03,15.667,CP3,0.3,10,3.0,2.4,23.33333333333333,35.0,2.0
1.0,25.67947143134411,2.173686271471704,-1.593481946922525,34.419,24.983,228612.06383811065,312072.88793825166,260270.4874045954,99186.78741208713,83460.824100141,171317.22827230731,194030.58787316942,139088.02385298794,22713.359600862103,77401.38096876582,LC_dv35_Tlc2p0_TTC03_CP4_S5p967_E15p967.mp4,LC_dv35_Tlc2p0_TTC03,15.967,CP4,0.6363636363636364,11,3.0,2.1,20.416666666666664,35.0,2.0
1.0,22.77132235958612,1.686236636955927,-1.615221608314487,34.569,24.986,226541.3293638929,315304.8792226852,270575.15580409113,125601.55306217694,88763.54985879228,178504.459630677,213714.8765898364,167879.3377658452,35210.41695915938,77486.24088900596,LC_dv35_Tlc2p0_TTC03_CP5_S6p267_E16p267.mp4,LC_dv35_Tlc2p0_TTC03,16.267,CP5,0.75,10,3.0,1.8,17.5,35.0,2.0
0.07000000000000002,45.23671001301592,3.4981298143869815,0.0007336029168743709,34.569,24.991,26134.698928872764,47065.34735888131,32411.321054361753,20930.648430008543,77396.41051453145,16713.354457605707,24471.428037505513,7758.073579899807,20307.72508230474,77396.41051453145,LC_dv35_Tlc2p0_TTC04_CP1_S5p067_E15p067.mp4,LC_dv35_Tlc2p0_TTC04,15.067,CP1,0.0,21,4.0,4.0,38.888888888888886,35.0,2.0
1.0,42.338115593166705,3.12345450097337,-1.2634865168904952,34.569,24.977,272004.3562042163,305730.1553956285,227347.13273016532,33725.799191412174,77397.34296154031,93435.77340411689,113745.69486634928,35108.610711012356,20309.92146223239,77397.34296154031,LC_dv35_Tlc2p0_TTC04_CP2_S5p367_E15p367.mp4,LC_dv35_Tlc2p0_TTC04,15.367,CP2,0.2272727272727272,11,4.0,3.7,35.97222222222222,35.0,2.0
1.0,39.436853047986354,2.65865429710776,-1.5352244919241365,34.569,24.98,264686.6335547273,309765.64021393325,237477.86131412018,45079.00665920596,77399.12107193063,109491.9457487358,129804.73923491905,51108.9832374135,20312.79348618325,77399.12107193063,LC_dv35_Tlc2p0_TTC04_CP3_S5p667_E15p667.mp4,LC_dv35_Tlc2p0_TTC04,15.667,CP3,0.2,10,4.0,3.4,33.05555555555555,35.0,2.0
1.0,36.53547840316218,2.1803666783523803,-1.596813032019082,34.569,24.983,255745.49306784797,311296.4305810926,243358.06013617074,55550.93751324462,77401.92085844015,122788.88154646088,143106.1576477293,67369.10509056135,20317.276101268424,77401.92085844015,LC_dv35_Tlc2p0_TTC04_CP4_S5p967_E15p967.mp4,LC_dv35_Tlc2p0_TTC04,15.967,CP4,0.5454545454545454,11,4.0,3.1,30.13888888888889,35.0,2.0
1.0,33.62817507940254,1.6836920232189283,-1.6459912809444848,34.569,24.986,245065.02422263115,314017.1993289559,250758.60137743416,68952.17510632475,77407.36048037617,138907.17018763584,159344.0093422438,88543.15164785074,20436.839154607966,77407.36048037617,LC_dv35_Tlc2p0_TTC04_CP5_S6p267_E16p267.mp4,LC_dv35_Tlc2p0_TTC04,16.267,CP5,0.2,10,4.0,2.8,27.22222222222221,35.0,2.0
0.07000000000000002,54.444442191460084,3.5012282788695543,0.0006588843785552668,34.569,24.991,22791.71485047023,43099.314850470226,26360.756989298618,20307.599999999995,77396.38304400006,10749.356694582832,13884.874797026654,3135.5181024438225,20307.599999999995,77396.38304400006,LC_dv35_Tlc2p0_TTC05_CP1_S5p033_E15p033.mp4,LC_dv35_Tlc2p0_TTC05,15.033,CP1,0.0454545454545454,11,5.0,5.0,48.61111111111111,35.0,2.0
1.0,51.54948339849096,3.203282589580061,-0.9792311453383735,34.569,24.976,268744.7857447701,289052.38649773906,180484.0911479567,20307.60075296898,77396.38304400006,59362.859999473774,68337.47001492656,8974.610015452778,20307.60075296898,77396.38304400006,LC_dv35_Tlc2p0_TTC05_CP2_S5p333_E15p333.mp4,LC_dv35_Tlc2p0_TTC05,15.333,CP2,0.3181818181818182,11,5.0,4.7,45.69444444444444,35.0,2.0
1.0,45.736768662305884,2.278774523886746,-1.5825414901204682,34.569,24.983,277109.2321301307,301099.0724080872,214041.17734545443,23989.840277956508,77396.52406775816,76625.17813887018,96933.51698668957,21847.867568601436,20308.338847819392,77396.52406775816,LC_dv35_Tlc2p0_TTC05_CP4_S5p933_E15p933.mp4,LC_dv35_Tlc2p0_TTC05,15.933,CP4,0.4545454545454545,11,5.0,4.1,39.86111111111111,35.0,2.0
0.07000000000000002,73.25771580685908,3.4965567007368348,0.0007428807708557491,34.569,24.991,20553.84910387867,26802.882252920022,6249.033149041353,20307.599999999995,77396.38304400006,0.0,810.2917485976907,2256.5442539899404,20307.599999999995,77396.38304400006,LC_dv35_Tlc2p0_TTC07_CP1_S5p067_E15p067.mp4,LC_dv35_Tlc2p0_TTC07,15.067,CP1,0.0,10,7.0,7.0,68.05555555555554,35.0,2.0
1.0,67.45308484771206,2.647403544486548,-1.534379569159344,34.569,24.98,201970.46663339468,222278.0666333947,57123.52520115346,20307.599999999995,77396.38304400006,8826.236553184168,11344.364763464197,2518.1282102800296,20307.599999999995,77396.38304400006,LC_dv35_Tlc2p0_TTC07_CP3_S5p667_E15p667.mp4,LC_dv35_Tlc2p0_TTC07,15.667,CP3,0.0,10,7.0,6.4,62.22222222222222,35.0,2.0
1.0,61.64532535299729,1.6749110791642785,-1.6421700435243194,34.419,24.986,230037.85237783598,250345.452377836,88760.94144078714,20307.599999999995,77354.99024400006,21284.722247001202,24192.20332568868,2907.4810786874777,20307.599999999995,77354.99024400006,LC_dv35_Tlc2p0_TTC07_CP5_S6p267_E16p267.mp4,LC_dv35_Tlc2p0_TTC07,16.267,CP5,0.0,10,7.0,5.8,56.388888888888886,35.0,2.0
0.07000000000000002,24.6807032586968,3.4989848036470423,0.0007428807708513083,34.569,24.991,5933.02518915146,35276.55459542852,36294.52885694491,29343.52940627706,78056.65826363192,7372.007984423672,28596.416096933943,27495.026062565088,21224.40811251027,77401.78516761138,LC_dv35_Tlc3p0_TTC02_CP1_S5p067_E15p067.mp4,LC_dv35_Tlc3p0_TTC02,15.067,CP1,0.0,24,2.0,2.0,19.444444444444443,35.0,3.0
1.0,21.795191437001314,3.241298385595614,-0.8668460332194403,34.569,24.971,180720.76887850807,269578.1714500461,246218.40249781485,126565.91796152345,88857.40257153807,175024.69171157095,215836.81848703034,172012.37526834727,40812.1267754594,77490.2129522866,LC_dv35_Tlc3p0_TTC02_CP2_S5p367_E15p367.mp4,LC_dv35_Tlc3p0_TTC02,15.367,CP2,0.7083333333333334,12,2.0,1.7,16.527777777777775,35.0,3.0
1.0,18.8972945495444,2.935265525938149,-0.9954762542117314,34.569,24.985,173817.49573929218,267004.20828280476,245491.79015465593,173816.22074498993,93186.71254351256,152634.07313609793,230208.72184906056,195198.46023709513,99516.74864467164,77574.64871296265,LC_dv35_Tlc3p0_TTC02_CP3_S5p667_E15p667.mp4,LC_dv35_Tlc3p0_TTC02,15.667,CP3,0.7083333333333334,12,2.0,1.4,13.611111111111107,35.0,3.0
1.0,16.010771822176142,2.621200232376551,-1.0535104088534275,34.566,24.986,176625.3850689893,273330.1535153011,245421.440582496,204787.893695825,96704.76844631182,168147.7573517317,245938.46722517197,212538.33677968313,154630.61835629327,77790.70987344028,LC_dv35_Tlc3p0_TTC02_CP4_S5p967_E15p967.mp4,LC_dv35_Tlc3p0_TTC02,15.967,CP4,0.9166666666666666,12,2.0,1.1,10.694444444444445,35.0,3.0
1.0,13.11879803650794,2.2997667441100256,-1.0643492642165358,34.566,24.987,156663.03316965813,274045.2659557429,254483.44826334622,225712.54589577386,117382.23278608479,162126.27176176256,257766.18509683805,236351.4716313106,200251.30944782338,95639.91333507549,LC_dv35_Tlc3p0_TTC02_CP5_S6p267_E16p267.mp4,LC_dv35_Tlc3p0_TTC02,16.267,CP5,0.8333333333333334,12,2.0,0.8,7.777777777777778,35.0,3.0
0.07000000000000002,35.03443588675865,3.5007072280612994,0.0006679122694932547,34.569,24.991,19372.17181531214,44885.390021391664,36409.694356232925,25513.218206079524,77397.24044795905,10598.708332507853,29383.68902404917,18784.980691541317,20309.253241415732,77397.24044795905,LC_dv35_Tlc3p0_TTC03_CP1_S5p033_E15p033.mp4,LC_dv35_Tlc3p0_TTC03,15.033,CP1,0.0,24,3.0,3.0,29.166666666666664,35.0,3.0
1.0,32.15055303613526,3.2992149779387856,-0.6625885410119413,34.569,24.984,240702.2939785637,313498.91946884186,251036.42062936226,72796.62549027815,77521.4338360257,143771.44285886548,164335.82466906463,95827.04676229044,20564.38181019915,77410.34256302941,LC_dv35_Tlc3p0_TTC03_CP2_S5p333_E15p333.mp4,LC_dv35_Tlc3p0_TTC03,15.333,CP2,0.1666666666666666,12,3.0,2.7,26.25,35.0,3.0
1.0,29.259088664830898,3.0017100965223658,-1.0023176108170189,34.569,24.985,233493.80966125464,313480.3762050289,256679.11352338776,84962.12680321047,79986.56654377427,157243.13911947346,178370.90192516515,115801.64017758406,21127.76280569168,77420.8549639759,LC_dv35_Tlc3p0_TTC03_CP3_S5p633_E15p633.mp4,LC_dv35_Tlc3p0_TTC03,15.633,CP3,0.375,12,3.0,2.4,23.33333333333333,35.0,3.0
1.0,26.36707634958238,2.684685228345018,-1.049238829460411,34.569,24.986,231267.37650984724,314629.1556965067,262859.15833635576,99360.4647347254,83361.7791866595,170986.6866186769,193557.04554120792,138288.52219603048,22570.358922531017,77439.53818216297,LC_dv35_Tlc3p0_TTC03_CP4_S5p933_E15p933.mp4,LC_dv35_Tlc3p0_TTC03,15.933,CP4,0.5416666666666666,12,3.0,2.1,20.416666666666664,35.0,3.0
1.0,23.47460071309821,2.3661729354824645,-1.0701667123768808,34.419,24.987,225354.2691596782,311431.09523391654,264174.68138818286,110324.56986826324,86076.82607423833,177555.43357477858,204293.30579672463,155267.35177164047,26737.872221946047,77425.53019879792,LC_dv35_Tlc3p0_TTC03_CP5_S6p233_E16p233.mp4,LC_dv35_Tlc3p0_TTC03,16.233,CP5,0.6666666666666666,12,3.0,1.8,17.5,35.0,3.0
0.07000000000000002,44.09070828413575,3.4980295886748713,0.0007428807708587098,34.569,24.991,25361.327230706585,46763.035906906865,33018.20747147838,21401.70867620028,77396.44054810218,16136.183265184214,24964.37485366013,8828.191588475916,20307.788428482178,77396.44054810218,LC_dv35_Tlc3p0_TTC04_CP1_S5p067_E15p067.mp4,LC_dv35_Tlc3p0_TTC04,15.067,CP1,0.0208333333333333,24,4.0,4.0,38.888888888888886,35.0,3.0
1.0,41.19419415131809,3.242241851482871,-0.8668281949294796,34.569,24.984,269114.37419526535,306248.6178042745,230378.0979372705,37134.24360900911,77397.79392071834,98247.95268430017,118558.63294793965,39581.80684685923,20310.68026363949,77397.79392071834,LC_dv35_Tlc3p0_TTC04_CP2_S5p367_E15p367.mp4,LC_dv35_Tlc3p0_TTC04,15.367,CP2,0.2083333333333333,12,4.0,3.7,35.97222222222222,35.0,3.0
1.0,38.30229685595282,2.929118734102029,-1.0254288054246428,34.569,24.985,261752.26034838433,310601.8566749587,239953.6310122697,48849.596326574385,77400.004492221,114403.83658355472,134718.0222021055,56942.01474171593,20314.18561855078,77400.004492221,LC_dv35_Tlc3p0_TTC04_CP3_S5p667_E15p667.mp4,LC_dv35_Tlc3p0_TTC04,15.667,CP3,0.3333333333333333,12,4.0,3.4,33.05555555555555,35.0,3.0
1.0,35.404774980572,2.622142935666282,-1.036825910151729,34.569,24.986,252485.1969670272,311808.76468554843,245008.94264575018,59323.56771852121,77403.37674240171,127738.87398949105,148058.670985246,73495.56529354,20319.79699575493,77403.37674240171,LC_dv35_Tlc3p0_TTC04_CP4_S5p967_E15p967.mp4,LC_dv35_Tlc3p0_TTC04,15.967,CP4,0.3333333333333333,12,4.0,3.1,30.13888888888889,35.0,3.0
1.0,32.50779916241754,2.2946523954462434,-1.0763168876017728,34.569,24.987,241489.80233151233,314330.79109897494,251750.70041199125,72840.98876746261,77489.3834142658,143430.13738626984,163977.28188999795,95275.71641862248,20547.144503728112,77409.88265863253,LC_dv35_Tlc3p0_TTC04_CP5_S6p267_E16p267.mp4,LC_dv35_Tlc3p0_TTC04,16.267,CP5,0.4166666666666667,12,4.0,2.8,27.22222222222221,35.0,3.0
0.07000000000000002,53.84071208181821,3.4974973227653057,0.0007336029168743709,34.569,24.991,23326.667458167485,43634.26745816748,27181.298178752233,20307.599999999995,77396.38304400006,11552.928232452408,14894.794608986027,3341.866376533618,20307.599999999995,77396.38304400006,LC_dv35_Tlc3p0_TTC05_CP1_S5p067_E15p067.mp4,LC_dv35_Tlc3p0_TTC05,15.067,CP1,0.0416666666666666,12,5.0,5.0,48.61111111111111,35.0,3.0
1.0,48.04829816342075,2.928534718765898,-1.0074546330877259,34.569,24.985,277176.04597683717,297601.4477307706,202801.98280042855,20425.401753933453,77396.38692972754,70746.82535474871,86366.69614529697,15619.870790548264,20307.835930220015,77396.38692972754,LC_dv35_Tlc3p0_TTC05_CP3_S5p667_E15p667.mp4,LC_dv35_Tlc3p0_TTC05,15.667,CP3,0.2083333333333333,12,5.0,4.4,42.77777777777778,35.0,3.0
1.0,42.25880258668306,2.2940318087926026,-1.0643509492680938,34.569,24.987,271966.88085937453,306434.58187778824,228645.15001602736,34467.70101841373,77397.42324006112,94679.52004782739,114989.57674806722,36102.910859409225,20310.05670023983,77397.42324006112,LC_dv35_Tlc3p0_TTC05_CP5_S6p267_E16p267.mp4,LC_dv35_Tlc3p0_TTC05,16.267,CP5,0.2916666666666667,12,5.0,3.8,36.94444444444444,35.0,3.0
0.07000000000000002,63.506712010881145,3.497093302588029,0.000749582629725093,34.569,24.991,22384.018295110578,36321.79120645184,13937.77291134126,20307.599999999995,77396.38304400006,2662.8458422319236,5142.630284081767,2479.7844418498435,20307.599999999995,77396.38304400006,LC_dv35_Tlc3p0_TTC06_CP1_S5p067_E15p067.mp4,LC_dv35_Tlc3p0_TTC06,15.067,CP1,0.0416666666666666,12,6.0,6.0,58.33333333333333,35.0,3.0
1.0,60.61619639324476,3.237130645429253,-0.8868379156738468,34.569,24.984,238514.34840375674,258821.94840375675,102280.45827030926,20307.599999999995,77396.38304400006,25806.572401200494,29036.65266455274,3230.080263352247,20307.599999999995,77396.38304400006,LC_dv35_Tlc3p0_TTC06_CP2_S5p367_E15p367.mp4,LC_dv35_Tlc3p0_TTC06,15.367,CP2,0.0,12,6.0,5.7,55.41666666666666,35.0,3.0
1.0,54.831778328361175,2.619030612547863,-1.050168964402036,34.569,24.986,260167.90404458807,280475.5040445881,156757.856686146,20307.599999999995,77396.38304400006,47185.288728222855,52841.007532259435,5655.718804036578,20307.599999999995,77396.38304400006,LC_dv35_Tlc3p0_TTC06_CP4_S5p967_E15p967.mp4,LC_dv35_Tlc3p0_TTC06,15.967,CP4,0.0833333333333333,12,6.0,5.1,49.58333333333333,35.0,3.0
0.07000000000000002,24.620702238296985,3.4990383383320585,0.0007502966228726612,34.569,24.991,5851.120559582363,35197.72849120404,36280.31003008921,29346.60793162168,78063.12667277179,7380.042889394885,28604.752950978218,27524.85178158152,21224.710061583333,77401.82806307024,LC_dv35_Tlc4p0_TTC02_CP1_S5p067_E15p067.mp4,LC_dv35_Tlc4p0_TTC02,15.067,CP1,0.02,25,2.0,2.0,19.444444444444443,35.0,4.0
1.0,21.73223063854982,3.301349341235686,-0.6668430857972587,34.569,24.987,171785.26984979628,260373.57066043117,239070.6880731799,125055.79652440577,88588.30081063489,174623.67277301592,215595.97881732782,172049.04410277837,40972.306044311896,77488.086491617,LC_dv35_Tlc4p0_TTC02_CP2_S5p367_E15p367.mp4,LC_dv35_Tlc4p0_TTC02,15.367,CP2,0.4615384615384615,13,2.0,1.7,16.527777777777775,35.0,4.0
1.0,18.844399518208554,3.0682991702473563,-0.7679531971526237,34.569,24.988,160431.8566477368,252274.3271463645,230219.64726500734,167455.88238934698,91842.4704986277,152130.7913584627,229696.68457364768,194864.11908875674,99561.01080195744,77565.89321518496,LC_dv35_Tlc4p0_TTC02_CP3_S5p667_E15p667.mp4,LC_dv35_Tlc4p0_TTC02,15.667,CP3,0.8333333333333334,12,2.0,1.4,13.611111111111107,35.0,4.0
1.0,15.95091416826369,2.835252051702499,-0.7835016190590708,34.569,24.988,163430.07063996323,256592.26605205663,227209.01630008197,189970.63370791764,93162.1954120934,167811.92582778394,245579.05816808826,212165.3553696444,155184.95307722845,77767.13234030432,LC_dv35_Tlc4p0_TTC02_CP4_S5p967_E15p967.mp4,LC_dv35_Tlc4p0_TTC02,15.967,CP4,0.8076923076923077,13,2.0,1.1,10.694444444444445,35.0,4.0
1.0,13.057026527802305,2.59381943324262,-0.7978831969304817,34.569,24.988,150463.3489714621,260929.53860817282,240476.08798372705,209920.90342096778,110466.18963671073,159984.98468123883,256940.77872254315,235718.24096570667,201118.95817006516,96955.79404130433,LC_dv35_Tlc4p0_TTC02_CP5_S6p267_E16p267.mp4,LC_dv35_Tlc4p0_TTC02,16.267,CP5,0.9583333333333334,12,2.0,0.8,7.777777777777778,35.0,4.0
0.07000000000000002,34.364707076344764,3.4985106198240414,0.0007310333795122267,34.569,24.991,18447.92229178893,44323.37941963729,37030.881357621976,25875.45712784836,77397.37905613333,9577.922902549297,29534.078472993846,19956.15557044455,20309.522735666516,77397.37905613333,LC_dv35_Tlc4p0_TTC03_CP1_S5p067_E15p067.mp4,LC_dv35_Tlc4p0_TTC03,15.067,CP1,0.0,25,3.0,3.0,29.166666666666664,35.0,4.0
1.0,31.47723335757527,3.3017774232604107,-0.6668447081176672,34.569,24.987,237483.78713800694,313046.7131490708,252148.7963527692,75562.92601106384,78165.8825777158,146737.0444888849,167428.98457168537,100335.07771226233,20691.940082800487,77412.30387121007,LC_dv35_Tlc4p0_TTC03_CP2_S5p367_E15p367.mp4,LC_dv35_Tlc4p0_TTC03,15.367,CP2,0.3846153846153846,13,3.0,2.7,26.25,35.0,4.0
1.0,28.58940201367907,3.067696448516775,-0.7679531971526237,34.569,24.988,234049.68662651253,314813.5657607871,258761.5920908902,89557.1754423914,80763.87913427458,162118.88781621482,183424.44596737472,122817.51016653657,21305.558151159898,77425.21714074112,LC_dv35_Tlc4p0_TTC03_CP3_S5p667_E15p667.mp4,LC_dv35_Tlc4p0_TTC03,15.667,CP3,0.5,12,3.0,2.4,23.33333333333333,35.0,4.0
1.0,25.69992231125824,2.8426743034143973,-0.7601741506571591,34.419,24.988,227919.5258297632,311157.6200412479,259352.41018440344,97823.89421909039,83238.09421148473,170246.47300707057,192823.98974663275,137638.89548852842,22577.516739562194,77400.26422950829,LC_dv35_Tlc4p0_TTC03_CP4_S5p967_E15p967.mp4,LC_dv35_Tlc4p0_TTC03,15.967,CP4,0.6538461538461539,13,3.0,2.1,20.416666666666664,35.0,4.0
1.0,22.80603535933838,2.6002098354952485,-0.7978916219259614,34.569,24.988,224855.61844965184,313268.4917328213,269090.66433520976,123378.19021470952,88412.87328316944,178200.26834258516,212276.11306024954,165876.27599160126,34075.84471766438,77483.88100159196,LC_dv35_Tlc4p0_TTC03_CP5_S6p267_E16p267.mp4,LC_dv35_Tlc4p0_TTC03,16.267,CP5,0.7916666666666666,12,3.0,1.8,17.5,35.0,4.0
0.07000000000000002,45.23570871475829,3.4981473773329648,0.0007428807708587098,34.569,24.991,26133.916313845904,47065.03536984403,32411.021842663766,20931.119055998126,77396.41053477979,16713.55284792403,24471.747596423444,7758.194748499413,20307.72512641028,77396.41053477979,LC_dv35_Tlc4p0_TTC04_CP1_S5p067_E15p067.mp4,LC_dv35_Tlc4p0_TTC04,15.067,CP1,0.0,25,4.0,4.0,38.888888888888886,35.0,4.0
1.0,42.3422349957884,3.3024682529034157,-0.6668349788803906,34.569,24.987,271796.1252645247,304909.48640942253,226075.069155212,33113.36114489785,77397.27798908921,92261.73857601036,112571.55269373236,34049.489990976566,20309.814117721995,77397.27798908921,LC_dv35_Tlc4p0_TTC04_CP2_S5p367_E15p367.mp4,LC_dv35_Tlc4p0_TTC04,15.367,CP2,0.1538461538461538,13,4.0,3.7,35.97222222222222,35.0,4.0
1.0,39.44913799657463,3.0706553579346045,-0.765784596861628,34.569,24.988,264688.28945104446,308899.0080073184,236848.20960203052,44210.718556273954,77398.98639469518,108375.22184390717,128687.80603035615,49937.309425448664,20312.584186448985,77398.98639469518,LC_dv35_Tlc4p0_TTC04_CP3_S5p667_E15p667.mp4,LC_dv35_Tlc4p0_TTC04,15.667,CP3,0.0833333333333333,12,4.0,3.4,33.05555555555555,35.0,4.0
1.0,36.55992051740916,2.836352721493617,-0.7835074786877924,34.569,24.988,256103.0248421224,310498.89639191923,242520.26941798598,54395.87154979684,77401.67097121484,121480.01506977901,141796.86083366792,65663.06418526176,20316.845763888916,77401.67097121484,LC_dv35_Tlc4p0_TTC04_CP4_S5p967_E15p967.mp4,LC_dv35_Tlc4p0_TTC04,15.967,CP4,0.4230769230769231,13,4.0,3.1,30.13888888888889,35.0,4.0
1.0,33.66580927587281,2.598666157965937,-0.7867391031848059,34.569,24.988,245885.92624382832,313475.264172599,249320.62358525387,67589.33792877069,77406.9441886781,137644.77895185188,158078.80572135386,86714.8273786146,20434.026769501976,77406.9441886781,LC_dv35_Tlc4p0_TTC04_CP5_S6p267_E16p267.mp4,LC_dv35_Tlc4p0_TTC04,16.267,CP5,0.5,12,4.0,2.8,27.22222222222221,35.0,4.0
0.07000000000000002,63.51271226838485,3.4970839728772556,0.0007477293119369677,34.569,24.991,22385.592118580047,36316.80844154111,13931.216322961058,20307.599999999995,77396.38304400006,2661.839761889112,5141.622846096683,2479.783084207571,20307.599999999995,77396.38304400006,LC_dv35_Tlc4p0_TTC06_CP1_S5p067_E15p067.mp4,LC_dv35_Tlc4p0_TTC06,15.067,CP1,0.0416666666666666,12,6.0,6.0,58.33333333333333,35.0,4.0
1.0,57.72943167837867,3.0959858028437837,-0.7619550641405468,34.569,24.987,250754.10886161154,271061.70886161155,133724.44062521897,20307.599999999995,77396.38304400006,36847.81286429204,40975.31098631983,4127.49812202779,20307.599999999995,77396.38304400006,LC_dv35_Tlc4p0_TTC06_CP3_S5p667_E15p667.mp4,LC_dv35_Tlc4p0_TTC06,15.667,CP3,0.0416666666666666,12,6.0,5.4,52.5,35.0,4.0
1.0,51.947059151078584,2.6204945247691454,-0.8068652301279651,34.569,24.988,268304.4807992542,288612.0812146407,179299.04132150806,20307.600415386474,77396.38304400006,58451.920338535485,67125.80022021686,8673.87988168137,20307.600415386474,77396.38304400006,LC_dv35_Tlc4p0_TTC06_CP5_S6p267_E16p267.mp4,LC_dv35_Tlc4p0_TTC06,16.267,CP5,0.2083333333333333,12,6.0,4.8,46.66666666666666,35.0,4.0
0.07000000000000002,74.40471494012182,3.496700541826563,0.0007521496935266215,34.569,24.991,20083.884449581667,25731.598948005038,5647.714498423372,20307.599999999995,77396.38304400006,0.0,601.0942001316878,2256.5184535323433,20307.599999999995,77396.38304400006,LC_dv35_Tlc4p0_TTC07_CP1_S5p067_E15p067.mp4,LC_dv35_Tlc4p0_TTC07,15.067,CP1,0.0,13,7.0,7.0,68.05555555555554,35.0,4.0
1.0,71.51024521984795,3.307813265166975,-0.6534994023932686,34.569,24.976,173051.6215799744,193359.2215799744,34618.34587893825,20307.599999999995,77396.38304400006,2480.1819300689563,4754.042803575236,2273.8608735062794,20307.599999999995,77396.38304400006,LC_dv35_Tlc4p0_TTC07_CP2_S5p367_E15p367.mp4,LC_dv35_Tlc4p0_TTC07,15.367,CP2,0.0,13,7.0,6.7,65.13888888888889,35.0,4.0
1.0,65.73393276437452,2.844684223019261,-0.786843058526239,34.569,24.988,208431.12901359555,228738.72901359556,63148.34460724971,20307.599999999995,77396.38304400006,10877.110522613708,13493.261316178505,2616.150793564798,20307.599999999995,77396.38304400006,LC_dv35_Tlc4p0_TTC07_CP4_S5p967_E15p967.mp4,LC_dv35_Tlc4p0_TTC07,15.967,CP4,0.1923076923076923,13,7.0,6.1,59.30555555555555,35.0,4.0
0.07000000000000002,30.2373048912209,3.502156751967218,0.0015973311959253673,36.512,24.991,7310.440233423295,41468.55502073494,40229.999338019625,34158.11478731164,82414.4417069244,9001.69931086916,32190.442449294536,29566.57315247454,23188.743138425376,81235.40565722746,LC_dv42_Tlc2p0_TTC02_CP1_S5p033_E15p033.mp4,LC_dv42_Tlc2p0_TTC02,15.033,CP1,0.0769230769230769,26,2.0,2.0,23.33333333333333,42.0,2.0
1.0,26.753350375203418,3.213492446171618,-0.9548646931184771,36.512,24.977,226050.15817254706,326588.3315111578,296392.9042379733,180296.09576613476,100538.17333861074,171971.97747618947,242349.4374415377,197547.56473317088,70377.45996534824,81317.26661690467,LC_dv42_Tlc2p0_TTC02_CP2_S5p333_E15p333.mp4,LC_dv42_Tlc2p0_TTC02,15.333,CP2,0.6923076923076923,13,2.0,1.7,19.83333333333333,42.0,2.0
1.0,23.275042088946137,2.7548010377860583,-1.5259548842438524,36.512,24.98,235310.42108518654,342515.6170428722,307360.506673399,223421.78711374188,107205.19595768563,178933.92473911363,260328.93210429544,220974.6024411791,129381.07597892827,81395.00736518181,LC_dv42_Tlc2p0_TTC02_CP3_S5p633_E15p633.mp4,LC_dv42_Tlc2p0_TTC02,15.633,CP3,0.6923076923076923,13,2.0,1.4,16.333333333333332,42.0,2.0
1.0,19.79666990871455,2.280550487359427,-1.5815372915790833,36.509,24.983,230738.16406944313,345581.58027239575,320533.6303232587,256091.0496715338,114843.41620295263,194531.05013548466,276161.8426308828,246167.46809401477,181528.30697848334,81630.79249539816,LC_dv42_Tlc2p0_TTC02_CP4_S5p933_E15p933.mp4,LC_dv42_Tlc2p0_TTC02,15.933,CP4,0.8846153846153846,13,2.0,1.1,12.833333333333334,42.0,2.0
1.0,16.3113095387381,1.7891009282515449,-1.6381915514234853,36.509,24.985,201853.71875906878,356717.9213514957,323917.8570386711,287005.532918994,154864.20259242694,181585.83827589575,295847.1955301955,266312.69992792007,229526.61602652053,114261.35725429976,LC_dv42_Tlc2p0_TTC02_CP5_S6p233_E16p233.mp4,LC_dv42_Tlc2p0_TTC02,16.233,CP5,0.9230769230769232,13,2.0,0.8,9.333333333333334,42.0,2.0
0.07000000000000002,39.954563870890226,3.499852980762679,0.0017666722759394399,36.512,24.991,18650.80280407555,48396.10553309756,42845.36984915104,29745.30272902201,81392.85877753781,12005.55066626333,32533.357750502422,25940.19185533606,20527.80708423909,81231.6601896696,LC_dv42_Tlc2p0_TTC03_CP1_S5p067_E15p067.mp4,LC_dv42_Tlc2p0_TTC03,15.067,CP1,0.0384615384615384,26,3.0,3.0,35.0,42.0,2.0
1.0,36.47328121817068,3.113390142631656,-1.2882005995329862,36.512,24.977,265502.306403852,351858.227406599,292515.6338322888,111235.08335991102,86355.92100274698,174693.97614674785,196569.10967729267,133551.20042754058,21875.133530544805,81250.39566086959,LC_dv42_Tlc2p0_TTC03_CP2_S5p367_E15p367.mp4,LC_dv42_Tlc2p0_TTC03,15.367,CP2,0.5384615384615384,13,3.0,2.7,31.5,42.0,2.0
1.0,32.987967530239615,2.6516353866725435,-1.5303591342782759,36.512,24.98,264070.162377728,355359.67464212136,300078.59575322265,131846.06660747467,91289.51226439339,189090.70042314386,215232.757549085,158598.83647772408,26142.057125941148,81265.71447894562,LC_dv42_Tlc2p0_TTC03_CP3_S5p667_E15p667.mp4,LC_dv42_Tlc2p0_TTC03,15.667,CP3,0.2692307692307692,13,3.0,2.4,28.0,42.0,2.0
1.0,29.49859711594893,2.179490351190016,-1.574852375034333,36.512,24.983,258803.69449723687,355155.09868916654,305933.68998155696,153559.21488258685,96351.40419192969,190929.26992718686,230531.1414336884,180251.8660823761,39601.871506501535,81289.74700635865,LC_dv42_Tlc2p0_TTC03_CP4_S5p967_E15p967.mp4,LC_dv42_Tlc2p0_TTC03,15.967,CP4,0.6153846153846154,13,3.0,2.1,24.5,42.0,2.0
1.0,26.00925109360129,1.684795996552879,-1.6441233151220829,36.512,24.986,255095.9171494706,358096.56493362645,313593.625163274,196037.99074990427,103000.64778415585,167755.5439058925,249091.7630282509,205228.45823593833,86352.44326904751,81336.2191223584,LC_dv42_Tlc2p0_TTC03_CP5_S6p267_E16p267.mp4,LC_dv42_Tlc2p0_TTC03,16.267,CP5,0.5,13,3.0,1.8,21.0,42.0,2.0
0.07000000000000002,51.56256545468316,3.4994017676614857,-0.0015607810391789637,36.512,24.991,29046.684139323435,52345.405056665826,38556.618738205296,23298.72091734239,81230.51230681989,16147.85790674519,29018.662045259687,12870.804138514497,20307.912868787233,81230.51230681989,LC_dv42_Tlc2p0_TTC04_CP1_S5p067_E15p067.mp4,LC_dv42_Tlc2p0_TTC04,15.067,CP1,0.0192307692307692,26,4.0,4.0,46.66666666666666,42.0,2.0
1.0,48.08127812865839,3.1049210158387783,-1.314867259102225,36.512,24.978,285207.6496620735,340761.45448102505,267597.4928241142,55553.804818951525,81232.65318939794,119959.11513261267,140271.74702559426,62353.73689507329,20312.631892981582,81232.65318939794,LC_dv42_Tlc2p0_TTC04_CP2_S5p367_E15p367.mp4,LC_dv42_Tlc2p0_TTC04,15.367,CP2,0.3461538461538461,13,4.0,3.7,43.16666666666666,42.0,2.0
1.0,44.591964302533455,2.644078032430556,-1.5273597935677925,36.512,24.98,273731.3100984185,346827.0924055084,276979.0324689632,73095.7823070899,81235.46545117408,138359.76320979054,158776.6804203445,84368.98417483683,20416.917210553947,81235.46545117408,LC_dv42_Tlc2p0_TTC04_CP3_S5p667_E15p667.mp4,LC_dv42_Tlc2p0_TTC04,15.667,CP3,0.2692307692307692,13,4.0,3.4,39.66666666666666,42.0,2.0
1.0,41.106596210689844,2.173012188483595,-1.5715249024971656,36.512,24.983,266584.26404071104,348299.14276650845,283504.5570601394,88616.22701700567,81714.87872579742,153330.69501059284,174190.34676208737,104225.24230160241,20859.65175149453,81239.74583404823,LC_dv42_Tlc2p0_TTC04_CP4_S5p967_E15p967.mp4,LC_dv42_Tlc2p0_TTC04,15.967,CP4,0.4615384615384615,13,4.0,3.1,36.16666666666666,42.0,2.0
1.0,37.618249405780965,1.6782242533283085,-1.6411315146521952,36.512,24.986,267816.7328616751,352984.4439277757,291468.352395637,107491.55458308,85167.7110661006,171249.5720151806,192769.6864994142,128018.82442823594,21520.11448423361,81247.55116522293,LC_dv42_Tlc2p0_TTC04_CP5_S6p267_E16p267.mp4,LC_dv42_Tlc2p0_TTC04,16.267,CP5,0.3076923076923077,13,4.0,2.8,32.666666666666664,42.0,2.0
0.07000000000000002,62.46757071705102,3.4994083371665794,-0.0015749775326441987,36.509,24.991,27717.033769588023,48024.63424388877,32416.91935806404,20307.60047430075,81230.40000000007,13600.244331212545,17896.476441682327,4296.232110469782,20307.60047430075,81230.40000000007,LC_dv42_Tlc2p0_TTC05_CP1_S5p067_E15p067.mp4,LC_dv42_Tlc2p0_TTC05,15.067,CP1,0.0,13,5.0,5.0,58.33333333333333,42.0,2.0
1.0,55.511978441367866,2.656982033268367,-1.5124026135756343,36.512,24.98,303617.2262957027,330752.53126354096,244933.5241001047,27135.304967838274,81230.54237947713,85660.99893690016,105969.264116043,28988.533595034845,20308.26517914285,81230.54237947713,LC_dv42_Tlc2p0_TTC05_CP3_S5p667_E15p667.mp4,LC_dv42_Tlc2p0_TTC05,15.667,CP3,0.0769230769230769,13,5.0,4.4,51.333333333333336,42.0,2.0
1.0,48.54725989937636,1.687128110844992,-1.6501249145517238,36.512,24.986,286404.29934557853,341615.5253030605,268236.9066115351,55211.225957481925,81232.5396375182,119375.62643635887,139688.06376831763,61911.5611082373,20312.43733195877,81232.5396375182,LC_dv42_Tlc2p0_TTC05_CP5_S6p267_E16p267.mp4,LC_dv42_Tlc2p0_TTC05,16.267,CP5,0.2692307692307692,13,5.0,3.8,44.33333333333333,42.0,2.0
0.07000000000000002,74.93057163831838,3.4993619353869594,-0.0015607810391863653,36.512,24.991,20860.01163012685,39186.64193258684,18326.63030245999,20307.599999999995,81230.40000000007,3097.986887965633,5546.488910485567,2448.5020225199346,20307.599999999995,81230.40000000007,LC_dv42_Tlc2p0_TTC06_CP1_S5p067_E15p067.mp4,LC_dv42_Tlc2p0_TTC06,15.067,CP1,0.0769230769230769,13,6.0,6.0,70.0,42.0,2.0
1.0,71.45329045413159,3.111845156416233,-1.291539801923478,36.36,24.977,257440.36172633208,277747.9617263321,130865.78341777332,20307.599999999995,81230.40000000007,26342.720423876362,29618.55361118268,3275.8331873063185,20307.599999999995,81230.40000000007,LC_dv42_Tlc2p0_TTC06_CP2_S5p367_E15p367.mp4,LC_dv42_Tlc2p0_TTC06,15.367,CP2,0.1923076923076923,13,6.0,5.7,66.5,42.0,2.0
1.0,64.47960094131581,2.1719823776141434,-1.5948523697170864,36.512,24.983,287915.1856328187,308222.7863017254,196314.68275492938,20307.60066890667,81230.40000000007,54967.65294429604,62581.27432664127,7613.621382345233,20307.60066890667,81230.40000000007,LC_dv42_Tlc2p0_TTC06_CP4_S5p967_E15p967.mp4,LC_dv42_Tlc2p0_TTC06,15.967,CP4,0.3461538461538461,13,6.0,5.1,59.49999999999999,42.0,2.0
0.07000000000000002,28.30555924153727,3.4993606592957858,-0.0015583503893227602,36.512,24.991,679.6168237241218,36805.41681998697,38584.47230018514,36125.799996262846,82643.673617464,4510.74157132626,30440.260514657955,30062.355055246753,25929.518943331695,81236.77593519501,LC_dv42_Tlc3p0_TTC02_CP1_S5p067_E15p067.mp4,LC_dv42_Tlc3p0_TTC02,15.067,CP1,0.0,24,2.0,2.0,23.33333333333333,42.0,3.0
1.0,24.837371485596396,3.239871399682729,-0.8648951467237589,36.512,24.984,197249.62516263104,299871.27447276603,276523.148107215,197398.83166309737,102621.64931013499,169808.53344640206,251153.73738306534,209199.28783292984,101300.58337691294,81345.20393666327,LC_dv42_Tlc3p0_TTC02_CP2_S5p367_E15p367.mp4,LC_dv42_Tlc3p0_TTC02,15.367,CP2,0.4583333333333333,12,2.0,1.7,19.83333333333333,42.0,3.0
1.0,21.361171604483307,2.9322231640540837,-1.021399351344561,36.512,24.985,193533.5407267582,301886.9270014203,277918.12997450284,228032.6935045829,108353.38627466212,186410.757134663,267887.71845856035,234405.01782846125,160060.8544871671,81476.96132389737,LC_dv42_Tlc3p0_TTC02_CP3_S5p667_E15p667.mp4,LC_dv42_Tlc3p0_TTC02,15.667,CP3,0.7916666666666666,12,2.0,1.4,16.333333333333332,42.0,3.0
1.0,17.89191786138968,2.6209409076294534,-1.0382260007922954,36.512,24.986,191722.1935983064,307367.4644568974,285873.7871720739,248673.26313520467,115645.27085859103,200362.33485546894,285086.0010190315,257041.79135223123,206916.78587003952,84723.66616356255,LC_dv42_Tlc3p0_TTC02_CP4_S5p967_E15p967.mp4,LC_dv42_Tlc3p0_TTC02,15.967,CP4,0.875,12,2.0,1.1,12.833333333333334,42.0,3.0
1.0,14.411700091767047,2.2973603254521437,-1.0752840029814763,36.512,24.987,75692.97146137035,313638.7029904631,292810.78903001884,273362.453239521,237945.73152909277,88272.67774878145,299000.2495720656,277261.3869031023,252705.83789284414,210727.57182328415,LC_dv42_Tlc3p0_TTC02_CP5_S6p267_E16p267.mp4,LC_dv42_Tlc3p0_TTC02,16.267,CP5,1.0,12,2.0,0.8,9.333333333333334,42.0,3.0
0.07000000000000002,39.969565031584914,3.4998287366531833,0.0017559220454588201,36.509,24.991,18528.48389425176,48247.943061790684,42790.00721486954,29719.459167538924,81388.82339118067,11858.323598199782,32385.87600911651,25885.536345584234,20527.552410916727,81231.6528740175,LC_dv42_Tlc3p0_TTC03_CP1_S5p067_E15p067.mp4,LC_dv42_Tlc3p0_TTC03,15.067,CP1,0.0208333333333333,24,3.0,3.0,35.0,42.0,3.0
1.0,36.49036841895285,3.234389841853757,-0.8848760940846798,36.512,24.984,265404.1675834417,351608.7568944834,292067.554146323,110333.64319021924,86204.58931104172,174098.96826620365,195914.95765219047,132682.8045727337,21815.989385986803,81250.11024986873,LC_dv42_Tlc3p0_TTC03_CP2_S5p367_E15p367.mp4,LC_dv42_Tlc3p0_TTC03,15.367,CP2,0.2083333333333333,12,3.0,2.7,31.5,42.0,3.0
1.0,33.0101734476757,2.9316290615234117,-1.0064217463008391,36.512,24.985,263831.58214936085,354869.8519563681,299641.94173609535,130466.57352103411,91038.26980700722,188507.90086312738,214230.92351712863,157445.9839965818,25723.022654001245,81265.14417784239,LC_dv42_Tlc3p0_TTC03_CP3_S5p667_E15p667.mp4,LC_dv42_Tlc3p0_TTC03,15.667,CP3,0.4583333333333333,12,3.0,2.4,28.0,42.0,3.0
1.0,29.534915904966507,2.6154541644917653,-1.0548826908993951,36.512,24.986,258429.7020429995,354476.5534096727,305181.194949524,151884.42899250306,96046.85136667317,191125.07261827087,229602.58447782142,179065.49376068852,38477.51185955056,81288.7316020025,LC_dv42_Tlc3p0_TTC03_CP4_S5p967_E15p967.mp4,LC_dv42_Tlc3p0_TTC03,15.967,CP4,0.7083333333333334,12,3.0,2.1,24.5,42.0,3.0
1.0,26.054699272204182,2.2917626044166703,-1.0752855123323068,36.512,24.987,254128.7420397557,356736.24197072664,313163.5321465516,193417.56542846435,102607.49993097092,166410.81960987055,247745.02389610605,203975.37147959234,83473.78383707487,81334.2042862355,LC_dv42_Tlc3p0_TTC03_CP5_S6p267_E16p267.mp4,LC_dv42_Tlc3p0_TTC03,16.267,CP5,0.75,12,3.0,1.8,21.0,42.0,3.0
0.07000000000000002,51.60056544458041,3.49937405825312,-0.0015583503893227602,36.512,24.991,29061.29945375563,52348.94505136789,38476.7578029986,23287.64559761226,81230.51146357386,16230.75556013955,29015.613690756854,12784.858130617304,20307.91113755947,81230.51146357386,LC_dv42_Tlc3p0_TTC04_CP1_S5p067_E15p067.mp4,LC_dv42_Tlc3p0_TTC04,15.067,CP1,0.0,24,4.0,4.0,46.66666666666666,42.0,3.0
1.0,48.12737223403729,3.233887420182372,-0.8848868293874983,36.512,24.984,285919.8345289736,340605.5658415327,267127.67739762506,54685.7313125591,81232.56555902421,118958.6816080828,139271.06593962398,61456.717095170236,20312.384331541183,81232.56555902421,LC_dv42_Tlc3p0_TTC04_CP2_S5p367_E15p367.mp4,LC_dv42_Tlc3p0_TTC04,15.367,CP2,0.0833333333333333,12,4.0,3.7,43.16666666666666,42.0,3.0
1.0,44.652173376033595,2.926020129225802,-1.021399351344557,36.512,24.985,274119.9276855454,346134.07566300203,276545.77643284877,72014.1479774566,81235.30205843033,137329.9471901637,157744.08284717647,83167.54132081554,20414.135657012772,81235.30205843033,LC_dv42_Tlc3p0_TTC04_CP3_S5p667_E15p667.mp4,LC_dv42_Tlc3p0_TTC04,15.667,CP3,0.3333333333333333,12,4.0,3.4,39.66666666666666,42.0,3.0
1.0,41.177915898526905,2.6109575358179207,-1.051551019715316,36.512,24.986,265852.999796438,347324.7883502963,282888.675228272,87204.77064442598,81471.78855385835,152114.4665484454,172912.76577359182,102696.16453522959,20798.299225146417,81239.43808716851,LC_dv42_Tlc3p0_TTC04_CP4_S5p967_E15p967.mp4,LC_dv42_Tlc3p0_TTC04,15.967,CP4,0.4583333333333333,12,4.0,3.1,36.16666666666666,42.0,3.0
1.0,37.696705697463294,2.2961664919683438,-1.0483394118932658,36.512,24.987,267729.6650869994,352605.9441449919,290211.8662410834,105881.61555065749,84876.2790579925,170483.0005271162,191803.19202545786,126317.150156988,21320.191498341657,81247.07437640405,LC_dv42_Tlc3p0_TTC04_CP5_S6p267_E16p267.mp4,LC_dv42_Tlc3p0_TTC04,16.267,CP5,0.5,12,4.0,2.8,32.666666666666664,42.0,3.0
0.07000000000000002,74.95957186321543,3.4993358060415787,-0.0015624426109687507,36.512,24.991,20870.648430884157,39158.15707022544,18287.508639341282,20307.599999999995,81230.40000000007,3084.205912068783,5532.675964725176,2448.4700526563925,20307.599999999995,81230.40000000007,LC_dv42_Tlc3p0_TTC06_CP1_S5p067_E15p067.mp4,LC_dv42_Tlc3p0_TTC06,15.067,CP1,0.0416666666666666,12,6.0,6.0,70.0,42.0,3.0
1.0,67.9991786775941,2.925796331365792,-1.0213918021009742,36.512,24.985,277705.8256871029,298013.4256871029,172308.6800274534,20307.599999999995,81230.40000000007,42625.75847202345,47636.88799483405,5011.129522810594,20307.599999999995,81230.40000000007,LC_dv42_Tlc3p0_TTC06_CP3_S5p667_E15p667.mp4,LC_dv42_Tlc3p0_TTC06,15.667,CP3,0.0,12,6.0,5.4,63.0,42.0,3.0
1.0,61.04870888642443,2.290905563440472,-1.0633148065687081,36.512,24.987,297443.73888749315,317751.35222383315,217983.73082124616,20307.613336340004,81230.40000000007,66039.83029397491,79000.62919178218,12960.798897807268,20307.613336340004,81230.40000000007,LC_dv42_Tlc3p0_TTC06_CP5_S6p267_E16p267.mp4,LC_dv42_Tlc3p0_TTC06,16.267,CP5,0.0416666666666666,12,6.0,4.8,55.99999999999999,42.0,3.0
0.07000000000000002,87.36160752668054,3.4995010150349093,0.0025477480387547853,36.512,24.991,20332.768282516696,28039.79047105845,7707.022188541755,20307.599999999995,81230.40000000007,0.0,589.1245539848983,2256.592517343084,20307.599999999995,81230.40000000007,LC_dv42_Tlc3p0_TTC07_CP1_S5p033_E15p033.mp4,LC_dv42_Tlc3p0_TTC07,15.033,CP1,0.0416666666666666,12,7.0,7.0,81.66666666666666,42.0,3.0
1.0,83.88943056808728,3.3007956559084635,-0.6648893199212165,36.512,24.984,193319.5275038473,213627.1275038473,55540.51189561426,20307.599999999995,81230.40000000007,2125.8133148433167,4397.606464265065,2271.7931494217487,20307.599999999995,81230.40000000007,LC_dv42_Tlc3p0_TTC07_CP2_S5p333_E15p333.mp4,LC_dv42_Tlc3p0_TTC07,15.333,CP2,0.0,12,7.0,6.7,78.16666666666667,42.0,3.0
1.0,76.92897608377399,2.681904491611889,-1.0448743917902719,36.512,24.986,233230.0436502164,253537.6436502164,96126.55915439085,20307.599999999995,81230.40000000007,12574.870091551773,15240.779751204438,2665.9096596526642,20307.599999999995,81230.40000000007,LC_dv42_Tlc3p0_TTC07_CP4_S5p933_E15p933.mp4,LC_dv42_Tlc3p0_TTC07,15.933,CP4,0.0833333333333333,12,7.0,6.1,71.16666666666666,42.0,3.0
0.07000000000000002,28.218560428153648,3.499414717155066,-0.001569091928493486,36.512,24.991,372.5980182954081,36708.72140941817,38470.002387553024,36336.12339112276,82649.80216697085,4286.853320099795,30458.557718503405,30074.35031220381,26171.70439840361,81236.8359103093,LC_dv42_Tlc4p0_TTC02_CP1_S5p067_E15p067.mp4,LC_dv42_Tlc4p0_TTC02,15.067,CP1,0.0625,24,2.0,2.0,23.33333333333333,42.0,4.0
1.0,24.741415808470293,3.3039595627632945,-0.6515484549791627,36.512,24.987,187458.76686269604,289466.4290121268,266561.87536139385,194987.46260201113,102007.66214943076,169706.58931585267,251051.02560900646,209417.45171064098,102604.84372359492,81344.43629315379,LC_dv42_Tlc4p0_TTC02_CP2_S5p367_E15p367.mp4,LC_dv42_Tlc4p0_TTC02,15.367,CP2,0.4583333333333333,12,2.0,1.7,19.83333333333333,42.0,4.0
1.0,21.280277822046244,3.0732687511062786,-0.7669338867436044,36.512,24.988,180647.76051122267,286318.3877816793,260960.54177796392,216965.667783669,105670.6272704566,185937.73518817738,267409.39844202175,234198.06105827278,160727.69792816445,81471.66325384437,LC_dv42_Tlc4p0_TTC02_CP3_S5p667_E15p667.mp4,LC_dv42_Tlc4p0_TTC02,15.667,CP3,0.7916666666666666,12,2.0,1.4,16.333333333333332,42.0,4.0
1.0,17.81007460314649,2.837006632060846,-0.788227484388716,36.36,24.988,182991.25264067907,290565.4622468403,263984.66274855053,225948.59127146134,107574.20960616124,197863.58828053647,281357.0791999515,251214.53553142454,200648.8239454233,83493.49091941504,LC_dv42_Tlc4p0_TTC02_CP4_S5p967_E15p967.mp4,LC_dv42_Tlc4p0_TTC02,15.967,CP4,0.9166666666666666,12,2.0,1.1,12.833333333333334,42.0,4.0
1.0,14.337923179363411,2.5974061874635237,-0.7968649191786399,36.512,24.988,76632.62596028112,301179.5613412219,279837.25720019685,257678.35966189037,224546.9353809408,86220.4976132217,297997.9406802306,276271.47728851985,252186.59123154831,211777.44306700892,LC_dv42_Tlc4p0_TTC02_CP5_S6p267_E16p267.mp4,LC_dv42_Tlc4p0_TTC02,16.267,CP5,0.9583333333333334,12,2.0,0.8,9.333333333333334,42.0,4.0
0.07000000000000002,39.953564104009764,3.499851052085522,0.0017650094101521513,36.512,24.991,18650.7144719995,48396.440128336384,42845.56625134603,29745.725656336883,81392.94846580944,12005.932926662124,32533.740651295957,25940.454226346406,20527.807724633833,81231.66039043575,LC_dv42_Tlc4p0_TTC03_CP1_S5p067_E15p067.mp4,LC_dv42_Tlc4p0_TTC03,15.067,CP1,0.0,24,3.0,3.0,35.0,42.0,4.0
1.0,36.47741560508578,3.299401729684652,-0.6682175478646312,36.512,24.987,264973.7962438058,351120.1878269989,291721.3621035522,109932.2943042178,86146.39158319312,173782.88305707258,195555.4973603554,132366.20201116079,21772.614303282815,81250.01932815553,LC_dv42_Tlc4p0_TTC03_CP2_S5p367_E15p367.mp4,LC_dv42_Tlc4p0_TTC03,15.367,CP2,0.2916666666666667,12,3.0,2.7,31.5,42.0,4.0
1.0,33.00627571291154,3.0686199770035993,-0.7669187597916207,36.512,24.988,263379.29016452556,354334.7408476531,299404.82688241336,130030.78578244091,90955.45068312755,188263.72210374044,213890.6572038904,157078.36413173148,25626.935100149964,81264.98556030466,LC_dv42_Tlc4p0_TTC03_CP3_S5p667_E15p667.mp4,LC_dv42_Tlc4p0_TTC03,15.667,CP3,0.5,12,3.0,2.4,28.0,42.0,4.0
1.0,29.53407786032359,2.8374548349438524,-0.7715567282368934,36.512,24.988,257671.3419184821,353637.1732458654,305015.21366392914,151544.29370511256,95965.83132738329,190997.61203477555,229312.5034934695,178787.78766771787,38314.891458693935,81288.51160986039,LC_dv42_Tlc4p0_TTC03_CP4_S5p967_E15p967.mp4,LC_dv42_Tlc4p0_TTC03,15.967,CP4,0.5,12,3.0,2.1,24.5,42.0,4.0
1.0,26.056927270598557,2.600762621758768,-0.7878677736534213,36.512,24.978,252719.28776077056,355205.3327744381,312424.964484992,192823.6986657397,102486.04501366752,166001.16594727658,247334.81721682,203672.39087678213,82908.36256657862,81333.6512695434,LC_dv42_Tlc4p0_TTC03_CP5_S6p267_E16p267.mp4,LC_dv42_Tlc4p0_TTC03,16.267,CP5,0.625,12,3.0,1.8,21.0,42.0,4.0
0.07000000000000002,51.605565443251095,3.499370412278335,-0.001560781039180444,36.512,24.991,29011.215011249402,52286.203109779824,38471.19677505028,23274.988098530423,81230.51071480972,16171.465871297187,28950.982859811877,12779.51698851469,20307.9093858092,81230.51071480972,LC_dv42_Tlc4p0_TTC04_CP1_S5p067_E15p067.mp4,LC_dv42_Tlc4p0_TTC04,15.067,CP1,0.0,24,4.0,4.0,46.66666666666666,42.0,4.0
1.0,48.139421482387135,3.2998626245771785,-0.6649000661818312,36.512,24.987,285852.94680281007,340315.4093890439,266861.15613223036,54462.462586233865,81232.54348815951,118721.32329534946,139033.64797581756,61253.97409865931,20312.324680468104,81232.54348815951,LC_dv42_Tlc4p0_TTC04_CP2_S5p367_E15p367.mp4,LC_dv42_Tlc4p0_TTC04,15.367,CP2,0.2916666666666667,12,4.0,3.7,43.16666666666666,42.0,4.0
1.0,44.67328010868428,3.068988323704684,-0.763932309003967,36.509,24.988,273867.0702588451,345335.35753726657,275943.7853294301,71468.28727842146,81235.22458837907,136698.04304840774,157111.1152970601,82540.82404249608,20413.072248652366,81235.22458837907,LC_dv42_Tlc4p0_TTC04_CP3_S5p667_E15p667.mp4,LC_dv42_Tlc4p0_TTC04,15.667,CP3,0.3333333333333333,12,4.0,3.4,39.66666666666666,42.0,4.0
1.0,41.195079650260396,2.8369615099085577,-0.7748793248729039,36.512,24.988,265767.06870949187,347207.7630639024,282644.86151337146,86875.94089068323,81440.69435441055,151846.11352915457,172642.50919302332,102394.86186927874,20796.39566386874,81239.37201823897,LC_dv42_Tlc4p0_TTC04_CP4_S5p967_E15p967.mp4,LC_dv42_Tlc4p0_TTC04,15.967,CP4,0.375,12,4.0,3.1,36.16666666666666,42.0,4.0
1.0,37.72393094258715,2.600135042438471,-0.7878746263089728,36.36,24.988,264316.4899468308,348356.66194266744,286758.9848239788,100487.24554926864,84040.17199583664,165641.7960629425,186878.3486059409,121129.92854236306,21236.552542998386,81245.64646787001,LC_dv42_Tlc4p0_TTC04_CP5_S6p267_E16p267.mp4,LC_dv42_Tlc4p0_TTC04,16.267,CP5,0.5416666666666666,12,4.0,2.8,32.666666666666664,42.0,4.0
0.07000000000000002,63.262568906844486,3.49987018427198,0.00177255140794289,36.512,24.991,27145.92901509181,47453.52920382676,31779.187991906932,20307.60018873495,81230.40000000007,12907.762455323207,16910.117262443266,4002.3548071200585,20307.60018873495,81230.40000000007,LC_dv42_Tlc4p0_TTC05_CP1_S5p067_E15p067.mp4,LC_dv42_Tlc4p0_TTC05,15.067,CP1,0.0,12,5.0,5.0,58.33333333333333,42.0,4.0
1.0,59.792423119307934,3.299376686837883,-0.6682275163271636,36.512,24.987,298802.74207706715,319187.1398532571,221604.19504938938,20384.397776189984,81230.40000000007,68488.59402553605,83051.05985857928,14562.46583304323,20307.636803552996,81230.40000000007,LC_dv42_Tlc4p0_TTC05_CP2_S5p367_E15p367.mp4,LC_dv42_Tlc4p0_TTC05,15.367,CP2,0.0416666666666666,12,5.0,4.7,54.833333333333336,42.0,4.0
1.0,52.838086034355655,2.841471489568149,-0.7582150932871434,36.512,24.988,298094.7807414742,333108.6507388536,252736.34145643693,35013.869997379436,81230.87656728114,95769.11636306907,116078.09186376132,37869.62764051465,20308.975500692242,81230.87656728114,LC_dv42_Tlc4p0_TTC05_CP4_S5p967_E15p967.mp4,LC_dv42_Tlc4p0_TTC05,15.967,CP4,0.3333333333333333,12,5.0,4.1,47.83333333333333,42.0,4.0
0.07000000000000002,86.62657625516233,3.4998044671881368,0.0017666722759453611,36.512,24.991,20427.093500385752,28650.245254753823,8223.151754368071,20307.599999999995,81230.40000000007,0.0,580.3224367499852,2256.622254570163,20307.599999999995,81230.40000000007,LC_dv42_Tlc4p0_TTC07_CP1_S5p067_E15p067.mp4,LC_dv42_Tlc4p0_TTC07,15.067,CP1,0.0,12,7.0,7.0,81.66666666666666,42.0,4.0
1.0,79.6842869776314,3.068169139157531,-0.7669096955332296,36.512,24.988,218534.53447028,238842.13447028,80115.9440641143,20307.599999999995,81230.40000000007,7481.463424091716,9994.102543544686,2512.6391194529706,20307.599999999995,81230.40000000007,LC_dv42_Tlc4p0_TTC07_CP3_S5p667_E15p667.mp4,LC_dv42_Tlc4p0_TTC07,15.667,CP3,0.0,12,7.0,6.4,74.66666666666667,42.0,4.0
1.0,72.73193464073861,2.593297594826012,-0.7968513172222031,36.512,24.988,257480.12095656493,277787.72095656494,130894.49621934247,20307.599999999995,81230.40000000007,25551.9262841784,28732.443101732235,3180.5168175538365,20307.599999999995,81230.40000000007,LC_dv42_Tlc4p0_TTC07_CP5_S6p267_E16p267.mp4,LC_dv42_Tlc4p0_TTC07,16.267,CP5,0.2083333333333333,12,7.0,5.8,67.66666666666666,42.0,4.0
