video,cp,n_windows,vy_last,p_now,gp_1,gc_1,gp_2,gc_2,gp_3,gc_3,gp_4,gc_4,gp_6,gc_6,p,n,ttc_start,ttc_true,distance,dv_kph,lcd,x_looming,gate_g1
LC_dv07_Tlc2p0_TTC02_CP1_S5p033_E15p033.mp4,CP1,50,0.004232281883507101,6.52721268092632e-05,0.023963704454971375,0.085,0.047290964433755744,0.085,0.07006070307793245,0.085,0.09228624514312314,0.085,0.135156453862477,0.085,0.0,21,2.0,2.0,3.888888888888889,7.0,2.0,-1.4758358334005228,0.06654594577985293
LC_dv07_Tlc2p0_TTC02_CP2_S5p333_E15p333.mp4,CP2,51,-0.9852701196991885,0.3115303153411385,0.3279847355249502,0.31,0.3440458951925497,0.31,0.3597231932672587,0.31,0.37502580403820357,0.31,0.40454256973855046,0.31,0.9545454545454546,11,2.0,1.7,3.305555555555556,7.0,2.0,-1.1718197333747336,0.9638297846821879
LC_dv07_Tlc2p0_TTC02_CP3_S5p633_E15p633.mp4,CP3,52,-1.5240312751011829,0.9995726630548643,0.999582876404576,1.0,0.9995928456553079,1.0,0.9996025766410237,1.0,0.9996120750562556,1.0,0.9996303962761521,1.0,0.85,10,2.0,1.4,2.722222222222222,7.0,2.0,-0.818459091831626,0.9999946125945988
LC_dv07_Tlc2p0_TTC02_CP4_S5p933_E15p933.mp4,CP4,53,-1.578588381395977,0.9999999911680667,0.9999999913791499,1.0,0.999999991585188,1.0,0.9999999917863021,1.0,0.9999999919826094,1.0,0.9999999923612609,1.0,1.0,11,2.0,1.1,2.138888888888889,7.0,2.0,-0.4001972745314972,0.9999971383767287
LC_dv07_Tlc2p0_TTC02_CP5_S6p233_E16p233.mp4,CP5,54,-1.5954786911756704,0.9999999999998384,0.9999999999998422,1.0,0.999999999999846,1.0,0.9999999999998497,1.0,0.9999999999998532,1.0,0.9999999999998602,1.0,0.85,10,2.0,0.8,1.5555555555555556,7.0,2.0,0.1018040459973522,0.9999998018297924
LC_dv07_Tlc2p0_TTC03_CP1_S5p033_E15p033.mp4,CP1,50,0.0012367870960605547,6.673818791111439e-05,0.023965135477224134,0.085,0.04729236125458764,0.085,0.07006206651475717,0.085,0.0922875759938182,0.085,0.135157721858724,0.085,0.0238095238095238,21,3.0,3.0,5.833333333333333,7.0,2.0,-2.2555553199780123,0.06772784818573346
LC_dv07_Tlc2p0_TTC03_CP2_S5p333_E15p333.mp4,CP2,51,-0.9819343028203885,0.3041936095366411,0.32082337693291874,0.305,0.33705569301595084,0.305,0.3529000568690761,0.305,0.36836574054761423,0.305,0.39819705288824064,0.305,0.8181818181818182,11,3.0,2.7,5.25,7.0,2.0,-2.0507658466895697,0.962857051757218
LC_dv07_Tlc2p0_TTC03_CP3_S5p633_E15p633.mp4,CP3,52,-1.5240398397156687,0.9995596859591815,0.9995702094613805,1.0,0.9995804814519577,1.0,0.9995905079420389,1.0,0.999600294799084,1.0,0.9996191723860961,1.0,0.75,10,3.0,2.4,4.666666666666666,7.0,2.0,-1.8234337124089448,0.9999945622056106
LC_dv07_Tlc2p0_TTC03_CP4_S5p933_E15p933.mp4,CP4,53,-1.5786115007208479,0.99999999090492,0.9999999911222923,1.0,0.9999999913344695,1.0,0.9999999915415756,1.0,0.9999999917437319,1.0,0.9999999921336653,1.0,0.9545454545454546,11,3.0,2.1,4.083333333333333,7.0,2.0,-1.5682605400132,0.9999971108527652
LC_dv07_Tlc2p0_TTC03_CP5_S6p233_E16p233.mp4,CP5,54,-1.6121453546314244,0.9999999999998641,0.9999999999998673,1.0,0.9999999999998705,1.0,0.9999999999998737,1.0,0.9999999999998767,1.0,0.9999999999998824,1.0,0.8,10,3.0,1.8,3.5,7.0,2.0,-1.278005697428891,0.9999998506317893
LC_dv07_Tlc2p0_TTC04_CP1_S5p067_E15p067.mp4,CP1,50,0.004485825744512014,6.513673334671451e-05,0.023963572297411542,0.085,0.047290835434760585,0.085,0.07006057716201228,0.085,0.0922861222365925,0.085,0.13515633676067124,0.085,0.0,21,4.0,4.0,7.777777777777778,7.0,2.0,-2.819761432955759,0.06615554628018201
LC_dv07_Tlc2p0_TTC04_CP2_S5p367_E15p367.mp4,CP2,51,-1.29191522197877,0.926246118922047,0.9280088361142279,0.895,0.929729424379033,0.895,0.9314088905975036,0.895,0.9330482175862319,0.895,0.9362102682556784,0.895,0.8636363636363636,11,4.0,3.7,7.194444444444445,7.0,2.0,-2.6662696454454218,0.9975699394498705
LC_dv07_Tlc2p0_TTC04_CP3_S5p667_E15p667.mp4,CP3,52,-1.5137004858804244,0.999976629958942,0.9999771885027441,1.0,0.9999777336973535,1.0,0.999978265861816,1.0,0.999978785307552,1.0,0.999979787251489,1.0,0.7,10,4.0,3.4,6.611111111111111,7.0,2.0,-2.5002492060565444,0.9999960649379483
LC_dv07_Tlc2p0_TTC04_CP4_S5p967_E15p967.mp4,CP4,53,-1.598574354781786,0.9999999996439024,0.9999999996524132,1.0,0.9999999996607205,1.0,0.9999999996688292,1.0,0.9999999996767442,1.0,0.9999999996920111,1.0,0.8181818181818182,11,4.0,3.1,6.027777777777778,7.0,2.0,-2.3195237816851915,0.999998640030944
LC_dv07_Tlc2p0_TTC04_CP5_S6p267_E16p267.mp4,CP5,54,-1.6452253106733914,0.9999999999999967,0.9999999999999968,1.0,0.9999999999999968,1.0,0.9999999999999969,1.0,0.999999999999997,1.0,0.9999999999999971,1.0,0.85,10,4.0,2.8,5.444444444444444,7.0,2.0,-2.121315140754475,0.9999999981713319
LC_dv07_Tlc2p0_TTC05_CP1_S5p067_E15p067.mp4,CP1,50,0.0011524930533690608,6.677031057255129e-05,0.02396516683215421,0.085,0.04729239186013513,0.085,0.0700620963888323,0.085,0.09228760515390318,0.085,0.13515774964161387,0.085,0.0,11,5.0,5.0,9.72222222222222,7.0,2.0,-3.2608415070219836,0.06733209223175622
LC_dv07_Tlc2p0_TTC05_CP2_S5p367_E15p367.mp4,CP2,51,-1.2919127390495995,0.9262598751819668,0.9280222635996411,0.895,0.9297425309476479,0.895,0.9314216839192292,0.895,0.9330607051476663,0.895,0.9362221660448831,0.895,0.8181818181818182,11,5.0,4.7,9.13888888888889,7.0,2.0,-3.1383125851464975,0.9975622879137458
LC_dv07_Tlc2p0_TTC05_CP4_S5p967_E15p967.mp4,CP4,53,-1.595255043433191,0.9999999997012985,0.9999999997084374,1.0,0.9999999997154058,1.0,0.9999999997222075,1.0,0.9999999997288468,1.0,0.9999999997416531,1.0,0.8636363636363636,11,5.0,4.1,7.972222222222221,7.0,2.0,-2.8684512727566536,0.9999985991644639
LC_dv07_Tlc2p0_TTC07_CP1_S5p067_E15p067.mp4,CP1,50,0.0044858257445194154,6.513673334680964e-05,0.023963572297411636,0.085,0.04729083543476067,0.085,0.07006057716201237,0.085,0.09228612223659258,0.085,0.13515633676067132,0.085,0.0,10,7.0,7.0,13.61111111111111,7.0,2.0,-3.9292297803881033,0.0656377762174264
LC_dv07_Tlc2p0_TTC07_CP3_S5p667_E15p667.mp4,CP3,52,-1.507712463275418,0.9999811738466835,0.9999816237916034,1.0,0.9999820629828432,1.0,0.9999824916774157,1.0,0.9999829101261911,1.0,0.9999837172599966,1.0,0.4,10,7.0,6.4,12.444444444444445,7.0,2.0,-3.7509387489017034,0.9999957165710589
LC_dv07_Tlc2p0_TTC07_CP5_S6p267_E16p267.mp4,CP5,54,-1.6512109897983949,0.9999999999999954,0.9999999999999956,1.0,0.9999999999999957,1.0,0.9999999999999958,1.0,0.9999999999999959,1.0,0.9999999999999961,1.0,0.35,10,7.0,5.8,11.277777777777777,7.0,2.0,-3.555294945454257,0.9999999982799959
LC_dv07_Tlc3p0_TTC02_CP1_S5p067_E15p067.mp4,CP1,50,0.004456881393541194,6.515097828590135e-05,0.023963586201896793,0.085,0.047290849006928745,0.085,0.07006059040980572,0.085,0.09228613516776378,0.085,0.13515634908111915,0.085,0.0625,24,2.0,2.0,3.888888888888889,7.0,3.0,-1.4758358334005228,0.06654594577985537
LC_dv07_Tlc3p0_TTC02_CP2_S5p367_E15p367.mp4,CP2,51,-0.7452685704029287,0.03910296567246464,0.06206839742424644,0.11,0.08448495553327127,0.11,0.10636575807539196,0.11,0.12772360960454898,0.11,0.16892015501011437,0.11,0.75,12,2.0,1.7,3.305555555555556,7.0,3.0,-1.1718197333747336,0.8406103904737934
LC_dv07_Tlc3p0_TTC02_CP3_S5p667_E15p667.mp4,CP3,52,-1.0017426276752839,0.6300071658340942,0.6388499917333664,0.605,0.6474814741614574,0.605,0.6559066642257075,0.605,0.6641304923120307,0.605,0.679993197729908,0.605,0.9166666666666666,12,2.0,1.4,2.722222222222222,7.0,3.0,-0.818459091831626,0.9924147461700809
LC_dv07_Tlc3p0_TTC02_CP4_S5p967_E15p967.mp4,CP4,53,-1.0686108832993633,0.9962083936811029,0.9962990130430486,1.0,0.9963874666029386,1.0,0.9964738061234257,1.0,0.9965580821300352,1.0,0.996720639694786,1.0,0.875,12,2.0,1.1,2.138888888888889,7.0,3.0,-0.4001972745314972,0.995487571676805
LC_dv07_Tlc3p0_TTC02_CP5_S6p267_E16p267.mp4,CP5,54,-1.0793697565084017,0.9999757293305751,0.9999763093993882,1.0,0.9999768756045612,1.0,0.9999774282774349,1.0,0.9999779677414311,1.0,0.9999790082980144,1.0,0.9583333333333334,12,2.0,0.8,1.5555555555555556,7.0,3.0,0.1018040459973522,0.9995847498906949
LC_dv07_Tlc3p0_TTC03_CP1_S5p067_E15p067.mp4,CP1,50,0.0011524930533690608,6.67835921886736e-05,0.02396517979633981,0.085,0.04729240451447679,0.085,0.0700621087407353,0.085,0.09228761721059578,0.085,0.13515776112888364,0.085,0.0416666666666666,24,3.0,3.0,5.833333333333333,7.0,3.0,-2.2555553199780123,0.06772784818573098
LC_dv07_Tlc3p0_TTC03_CP2_S5p367_E15p367.mp4,CP2,51,-0.8486109444080897,0.10111043699066348,0.1225938906534451,0.155,0.14356388993843228,0.155,0.1640327064013169,0.155,0.18401231830770373,0.155,0.22255041695322453,0.155,0.75,12,3.0,2.7,5.25,7.0,3.0,-2.0507658466895697,0.9099429885674447
LC_dv07_Tlc3p0_TTC03_CP3_S5p667_E15p667.mp4,CP3,52,-1.022693377387466,0.8038166055235896,0.8085053871471419,0.75,0.8130821069258474,0.75,0.8175494431369382,0.75,0.8219100100468419,0.75,0.8303209821173526,0.75,0.875,12,3.0,2.4,4.666666666666666,7.0,3.0,-1.8234337124089448,0.9943181824729044
LC_dv07_Tlc3p0_TTC03_CP4_S5p967_E15p967.mp4,CP4,53,-1.0419442240398116,0.9979083182330066,0.9979583094111977,1.0,0.9980071058006134,1.0,0.9980547359566961,1.0,0.9981012277524138,1.0,0.9981909044397275,1.0,0.7916666666666666,12,3.0,2.1,4.083333333333333,7.0,3.0,-1.5682605400132,0.9946836726974788
LC_dv07_Tlc3p0_TTC03_CP5_S6p267_E16p267.mp4,CP5,54,-1.0673937122671868,0.9999857277433825,0.9999860688502061,1.0,0.9999864018045794,1.0,0.9999867268013457,1.0,0.9999870440306917,1.0,0.9999876559252515,1.0,0.8333333333333334,12,3.0,1.8,3.5,7.0,3.0,-1.278005697428891,0.9995550961287482
LC_dv07_Tlc3p0_TTC04_CP1_S5p033_E15p033.mp4,CP1,50,0.0012461620834562244,6.674853003025405e-05,0.023965145572166707,0.085,0.047292371108261164,0.085,0.07006207613292796,0.085,0.09228758538211479,0.085,0.1351577308036228,0.085,0.0625,24,4.0,4.0,7.777777777777778,7.0,3.0,-2.819761432955759,0.06759573037040441
LC_dv07_Tlc3p0_TTC04_CP2_S5p333_E15p333.mp4,CP2,51,-0.658616138057518,0.017468652354283253,0.040951144028466696,0.095,0.06387240433171283,0.095,0.08624584668948326,0.095,0.1080845639464738,0.095,0.15020863742121923,0.095,0.375,12,4.0,3.7,7.194444444444445,7.0,3.0,-2.6662696454454218,0.7599247756965084
LC_dv07_Tlc3p0_TTC04_CP3_S5p633_E15p633.mp4,CP3,52,-1.0195700911719174,0.552155480695472,0.5628589612725511,0.53,0.5733066287459178,0.53,0.5835045970467889,0.53,0.5934588339834724,0.53,0.6126592752535136,0.53,0.5833333333333334,12,4.0,3.4,6.611111111111111,7.0,3.0,-2.5002492060565444,0.9928672019341728
LC_dv07_Tlc3p0_TTC04_CP4_S5p933_E15p933.mp4,CP4,53,-1.0452866369911886,0.9930190801762304,0.9931859241064853,1.0,0.9933487804680865,1.0,0.9935077445638942,1.0,0.9936629094190313,1.0,0.9939622024444217,1.0,0.875,12,4.0,3.1,6.027777777777778,7.0,3.0,-2.3195237816851915,0.9938783045352523
LC_dv07_Tlc3p0_TTC04_CP5_S6p233_E16p233.mp4,CP5,54,-1.0688328170517802,0.9999490280120586,0.9999502462421795,1.0,0.9999514353566099,1.0,0.9999525960512146,1.0,0.9999537290052269,1.0,0.9999559143276295,1.0,0.75,12,4.0,2.8,5.444444444444444,7.0,3.0,-2.121315140754475,0.998134186699616
LC_dv07_Tlc3p0_TTC05_CP1_S5p067_E15p067.mp4,CP1,50,0.0011524930533690608,6.677031057255129e-05,0.02396516683215421,0.085,0.04729239186013513,0.085,0.0700620963888323,0.085,0.09228760515390318,0.085,0.13515774964161387,0.085,0.0416666666666666,12,5.0,5.0,9.72222222222222,7.0,3.0,-3.2608415070219836,0.06733209223175622
LC_dv07_Tlc3p0_TTC05_CP3_S5p667_E15p667.mp4,CP3,52,-1.0197087037706793,0.8398566485917821,0.843684073462378,0.785,0.8474200229079173,0.785,0.8510666831903574,0.785,0.8546261883200115,0.785,0.8614920153670322,0.785,0.75,12,5.0,4.4,8.555555555555555,7.0,3.0,-3.0078749016691306,0.9942689012799276
LC_dv07_Tlc3p0_TTC05_CP5_S6p267_E16p267.mp4,CP5,54,-1.061403348461942,0.999989649713414,0.999989897085184,1.0,0.9999901385447706,1.0,0.999990374233475,1.0,0.9999906042892212,1.0,0.9999910480371318,1.0,0.6666666666666666,12,5.0,3.8,7.388888888888888,7.0,3.0,-2.718732159129608,0.9995370429051341
LC_dv07_Tlc3p0_TTC06_CP1_S5p067_E15p067.mp4,CP1,50,-0.0019503408617863917,6.837077619498926e-05,0.023966729046660543,0.085,0.04729391673772674,0.085,0.07006358482186119,0.085,0.09228905801339407,0.085,0.1351591338843307,0.085,0.0416666666666666,12,6.0,6.0,11.666666666666666,7.0,3.0,-3.622644705660919,0.06852474796040607
LC_dv07_Tlc3p0_TTC06_CP2_S5p367_E15p367.mp4,CP2,51,-0.885277773453778,0.13982279691698804,0.16038102547439653,0.185,0.18044791252693393,0.185,0.20003520113279874,0.185,0.21915435369118857,0.185,0.25603273705350266,0.185,0.25,12,6.0,5.7,11.083333333333334,7.0,3.0,-3.5207561488392507,0.9276604359339786
LC_dv07_Tlc3p0_TTC06_CP4_S5p967_E15p967.mp4,CP4,53,-1.0519417367907813,0.9985704406929707,0.9986046071494461,1.0,0.9986379570278738,1.0,0.9986705098444628,1.0,0.9987022846489849,1.0,0.9987635741553504,1.0,0.375,12,6.0,5.1,9.916666666666666,7.0,3.0,-3.30008630092581,0.9952418833534088
LC_dv07_Tlc4p0_TTC02_CP1_S5p067_E15p067.mp4,CP1,50,0.004487751535492032,6.513578577133741e-05,0.02396357137248321,0.085,0.04729083453193803,0.085,0.07006057628076717,0.085,0.09228612137640914,0.085,0.1351563359411133,0.085,0.0,25,2.0,2.0,3.888888888888889,7.0,4.0,-1.4758358334005228,0.06654594577985537
LC_dv07_Tlc4p0_TTC02_CP2_S5p367_E15p367.mp4,CP2,51,-0.6552851181904361,0.016935536679970113,0.04043076981468143,0.095,0.06336446705764655,0.095,0.08575004911237204,0.095,0.10760061592765349,0.095,0.14974754567450582,0.095,0.6538461538461539,13,2.0,1.7,3.305555555555556,7.0,4.0,-1.1718197333747336,0.757089120905953
LC_dv07_Tlc4p0_TTC02_CP3_S5p667_E15p667.mp4,CP3,52,-0.7532383815695503,0.08185959972989215,0.10380314825558101,0.145,0.1252222461397802,0.145,0.14612942774879956,0.145,0.16653692787769014,0.145,0.20590036780638343,0.145,1.0,12,2.0,1.4,2.722222222222222,7.0,4.0,-0.818459091831626,0.9308056600491601
LC_dv07_Tlc4p0_TTC02_CP4_S5p967_E15p967.mp4,CP4,53,-0.7752735279386006,0.4245715224783795,0.4383242586784685,0.415,0.4517483045888384,0.415,0.4648515159048928,0.415,0.47764156057097557,0.415,0.5023119097915503,0.415,0.8461538461538461,13,2.0,1.1,2.138888888888889,7.0,4.0,-0.4001972745314972,0.9364019379475157
LC_dv07_Tlc4p0_TTC02_CP5_S6p267_E16p267.mp4,CP5,54,-0.7889709496287777,0.8776689801133116,0.8805926905505072,1.0,0.8834465243306742,1.0,0.8862321515053798,1.0,0.8889512022119715,1.0,0.8941959009000032,1.0,1.0,12,2.0,0.8,1.5555555555555556,7.0,4.0,0.1018040459973522,0.981320459821724
LC_dv07_Tlc4p0_TTC03_CP1_S5p067_E15p067.mp4,CP1,50,0.0011428569224107075,6.678846030679206e-05,0.02396518454810994,0.085,0.047292409152679654,0.085,0.07006211326808515,0.085,0.09228762162974201,0.085,0.13515776533931903,0.085,0.0,25,3.0,3.0,5.833333333333333,7.0,4.0,-2.2555553199780123,0.06772784818573098
LC_dv07_Tlc4p0_TTC03_CP2_S5p367_E15p367.mp4,CP2,51,-0.6519633571105772,0.0164263438750023,0.0399337467138476,0.095,0.06287932280511123,0.095,0.08527649980375199,0.095,0.10713838444387803,0.095,0.14930714481748916,0.095,0.6538461538461539,13,3.0,2.7,5.25,7.0,4.0,-2.0507658466895697,0.7532802318245195
LC_dv07_Tlc4p0_TTC03_CP3_S5p667_E15p667.mp4,CP3,52,-0.7682197874816853,0.09349851461546002,0.11516389316463692,0.155,0.13631146933262964,0.155,0.15695361859237766,0.155,0.17710242064311213,0.155,0.21596686529091108,0.155,0.9583333333333334,12,3.0,2.4,4.666666666666666,7.0,4.0,-1.8234337124089448,0.9376514947341962
LC_dv07_Tlc4p0_TTC03_CP4_S5p967_E15p967.mp4,CP4,53,-0.7719585226228809,0.45005314626958737,0.46319687185647257,0.425,0.476026462502624,0.425,0.48854942603071616,0.425,0.5007730908265193,0.425,0.5243509662085659,0.425,0.8461538461538461,13,3.0,2.1,4.083333333333333,7.0,4.0,-1.5682605400132,0.9353883324631107
LC_dv07_Tlc4p0_TTC03_CP5_S6p267_E16p267.mp4,CP5,54,-0.7889686066352206,0.876645182111913,0.8795933613134909,1.0,0.8824710790547593,1.0,0.8852800193640791,1.0,0.8880218260215466,1.0,0.8933104180085936,1.0,0.9583333333333334,12,3.0,1.8,3.5,7.0,4.0,-1.278005697428891,0.9812279667544027
LC_dv07_Tlc4p0_TTC04_CP1_S5p033_E15p033.mp4,CP1,50,0.0012367870960645554,6.675326464927419e-05,0.02396515019362837,0.085,0.04729237561926993,0.085,0.07006208053612367,0.085,0.09228758968007415,0.085,0.13515773489859484,0.085,0.02,25,4.0,4.0,7.777777777777778,7.0,4.0,-2.819761432955759,0.06759573037040441
LC_dv07_Tlc4p0_TTC04_CP2_S5p333_E15p333.mp4,CP2,51,-0.4986234639833175,0.004065915464524988,0.02786873244759466,0.085,0.05110266228730108,0.085,0.07378130138200809,0.085,0.0959179211762628,0.085,0.1386166102852673,0.085,0.5769230769230769,13,4.0,3.7,7.194444444444445,7.0,4.0,-2.6662696454454218,0.5685670972735157
LC_dv07_Tlc4p0_TTC04_CP3_S5p633_E15p633.mp4,CP3,52,-0.7553042067580049,0.053527299183258624,0.07614798947474556,0.115,0.09822804544173291,0.115,0.11978038824043036,0.115,0.14081763021151314,0.115,0.18139576106360009,0.115,0.7083333333333334,12,4.0,3.4,6.611111111111111,7.0,4.0,-2.5002492060565444,0.9238297539142435
LC_dv07_Tlc4p0_TTC04_CP4_S5p933_E15p933.mp4,CP4,53,-0.7686367714694239,0.30663384733914045,0.3232052930706513,0.305,0.3393806813762574,0.305,0.3551694780254005,0.305,0.37058092255570557,0.305,0.40030761456362235,0.305,0.7307692307692307,13,4.0,3.1,6.027777777777778,7.0,4.0,-2.3195237816851915,0.926822193570497
LC_dv07_Tlc4p0_TTC04_CP5_S6p233_E16p233.mp4,CP5,54,-0.7955153745003458,0.7937780602390768,0.7987067630179484,1.0,0.8035176698382006,1.0,0.8082135960223414,1.0,0.812797289606692,1.0,0.8216386443007775,1.0,0.8333333333333334,12,4.0,2.8,5.444444444444444,7.0,4.0,-2.121315140754475,0.962030203687582
LC_dv07_Tlc4p0_TTC06_CP1_S5p067_E15p067.mp4,CP1,50,0.0011524930533690608,6.678359219973497e-05,0.023965179796350607,0.085,0.04729240451448733,0.085,0.0700621087407456,0.085,0.09228761721060583,0.085,0.13515776112889324,0.085,0.0416666666666666,12,6.0,6.0,11.666666666666666,7.0,4.0,-3.622644705660919,0.06720057157626495
LC_dv07_Tlc4p0_TTC06_CP3_S5p667_E15p667.mp4,CP3,52,-0.7622411175654394,0.09546692673138525,0.11708526024608631,0.155,0.1381869157555664,0.155,0.15878424186018814,0.155,0.17888929202886006,0.155,0.2176693449299748,0.155,0.4583333333333333,12,6.0,5.4,10.5,7.0,4.0,-3.413438661840392,0.9350050115796908
LC_dv07_Tlc4p0_TTC06_CP5_S6p267_E16p267.mp4,CP5,54,-0.7889709496287843,0.881563752171832,0.8843943775866959,1.0,0.8871573510758514,1.0,0.8898542895198037,1.0,0.8924867711556272,1.0,0.8975644892534175,1.0,0.7083333333333334,12,6.0,4.8,9.333333333333332,7.0,4.0,-3.179986742961797,0.9812279667544027
LC_dv07_Tlc4p0_TTC07_CP1_S5p067_E15p067.mp4,CP1,50,0.0044878948523348694,6.513572438107654e-05,0.02396357131256018,0.085,0.04729083447344716,0.085,0.07006057622367425,0.085,0.09228612132068073,0.085,0.13515633588801687,0.085,0.0384615384615384,13,7.0,7.0,13.61111111111111,7.0,4.0,-3.9292297803881033,0.0656377762174264
LC_dv07_Tlc4p0_TTC07_CP2_S5p367_E15p367.mp4,CP2,51,-0.5886093959865858,0.009167412812939936,0.03284830404850336,0.085,0.05596322216513394,0.085,0.07852569391603398,0.085,0.10054892276510789,0.085,0.1430288953419114,0.085,0.3076923076923077,13,7.0,6.7,13.02777777777778,7.0,4.0,-3.8420599656626147,0.6799921212760437
LC_dv07_Tlc4p0_TTC07_CP4_S5p967_E15p967.mp4,CP4,53,-0.7919517468956297,0.4373480947056622,0.45079547092749644,0.415,0.4639214549607501,0.415,0.4767337280762658,0.415,0.48923978796257156,0.415,0.5133623671109271,0.415,0.5769230769230769,13,7.0,6.1,11.86111111111111,7.0,4.0,-3.655493105635152,0.9404527838944867
LC_dv14_Tlc2p0_TTC02_CP1_S5p067_E15p067.mp4,CP1,50,0.0026415087968774797,6.605105905460499e-05,0.02396446477074203,0.085,0.047291706577985315,0.085,0.07006142748492063,0.085,0.09228695223678986,0.085,0.135157127560976,0.085,0.0769230769230769,26,2.0,2.0,7.777777777777778,14.0,2.0,-2.126614252395814,0.06759573037040566
LC_dv14_Tlc2p0_TTC02_CP2_S5p367_E15p367.mp4,CP2,51,-1.2873354935568981,0.9226321632268478,0.9244812539324303,0.885,0.9262861513843291,0.885,0.9280479118009685,0.885,0.9297675661571602,0.885,0.9330845579749006,0.885,0.9230769230769232,13,2.0,1.7,6.611111111111111,14.0,2.0,-1.8071020254965993,0.997492437067318
LC_dv14_Tlc2p0_TTC02_CP3_S5p667_E15p667.mp4,CP3,52,-1.5301259224206023,0.9999810986164807,0.9999815503594018,1.0,0.9999819913056707,1.0,0.999982421713327,1.0,0.9999828418342437,1.0,0.9999836521933941,1.0,1.0,13,2.0,1.4,5.444444444444444,14.0,2.0,-1.4281679601945294,0.9999971246462699
LC_dv14_Tlc2p0_TTC02_CP4_S5p967_E15p967.mp4,CP4,53,-1.5968768392496093,0.9999999997071746,0.9999999997141731,1.0,0.9999999997210044,1.0,0.9999999997276724,1.0,0.999999999734181,1.0,0.9999999997467353,1.0,0.9230769230769232,13,2.0,1.1,4.277777777777778,14.0,2.0,-0.9636630946851306,0.9999986797519633
LC_dv14_Tlc2p0_TTC02_CP5_S6p267_E16p267.mp4,CP5,54,-1.6259415544107636,0.9999999999999962,0.9999999999999963,1.0,0.9999999999999964,1.0,0.9999999999999964,1.0,0.9999999999999966,1.0,0.9999999999999968,1.0,1.0,13,2.0,0.8,3.111111111111111,14.0,2.0,-0.36704016867923733,0.9999999973645194
LC_dv14_Tlc2p0_TTC03_CP1_S5p067_E15p067.mp4,CP1,50,-0.0007162724276410497,6.77349068669535e-05,0.023966108374604573,0.085,0.04729331089972815,0.085,0.07006299346338611,0.085,0.09228848078838202,0.085,0.1351585839209489,0.085,0.0576923076923076,26,3.0,3.0,11.666666666666666,14.0,2.0,-2.9294975251009734,0.0686582649460838
LC_dv14_Tlc2p0_TTC03_CP2_S5p367_E15p367.mp4,CP2,51,-1.3140001460038981,0.9416151070978489,0.9430105055904853,0.92,0.9443725540698483,0.92,0.9457020496009995,0.92,0.9469997701991514,0.92,0.9495029061289295,0.92,0.9615384615384616,13,3.0,2.7,10.5,14.0,2.0,-2.7202914812804466,0.9980916639635253
LC_dv14_Tlc2p0_TTC03_CP3_S5p667_E15p667.mp4,CP3,52,-1.530137274111991,0.9999858259544391,0.9999861647140192,1.0,0.9999864953772482,1.0,0.9999868181376284,1.0,0.999987133184038,1.0,0.9999877408679944,1.0,0.8076923076923077,13,3.0,2.4,9.333333333333332,14.0,2.0,-2.4868395624018516,0.9999971926735736
LC_dv14_Tlc2p0_TTC03_CP4_S5p967_E15p967.mp4,CP4,53,-1.593552869829194,0.9999999997713732,0.9999999997768374,1.0,0.999999999782171,1.0,0.9999999997873771,1.0,0.9999999997924588,1.0,0.9999999998022607,1.0,0.9230769230769232,13,3.0,2.1,8.166666666666666,14.0,2.0,-2.222852452749923,0.999998640030944
LC_dv14_Tlc2p0_TTC03_CP5_S6p267_E16p267.mp4,CP5,54,-1.6379103248987434,0.9999999999999974,0.9999999999999976,1.0,0.9999999999999976,1.0,0.9999999999999977,1.0,0.9999999999999977,1.0,0.9999999999999978,1.0,0.8846153846153846,13,3.0,1.8,7.0,14.0,2.0,-1.9192714731796099,0.9999999980320942
LC_dv14_Tlc2p0_TTC04_CP1_S5p067_E15p067.mp4,CP1,50,-0.003587248957181239,6.92241768715504e-05,0.023967562051067485,0.085,0.04729472983333474,0.085,0.07006437848449039,0.085,0.09228983270749253,0.085,0.13515987199057589,0.085,0.0192307692307692,26,4.0,4.0,15.555555555555555,14.0,2.0,-3.50202987173271,0.06959850821849405
LC_dv14_Tlc2p0_TTC04_CP2_S5p367_E15p367.mp4,CP2,51,-1.3140024624267812,0.9416165427848927,0.9430119069646198,0.92,0.9443739219511518,0.92,0.9457033847899502,0.92,0.9470010734770964,0.92,0.9495041478546536,0.92,0.6923076923076923,13,4.0,3.7,14.38888888888889,14.0,2.0,-3.3467218195246335,0.9980731718505069
LC_dv14_Tlc2p0_TTC04_CP3_S5p667_E15p667.mp4,CP3,52,-1.509169735125117,0.9999824327250361,0.999982852582773,1.0,0.9999832624059132,1.0,0.9999836624342835,1.0,0.9999840529019789,1.0,0.9999848060638837,1.0,0.4615384615384615,13,4.0,3.4,13.22222222222222,14.0,2.0,-3.178391416598784,0.9999959135900139
LC_dv14_Tlc2p0_TTC04_CP4_S5p967_E15p967.mp4,CP4,53,-1.573997766800972,0.999999999616253,0.9999999996254245,1.0,0.9999999996343769,1.0,0.9999999996431153,1.0,0.9999999996516448,1.0,0.9999999996680972,1.0,0.8076923076923077,13,4.0,3.1,12.055555555555555,14.0,2.0,-2.994666810733115,0.9999980359568056
LC_dv14_Tlc2p0_TTC04_CP5_S6p267_E16p267.mp4,CP5,54,-1.6469018171630494,0.9999999999999962,0.9999999999999963,1.0,0.9999999999999964,1.0,0.9999999999999964,1.0,0.9999999999999966,1.0,0.9999999999999968,1.0,0.6538461538461539,13,4.0,2.8,10.888888888888888,14.0,2.0,-2.7924676631200214,0.9999999982373063
LC_dv14_Tlc2p0_TTC05_CP1_S5p067_E15p067.mp4,CP1,50,-0.0006918237325193017,6.772223996368267e-05,0.023966096010440197,0.085,0.0472932988310672,0.085,0.07006298168316606,0.085,0.09228846928970914,0.085,0.13515857296534425,0.085,0.0,13,5.0,5.0,19.444444444444443,14.0,2.0,-3.9470035365243263,0.0678601653862488
LC_dv14_Tlc2p0_TTC05_CP3_S5p667_E15p667.mp4,CP3,52,-1.5301467447074113,0.9999863319564728,0.9999866586226083,1.0,0.9999869774814256,1.0,0.9999872887195197,1.0,0.9999875925190257,1.0,0.9999881785091533,1.0,0.3076923076923077,13,5.0,4.4,17.11111111111111,14.0,2.0,-3.6920172466422034,0.9999971246462699
LC_dv14_Tlc2p0_TTC05_CP5_S6p267_E16p267.mp4,CP5,54,-1.6379175991272317,0.9999999999999974,0.9999999999999976,1.0,0.9999999999999976,1.0,0.9999999999999977,1.0,0.9999999999999977,1.0,0.9999999999999978,1.0,0.4615384615384615,13,5.0,3.8,14.777777777777777,14.0,2.0,-3.3998370992963483,0.9999999979586583
LC_dv14_Tlc2p0_TTC06_CP1_S5p067_E15p067.mp4,CP1,50,-0.0036107235837260785,6.922220708654561e-05,0.023967560128360325,0.085,0.04729472795658027,0.085,0.07006437665259034,0.085,0.09228983091937487,0.085,0.13515987028690882,0.085,0.1153846153846153,13,6.0,6.0,23.33333333333333,14.0,2.0,-4.3109324539736695,0.06879198247347547
LC_dv14_Tlc2p0_TTC06_CP2_S5p367_E15p367.mp4,CP2,51,-1.3139924291622287,0.9416101392858377,0.943005656509143,0.92,0.944367820881513,0.92,0.945697429535829,0.92,0.946995260553503,0.92,0.949498609468321,0.92,0.4230769230769231,13,6.0,5.7,22.166666666666668,14.0,2.0,-4.208521269093284,0.9980356984122977
LC_dv14_Tlc2p0_TTC06_CP4_S5p967_E15p967.mp4,CP4,53,-1.593552869829194,0.9999999997630737,0.9999999997687363,1.0,0.9999999997742635,1.0,0.9999999997796586,1.0,0.9999999997849247,1.0,0.9999999997950825,1.0,0.5,13,6.0,5.1,19.83333333333333,14.0,2.0,-3.9865180565099796,0.9999985782918679
LC_dv14_Tlc3p0_TTC02_CP1_S5p033_E15p033.mp4,CP1,50,-0.0002375981103355619,6.750245022772014e-05,0.023965881473677238,0.085,0.04729308942173124,0.085,0.07006277727871162,0.085,0.09228826977051958,0.085,0.13515838286920162,0.085,0.0,24,2.0,2.0,7.777777777777778,14.0,3.0,-2.126614252395814,0.06892590070714696
LC_dv14_Tlc3p0_TTC02_CP2_S5p333_E15p333.mp4,CP2,51,-0.6602522731591505,0.01773755087242056,0.041213615874082565,0.095,0.06412860310223126,0.095,0.08649592231135096,0.095,0.10832866276289656,0.095,0.15044120774955622,0.095,0.6666666666666666,12,2.0,1.7,6.611111111111111,14.0,3.0,-1.8071020254965993,0.7633659258264393
LC_dv14_Tlc3p0_TTC02_CP3_S5p633_E15p633.mp4,CP3,52,-1.021233506458231,0.5514645233371689,0.5621845177898128,0.53,0.5726483044572449,0.53,0.582862006703567,0.53,0.5928316015445259,0.53,0.6120616662343172,0.53,1.0,12,2.0,1.4,5.444444444444444,14.0,3.0,-1.4281679601945294,0.9930843699650579
LC_dv14_Tlc3p0_TTC02_CP4_S5p933_E15p933.mp4,CP4,53,-1.0440187425816225,0.9929137529407709,0.9930831141911455,1.0,0.993248427708935,1.0,0.9934097902349169,1.0,0.9935672961977653,1.0,0.9938711049184727,1.0,0.875,12,2.0,1.1,4.277777777777778,14.0,3.0,-0.9636630946851306,0.9938957654158629
LC_dv14_Tlc3p0_TTC02_CP5_S6p233_E16p233.mp4,CP5,54,-1.0706850960574885,0.9999531217321559,0.9999542421223979,1.0,0.9999553357353217,1.0,0.999956403210905,1.0,0.99995744517383,1.0,0.9999594549861416,1.0,1.0,12,2.0,0.8,3.111111111111111,14.0,3.0,-0.36704016867923733,0.9982050834916191
LC_dv14_Tlc3p0_TTC03_CP1_S5p067_E15p067.mp4,CP1,50,-0.0035876054125427628,6.922450153475115e-05,0.02396756236797123,0.085,0.04729473014266449,0.085,0.07006437878642716,0.085,0.09228983300221301,0.085,0.13515987227137707,0.085,0.0833333333333333,24,3.0,3.0,11.666666666666666,14.0,3.0,-2.9294975251009734,0.07000449169775758
LC_dv14_Tlc3p0_TTC03_CP2_S5p367_E15p367.mp4,CP2,51,-0.8806854486870309,0.13433280408455878,0.15502224342856227,0.175,0.17521720533090124,0.175,0.19492950779863952,0.175,0.2141706863885627,0.175,0.2512844422527346,0.175,0.7083333333333334,12,3.0,2.7,10.5,14.0,3.0,-2.7202914812804466,0.9262592498030785
LC_dv14_Tlc3p0_TTC03_CP3_S5p667_E15p667.mp4,CP3,52,-1.0061976928023544,0.8217333025797957,0.825993875281099,0.775,0.8301526203275135,0.775,0.83421197139921,0.775,0.8381743040114221,0.775,0.8458171334012653,0.775,0.8333333333333334,12,3.0,2.4,9.333333333333332,14.0,3.0,-2.4868395624018516,0.9934643023675425
LC_dv14_Tlc3p0_TTC03_CP4_S5p967_E15p967.mp4,CP4,53,-1.0269197378188237,0.99783075178371,0.9978825967994444,1.0,0.9979332027197003,1.0,0.9979825991588502,1.0,0.9980308150234832,1.0,0.9981238172177307,1.0,0.875,12,3.0,2.1,8.166666666666666,14.0,3.0,-2.222852452749923,0.9939824095323917
LC_dv14_Tlc3p0_TTC03_CP5_S6p267_E16p267.mp4,CP5,54,-1.051126814862964,0.9999804078088002,0.9999808760620196,1.0,0.9999813331239906,1.0,0.9999817792621841,1.0,0.9999822147376782,1.0,0.9999830547138312,1.0,1.0,12,3.0,1.8,7.0,14.0,3.0,-1.9192714731796099,0.9994519960911403
LC_dv14_Tlc3p0_TTC04_CP1_S5p067_E15p067.mp4,CP1,50,-0.0036083736726781066,6.923526379183547e-05,0.023967572873010455,0.085,0.04729474039663336,0.085,0.07006438879532624,0.085,0.09228984277189949,0.085,0.1351598815796532,0.085,0.0,24,4.0,4.0,15.555555555555555,14.0,3.0,-3.50202987173271,0.06959850821849405
LC_dv14_Tlc3p0_TTC04_CP2_S5p367_E15p367.mp4,CP2,51,-0.8840130614200741,0.13828391097861395,0.15887891889814862,0.18,0.17898170628633941,0.18,0.19860403721011083,0.18,0.21775739457527804,0.18,0.2547017546054029,0.18,0.4583333333333333,12,4.0,3.7,14.38888888888889,14.0,3.0,-3.3467218195246335,0.9273818432199612
LC_dv14_Tlc3p0_TTC04_CP3_S5p667_E15p667.mp4,CP3,52,-1.021165855435267,0.8472936527424971,0.8509433332709216,0.79,0.8545057864627045,0.79,0.8579830970505223,0.79,0.8613772999419571,0.79,0.8679242802569858,0.79,0.7083333333333334,12,4.0,3.4,13.22222222222222,14.0,3.0,-3.178391416598784,0.9943833053719391
LC_dv14_Tlc3p0_TTC04_CP4_S5p967_E15p967.mp4,CP4,53,-1.0535679954959458,0.9986377747296467,0.9986703319031619,1.0,0.9987021109604797,1.0,0.9987331304985714,1.0,0.9987634086699405,1.0,0.9988218113636714,1.0,0.6666666666666666,12,4.0,3.1,12.055555555555555,14.0,3.0,-2.994666810733115,0.9953798107040172
LC_dv14_Tlc3p0_TTC04_CP5_S6p267_E16p267.mp4,CP5,54,-1.060099366278323,0.9999890146585562,0.9999892772081325,1.0,0.9999895334827759,1.0,0.9999897836324573,1.0,0.9999900278035632,1.0,0.9999904987781852,1.0,0.7916666666666666,12,4.0,2.8,10.888888888888888,14.0,3.0,-2.7924676631200214,0.9995320028000246
LC_dv14_Tlc3p0_TTC06_CP1_S5p067_E15p067.mp4,CP1,50,-0.0006938332817263399,6.770960671272631e-05,0.02396608367912384,0.085,0.04729328679446921,0.085,0.07006296993424267,0.085,0.09228845782158493,0.085,0.1351585620388455,0.085,0.0416666666666666,12,6.0,6.0,23.33333333333333,14.0,3.0,-4.3109324539736695,0.06746381177441818
LC_dv14_Tlc3p0_TTC06_CP3_S5p667_E15p667.mp4,CP3,52,-1.024159866615214,0.8476760753235044,0.8513166159551755,0.79,0.8548701476936671,0.79,0.8583387500508591,0.79,0.8617244528383131,0.79,0.8682550375472989,0.79,0.2916666666666667,12,6.0,5.4,21.0,14.0,3.0,-4.100592230430808,0.9944637763344877
LC_dv14_Tlc3p0_TTC06_CP5_S6p267_E16p267.mp4,CP5,54,-1.0600880007745939,0.9999890810116079,0.9999893419753467,1.0,0.9999895967020542,1.0,0.9999898453407954,1.0,0.9999900880370725,1.0,0.9999905561669397,1.0,0.4166666666666667,12,6.0,4.8,18.666666666666664,14.0,3.0,-3.8655582954417866,0.9995234895197389
LC_dv14_Tlc3p0_TTC07_CP1_S5p067_E15p067.mp4,CP1,50,0.002629444517265131,6.605707506018633e-05,0.02396447064296512,0.085,0.04729171230986232,0.085,0.07006143307980582,0.085,0.09228695769795733,0.085,0.13515713276421923,0.085,0.0416666666666666,12,7.0,7.0,27.22222222222222,14.0,3.0,-4.6188029292484325,0.0657669232431323
LC_dv14_Tlc3p0_TTC07_CP2_S5p367_E15p367.mp4,CP2,51,-0.8873443860576492,0.14231277889558885,0.16281149690280322,0.185,0.18282029570683977,0.185,0.2023508843728975,0.185,0.2214146921196068,0.185,0.2581863224667945,0.185,0.2083333333333333,12,7.0,6.7,26.05555555555556,14.0,3.0,-4.531306949154863,0.9276604359339765
LC_dv14_Tlc3p0_TTC07_CP4_S5p967_E15p967.mp4,CP4,53,-1.0569247796436447,0.998418991984492,0.9984567780639387,1.0,0.9984936610563764,1.0,0.9985296625455776,1.0,0.998564803599463,1.0,0.9986325861673871,1.0,0.4583333333333333,12,7.0,6.1,23.72222222222222,14.0,3.0,-4.343938255060313,0.9953388119762816
LC_dv14_Tlc4p0_TTC02_CP1_S5p067_E15p067.mp4,CP1,50,-0.0002539167183549882,6.751403344577503e-05,0.02396589278005647,0.085,0.047293100457888086,0.085,0.07006278805110441,0.085,0.09228828028545229,0.085,0.1351583928875269,0.085,0.0416666666666666,24,2.0,2.0,7.777777777777778,14.0,4.0,-2.126614252395814,0.06892590070714819
LC_dv14_Tlc4p0_TTC02_CP2_S5p367_E15p367.mp4,CP2,51,-0.6540257860203342,0.016737754935786723,0.040237715052667336,0.095,0.06317602630296415,0.095,0.08556611209028149,0.095,0.10742107499898038,0.095,0.14957648424396158,0.095,0.7916666666666666,12,2.0,1.7,6.611111111111111,14.0,4.0,-1.8071020254965993,0.7564565234464533
LC_dv14_Tlc4p0_TTC02_CP3_S5p667_E15p667.mp4,CP3,52,-0.7666931134807814,0.092838374677204,0.11451953056584294,0.155,0.1356825069950055,0.155,0.15633968844979956,0.155,0.1765031634262337,0.155,0.21539591025831345,0.155,0.9583333333333334,12,2.0,1.4,5.444444444444444,14.0,4.0,-1.4281679601945294,0.9375274072042139
LC_dv14_Tlc4p0_TTC02_CP4_S5p967_E15p967.mp4,CP4,53,-0.7740177186567021,0.4440318186268861,0.4573194538982573,0.42,0.470289514788539,0.42,0.482949591323004,0.42,0.49530709212537916,0.42,0.5191431199303936,0.42,0.9583333333333334,12,2.0,1.1,4.277777777777778,14.0,4.0,-0.9636630946851306,0.9366533958742219
LC_dv14_Tlc4p0_TTC02_CP5_S6p267_E16p267.mp4,CP5,54,-0.7876511917346094,0.8718710647978233,0.8749333453665976,1.0,0.8779224374532613,1.0,0.8808400902619756,1.0,0.8836880111909358,1.0,0.8891812839436373,1.0,0.9583333333333334,12,2.0,0.8,3.111111111111111,14.0,4.0,-0.36704016867923733,0.9812742618891324
LC_dv14_Tlc4p0_TTC03_CP1_S5p067_E15p067.mp4,CP1,50,0.0026394992474854046,6.60520532148585e-05,0.02396446574114186,0.085,0.0472917075251926,0.085,0.07006142840948966,0.085,0.09228695313926169,0.085,0.1351571284208252,0.085,0.0,24,3.0,3.0,11.666666666666666,14.0,4.0,-2.9294975251009734,0.06720057157626612
LC_dv14_Tlc4p0_TTC03_CP2_S5p367_E15p367.mp4,CP2,51,-0.6673714923943085,0.018941664488757743,0.04238895118422305,0.095,0.06527584790747246,0.095,0.08761574797454454,0.095,0.1094217246013272,0.095,0.15148264561632624,0.095,0.5,12,3.0,2.7,10.5,14.0,4.0,-2.7202914812804466,0.7692452858291812
LC_dv14_Tlc4p0_TTC03_CP3_S5p667_E15p667.mp4,CP3,52,-0.7517344405128469,0.08760610967035556,0.10941231665253451,0.155,0.13069735545506045,0.155,0.15147368199343053,0.155,0.17175345448685686,0.155,0.21087052425389025,0.155,0.7916666666666666,12,3.0,2.4,9.333333333333332,14.0,4.0,-2.4868395624018516,0.930671138710811
LC_dv14_Tlc4p0_TTC03_CP4_S5p967_E15p967.mp4,CP4,53,-0.7869188981960381,0.4704594770716929,0.4831154915088939,0.44,0.4954690272980985,0.44,0.5075273136766743,0.44,0.5192974071032712,0.44,0.542000401719307,0.44,0.875,12,3.0,2.1,8.166666666666666,14.0,4.0,-2.222852452749923,0.9416395400907686
LC_dv14_Tlc4p0_TTC03_CP5_S6p267_E16p267.mp4,CP5,54,-0.7966446081846503,0.8870660165193461,0.8897651378584986,1.0,0.8923997502183436,1.0,0.8949713953629919,1.0,0.8974815782084037,1.0,0.9023233976875824,1.0,0.9166666666666666,12,3.0,1.8,7.0,14.0,4.0,-1.9192714731796099,0.9827914821129783
LC_dv14_Tlc4p0_TTC04_CP1_S5p067_E15p067.mp4,CP1,50,-0.0006918237325148608,6.77222399755426e-05,0.02396609601045177,0.085,0.0472932988310785,0.085,0.0700629816831771,0.085,0.09228846928971991,0.085,0.1351585729653545,0.085,0.0416666666666666,24,4.0,4.0,15.555555555555555,14.0,4.0,-3.50202987173271,0.06825831495507272
LC_dv14_Tlc4p0_TTC04_CP2_S5p367_E15p367.mp4,CP2,51,-0.6640200605431119,0.01836602662927198,0.04182707106516471,0.095,0.06472739671895082,0.095,0.08708040476522277,0.095,0.10889917609060294,0.095,0.150984776431657,0.095,0.5416666666666666,12,4.0,3.7,14.38888888888889,14.0,4.0,-3.3467218195246335,0.765231418264879
LC_dv14_Tlc4p0_TTC04_CP3_S5p667_E15p667.mp4,CP3,52,-0.7636991023016586,0.09735465273490324,0.11892786961259627,0.155,0.13998548677234685,0.155,0.16053982704345987,0.155,0.18060291873971432,0.155,0.21930203915041752,0.155,0.6666666666666666,12,4.0,3.4,13.22222222222222,14.0,4.0,-3.178391416598784,0.9360232956005555
LC_dv14_Tlc4p0_TTC04_CP4_S5p967_E15p967.mp4,CP4,53,-0.7635761944430375,0.44088410767270453,0.45424697321174234,0.42,0.46729046636687044,0.42,0.48002222013561513,0.42,0.4924496850869203,0.42,0.5164206647261219,0.42,0.6666666666666666,12,4.0,3.1,12.055555555555555,14.0,4.0,-2.994666810733115,0.9321398346137548
LC_dv14_Tlc4p0_TTC04_CP5_S6p267_E16p267.mp4,CP5,54,-0.7996177615614362,0.8756539641969514,0.8786258334990957,1.0,0.8815266751477087,1.0,0.8843581867031648,1.0,0.887122025154159,1.0,0.8924531136339432,1.0,0.6666666666666666,12,4.0,2.8,10.888888888888888,14.0,4.0,-2.7924676631200214,0.9829628745313245
LC_dv14_Tlc4p0_TTC05_CP1_S5p033_E15p033.mp4,CP1,50,-0.00022618716468838642,6.748105517558914e-05,0.023965860589966685,0.085,0.0472930690371412,0.085,0.07006275738131314,0.085,0.09228825034866879,0.085,0.13515836436462103,0.085,0.0,12,5.0,5.0,19.444444444444443,14.0,4.0,-3.9470035365243263,0.06772784818573144
LC_dv14_Tlc4p0_TTC05_CP2_S5p333_E15p333.mp4,CP2,51,-0.5002600772564701,0.004126224222712489,0.027927599826923957,0.085,0.05116012273671583,0.085,0.07383738852712245,0.085,0.09597266783903904,0.085,0.1386687713302237,0.085,0.2916666666666667,12,5.0,4.7,18.27777777777778,14.0,4.0,-3.823560482361224,0.5693609688929139
LC_dv14_Tlc4p0_TTC05_CP4_S5p933_E15p933.mp4,CP4,53,-0.7807044936567412,0.328205457242814,0.34426134166304917,0.325,0.35993349056876534,0.325,0.37523107523581695,0.325,0.39016304774663557,0.325,0.41896489996930963,0.325,0.5833333333333334,12,5.0,4.1,15.944444444444445,14.0,4.0,-3.5512393946718532,0.9317416850449268
LC_dv14_Tlc4p0_TTC07_CP1_S5p067_E15p067.mp4,CP1,50,-0.00027774549520150467,6.752619067697698e-05,0.023965904646729937,0.085,0.04729311204094815,0.085,0.07006279935732942,0.085,0.0922882913214586,0.085,0.1351584034023162,0.085,0.0,12,7.0,7.0,27.22222222222222,14.0,4.0,-4.6188029292484325,0.06706924964162596
LC_dv14_Tlc4p0_TTC07_CP3_S5p667_E15p667.mp4,CP3,52,-0.7666950096457483,0.09845689458091868,0.12000376788694449,0.155,0.14103567108618867,0.155,0.16156491196025424,0.155,0.18160350413485815,0.155,0.22025536812303625,0.155,0.375,12,7.0,6.4,24.88888888888889,14.0,4.0,-4.4398128505982255,0.9362759180631297
LC_dv14_Tlc4p0_TTC07_CP5_S6p267_E16p267.mp4,CP5,54,-0.7966256445698561,0.8968650907605161,0.8993300143004489,1.0,0.9017360261866797,1.0,0.90408453440728,1.0,0.9063769132994175,1.0,0.9107986169987704,1.0,0.375,12,7.0,5.8,22.55555555555556,14.0,4.0,-4.243243257827761,0.9824442744800443
LC_dv21_Tlc2p0_TTC02_CP1_S5p067_E15p067.mp4,CP1,50,0.001016348086451122,6.686800661621857e-05,0.023965262193263184,0.085,0.04729248494211433,0.085,0.07006218724615292,0.085,0.09228769383973452,0.085,0.13515783413892202,0.085,0.0,21,2.0,2.0,11.666666666666666,21.0,2.0,-2.5240324169928092,0.06852474796040976
LC_dv21_Tlc2p0_TTC02_CP2_S5p367_E15p367.mp4,CP2,51,-1.3189478255587723,0.9446230564026483,0.9459465649299665,0.92,0.9472384416136311,0.92,0.9484994424544629,0.92,0.9497303053848688,0.92,0.9521044814826505,0.92,0.9090909090909092,11,2.0,1.7,9.916666666666666,21.0,2.0,-2.2014740122577,0.9982166585021697
LC_dv21_Tlc2p0_TTC02_CP3_S5p667_E15p667.mp4,CP3,52,-1.5289798440038513,0.9999854483056206,0.9999857960910047,1.0,0.9999861355643208,1.0,0.9999864669242272,1.0,0.9999867903646343,1.0,0.9999874142395313,1.0,0.85,10,2.0,1.4,8.166666666666666,21.0,2.0,-1.8173873446417588,0.9999972060928942
LC_dv21_Tlc2p0_TTC02_CP4_S5p967_E15p967.mp4,CP4,53,-1.5922657451524953,0.9999999997608777,0.9999999997665927,1.0,0.9999999997721711,1.0,0.9999999997776163,1.0,0.9999999997829313,1.0,0.9999999997931831,1.0,0.9090909090909092,11,2.0,1.1,6.416666666666667,21.0,2.0,-1.3431519510514416,0.9999986467298211
LC_dv21_Tlc2p0_TTC02_CP5_S6p267_E16p267.mp4,CP5,54,-1.6392004456817817,0.9999999999999976,0.9999999999999977,1.0,0.9999999999999977,1.0,0.9999999999999978,1.0,0.9999999999999978,1.0,0.9999999999999979,1.0,0.85,10,2.0,0.8,4.666666666666667,21.0,2.0,-0.7248214237408357,0.9999999981713319
LC_dv21_Tlc2p0_TTC03_CP1_S5p067_E15p067.mp4,CP1,50,0.0010163480864570432,6.686800807114812e-05,0.023965262194683343,0.085,0.047292484943500544,0.085,0.07006218724750601,0.085,0.09228769384105528,0.085,0.1351578341401804,0.085,0.0,21,3.0,3.0,17.5,21.0,2.0,-3.3313653230046385,0.06799268213764463
LC_dv21_Tlc2p0_TTC03_CP2_S5p367_E15p367.mp4,CP2,51,-1.2922663088464725,0.9265180570806085,0.9282742749528852,0.895,0.929988519231482,0.895,0.9316617930849659,0.895,0.9332950757061832,0.895,0.9364454675690183,0.895,0.6818181818181818,11,3.0,2.7,15.75,21.0,2.0,-3.1213203295684973,0.9976078721880507
LC_dv21_Tlc2p0_TTC03_CP3_S5p667_E15p667.mp4,CP3,52,-1.5140263990298772,0.9999768022373791,0.9999773566637278,1.0,0.999977897839291,1.0,0.9999784260807625,1.0,0.9999789416972669,1.0,0.9999799362551092,1.0,0.4,10,3.0,2.4,13.999999999999998,21.0,2.0,-2.8866986115637183,0.9999961567929754
LC_dv21_Tlc2p0_TTC03_CP4_S5p967_E15p967.mp4,CP4,53,-1.5755945001952143,0.9999999995329432,0.9999999995441058,1.0,0.9999999995550017,1.0,0.9999999995656371,1.0,0.9999999995760184,1.0,0.9999999995960426,1.0,0.7727272727272727,11,3.0,2.1,12.25,21.0,2.0,-2.6210116473490204,0.9999980738129465
LC_dv21_Tlc2p0_TTC03_CP5_S6p267_E16p267.mp4,CP5,54,-1.6212363793066233,0.999999999999994,0.9999999999999941,1.0,0.9999999999999943,1.0,0.9999999999999944,1.0,0.9999999999999946,1.0,0.9999999999999948,1.0,0.6,10,3.0,1.8,10.5,21.0,2.0,-2.3148263731722825,0.9999999968782419
LC_dv21_Tlc2p0_TTC04_CP1_S5p067_E15p067.mp4,CP1,50,-0.0023046331826748145,6.855454601269768e-05,0.02396690842438102,0.085,0.047294091828321075,0.085,0.07006375572779164,0.085,0.0922892248346741,0.085,0.13515929282684605,0.085,0.0,21,4.0,4.0,23.33333333333333,21.0,2.0,-3.905467345865506,0.06879198247347298
LC_dv21_Tlc2p0_TTC04_CP2_S5p367_E15p367.mp4,CP2,51,-1.3156042191159474,0.9426144974018364,0.9439860104738714,0.92,0.9453247443940022,0.92,0.9466314825837079,0.92,0.9479069897407004,0.92,0.9503672788028483,0.92,0.4090909090909091,11,4.0,3.7,21.58333333333333,21.0,2.0,-3.7498182114466854,0.9981039022944863
LC_dv21_Tlc2p0_TTC04_CP3_S5p667_E15p667.mp4,CP3,52,-1.4870636861214348,0.9999760160222382,0.9999765892391228,1.0,0.9999771487561282,1.0,0.9999776949006816,1.0,0.9999782279923841,1.0,0.9999792562576338,1.0,0.1,10,4.0,3.4,19.83333333333333,21.0,2.0,-3.581052948401815,0.9999940052248426
LC_dv21_Tlc2p0_TTC04_CP4_S5p967_E15p967.mp4,CP4,53,-1.5989303569873603,0.9999999996364969,0.9999999996451846,1.0,0.9999999996536647,1.0,0.9999999996619421,1.0,0.9999999996700217,1.0,0.9999999996856062,1.0,0.5909090909090909,11,4.0,3.1,18.08333333333333,21.0,2.0,-3.3967619499593167,0.9999986467298211
LC_dv21_Tlc2p0_TTC04_CP5_S6p267_E16p267.mp4,CP5,54,-1.6182352195734466,0.9999999999999948,0.9999999999999949,1.0,0.999999999999995,1.0,0.9999999999999951,1.0,0.9999999999999952,1.0,0.9999999999999954,1.0,0.4,10,4.0,2.8,16.333333333333332,21.0,2.0,-3.1938060599341176,0.999999996684254
LC_dv21_Tlc2p0_TTC05_CP1_S5p067_E15p067.mp4,CP1,50,-0.0023046331826792553,6.855453526752436e-05,0.023966908413892655,0.085,0.047294091818083375,0.085,0.07006375571779863,0.085,0.09228922482491993,0.085,0.13515929281755254,0.085,0.0454545454545454,11,5.0,5.0,29.166666666666664,21.0,2.0,-4.351169726564992,0.06825831495507569
LC_dv21_Tlc2p0_TTC05_CP2_S5p367_E15p367.mp4,CP2,51,-1.2889478342124845,0.9239441322801164,0.9257618669353866,0.89,0.9275361577463351,0.89,0.9292680430205082,0.89,0.9309585362499095,0.89,0.9342192800090726,0.89,0.4545454545454545,11,5.0,4.7,27.416666666666668,21.0,2.0,-4.2275558878377515,0.9974608153286381
LC_dv21_Tlc2p0_TTC05_CP4_S5p967_E15p967.mp4,CP4,53,-1.5955965470702385,0.9999999997149284,0.9999999997217416,1.0,0.9999999997283919,1.0,0.9999999997348834,1.0,0.9999999997412197,1.0,0.9999999997534416,1.0,0.4545454545454545,11,5.0,4.1,23.916666666666664,21.0,2.0,-3.954774326475534,0.9999985922398206
LC_dv21_Tlc2p0_TTC07_CP1_S5p033_E15p033.mp4,CP1,50,-0.0015158624631297563,6.814319971856352e-05,0.023966506909260162,0.085,0.04729369990940852,0.085,0.0700633731757381,0.085,0.09228885142561172,0.085,0.13515893705343626,0.085,0.0,10,7.0,7.0,40.83333333333333,21.0,2.0,-5.023604775564403,0.06720057157626591
LC_dv21_Tlc2p0_TTC07_CP3_S5p633_E15p633.mp4,CP3,52,-1.4765143313256528,0.9992074479676186,0.9992263899551148,1.0,0.9992448792292552,1.0,0.9992629266098854,1.0,0.9992805426582568,1.0,0.9993145217471934,1.0,0.0,10,7.0,6.4,37.333333333333336,21.0,2.0,-4.84448464013414,0.9999871799890574
LC_dv21_Tlc2p0_TTC07_CP5_S6p233_E16p233.mp4,CP5,54,-1.6029011359954417,0.9999999999997755,0.9999999999997808,1.0,0.9999999999997861,1.0,0.9999999999997913,1.0,0.9999999999997962,1.0,0.9999999999998058,1.0,0.05,10,7.0,5.8,33.83333333333333,21.0,2.0,-4.647742639447824,0.9999997986497621
LC_dv21_Tlc3p0_TTC02_CP1_S5p067_E15p067.mp4,CP1,50,0.00102869919037888,6.686175753497822e-05,0.023965256093534934,0.085,0.04729247898816954,0.085,0.07006218143450738,0.085,0.09228768816698725,0.085,0.13515782873409166,0.085,0.0208333333333333,24,2.0,2.0,11.666666666666666,21.0,3.0,-2.5240324169928092,0.06852474796040976
LC_dv21_Tlc3p0_TTC02_CP2_S5p367_E15p367.mp4,CP2,51,-0.8889579190317122,0.1443280077280268,0.16477856178159972,0.185,0.1847403477501175,0.185,0.2042250471870648,0.185,0.22324406245688755,0.185,0.2599292938839701,0.185,0.5,12,2.0,1.7,9.916666666666666,21.0,3.0,-2.2014740122577,0.9306711387108086
LC_dv21_Tlc3p0_TTC02_CP3_S5p667_E15p667.mp4,CP3,52,-1.0200333487458175,0.8444869406266634,0.8482037015531331,0.785,0.8518316319219621,0.785,0.8553728547827969,0.785,0.8588294424444137,0.785,0.8654967549480012,0.785,0.75,12,2.0,1.4,8.166666666666666,21.0,3.0,-1.8173873446417588,0.9944477645677361
LC_dv21_Tlc3p0_TTC02_CP4_S5p967_E15p967.mp4,CP4,53,-1.0222861530355962,0.9980601012668929,0.998106464831738,1.0,0.9981517203077389,1.0,0.9981958941782104,1.0,0.9982390122935164,1.0,0.9983221815857357,1.0,0.875,12,2.0,1.1,6.416666666666667,21.0,3.0,-1.3431519510514416,0.9939131821523477
LC_dv21_Tlc3p0_TTC02_CP5_S6p267_E16p267.mp4,CP5,54,-1.052388167899978,0.9999863188955672,0.9999866458738582,1.0,0.9999869650373706,1.0,0.9999872765728776,1.0,0.9999875806626882,1.0,0.9999881672127761,1.0,0.9166666666666666,12,2.0,0.8,4.666666666666667,21.0,3.0,-0.7248214237408357,0.9994916398022013
LC_dv21_Tlc3p0_TTC03_CP1_S5p067_E15p067.mp4,CP1,50,0.0037388844830014427,6.550540095503528e-05,0.023963932153866854,0.085,0.04729118669064937,0.085,0.07006092002288802,0.085,0.09228645690309593,0.085,0.13515665562128568,0.085,0.0208333333333333,24,3.0,3.0,17.5,21.0,3.0,-3.3313653230046385,0.06654594577985329
LC_dv21_Tlc3p0_TTC03_CP2_S5p367_E15p367.mp4,CP2,51,-0.8856328139168547,0.14022952582786,0.16077803356741766,0.185,0.18083543212957628,0.185,0.20041345901990965,0.185,0.21952357121769822,0.185,0.2563845168885158,0.185,0.3333333333333333,12,3.0,2.7,15.75,21.0,3.0,-3.1213203295684973,0.9284913009848358
LC_dv21_Tlc3p0_TTC03_CP3_S5p667_E15p667.mp4,CP3,52,-1.0075088648295416,0.8254057304717088,0.8295785321745575,0.775,0.8336516039487073,0.775,0.8376273293386892,0.775,0.8415080349223384,0.775,0.8489934162849809,0.775,0.625,12,3.0,2.4,13.999999999999998,21.0,3.0,-2.8866986115637183,0.993592849665881
LC_dv21_Tlc3p0_TTC03_CP4_S5p967_E15p967.mp4,CP4,53,-1.0362453071446762,0.9978778741697301,0.9979285929607999,1.0,0.9979780995731522,1.0,0.9980264229778489,1.0,0.998073591453544,1.0,0.9981645733693996,1.0,0.7083333333333334,12,3.0,2.1,12.25,21.0,3.0,-2.6210116473490204,0.994479747066685
LC_dv21_Tlc3p0_TTC03_CP5_S6p267_E16p267.mp4,CP5,54,-1.0769045960178603,0.9999865947522438,0.9999869151375624,1.0,0.9999872278656743,1.0,0.9999875331195868,1.0,0.999987831077933,1.0,0.9999884058012157,1.0,0.7083333333333334,12,3.0,1.8,10.5,21.0,3.0,-2.3148263731722825,0.9996181914116228
LC_dv21_Tlc3p0_TTC04_CP1_S5p067_E15p067.mp4,CP1,50,-0.002314924651543032,6.855988101419573e-05,0.023966913631876023,0.085,0.047294096911356984,0.085,0.07006376068934304,0.085,0.09228922967764447,0.085,0.13515929744108884,0.085,0.0208333333333333,24,4.0,4.0,23.33333333333333,21.0,3.0,-3.905467345865506,0.06879198247347298
LC_dv21_Tlc3p0_TTC04_CP2_S5p367_E15p367.mp4,CP2,51,-0.8856245866588612,0.14024741085444603,0.16079549114200542,0.185,0.1808524724682653,0.185,0.20043009209463467,0.185,0.21953980676206486,0.185,0.2563999856480101,0.185,0.2916666666666667,12,4.0,3.7,21.58333333333333,21.0,3.0,-3.7498182114466854,0.9280767884615825
LC_dv21_Tlc3p0_TTC04_CP3_S5p667_E15p667.mp4,CP3,52,-1.020016720372091,0.8406454407356821,0.8444540134800876,0.785,0.848171561365108,0.785,0.8518002598841844,0.785,0.8553422325364815,0.785,0.8621742416922914,0.785,0.25,12,4.0,3.4,19.83333333333333,21.0,3.0,-3.581052948401815,0.9943017973703617
LC_dv21_Tlc3p0_TTC04_CP4_S5p967_E15p967.mp4,CP4,53,-1.0523092535376242,0.9985450803945845,0.9985798529619968,1.0,0.9986137944653147,1.0,0.9986469247669635,1.0,0.9986792632546571,1.0,0.9987416400332761,1.0,0.4583333333333333,12,4.0,3.1,18.08333333333333,21.0,3.0,-3.3967619499593167,0.9953112994612481
LC_dv21_Tlc3p0_TTC04_CP5_S6p267_E16p267.mp4,CP5,54,-1.0733580821343571,0.9999905506588964,0.9999907764980763,1.0,0.9999909969397016,1.0,0.9999912121127736,1.0,0.999991422143211,1.0,0.9999918272648796,1.0,0.5833333333333334,12,4.0,2.8,16.333333333333332,21.0,3.0,-3.1938060599341176,0.999609717310084
LC_dv21_Tlc3p0_TTC05_CP1_S5p067_E15p067.mp4,CP1,50,-0.002306690583583713,6.855560389827497e-05,0.02396690945698314,0.085,0.04729409283624401,0.085,0.07006375671162524,0.085,0.09228922579499409,0.085,0.13515929374181126,0.085,0.0833333333333333,12,5.0,5.0,29.166666666666664,21.0,3.0,-4.351169726564992,0.06825831495507569
LC_dv21_Tlc3p0_TTC05_CP3_S5p667_E15p667.mp4,CP3,52,-1.0290004155808108,0.7217377711563837,0.7283882362918901,0.685,0.7348797553616571,0.685,0.7412161271754368,0.685,0.7474010597514578,0.685,0.7593309982731562,0.685,0.25,12,5.0,4.4,25.666666666666668,21.0,3.0,-4.095805857419422,0.9942523901108805
LC_dv21_Tlc3p0_TTC05_CP5_S6p267_E16p267.mp4,CP5,54,-1.0823472837030357,0.9999844208616263,0.999984793202914,1.0,0.9999851566452477,1.0,0.9999855114013124,1.0,0.99998585767871,1.0,0.9999865256032205,1.0,0.2916666666666667,12,5.0,3.8,22.166666666666664,21.0,3.0,-3.8030561609851192,0.9996139759479503
LC_dv21_Tlc3p0_TTC06_CP1_S5p067_E15p067.mp4,CP1,50,0.0010266417892731022,6.686279844194201e-05,0.023965257109564233,0.085,0.047292479979915744,0.085,0.07006218240255084,0.085,0.0922876891118945,0.085,0.13515782963437212,0.085,0.0,12,6.0,6.0,35.0,21.0,3.0,-4.715495070062747,0.06628548183858271
LC_dv21_Tlc3p0_TTC06_CP2_S5p367_E15p367.mp4,CP2,51,-0.8889558633325813,0.14432542451472027,0.1647760403070714,0.185,0.18473788653881107,0.185,0.2042226447986897,0.185,0.2232417174855762,0.185,0.2599270596627813,0.185,0.1666666666666666,12,6.0,5.7,33.25,21.0,3.0,-4.612986512760817,0.928353334320949
LC_dv21_Tlc3p0_TTC06_CP4_S5p967_E15p967.mp4,CP4,53,-1.052296900964516,0.9985853632826457,0.9986191730893423,1.0,0.9986521748419181,1.0,0.9986843878528605,1.0,0.9987158309730884,1.0,0.9987764807031603,1.0,0.0416666666666666,12,6.0,5.1,29.75,21.0,3.0,-4.3907346032672905,0.9951997951317513
LC_dv21_Tlc4p0_TTC02_CP1_S5p067_E15p067.mp4,CP1,50,0.00102869919037888,6.686175764588331e-05,0.02396525609364319,0.085,0.047292478988275204,0.085,0.0700621814346105,0.085,0.09228768816708792,0.085,0.13515782873418758,0.085,0.02,25,2.0,2.0,11.666666666666666,21.0,4.0,-2.5240324169928092,0.06852474796040976
LC_dv21_Tlc4p0_TTC02_CP2_S5p367_E15p367.mp4,CP2,51,-0.6689836305064847,0.019229216890515044,0.04266963108578345,0.095,0.06554981956153795,0.095,0.08788317170817883,0.095,0.10968275690977837,0.095,0.15173134968860613,0.095,0.6153846153846154,13,2.0,1.7,9.916666666666666,21.0,4.0,-2.2014740122577,0.7726114797953868
LC_dv21_Tlc4p0_TTC02_CP3_S5p667_E15p667.mp4,CP3,52,-0.7655455850710067,0.0969560030371634,0.11853874763957536,0.155,0.13960566481149714,0.155,0.16016908282456183,0.155,0.18024103530480487,0.155,0.21895724702684233,0.155,0.9166666666666666,12,2.0,1.4,8.166666666666666,21.0,4.0,-1.8173873446417588,0.9377753899706929
LC_dv21_Tlc4p0_TTC02_CP4_S5p967_E15p967.mp4,CP4,53,-0.762302047705434,0.4363173406289443,0.4497893518653077,0.415,0.46293938213643226,0.415,0.47577512678491807,0.415,0.48830409723473606,0.415,0.5124708679099738,0.415,0.8846153846153846,13,2.0,1.1,6.416666666666667,21.0,4.0,-1.3431519510514416,0.9326679077682407
LC_dv21_Tlc4p0_TTC02_CP5_S6p267_E16p267.mp4,CP5,54,-0.776958003472421,0.8550326022858284,0.8584973219795136,1.0,0.8618792348990888,1.0,0.8651803201258205,1.0,0.8684025094409475,1.0,0.874617697717013,1.0,0.9166666666666666,12,2.0,0.8,4.666666666666667,21.0,4.0,-0.7248214237408357,0.9795949669416939
LC_dv21_Tlc4p0_TTC03_CP1_S5p067_E15p067.mp4,CP1,50,0.0010286991903848013,6.686175887734433e-05,0.02396525609484522,0.085,0.04729247898944851,0.085,0.07006218143575578,0.085,0.09228768816820582,0.085,0.13515782873525267,0.085,0.0,25,3.0,3.0,17.5,21.0,4.0,-3.3313653230046385,0.06799268213764463
LC_dv21_Tlc4p0_TTC03_CP2_S5p367_E15p367.mp4,CP2,51,-0.6556425336762438,0.016992100927607164,0.040485982177233724,0.095,0.06341835984515724,0.095,0.08580265386267451,0.095,0.10765196342482714,0.095,0.1497964680922871,0.095,0.4230769230769231,13,3.0,2.7,15.75,21.0,4.0,-3.1213203295684973,0.7577208282829206
LC_dv21_Tlc4p0_TTC03_CP3_S5p667_E15p667.mp4,CP3,52,-0.753559560023242,0.08220820547589189,0.10414342232692464,0.145,0.1255543876634281,0.145,0.1464536310925793,0.145,0.16685338276403971,0.145,0.2062018769160986,0.145,0.5833333333333334,12,3.0,2.4,13.999999999999998,21.0,4.0,-2.8866986115637183,0.9310740992928537
LC_dv21_Tlc4p0_TTC03_CP4_S5p967_E15p967.mp4,CP4,53,-0.7889707648927058,0.45885123785223575,0.4717846891177639,0.43,0.48440903099722615,0.43,0.49673165120257917,0.43,0.5087597608795202,0.43,0.5319604356183985,0.43,0.6538461538461539,13,3.0,2.1,12.25,21.0,4.0,-2.6210116473490204,0.9421090090066966
LC_dv21_Tlc4p0_TTC03_CP5_S6p267_E16p267.mp4,CP5,54,-0.7979141796488552,0.8867127849396048,0.8894203485108044,1.0,0.8920632013334152,1.0,0.8946428899938325,1.0,0.897160924115048,1.0,0.9020178876942642,1.0,0.8333333333333334,12,3.0,1.8,10.5,21.0,4.0,-2.3148263731722825,0.9829628745313249
LC_dv21_Tlc4p0_TTC04_CP1_S5p067_E15p067.mp4,CP1,50,-0.0023272891625654843,6.856630392906801e-05,0.02396691990128328,0.085,0.04729410303092546,0.085,0.07006376666265388,0.085,0.09228923550819322,0.085,0.1351593029962679,0.085,0.0,25,4.0,4.0,23.33333333333333,21.0,4.0,-3.905467345865506,0.06879198247347298
LC_dv21_Tlc4p0_TTC04_CP2_S5p367_E15p367.mp4,CP2,51,-0.66896557378878,0.01923034295202739,0.04267073023443428,0.095,0.06555089244054446,0.095,0.08788421894538531,0.095,0.10968377911802364,0.095,0.15173232361920816,0.095,0.2307692307692307,13,4.0,3.7,21.58333333333333,21.0,4.0,-3.7498182114466854,0.7701660893151503
LC_dv21_Tlc4p0_TTC04_CP3_S5p667_E15p667.mp4,CP3,52,-0.765535605132505,0.0969431760299962,0.11852622719778111,0.155,0.13959344360816575,0.155,0.16015715370789632,0.155,0.18022939129393623,0.155,0.2189461529483434,0.155,0.3333333333333333,12,4.0,3.4,19.83333333333333,21.0,4.0,-3.581052948401815,0.936778834257638
LC_dv21_Tlc4p0_TTC04_CP4_S5p967_E15p967.mp4,CP4,53,-0.7856322068386249,0.49291863585357226,0.5050378765681145,0.465,0.5168674675225158,0.465,0.5284143313438221,0.465,0.5396852252083464,0.465,0.5614253281497545,0.465,0.5,13,4.0,3.1,18.08333333333333,21.0,4.0,-3.3967619499593167,0.9412854801114635
LC_dv21_Tlc4p0_TTC04_CP5_S6p267_E16p267.mp4,CP5,54,-0.7979089160164126,0.9007668198130485,0.9031384920585462,1.0,0.9054534813555638,1.0,0.9077131424261351,1.0,0.9099187976144479,1.0,0.9141732224563056,1.0,0.625,12,4.0,2.8,16.333333333333332,21.0,4.0,-3.1938060599341176,0.9830904593602893
LC_dv21_Tlc4p0_TTC06_CP1_S5p067_E15p067.mp4,CP1,50,0.001018407720471494,6.686696449547167e-05,0.023965261176049114,0.085,0.047292483949211664,0.085,0.07006218627698063,0.085,0.09228769289372545,0.085,0.1351578332375918,0.085,0.0,12,6.0,6.0,35.0,21.0,4.0,-4.715495070062747,0.06628548183858271
LC_dv21_Tlc4p0_TTC06_CP3_S5p667_E15p667.mp4,CP3,52,-0.7625582335872113,0.09587429553196254,0.11748289293545372,0.155,0.13857504502670717,0.155,0.15916309484472502,0.155,0.17925909042997173,0.155,0.2180216782055941,0.155,0.125,12,6.0,5.4,31.5,21.0,4.0,-4.5049434573664415,0.9343622237825722
LC_dv21_Tlc4p0_TTC06_CP5_S6p267_E16p267.mp4,CP5,54,-0.797918419752849,0.8903599624244273,0.892980358481708,1.0,0.8955381270933143,1.0,0.8980347650547174,1.0,0.9004717333879884,1.0,0.9051723315008872,1.0,0.3333333333333333,12,6.0,4.8,28.0,21.0,4.0,-4.269614189639312,0.9825751718430129
LC_dv21_Tlc4p0_TTC07_CP1_S5p033_E15p033.mp4,CP1,50,0.0014752566642356076,6.664718275870987e-05,0.023965046647094177,0.085,0.047292274547497105,0.085,0.07006198187996544,0.085,0.09228749338179736,0.085,0.13515764314836767,0.085,0.0384615384615384,13,7.0,7.0,40.83333333333333,21.0,4.0,-5.023604775564403,0.06576692324313017
LC_dv21_Tlc4p0_TTC07_CP2_S5p333_E15p333.mp4,CP2,51,-0.4962650857999513,0.003979800808464063,0.02778467593115322,0.085,0.051020614720958,0.085,0.07370121475187143,0.085,0.09583974861597226,0.085,0.13854212971924024,0.085,0.0769230769230769,13,7.0,6.7,39.083333333333336,21.0,4.0,-4.936048126263401,0.5590199287179077
LC_dv21_Tlc4p0_TTC07_CP4_S5p933_E15p933.mp4,CP4,53,-0.7823066319770652,0.3541449117020412,0.3695808433596177,0.35,0.3846478563689487,0.35,0.3993547678828982,0.35,0.41371018432444434,0.35,0.44139993413109524,0.35,0.2307692307692307,13,7.0,6.1,35.58333333333333,21.0,4.0,-4.748530185202152,0.9317416850449286
LC_dv28_Tlc2p0_TTC02_CP1_S5p067_E15p067.mp4,CP1,50,0.002136681776769099,6.630368292422962e-05,0.023964711356903107,0.085,0.04729194727073903,0.085,0.07006166242511938,0.085,0.09228718156191966,0.085,0.13515734605536084,0.085,0.0576923076923076,26,2.0,2.0,15.555555555555555,28.0,2.0,-2.8088826911727645,0.06812539860546084
LC_dv28_Tlc2p0_TTC02_CP2_S5p367_E15p367.mp4,CP2,51,-1.317809625071192,0.9439383371735555,0.9452782104851982,0.92,0.9465860608349675,0.92,0.9478626535714065,0.92,0.9491087357512343,0.92,0.9515122678214081,0.92,0.7307692307692307,13,2.0,1.7,13.22222222222222,28.0,2.0,-2.4852442360388385,0.9981992703970146
LC_dv28_Tlc2p0_TTC02_CP3_S5p667_E15p667.mp4,CP3,52,-1.530261407019526,0.9999858694435931,0.999986207163783,1.0,0.9999865368124627,1.0,0.9999868585825417,1.0,0.9999871726623181,1.0,0.9999877784817637,1.0,0.9230769230769232,13,2.0,1.4,10.888888888888888,28.0,2.0,-2.099320482560076,0.9999973241348752
LC_dv28_Tlc2p0_TTC02_CP4_S5p967_E15p967.mp4,CP4,53,-1.591139945305339,0.9999999997512562,0.9999999997572012,1.0,0.999999999763004,1.0,0.9999999997686683,1.0,0.9999999997741971,1.0,0.9999999997848615,1.0,0.9615384615384616,13,2.0,1.1,8.555555555555555,28.0,2.0,-1.62158054054924,0.999998640030944
LC_dv28_Tlc2p0_TTC02_CP5_S6p267_E16p267.mp4,CP5,54,-1.6380520082894856,0.9999999999999974,0.9999999999999976,1.0,0.9999999999999976,1.0,0.9999999999999977,1.0,0.9999999999999977,1.0,0.9999999999999978,1.0,0.9615384615384616,13,2.0,0.8,6.222222222222222,28.0,2.0,-0.995262057665552,0.999999998160105
LC_dv28_Tlc2p0_TTC03_CP1_S5p067_E15p067.mp4,CP1,50,-0.0011875358401436358,6.79769068892847e-05,0.023966344590828224,0.085,0.047293541470385864,0.085,0.07006321852340687,0.085,0.09228870046947,0.085,0.13515879322676821,0.085,0.0384615384615384,26,3.0,3.0,23.33333333333333,28.0,2.0,-3.6177852734137246,0.06879198247347547
LC_dv28_Tlc2p0_TTC03_CP2_S5p367_E15p367.mp4,CP2,51,-1.2878096327164381,0.9230315229900774,0.9248710690003812,0.885,0.9266666498751454,0.885,0.928419316380772,0.885,0.9301300941703545,0.885,0.933429964234118,0.885,0.5384615384615384,13,3.0,2.7,21.0,28.0,2.0,-3.407445049870862,0.9974924370673178
LC_dv28_Tlc2p0_TTC03_CP3_S5p667_E15p667.mp4,CP3,52,-1.512291146449268,0.9999774546618869,0.9999779934952949,1.0,0.9999785194505886,1.0,0.9999790328355548,1.0,0.9999795339506243,1.0,0.999980500537066,1.0,0.5,13,3.0,2.4,18.666666666666664,28.0,2.0,-3.1724111148818412,0.9999961019290455
LC_dv28_Tlc2p0_TTC03_CP4_S5p967_E15p967.mp4,CP4,53,-1.60113756277605,0.9999999996487138,0.9999999996571095,1.0,0.9999999996653046,1.0,0.9999999996733038,1.0,0.9999999996811119,1.0,0.9999999996961726,1.0,0.6923076923076923,13,3.0,2.1,16.333333333333332,28.0,2.0,-2.9061239874823364,0.9999987309844237
LC_dv28_Tlc2p0_TTC03_CP5_S6p267_E16p267.mp4,CP5,54,-1.6470172517441442,0.9999999999999966,0.9999999999999967,1.0,0.9999999999999967,1.0,0.9999999999999968,1.0,0.9999999999999969,1.0,0.999999999999997,1.0,0.6538461538461539,13,3.0,1.8,14.0,28.0,2.0,-2.5990165391119375,0.9999999983319441
LC_dv28_Tlc2p0_TTC04_CP1_S5p067_E15p067.mp4,CP1,50,0.0021361233272365557,6.630395195332577e-05,0.023964711619502407,0.085,0.047291947527062214,0.085,0.07006166267531644,0.085,0.092287181806137,0.085,0.13515734628804413,0.085,0.0769230769230769,26,4.0,4.0,31.11111111111111,28.0,2.0,-4.192438774014104,0.06667647449733112
LC_dv28_Tlc2p0_TTC04_CP2_S5p367_E15p367.mp4,CP2,51,-1.3144781091200028,0.941901953192615,0.9432904960657862,0.92,0.9446458527749366,0.92,0.945968816469132,0.92,0.9472601613411812,0.92,0.9497509993162927,0.92,0.3846153846153846,13,4.0,3.7,28.77777777777778,28.0,2.0,-4.036669905896323,0.998066971730018
LC_dv28_Tlc2p0_TTC04_CP3_S5p667_E15p667.mp4,CP3,52,-1.5302552134618208,0.9999858670977667,0.9999862048740217,1.0,0.9999865345774268,1.0,0.999986856400923,1.0,0.9999871705328401,1.0,0.9999877764528584,1.0,0.2692307692307692,13,4.0,3.4,26.444444444444443,28.0,2.0,-3.8677519092575547,0.9999971791925669
LC_dv28_Tlc2p0_TTC04_CP4_S5p967_E15p967.mp4,CP4,53,-1.5878042328413002,0.9999999997409663,0.9999999997471573,1.0,0.9999999997532002,1.0,0.9999999997590987,1.0,0.9999999997648562,1.0,0.9999999997759618,1.0,0.4615384615384615,13,4.0,3.1,24.11111111111111,28.0,2.0,-3.683261845150956,0.9999984843450851
LC_dv28_Tlc2p0_TTC04_CP5_S6p267_E16p267.mp4,CP5,54,-1.6380474884292144,0.9999999999999974,0.9999999999999976,1.0,0.9999999999999976,1.0,0.9999999999999977,1.0,0.9999999999999977,1.0,0.9999999999999978,1.0,0.3846153846153846,13,4.0,2.8,21.77777777777777,28.0,2.0,-3.480039750725194,0.999999998020036
LC_dv28_Tlc2p0_TTC05_CP1_S5p067_E15p067.mp4,CP1,50,-0.0011875358401377146,6.797705977094232e-05,0.023966344740056014,0.085,0.04729354161604711,0.085,0.07006321866558683,0.085,0.09228870060825187,0.085,0.13515879335899555,0.085,0.0,13,5.0,5.0,38.888888888888886,28.0,2.0,-4.6383967788013445,0.06733209223175714
LC_dv28_Tlc2p0_TTC05_CP3_S5p667_E15p667.mp4,CP3,52,-1.5302530148121671,0.9999858631289408,0.9999862010000506,1.0,0.9999865307960436,1.0,0.9999868527099149,1.0,0.9999871669300472,1.0,0.9999877730202209,1.0,0.2692307692307692,13,5.0,4.4,34.22222222222222,28.0,2.0,-4.382900491159472,0.9999970969959394
LC_dv28_Tlc2p0_TTC05_CP5_S6p267_E16p267.mp4,CP5,54,-1.6380352182378652,0.9999999999999974,0.9999999999999976,1.0,0.9999999999999976,1.0,0.9999999999999977,1.0,0.9999999999999977,1.0,0.9999999999999978,1.0,0.1538461538461538,13,5.0,3.8,29.55555555555556,28.0,2.0,-4.089950923855126,0.9999999979586583
LC_dv28_Tlc2p0_TTC06_CP1_S5p033_E15p033.mp4,CP1,50,-0.0003561482314827988,6.754745921868917e-05,0.023965925406953664,0.085,0.0472931323050027,0.085,0.07006281913707323,0.085,0.09228831062846668,0.085,0.13515842179747792,0.085,0.0769230769230769,13,6.0,6.0,46.66666666666666,28.0,2.0,-5.002861077785692,0.0665459457798555
LC_dv28_Tlc2p0_TTC06_CP2_S5p333_E15p333.mp4,CP2,51,-0.9811634738416796,0.302491755459528,0.31916219715519795,0.305,0.3354342154221788,0.305,0.3513173325773609,0.305,0.36682084335433396,0.305,0.39672511929694554,0.305,0.2307692307692307,13,6.0,5.7,44.333333333333336,28.0,2.0,-4.900318396338529,0.9613579655372053
LC_dv28_Tlc2p0_TTC06_CP4_S5p933_E15p933.mp4,CP4,53,-1.581144834742009,0.9999999884736077,0.9999999887490884,1.0,0.9999999890179851,1.0,0.9999999892804552,1.0,0.9999999895366523,1.0,0.9999999900308233,1.0,0.3846153846153846,13,6.0,5.1,39.66666666666666,28.0,2.0,-4.677979310694104,0.9999969403117667
LC_dv28_Tlc3p0_TTC02_CP1_S5p033_E15p033.mp4,CP1,50,-0.0003623789954089606,6.756610747849828e-05,0.02396594360952021,0.085,0.04729315007252803,0.085,0.07006283647995484,0.085,0.09228832755685357,0.085,0.13515843792635782,0.085,0.0416666666666666,24,2.0,2.0,15.555555555555555,28.0,3.0,-2.8088826911727645,0.06959850821849417
LC_dv28_Tlc3p0_TTC02_CP2_S5p333_E15p333.mp4,CP2,51,-0.6611663621404876,0.017885471358196365,0.04135800106138266,0.095,0.0642695374846621,0.095,0.08663348836312246,0.095,0.10846294098708563,0.095,0.1505691441777037,0.095,0.5416666666666666,12,2.0,1.7,13.22222222222222,28.0,3.0,-2.4852442360388385,0.7652314182648793
LC_dv28_Tlc3p0_TTC02_CP3_S5p633_E15p633.mp4,CP3,52,-1.0183624721502658,0.5477105445625644,0.5585202590791339,0.525,0.5690716215016519,0.525,0.5793708064431848,0.525,0.5894238409435945,0.525,0.6088148499921618,0.525,0.7916666666666666,12,2.0,1.4,10.888888888888888,28.0,3.0,-2.099320482560076,0.9930060847520041
LC_dv28_Tlc3p0_TTC02_CP4_S5p933_E15p933.mp4,CP4,53,-1.0444948378038124,0.992878124215723,0.9930483369923531,1.0,0.9932144816849269,1.0,0.9933766555206224,1.0,0.9935349534028883,1.0,0.9938402896341788,1.0,0.9166666666666666,12,2.0,1.1,8.555555555555555,28.0,3.0,-1.62158054054924,0.9940167607914941
LC_dv28_Tlc3p0_TTC02_CP5_S6p233_E16p233.mp4,CP5,54,-1.0578348833360445,0.9999460053799302,0.9999472958509358,1.0,0.9999485554796943,1.0,0.9999497850033351,1.0,0.9999509851413703,1.0,0.9999533000531016,1.0,1.0,12,2.0,0.8,6.222222222222222,28.0,3.0,-0.995262057665552,0.99798470429574
LC_dv28_Tlc3p0_TTC03_CP1_S5p067_E15p067.mp4,CP1,50,-0.0011833330314677416,6.797476479801058e-05,0.02396634249993292,0.085,0.04729353942946294,0.085,0.07006321653126199,0.085,0.09228869852493737,0.085,0.13515879137407344,0.085,0.0,24,3.0,3.0,23.33333333333333,28.0,3.0,-3.6177852734137246,0.06879198247347547
LC_dv28_Tlc3p0_TTC03_CP2_S5p367_E15p367.mp4,CP2,51,-0.8845154639599319,0.13889341904309016,0.15947385972455788,0.18,0.1795624280315598,0.18,0.19917087971007372,0.18,0.21831068954383862,0.18,0.2552289181303684,0.18,0.4166666666666667,12,3.0,2.7,21.0,28.0,3.0,-3.407445049870862,0.9280767884615826
LC_dv28_Tlc3p0_TTC03_CP3_S5p667_E15p667.mp4,CP3,52,-1.006331449208634,0.8262629379758719,0.8304152524259446,0.775,0.8344683265925026,0.775,0.8384245323175609,0.775,0.8422861847561284,0.775,0.8497348150553315,0.775,0.6666666666666666,12,3.0,2.4,18.666666666666664,28.0,3.0,-3.1724111148818412,0.9935563521312816
LC_dv28_Tlc3p0_TTC03_CP4_S5p967_E15p967.mp4,CP4,53,-1.0511773232367203,0.9982902870904549,0.9983311492158821,1.0,0.9983710347368249,1.0,0.998409966994123,1.0,0.9984479687707704,1.0,0.9985212693045344,1.0,0.8333333333333334,12,3.0,2.1,16.333333333333332,28.0,3.0,-2.9061239874823364,0.9952697590284613
LC_dv28_Tlc3p0_TTC03_CP5_S6p267_E16p267.mp4,CP5,54,-1.0751953874822515,0.9999889035123893,0.9999891687183582,1.0,0.9999894275859064,1.0,0.9999896802665221,1.0,0.9999899269080731,1.0,0.9999904026478655,1.0,0.8333333333333334,12,3.0,1.8,14.0,28.0,3.0,-2.5990165391119375,0.9996209779324361
LC_dv28_Tlc3p0_TTC04_CP1_S5p067_E15p067.mp4,CP1,50,0.0021385054944008243,6.630276972648015e-05,0.023964710465530774,0.085,0.04729194640067049,0.085,0.07006166157584547,0.085,0.09228718073294338,0.085,0.13515734526553608,0.085,0.0208333333333333,24,4.0,4.0,31.11111111111111,28.0,3.0,-4.192438774014104,0.06667647449733112
LC_dv28_Tlc3p0_TTC04_CP2_S5p367_E15p367.mp4,CP2,51,-0.8844972585671771,0.13884381819709632,0.15942544433840292,0.18,0.17951516977276266,0.18,0.19912475092329945,0.18,0.21826566323471452,0.18,0.25518601835866833,0.18,0.2083333333333333,12,4.0,3.7,28.77777777777778,28.0,3.0,-4.036669905896323,0.927242239074523
LC_dv28_Tlc3p0_TTC04_CP3_S5p667_E15p667.mp4,CP3,52,-1.0213015050487275,0.843915835507682,0.8476462458421158,0.785,0.8512874993981633,0.785,0.8548417270221442,0.785,0.8583110086331677,0.785,0.8650028061305941,0.785,0.4166666666666667,12,4.0,3.4,26.444444444444443,28.0,3.0,-3.8677519092575547,0.9943994821688934
LC_dv28_Tlc3p0_TTC04_CP4_S5p967_E15p967.mp4,CP4,53,-1.0511705995651586,0.9984951782235776,0.9985311434524944,1.0,0.9985662491127157,1.0,0.9986005157479272,1.0,0.9986339634108198,1.0,0.9986984796455722,1.0,0.4583333333333333,12,4.0,3.1,24.11111111111111,28.0,3.0,-3.683261845150956,0.9952558394504715
LC_dv28_Tlc3p0_TTC04_CP5_S6p267_E16p267.mp4,CP5,54,-1.0602169276802709,0.9999887510204628,0.9999890198709874,1.0,0.9999892822959867,1.0,0.9999895384490304,1.0,0.9999897884800184,1.0,0.9999902707575983,1.0,0.6666666666666666,12,4.0,2.8,21.77777777777777,28.0,3.0,-3.480039750725194,0.9995353684853555
LC_dv28_Tlc3p0_TTC06_CP1_S5p033_E15p033.mp4,CP1,50,-0.0003539429792750621,6.754634205932345e-05,0.0239659243164944,0.085,0.04729313124060539,0.085,0.07006281809811502,0.085,0.09228830961433956,0.085,0.13515842083124677,0.085,0.0,12,6.0,6.0,46.66666666666666,28.0,3.0,-5.002861077785692,0.0665459457798555
LC_dv28_Tlc3p0_TTC06_CP3_S5p633_E15p633.mp4,CP3,52,-0.9793313595951645,0.362840824242469,0.37806892365701394,0.36,0.3929330716123281,0.36,0.4074419665454961,0.36,0.4216040990010228,0.36,0.4489210288873112,0.36,0.0833333333333333,12,6.0,5.4,42.0,28.0,3.0,-4.79223537809994,0.9880454208558319
LC_dv28_Tlc3p0_TTC06_CP5_S6p233_E16p233.mp4,CP5,54,-1.0878281600917494,0.9999171897415157,0.9999191689060584,1.0,0.9999211007685838,1.0,0.9999229864596095,1.0,0.9999248270826343,1.0,0.9999283774074369,1.0,0.2083333333333333,12,6.0,4.8,37.33333333333333,28.0,3.0,-4.556802567682358,0.9981817282233968
LC_dv28_Tlc3p0_TTC07_CP1_S5p067_E15p067.mp4,CP1,50,0.0021361233272380363,6.630395205512731e-05,0.023964711619601776,0.085,0.047291947527159206,0.085,0.07006166267541111,0.085,0.09228718180622943,0.085,0.13515734628813214,0.085,0.0416666666666666,12,7.0,7.0,54.44444444444444,28.0,3.0,-5.3110546024196355,0.06448428486105212
LC_dv28_Tlc3p0_TTC07_CP2_S5p367_E15p367.mp4,CP2,51,-0.884494878586825,0.13884096551668343,0.15942265983703002,0.18,0.1795124518209512,0.18,0.19912209793051544,0.18,0.21826307364843772,0.18,0.2551835510753792,0.18,0.0,12,7.0,6.7,52.11111111111112,28.0,3.0,-5.223476699001524,0.9248374121597888
LC_dv28_Tlc3p0_TTC07_CP4_S5p967_E15p967.mp4,CP4,53,-1.0511705995651526,0.9984951782233594,0.9985311434522814,1.0,0.9985662491125079,1.0,0.9986005157477242,1.0,0.9986339634106217,1.0,0.9986984796453836,1.0,0.2083333333333333,12,7.0,6.1,47.44444444444444,28.0,3.0,-5.035906465150155,0.9950135522485216
LC_dv28_Tlc4p0_TTC02_CP1_S5p067_E15p067.mp4,CP1,50,0.0021476184997556015,6.629819895140077e-05,0.023964706003997183,0.085,0.047291942045767525,0.085,0.07006165732502465,0.085,0.09228717658371714,0.085,0.13515734131227272,0.085,0.0,24,2.0,2.0,15.555555555555555,28.0,4.0,-2.8088826911727645,0.06812539860546084
LC_dv28_Tlc4p0_TTC02_CP2_S5p367_E15p367.mp4,CP2,51,-0.6678468888198718,0.019025999823354938,0.04247127090497009,0.095,0.06535620018752492,0.095,0.08769417983571993,0.095,0.10949828194162196,0.095,0.15155558724721935,0.095,0.6666666666666666,12,2.0,1.7,13.22222222222222,28.0,4.0,-2.4852442360388385,0.7716961802889222
LC_dv28_Tlc4p0_TTC02_CP3_S5p667_E15p667.mp4,CP3,52,-0.7668193544040945,0.09861947885750454,0.12016246640056673,0.155,0.1411905767065523,0.155,0.1617161153374791,0.155,0.18175109375252685,0.155,0.22039598726385537,0.155,0.7916666666666666,12,2.0,1.4,10.888888888888888,28.0,4.0,-2.099320482560076,0.938881822275994
LC_dv28_Tlc4p0_TTC02_CP4_S5p967_E15p967.mp4,CP4,53,-0.7611778171440813,0.4297923501628906,0.44342030862135573,0.415,0.45672255897716973,0.415,0.46970688565148816,0.415,0.4823808870178607,0.415,0.5068274036558839,0.415,0.9166666666666666,12,2.0,1.1,8.555555555555555,28.0,4.0,-1.62158054054924,0.9325361882255854
LC_dv28_Tlc4p0_TTC02_CP5_S6p267_E16p267.mp4,CP5,54,-0.7847935194395932,0.8757838567368506,0.8787526216082874,1.0,0.8816504330220628,1.0,0.884478986765271,1.0,0.8872399380957072,1.0,0.892565457691702,1.0,0.9166666666666666,12,2.0,0.8,6.222222222222222,28.0,4.0,-0.995262057665552,0.9813204598217244
LC_dv28_Tlc4p0_TTC03_CP1_S5p033_E15p033.mp4,CP1,50,-0.00036237899540762704,6.756610736043362e-05,0.023965943609404964,0.085,0.047293150072415545,0.085,0.07006283647984504,0.085,0.09228832755674637,0.085,0.1351584379262557,0.085,0.0,24,3.0,3.0,23.33333333333333,28.0,4.0,-3.6177852734137246,0.06879198247347298
LC_dv28_Tlc4p0_TTC03_CP2_S5p333_E15p333.mp4,CP2,51,-0.48451360226477885,0.0035855464551614357,0.027399844253871184,0.085,0.05064498051781192,0.085,0.07333455820329997,0.085,0.09548185515609996,0.085,0.13820113912906878,0.085,0.375,12,3.0,2.7,21.0,28.0,4.0,-3.407445049870862,0.5510374230668955
LC_dv28_Tlc4p0_TTC03_CP3_S5p633_E15p633.mp4,CP3,52,-0.7511035828906449,0.051391709019692866,0.07406343989971223,0.115,0.0961933165855575,0.115,0.11779428938831421,0.115,0.13887899910673215,0.115,0.17954868913113203,0.115,0.5,12,3.0,2.4,18.666666666666664,28.0,4.0,-3.1724111148818412,0.9225191252157893
LC_dv28_Tlc4p0_TTC03_CP4_S5p933_E15p933.mp4,CP4,53,-0.7811783721484,0.3258019644426837,0.34191529232241075,0.325,0.35764351178937753,0.325,0.37299582693169575,0.325,0.38798122185984185,0.325,0.41688611904647693,0.325,0.6666666666666666,12,3.0,2.1,16.333333333333332,28.0,4.0,-2.9061239874823364,0.9330618737386368
LC_dv28_Tlc4p0_TTC03_CP5_S6p233_E16p233.mp4,CP5,54,-0.7845087633290678,0.8003519250262161,0.8051235124870867,1.0,0.8097810590442336,1.0,0.814327290274381,1.0,0.8187648666129906,1.0,0.8273243799551743,1.0,0.7916666666666666,12,3.0,1.8,14.0,28.0,4.0,-2.5990165391119375,0.9598099465153931
LC_dv28_Tlc4p0_TTC04_CP1_S5p067_E15p067.mp4,CP1,50,0.0021434154479290225,6.630029541931882e-05,0.023964708050359537,0.085,0.04729194404322183,0.085,0.07006165927473981,0.085,0.09228717848683413,0.085,0.13515734312550784,0.085,0.0,24,4.0,4.0,31.11111111111111,28.0,4.0,-4.192438774014104,0.06667647449733112
LC_dv28_Tlc4p0_TTC04_CP2_S5p367_E15p367.mp4,CP2,51,-0.6545093568428672,0.01681342303875163,0.04031157468855165,0.095,0.06324812069411721,0.095,0.08563648342603886,0.095,0.1074897644603528,0.095,0.14964192958621594,0.095,0.2916666666666667,12,4.0,3.7,28.77777777777778,28.0,4.0,-4.036669905896323,0.7545534039309789
LC_dv28_Tlc4p0_TTC04_CP3_S5p667_E15p667.mp4,CP3,52,-0.7548433097320174,0.08873421797497913,0.11051346317732848,0.155,0.131772184586356,0.155,0.15252282271673046,0.155,0.17277752075491526,0.155,0.21184622512655915,0.155,0.4583333333333333,12,4.0,3.4,26.444444444444443,28.0,4.0,-3.8677519092575547,0.9318746013945377
LC_dv28_Tlc4p0_TTC04_CP4_S5p967_E15p967.mp4,CP4,53,-0.784502044017272,0.45912190360863253,0.4720488859646584,0.43,0.4846669135415059,0.43,0.4969833703560282,0.43,0.5090054639471322,0.43,0.5321945344311061,0.43,0.4583333333333333,12,4.0,3.1,24.11111111111111,28.0,4.0,-3.683261845150956,0.9403330754400755
LC_dv28_Tlc4p0_TTC04_CP5_S6p267_E16p267.mp4,CP5,54,-0.7997534772522973,0.8885915711227775,0.8912542317186067,1.0,0.8938532547466143,1.0,0.8963901611441831,1.0,0.8988664354983043,1.0,0.9036428498640903,1.0,0.625,12,4.0,2.8,21.77777777777777,28.0,4.0,-3.480039750725194,0.9832172263274955
LC_dv28_Tlc4p0_TTC05_CP1_S5p067_E15p067.mp4,CP1,50,-0.0011766102729859867,6.79714358971059e-05,0.02396633925059272,0.085,0.047293536257781946,0.085,0.07006321343538416,0.085,0.092288695503051,0.085,0.13515878849490706,0.085,0.0,12,5.0,5.0,38.888888888888886,28.0,4.0,-4.6383967788013445,0.06733209223175714
LC_dv28_Tlc4p0_TTC05_CP2_S5p367_E15p367.mp4,CP2,51,-0.664513556337054,0.01845089829926672,0.041909914302897415,0.095,0.06480826000393701,0.095,0.08715933541831788,0.095,0.10897622030169436,0.095,0.15105818193903545,0.095,0.25,12,5.0,4.7,36.55555555555556,28.0,4.0,-4.514723053637006,0.7633659258264385
LC_dv28_Tlc4p0_TTC05_CP4_S5p967_E15p967.mp4,CP4,53,-0.7845226367325708,0.48343619125261905,0.49578206232040795,0.45,0.507832867164351,0.45,0.5195956578649357,0.45,0.5310773179579793,0.45,0.55322396181439,0.45,0.375,12,5.0,4.1,31.88888888888889,28.0,4.0,-4.241779956088589,0.9400930928972294
LC_dv28_Tlc4p0_TTC07_CP1_S5p067_E15p067.mp4,CP1,50,0.0021476184997556015,6.629820875698915e-05,0.02396470601356842,0.085,0.04729194205511,0.085,0.07006165733414384,0.085,0.0922871765926184,0.085,0.13515734132075358,0.085,0.0416666666666666,12,7.0,7.0,54.44444444444444,28.0,4.0,-5.3110546024196355,0.06448428486105212
LC_dv28_Tlc4p0_TTC07_CP3_S5p667_E15p667.mp4,CP3,52,-0.7668193544040932,0.09861947893341116,0.12016246647465918,0.155,0.14119057677887398,0.155,0.16171611540807224,0.155,0.18175109382143284,0.155,0.22039598732950702,0.155,0.0833333333333333,12,7.0,6.4,49.77777777777778,28.0,4.0,-5.131888902333795,0.935388332463109
LC_dv28_Tlc4p0_TTC07_CP5_S6p267_E16p267.mp4,CP5,54,-0.7877769149505206,0.888860759589236,0.8915169865827812,1.0,0.8941097297715499,1.0,0.8966405064179895,1.0,0.8991107975219865,1.0,0.9038756709687302,1.0,0.25,12,7.0,5.8,45.11111111111111,28.0,4.0,-4.935086487174845,0.9806647860250347
LC_dv35_Tlc2p0_TTC02_CP1_S5p033_E15p033.mp4,CP1,50,0.0006679122694919212,6.70412138993736e-05,0.0239654312608936,0.085,0.047292649969029675,0.085,0.07006234832892626,0.085,0.09228785107263082,0.085,0.13515798394590123,0.085,0.0,21,2.0,2.0,19.444444444444443,35.0,2.0,-3.0307128046501712,0.06919433995083918
LC_dv35_Tlc2p0_TTC02_CP2_S5p333_E15p333.mp4,CP2,51,-0.9825619093822942,0.30558403745743334,0.32218057363706654,0.305,0.3383804527292772,0.305,0.3541931548354129,0.305,0.3696279334824717,0.305,0.3993996339969339,0.305,0.6363636363636364,11,2.0,1.7,16.527777777777775,35.0,2.0,-2.706571966576927,0.9639098953833413
LC_dv35_Tlc2p0_TTC02_CP3_S5p633_E15p633.mp4,CP3,52,-1.4737666431556264,0.9992073702175355,0.9992263140632581,1.0,0.9992448051512132,1.0,0.999262854302308,1.0,0.99928047207883,1.0,0.9993144545011464,1.0,0.8,10,2.0,1.4,13.611111111111107,35.0,2.0,-2.319791867954003,0.9999880663507497
LC_dv35_Tlc2p0_TTC02_CP4_S5p933_E15p933.mp4,CP4,53,-1.5858822221297988,0.9999999858716624,0.9999999862093295,1.0,0.9999999865389265,1.0,0.9999999868606461,1.0,0.9999999871746765,1.0,0.9999999877804008,1.0,0.8636363636363636,11,2.0,1.1,10.694444444444445,35.0,2.0,-1.8404118891983026,0.9999974001604599
LC_dv35_Tlc2p0_TTC02_CP5_S6p233_E16p233.mp4,CP5,54,-1.6368049298071088,0.9999999999998477,0.9999999999998513,1.0,0.9999999999998549,1.0,0.9999999999998583,1.0,0.9999999999998618,1.0,0.9999999999998682,1.0,0.9,10,2.0,0.8,7.777777777777778,35.0,2.0,-1.2103235205216587,0.9999999035541652
LC_dv35_Tlc2p0_TTC03_CP1_S5p067_E15p067.mp4,CP1,50,0.0007336029168743709,6.701124287840266e-05,0.0239654020061798,0.085,0.04729262141350331,0.085,0.07006232045587675,0.085,0.09228782386574698,0.085,0.13515795802396519,0.085,0.0238095238095238,21,3.0,3.0,29.166666666666664,35.0,2.0,-3.8403441027990013,0.06825831495507322
LC_dv35_Tlc2p0_TTC03_CP2_S5p367_E15p367.mp4,CP2,51,-1.2901450810544353,0.9248613968004217,0.9266572088406907,0.89,0.9284101009869684,0.89,0.9301210990243921,0.89,0.9317912042218423,0.89,0.9350126220926847,0.89,0.6363636363636364,11,3.0,2.7,26.25,35.0,2.0,-3.6298669477037375,0.9975469194209788
LC_dv35_Tlc2p0_TTC03_CP3_S5p667_E15p667.mp4,CP3,52,-1.5373712456124868,0.9999829072118341,0.9999833157293402,1.0,0.999983714483281,1.0,0.9999841037070057,1.0,0.9999844836282864,1.0,0.9999852164475154,1.0,0.3,10,3.0,2.4,23.33333333333333,35.0,2.0,-3.394641722099515,0.9999975103330181
LC_dv35_Tlc2p0_TTC03_CP4_S5p967_E15p967.mp4,CP4,53,-1.593481946922525,0.9999999996931234,0.9999999997004577,1.0,0.9999999997076168,1.0,0.9999999997146047,1.0,0.9999999997214257,1.0,0.9999999997345824,1.0,0.6363636363636364,11,3.0,2.1,20.416666666666664,35.0,2.0,-3.128075880540896,0.9999986129158244
LC_dv35_Tlc2p0_TTC03_CP5_S6p267_E16p267.mp4,CP5,54,-1.615221608314487,0.999999999999996,0.9999999999999961,1.0,0.9999999999999962,1.0,0.9999999999999963,1.0,0.9999999999999963,1.0,0.9999999999999966,1.0,0.75,10,3.0,1.8,17.5,35.0,2.0,-2.8205396992386476,0.9999999967826697
LC_dv35_Tlc2p0_TTC04_CP1_S5p067_E15p067.mp4,CP1,50,0.0007336029168743709,6.701124287840269e-05,0.0239654020061798,0.085,0.04729262141350331,0.085,0.07006232045587675,0.085,0.09228782386574698,0.085,0.13515795802396519,0.085,0.0,21,4.0,4.0,38.888888888888886,35.0,2.0,-4.415253227487135,0.06720057157626577
LC_dv35_Tlc2p0_TTC04_CP2_S5p367_E15p367.mp4,CP2,51,-1.2634865168904952,0.9011966487505373,0.9035580480877252,0.85,0.9058630099988627,0.85,0.9081128833379997,0.85,0.9103089847215844,0.85,0.9145449815043397,0.85,0.2272727272727272,11,4.0,3.7,35.97222222222222,35.0,2.0,-4.2594288772590065,0.99669781652087
LC_dv35_Tlc2p0_TTC04_CP3_S5p667_E15p667.mp4,CP3,52,-1.5352244919241365,0.9999769533322301,0.9999775041474132,1.0,0.9999780417981174,1.0,0.999978566598974,1.0,0.9999790788570941,1.0,0.9999800669370459,1.0,0.2,10,4.0,3.4,33.05555555555555,35.0,2.0,-4.090440092932224,0.9999971926735736
LC_dv35_Tlc2p0_TTC04_CP4_S5p967_E15p967.mp4,CP4,53,-1.596813032019082,0.9999999996217261,0.9999999996307669,1.0,0.9999999996395915,1.0,0.9999999996482053,1.0,0.9999999996566132,1.0,0.9999999996728309,1.0,0.5454545454545454,11,4.0,3.1,30.13888888888889,35.0,2.0,-3.905857743782941,0.9999985852823381
LC_dv35_Tlc2p0_TTC04_CP5_S6p267_E16p267.mp4,CP5,54,-1.6459912809444848,0.9999999999999963,0.9999999999999964,1.0,0.9999999999999966,1.0,0.9999999999999966,1.0,0.9999999999999967,1.0,0.9999999999999968,1.0,0.2,10,4.0,2.8,27.22222222222221,35.0,2.0,-3.7025121973742765,0.9999999982155765
LC_dv35_Tlc2p0_TTC05_CP1_S5p033_E15p033.mp4,CP1,50,0.0006588843785552668,6.704593547930415e-05,0.023965435869627804,0.085,0.047292654467615165,0.085,0.0700623527199956,0.085,0.09228785535875363,0.085,0.1351579880295957,0.085,0.0454545454545454,11,5.0,5.0,48.61111111111111,35.0,2.0,-4.861329650644311,0.06641561494934686
LC_dv35_Tlc2p0_TTC05_CP2_S5p333_E15p333.mp4,CP2,51,-0.9792311453383735,0.2983004174094735,0.31507103205239845,0.305,0.33144082913396306,0.305,0.34741938819081025,0.305,0.3630160598087304,0.305,0.3931000310174534,0.305,0.3181818181818182,11,5.0,4.7,45.69444444444444,35.0,2.0,-4.737628186940948,0.9612732580711751
LC_dv35_Tlc2p0_TTC05_CP4_S5p933_E15p933.mp4,CP4,53,-1.5825414901204682,0.9999999889927371,0.9999999892558106,1.0,0.9999999895125966,1.0,0.9999999897632456,1.0,0.9999999900079038,1.0,0.9999999904798184,1.0,0.4545454545454545,11,5.0,4.1,39.86111111111111,35.0,2.0,-4.46461025602528,0.999997083075516
LC_dv35_Tlc2p0_TTC07_CP1_S5p067_E15p067.mp4,CP1,50,0.0007428807708557491,6.700653798410625e-05,0.02396539741373244,0.085,0.047292616930815407,0.085,0.07006231608032507,0.085,0.09228781959477093,0.085,0.13515795395470212,0.085,0.0,10,7.0,7.0,68.05555555555554,35.0,2.0,-5.534090638937313,0.06461166753689067
LC_dv35_Tlc2p0_TTC07_CP3_S5p667_E15p667.mp4,CP3,52,-1.534379569159344,0.9999822818278884,0.999982705292066,1.0,0.999983118635453,1.0,0.9999835220999362,1.0,0.9999839159216214,1.0,0.9999846755529407,1.0,0.0,10,7.0,6.4,62.22222222222222,35.0,2.0,-5.354903841055232,0.9999969982017984
LC_dv35_Tlc2p0_TTC07_CP5_S6p267_E16p267.mp4,CP5,54,-1.6421700435243194,0.999999999999997,0.9999999999999971,1.0,0.9999999999999971,1.0,0.9999999999999972,1.0,0.9999999999999972,1.0,0.9999999999999974,1.0,0.0,10,7.0,5.8,56.388888888888886,35.0,2.0,-5.158073450022496,0.9999999979082266
LC_dv35_Tlc3p0_TTC02_CP1_S5p067_E15p067.mp4,CP1,50,0.0007428807708513083,6.700653798399131e-05,0.02396539741373233,0.085,0.0472926169308153,0.085,0.07006231608032494,0.085,0.09228781959477082,0.085,0.13515795395470204,0.085,0.0,24,2.0,2.0,19.444444444444443,35.0,3.0,-3.0307128046501712,0.06919433995084183
LC_dv35_Tlc3p0_TTC02_CP2_S5p367_E15p367.mp4,CP2,51,-0.8668460332194403,0.11892105704747882,0.13997883702748343,0.165,0.1605333362274477,0.165,0.18059658305415516,0.165,0.2001803184355594,0.165,0.23795482224036413,0.165,0.7083333333333334,12,2.0,1.7,16.527777777777775,35.0,3.0,-2.706571966576927,0.9205958556856881
LC_dv35_Tlc3p0_TTC02_CP3_S5p667_E15p667.mp4,CP3,52,-0.9954762542117314,0.8064594964671967,0.8110851130174639,0.755,0.8156001773676512,0.755,0.8200073317144929,0.755,0.8243091551062414,0.755,0.8326068184944784,0.755,0.7083333333333334,12,2.0,1.4,13.611111111111107,35.0,3.0,-2.319791867954003,0.9929666495958812
LC_dv35_Tlc3p0_TTC02_CP4_S5p967_E15p967.mp4,CP4,53,-1.0535104088534275,0.9980187220343899,0.9980660745625746,1.0,0.9981122953656987,1.0,0.9981574114919826,1.0,0.9982014493431943,1.0,0.9982863926875438,1.0,0.9166666666666666,12,2.0,1.1,10.694444444444445,35.0,3.0,-1.8404118891983026,0.9954069640975973
LC_dv35_Tlc3p0_TTC02_CP5_S6p267_E16p267.mp4,CP5,54,-1.0643492642165358,0.9999862651907572,0.9999865934525928,1.0,0.999986913868973,1.0,0.9999872266274041,1.0,0.9999875319109113,1.0,0.9999881207634859,1.0,0.8333333333333334,12,2.0,0.8,7.777777777777778,35.0,3.0,-1.2103235205216587,0.9995724949043961
LC_dv35_Tlc3p0_TTC03_CP1_S5p033_E15p033.mp4,CP1,50,0.0006679122694932547,6.704121389937293e-05,0.0239654312608936,0.085,0.047292649969029675,0.085,0.07006234832892626,0.085,0.09228785107263082,0.085,0.13515798394590123,0.085,0.0,24,3.0,3.0,29.166666666666664,35.0,3.0,-3.8403441027990013,0.06825831495507322
LC_dv35_Tlc3p0_TTC03_CP2_S5p333_E15p333.mp4,CP2,51,-0.6625885410119413,0.018124616821827248,0.041591430950266656,0.095,0.06449738840099183,0.095,0.08685589364429919,0.095,0.10868003078374777,0.095,0.15077598108919807,0.095,0.1666666666666666,12,3.0,2.7,26.25,35.0,3.0,-3.6298669477037375,0.7655415413192528
LC_dv35_Tlc3p0_TTC03_CP3_S5p633_E15p633.mp4,CP3,52,-1.0023176108170189,0.5047674023877079,0.5166034576729467,0.475,0.5281566313276331,0.475,0.5394336842205683,0.475,0.5504412156358403,0.475,0.5716733263251284,0.475,0.375,12,3.0,2.4,23.33333333333333,35.0,3.0,-3.394641722099515,0.9916427690811422
LC_dv35_Tlc3p0_TTC03_CP4_S5p933_E15p933.mp4,CP4,53,-1.049238829460411,0.9922501225956244,0.992435344606159,1.0,0.9926161398120622,1.0,0.9927926140139307,1.0,0.9929648704837278,1.0,0.9932971310329556,1.0,0.5416666666666666,12,3.0,2.1,20.416666666666664,35.0,3.0,-3.128075880540896,0.9941524336336097
LC_dv35_Tlc3p0_TTC03_CP5_S6p233_E16p233.mp4,CP5,54,-1.0701667123768808,0.9999451784461003,0.9999464886808181,1.0,0.9999477676009362,1.0,0.9999490159548733,1.0,0.9999502344731609,1.0,0.9999525848380322,1.0,0.6666666666666666,12,3.0,1.8,17.5,35.0,3.0,-2.8205396992386476,0.9981817282233967
LC_dv35_Tlc3p0_TTC04_CP1_S5p067_E15p067.mp4,CP1,50,0.0007428807708587098,6.700653798398778e-05,0.023965397413732326,0.085,0.047292616930815295,0.085,0.07006231608032494,0.085,0.09228781959477082,0.085,0.13515795395470204,0.085,0.0208333333333333,24,4.0,4.0,38.888888888888886,35.0,3.0,-4.415253227487135,0.06733209223175714
LC_dv35_Tlc3p0_TTC04_CP2_S5p367_E15p367.mp4,CP2,51,-0.8668281949294796,0.1189021633616176,0.1399603949005694,0.165,0.1605153348672255,0.165,0.1805790119263042,0.165,0.20016316725752933,0.165,0.23793848109146276,0.165,0.2083333333333333,12,4.0,3.7,35.97222222222222,35.0,3.0,-4.2594288772590065,0.91848446493261
LC_dv35_Tlc3p0_TTC04_CP3_S5p667_E15p667.mp4,CP3,52,-1.0254288054246428,0.8319230623705562,0.8359400998910007,0.78,0.8398611302455111,0.78,0.8436884480046173,0.78,0.8474242928986305,0.78,0.854630256644294,0.78,0.3333333333333333,12,4.0,3.4,33.05555555555555,35.0,3.0,-4.090440092932224,0.9945747147030212
LC_dv35_Tlc3p0_TTC04_CP4_S5p967_E15p967.mp4,CP4,53,-1.036825910151729,0.9980096708498588,0.9980572397012843,1.0,0.9981036716575256,1.0,0.9981489938903687,1.0,0.9981932329221944,1.0,0.9982785643180428,1.0,0.3333333333333333,12,4.0,3.1,30.13888888888889,35.0,3.0,-3.905857743782941,0.9944637763344878
LC_dv35_Tlc3p0_TTC04_CP5_S6p267_E16p267.mp4,CP5,54,-1.0763168876017728,0.9999882652175897,0.9999885456787992,1.0,0.9999888194369881,1.0,0.9999890866523584,1.0,0.9999893474812833,1.0,0.9999898505866933,1.0,0.4166666666666667,12,4.0,2.8,27.22222222222221,35.0,3.0,-3.7025121973742765,0.9996167910294771
LC_dv35_Tlc3p0_TTC05_CP1_S5p067_E15p067.mp4,CP1,50,0.0007336029168743709,6.701123217402279e-05,0.023965401995731255,0.085,0.04729262140330449,0.085,0.07006232044592169,0.085,0.09228782385602984,0.085,0.13515795801470698,0.085,0.0416666666666666,12,5.0,5.0,48.61111111111111,35.0,3.0,-4.861329650644311,0.06641561494934686
LC_dv35_Tlc3p0_TTC05_CP3_S5p667_E15p667.mp4,CP3,52,-1.0074546330877259,0.8293601436424813,0.833438434900873,0.775,0.8374192550294635,0.775,0.8413049335875076,0.775,0.8450977444578118,0.775,0.852413588236382,0.775,0.2083333333333333,12,5.0,4.4,42.77777777777778,35.0,3.0,-4.605772025398682,0.9934271580510342
LC_dv35_Tlc3p0_TTC05_CP5_S6p267_E16p267.mp4,CP5,54,-1.0643509492680938,0.9999879615923318,0.9999882493101828,1.0,0.9999885301515793,1.0,0.9999888042808686,1.0,0.99998907185847,1.0,0.9999895879812079,1.0,0.2916666666666667,12,5.0,3.8,36.94444444444444,35.0,3.0,-4.312729853349183,0.9995453314548949
LC_dv35_Tlc3p0_TTC06_CP1_S5p067_E15p067.mp4,CP1,50,0.000749582629725093,6.70031168118788e-05,0.023965394074326206,0.085,0.04729261367122095,0.085,0.07006231289863489,0.085,0.09228781648912313,0.085,0.13515795099573025,0.085,0.0416666666666666,12,6.0,6.0,58.33333333333333,35.0,3.0,-5.225858302455897,0.06550882590497294
LC_dv35_Tlc3p0_TTC06_CP2_S5p367_E15p367.mp4,CP2,51,-0.8868379156738468,0.14168532377864937,0.16219903795834695,0.185,0.18222247452645937,0.185,0.2017673511141438,0.185,0.22084510530126245,0.185,0.2576436365361535,0.185,0.0,12,6.0,5.7,55.41666666666666,35.0,3.0,-5.123299818704919,0.9261179979653257
LC_dv35_Tlc3p0_TTC06_CP4_S5p967_E15p967.mp4,CP4,53,-1.050168964402036,0.998238724692703,0.9982808191590411,1.0,0.9983219075679565,1.0,0.9983620139642139,1.0,0.9984011618179082,1.0,0.9984766729867188,1.0,0.0833333333333333,12,6.0,5.1,49.58333333333333,35.0,3.0,-4.900920359704262,0.9949254433860201
LC_dv35_Tlc4p0_TTC02_CP1_S5p067_E15p067.mp4,CP1,50,0.0007502966228726612,6.70027667780128e-05,0.023965393732658144,0.085,0.04729261333771875,0.085,0.07006231257310339,0.085,0.09228781617137183,0.085,0.13515795069298597,0.085,0.02,25,2.0,2.0,19.444444444444443,35.0,4.0,-3.0307128046501712,0.06919433995084183
LC_dv35_Tlc4p0_TTC02_CP2_S5p367_E15p367.mp4,CP2,51,-0.6668430857972587,0.018848372377780514,0.042297888753982764,0.095,0.0651869618686166,0.095,0.08752898631133572,0.095,0.10933703654120375,0.095,0.15140195726954203,0.095,0.4615384615384615,13,2.0,1.7,16.527777777777775,35.0,4.0,-2.706571966576927,0.7710848319713266
LC_dv35_Tlc4p0_TTC02_CP3_S5p667_E15p667.mp4,CP3,52,-0.7679531971526237,0.10011339135556359,0.12162067440137825,0.155,0.1426139335473267,0.155,0.163105453960674,0.155,0.18310722719328154,0.155,0.22168807218342662,0.155,0.8333333333333334,12,2.0,1.4,13.611111111111107,35.0,4.0,-2.319791867954003,0.9398523550145249
LC_dv35_Tlc4p0_TTC02_CP4_S5p967_E15p967.mp4,CP4,53,-0.7835016190590708,0.48029978613801905,0.4927206172639953,0.45,0.5048445906213099,0.45,0.5166788011083576,0.45,0.5282301740555155,0.45,0.5505112850307725,0.45,0.8076923076923077,13,2.0,1.1,10.694444444444445,35.0,4.0,-1.8404118891983026,0.941874646971597
LC_dv35_Tlc4p0_TTC02_CP5_S6p267_E16p267.mp4,CP5,54,-0.7978831969304817,0.9006792264821768,0.9030529922076107,1.0,0.9053700249504099,1.0,0.9076316806284244,1.0,0.9098392827530779,1.0,0.9140974629844347,1.0,0.9583333333333334,12,2.0,0.8,7.777777777777778,35.0,4.0,-1.2103235205216587,0.9837571984566634
LC_dv35_Tlc4p0_TTC03_CP1_S5p067_E15p067.mp4,CP1,50,0.0007310333795122267,6.701252302588374e-05,0.023965403255731765,0.085,0.04729262263319099,0.085,0.0700623216464139,0.085,0.0922878250278303,0.085,0.13515795913116474,0.085,0.0,25,3.0,3.0,29.166666666666664,35.0,4.0,-3.8403441027990013,0.06825831495507322
LC_dv35_Tlc4p0_TTC03_CP2_S5p367_E15p367.mp4,CP2,51,-0.6668447081176672,0.018848660893878155,0.04229817037454788,0.095,0.06518723675845237,0.095,0.08752925463130652,0.095,0.1093372984483293,0.095,0.1514022068071149,0.095,0.3846153846153846,13,3.0,2.7,26.25,35.0,4.0,-3.6298669477037375,0.768937894036086
LC_dv35_Tlc4p0_TTC03_CP3_S5p667_E15p667.mp4,CP3,52,-0.7679531971526237,0.10012479853639626,0.12163180895067649,0.155,0.14262480198098212,0.155,0.16311606263884837,0.155,0.18311758232412895,0.155,0.2216979382541288,0.155,0.5,12,3.0,2.4,23.33333333333333,35.0,4.0,-3.394641722099515,0.9390038040456546
LC_dv35_Tlc4p0_TTC03_CP4_S5p967_E15p967.mp4,CP4,53,-0.7601741506571591,0.42400578068690514,0.43777203811147203,0.415,0.4512092820891584,0.415,0.4643253760388217,0.415,0.47712799544366885,0.415,0.5018225997161041,0.415,0.6538461538461539,13,3.0,2.1,20.416666666666664,35.0,4.0,-3.128075880540896,0.9313417350539159
LC_dv35_Tlc4p0_TTC03_CP5_S6p267_E16p267.mp4,CP5,54,-0.7978916219259614,0.8786089749518528,0.8815102195196155,1.0,0.8843421243644569,1.0,0.887106346705223,1.0,0.8898045041532423,1.0,0.8950089024358574,1.0,0.7916666666666666,12,3.0,1.8,17.5,35.0,4.0,-2.8205396992386476,0.9831750612928226
LC_dv35_Tlc4p0_TTC04_CP1_S5p067_E15p067.mp4,CP1,50,0.0007428807708587098,6.700652728731769e-05,0.023965397403291306,0.085,0.047292616920623816,0.085,0.07006231607037705,0.085,0.09228781958506067,0.085,0.13515795394545047,0.085,0.0,25,4.0,4.0,38.888888888888886,35.0,4.0,-4.415253227487135,0.06720057157626577
LC_dv35_Tlc4p0_TTC04_CP2_S5p367_E15p367.mp4,CP2,51,-0.6668349788803906,0.018846944727804227,0.042296495224829964,0.095,0.06518560164479986,0.095,0.08752765859685777,0.095,0.10933574055909162,0.095,0.15140072249507755,0.095,0.1538461538461538,13,4.0,3.7,35.97222222222222,35.0,4.0,-4.2594288772590065,0.766470549142413
LC_dv35_Tlc4p0_TTC04_CP3_S5p667_E15p667.mp4,CP3,52,-0.765784596861628,0.09726592784544726,0.11884126524731789,0.155,0.13990095225073448,0.155,0.1604573128962658,0.155,0.18052237668000543,0.155,0.21922530099352702,0.155,0.0833333333333333,12,4.0,3.4,33.05555555555555,35.0,4.0,-4.090440092932224,0.9367788342576372
LC_dv35_Tlc4p0_TTC04_CP4_S5p967_E15p967.mp4,CP4,53,-0.7835074786877924,0.48037072005509984,0.4927898558610018,0.45,0.504912174416379,0.45,0.5167447696512427,0.45,0.5282945659507315,0.45,0.5505726357756557,0.45,0.4230769230769231,13,4.0,3.1,30.13888888888889,35.0,4.0,-3.905857743782941,0.9400930928972293
LC_dv35_Tlc4p0_TTC04_CP5_S6p267_E16p267.mp4,CP5,54,-0.7867391031848059,0.8853950479707485,0.8881341054453987,1.0,0.8908076994674092,1.0,0.8934173946127961,1.0,0.8959647180642207,1.0,0.9008781769899004,1.0,0.5,12,4.0,2.8,27.22222222222221,35.0,4.0,-3.7025121973742765,0.981227966754402
LC_dv35_Tlc4p0_TTC06_CP1_S5p067_E15p067.mp4,CP1,50,0.0007477293119369677,6.700406725918014e-05,0.02396539500205782,0.085,0.04729261457677979,0.085,0.07006231378255087,0.085,0.09228781735191353,0.085,0.13515795181777213,0.085,0.0416666666666666,12,6.0,6.0,58.33333333333333,35.0,4.0,-5.225858302455897,0.06550882590497294
LC_dv35_Tlc4p0_TTC06_CP3_S5p667_E15p667.mp4,CP3,52,-0.7619550641405468,0.06723800446207458,0.08953100900253846,0.13,0.11129121090543936,0.13,0.13253134414972922,0.13,0.15326383837236054,0.13,0.193254150059248,0.13,0.0416666666666666,12,6.0,5.4,52.5,35.0,4.0,-5.015198293358574,0.9298597763332355
LC_dv35_Tlc4p0_TTC06_CP5_S6p267_E16p267.mp4,CP5,54,-0.8068652301279651,0.8615171254460133,0.8648268650858967,1.0,0.8680575019737675,1.0,0.8712109266647924,1.0,0.8742889845298838,1.0,0.8802261617982569,1.0,0.2083333333333333,12,6.0,4.8,46.66666666666666,35.0,4.0,-4.779717526471482,0.9826186186888856
LC_dv35_Tlc4p0_TTC07_CP1_S5p067_E15p067.mp4,CP1,50,0.0007521496935266215,6.700183796983254e-05,0.023965392826048475,0.085,0.04729261245277705,0.085,0.07006231170931178,0.085,0.09228781532822485,0.085,0.1351579498896598,0.085,0.0,13,7.0,7.0,68.05555555555554,35.0,4.0,-5.534090638937313,0.06448428486105157
LC_dv35_Tlc4p0_TTC07_CP2_S5p367_E15p367.mp4,CP2,51,-0.6534994023932686,0.016655786072937044,0.04015770524501119,0.095,0.06309792872909742,0.095,0.08548988104783128,0.095,0.10734666587786018,0.095,0.14950558937448294,0.095,0.0,13,7.0,6.7,65.13888888888889,35.0,4.0,-5.446502894403274,0.7458913763955981
LC_dv35_Tlc4p0_TTC07_CP4_S5p967_E15p967.mp4,CP4,53,-0.786843058526239,0.4348772502683095,0.4483836796532487,0.415,0.4615673054794621,0.415,0.4744358427495277,0.415,0.4869968220775212,0.415,0.5112253337570607,0.415,0.1923076923076923,13,7.0,6.1,59.30555555555555,35.0,4.0,-5.258908446556339,0.9378990930854724
LC_dv42_Tlc2p0_TTC02_CP1_S5p033_E15p033.mp4,CP1,50,0.0015973311959253673,6.657143098328629e-05,0.0239649727057856,0.085,0.04729220237338524,0.085,0.0700619114308143,0.085,0.09228742461638038,0.085,0.1351575776306571,0.085,0.0769230769230769,26,2.0,2.0,23.33333333333333,42.0,2.0,-3.2123201653055604,0.06865826494608443
LC_dv42_Tlc2p0_TTC02_CP2_S5p333_E15p333.mp4,CP2,51,-0.9548646931184771,0.24837474963096728,0.2663385873509432,0.265,0.28387308948716744,0.265,0.3009885171567995,0.265,0.317694886236377,0.265,0.34991932095582334,0.265,0.6923076923076923,13,2.0,1.7,19.83333333333333,42.0,2.0,-2.8879057678418696,0.9559074972773316
LC_dv42_Tlc2p0_TTC02_CP3_S5p633_E15p633.mp4,CP3,52,-1.5259548842438524,0.9994643257420216,0.9994771283526794,1.0,0.9994896249810408,1.0,0.99950182294008,1.0,0.9995137293679919,1.0,0.9995366953342745,1.0,0.6923076923076923,13,2.0,1.4,16.333333333333332,42.0,2.0,-2.500658879374172,0.9999949056922037
LC_dv42_Tlc2p0_TTC02_CP4_S5p933_E15p933.mp4,CP4,53,-1.5815372915790833,0.9999999894728689,0.9999999897244672,1.0,0.9999999899700525,1.0,0.9999999902097682,1.0,0.9999999904437545,1.0,0.9999999908950844,1.0,0.8846153846153846,13,2.0,1.1,12.833333333333334,42.0,2.0,-2.020383197456979,0.9999973369519305
LC_dv42_Tlc2p0_TTC02_CP5_S6p233_E16p233.mp4,CP5,54,-1.6381915514234853,0.9999999999998969,0.9999999999998993,1.0,0.9999999999999017,1.0,0.9999999999999041,1.0,0.9999999999999064,1.0,0.9999999999999108,1.0,0.9230769230769232,13,2.0,0.8,9.333333333333334,42.0,2.0,-1.3882272737337427,0.9999999116056838
LC_dv42_Tlc2p0_TTC03_CP1_S5p067_E15p067.mp4,CP1,50,0.0017666722759394399,6.648951108694266e-05,0.023964892743774155,0.085,0.047292124322465254,0.085,0.07006183524531069,0.085,0.09228735025170973,0.085,0.1351575067781388,0.085,0.0384615384615384,26,3.0,3.0,35.0,42.0,2.0,-4.022347889502803,0.06772784818573437
LC_dv42_Tlc2p0_TTC03_CP2_S5p367_E15p367.mp4,CP2,51,-1.2882005995329862,0.9233297654948381,0.9251621835115652,0.885,0.9269508067517445,0.885,0.9286966819101995,0.885,0.9304008306657556,0.885,0.9336879141764854,0.885,0.5384615384615384,13,3.0,2.7,31.5,42.0,2.0,-3.8117962768064957,0.997515919232072
LC_dv42_Tlc2p0_TTC03_CP3_S5p667_E15p667.mp4,CP3,52,-1.5303591342782759,0.9999811989841836,0.9999816483283174,1.0,0.99998208693313,1.0,0.9999825150552907,1.0,0.9999829329453352,1.0,0.9999837390014203,1.0,0.2692307692307692,13,3.0,2.4,28.0,42.0,2.0,-3.5764670090793667,0.9999971926735736
LC_dv42_Tlc2p0_TTC03_CP4_S5p967_E15p967.mp4,CP4,53,-1.574852375034333,0.9999999995992712,0.9999999996088487,1.0,0.9999999996181972,1.0,0.9999999996273222,1.0,0.9999999996362292,1.0,0.9999999996534097,1.0,0.6153846153846154,13,3.0,2.1,24.5,42.0,2.0,-3.3097495211028414,0.9999981383843228
LC_dv42_Tlc2p0_TTC03_CP5_S6p267_E16p267.mp4,CP5,54,-1.6441233151220829,0.999999999999996,0.9999999999999961,1.0,0.9999999999999962,1.0,0.9999999999999963,1.0,0.9999999999999963,1.0,0.9999999999999966,1.0,0.5,13,3.0,1.8,21.0,42.0,2.0,-3.0019799417626976,0.9999999982480744
LC_dv42_Tlc2p0_TTC04_CP1_S5p067_E15p067.mp4,CP1,50,-0.0015607810391789637,6.81693164357201e-05,0.02396653240178798,0.085,0.047293724792665116,0.085,0.07006339746428505,0.085,0.09228887513366259,0.085,0.13515895964178493,0.085,0.0192307692307692,26,4.0,4.0,46.66666666666666,42.0,2.0,-4.597395969677527,0.06799268213764327
LC_dv42_Tlc2p0_TTC04_CP2_S5p367_E15p367.mp4,CP2,51,-1.314867259102225,0.9421572974589953,0.9435397376061582,0.92,0.9448891374444051,0.92,0.9462062866368657,0.92,0.947491955973727,0.92,0.9499718465722851,0.92,0.3461538461538461,13,4.0,3.7,43.16666666666666,42.0,2.0,-4.4415414644163445,0.9980731718505068
LC_dv42_Tlc2p0_TTC04_CP3_S5p667_E15p667.mp4,CP3,52,-1.5273597935677925,0.9999858991325625,0.9999862361431862,1.0,0.9999865650992584,1.0,0.9999868861932831,1.0,0.9999871996131631,1.0,0.9999878041597533,1.0,0.2692307692307692,13,4.0,3.4,39.66666666666666,42.0,2.0,-4.272514202585939,0.9999970409298782
LC_dv42_Tlc2p0_TTC04_CP4_S5p967_E15p967.mp4,CP4,53,-1.5715249024971656,0.9999999996871995,0.9999999996946755,1.0,0.9999999997019727,1.0,0.9999999997090956,1.0,0.9999999997160481,1.0,0.9999999997294589,1.0,0.4615384615384615,13,4.0,3.1,36.16666666666666,42.0,2.0,-4.08788168447215,0.999998026381933
LC_dv42_Tlc2p0_TTC04_CP5_S6p267_E16p267.mp4,CP5,54,-1.6411315146521952,0.9999999999999969,0.999999999999997,1.0,0.999999999999997,1.0,0.9999999999999971,1.0,0.9999999999999972,1.0,0.9999999999999973,1.0,0.3076923076923077,13,4.0,2.8,32.666666666666664,42.0,2.0,-3.884469014623358,0.9999999981145223
LC_dv42_Tlc2p0_TTC05_CP1_S5p067_E15p067.mp4,CP1,50,-0.0015749775326441987,6.817666852105217e-05,0.023966539578158523,0.085,0.047293731797520465,0.085,0.0700634043017244,0.085,0.09228888180768718,0.085,0.1351589660006035,0.085,0.0,13,5.0,5.0,58.33333333333333,42.0,2.0,-5.043536745661942,0.0669381262613655
LC_dv42_Tlc2p0_TTC05_CP3_S5p667_E15p667.mp4,CP3,52,-1.5124026135756343,0.999977512987199,0.9999780504266325,1.0,0.9999785750212676,1.0,0.999979087078095,1.0,0.9999795868967681,1.0,0.9999805509826284,1.0,0.0769230769230769,13,5.0,4.4,51.333333333333336,42.0,2.0,-4.78794578881124,0.9999958554126696
LC_dv42_Tlc2p0_TTC05_CP5_S6p267_E16p267.mp4,CP5,54,-1.6501249145517238,0.9999999999999957,0.9999999999999958,1.0,0.9999999999999959,1.0,0.999999999999996,1.0,0.9999999999999961,1.0,0.9999999999999962,1.0,0.2692307692307692,13,5.0,3.8,44.33333333333333,42.0,2.0,-4.494853288230364,0.9999999982587785
LC_dv42_Tlc2p0_TTC06_CP1_S5p067_E15p067.mp4,CP1,50,-0.0015607810391863653,6.81693165271198e-05,0.023966532401877193,0.085,0.0472937247927522,0.085,0.07006339746437006,0.085,0.09228887513374555,0.085,0.13515895964186397,0.085,0.0769230769230769,13,6.0,6.0,70.0,42.0,2.0,-5.408100364196231,0.0657669232431335
LC_dv42_Tlc2p0_TTC06_CP2_S5p367_E15p367.mp4,CP2,51,-1.291539801923478,0.9259701890056659,0.9277395009207323,0.895,0.9294665262945966,0.895,0.9311522757752693,0.895,0.932797735856281,0.895,0.9359716164710004,0.895,0.1923076923076923,13,6.0,5.7,66.5,42.0,2.0,-5.305533294434385,0.9974046088101287
LC_dv42_Tlc2p0_TTC06_CP4_S5p967_E15p967.mp4,CP4,53,-1.5948523697170864,0.9999999997073852,0.9999999997143787,1.0,0.999999999721205,1.0,0.9999999997278682,1.0,0.9999999997343721,1.0,0.9999999997469174,1.0,0.3461538461538461,13,6.0,5.1,59.49999999999999,42.0,2.0,-5.083131898056322,0.9999984843450851
LC_dv42_Tlc3p0_TTC02_CP1_S5p067_E15p067.mp4,CP1,50,-0.0015583503893227602,6.81682170866911e-05,0.023966531328713386,0.085,0.047293723745237,0.085,0.07006339644189047,0.085,0.0922888741357032,0.085,0.13515895869095795,0.085,0.0,24,2.0,2.0,23.33333333333333,42.0,3.0,-3.2123201653055604,0.07027615797873049
LC_dv42_Tlc3p0_TTC02_CP2_S5p367_E15p367.mp4,CP2,51,-0.8648951467237589,0.11691800050245713,0.1380236535185273,0.165,0.15862488158936228,0.165,0.178733740467285,0.165,0.19836199777223018,0.165,0.23622237863457485,0.165,0.4583333333333333,12,2.0,1.7,19.83333333333333,42.0,3.0,-2.8879057678418696,0.9202967883807338
LC_dv42_Tlc3p0_TTC02_CP3_S5p667_E15p667.mp4,CP3,52,-1.021399351344561,0.8246336634952416,0.8288249175929072,0.775,0.8329160007497793,0.775,0.8369093070505746,0.775,0.8408071733614036,0.775,0.8483256555570344,0.775,0.7916666666666666,12,2.0,1.4,16.333333333333332,42.0,3.0,-2.500658879374172,0.994590400674706
LC_dv42_Tlc3p0_TTC02_CP4_S5p967_E15p967.mp4,CP4,53,-1.0382260007922954,0.9980286262981416,0.9980757421144986,1.0,0.9981217318632059,1.0,0.9981666224572717,1.0,0.9982104401664836,1.0,0.9982949588852627,1.0,0.875,12,2.0,1.1,12.833333333333334,42.0,3.0,-2.020383197456979,0.9948058096425682
LC_dv42_Tlc3p0_TTC02_CP5_S6p267_E16p267.mp4,CP5,54,-1.0752840029814763,0.9999873307018268,0.9999876334979559,1.0,0.99998792905726,1.0,0.9999882175526988,1.0,0.9999884991530991,1.0,0.99998904232401,1.0,1.0,12,2.0,0.8,9.333333333333334,42.0,3.0,-1.3882272737337427,0.9996332851516281
LC_dv42_Tlc3p0_TTC03_CP1_S5p067_E15p067.mp4,CP1,50,0.0017559220454588201,6.649489677020703e-05,0.02396489800073963,0.085,0.04729212945378929,0.085,0.07006184025399614,0.085,0.09228735514068763,0.085,0.1351575114362162,0.085,0.0208333333333333,24,3.0,3.0,35.0,42.0,3.0,-4.022347889502803,0.06772784818573437
LC_dv42_Tlc3p0_TTC03_CP2_S5p367_E15p367.mp4,CP2,51,-0.8848760940846798,0.13930480654298616,0.15987541506636108,0.185,0.17995438620377324,0.185,0.19955347008497698,0.185,0.2186841360117156,0.185,0.25558472717902847,0.185,0.2083333333333333,12,3.0,2.7,31.5,42.0,3.0,-3.8117962768064957,0.9284913009848366
LC_dv42_Tlc3p0_TTC03_CP3_S5p667_E15p667.mp4,CP3,52,-1.0064217463008391,0.8223891417922412,0.8266340399413964,0.775,0.8307774850573388,0.775,0.8348219018667843,0.775,0.8387696571454987,0.775,0.8463843687361093,0.775,0.4583333333333333,12,3.0,2.4,28.0,42.0,3.0,-3.5764670090793667,0.9936110297408024
LC_dv42_Tlc3p0_TTC03_CP4_S5p967_E15p967.mp4,CP4,53,-1.0548826908993951,0.9983204901205097,0.9983606303937502,1.0,0.9983998113147681,1.0,0.998438055812074,1.0,0.9984753862661877,1.0,0.9985473919052289,1.0,0.7083333333333334,12,3.0,2.1,24.5,42.0,3.0,-3.3097495211028414,0.9954742254283996
LC_dv42_Tlc3p0_TTC03_CP5_S6p267_E16p267.mp4,CP5,54,-1.0752855123323068,0.9999890190164845,0.9999892814619064,1.0,0.9999895376348845,1.0,0.9999897876853306,1.0,0.9999900317595729,1.0,0.9999905025473574,1.0,0.75,12,3.0,1.8,21.0,42.0,3.0,-3.0019799417626976,0.9996292246011834
LC_dv42_Tlc3p0_TTC04_CP1_S5p067_E15p067.mp4,CP1,50,-0.0015583503893227602,6.816807315992315e-05,0.023966531188226465,0.085,0.04729372360810772,0.085,0.07006339630803858,0.085,0.09228887400505038,0.085,0.1351589585664757,0.085,0.0,24,4.0,4.0,46.66666666666666,42.0,3.0,-4.597395969677527,0.06799268213764327
LC_dv42_Tlc3p0_TTC04_CP2_S5p367_E15p367.mp4,CP2,51,-0.8848868293874983,0.1393455040821391,0.15991513993464038,0.185,0.17999316164800527,0.185,0.19959131879638925,0.185,0.21872108013921535,0.185,0.2556199264806418,0.185,0.0833333333333333,12,4.0,3.7,43.16666666666666,42.0,3.0,-4.4415414644163445,0.9273818432199595
LC_dv42_Tlc3p0_TTC04_CP3_S5p667_E15p667.mp4,CP3,52,-1.021399351344557,0.8478727802191418,0.8515086196053155,0.79,0.8550575624580412,0.79,0.8585216856038018,0.79,0.8619030162329434,0.79,0.8684251676115357,0.79,0.3333333333333333,12,4.0,3.4,39.66666666666666,42.0,3.0,-4.272514202585939,0.9944156175742096
LC_dv42_Tlc3p0_TTC04_CP4_S5p967_E15p967.mp4,CP4,53,-1.051551019715316,0.99855369655661,0.998588263197816,1.0,0.9986220036965623,1.0,0.9986549377976472,1.0,0.9986870847739688,1.0,0.998749092151812,1.0,0.4583333333333333,12,4.0,3.1,36.16666666666666,42.0,3.0,-4.08788168447215,0.9952836421687731
LC_dv42_Tlc3p0_TTC04_CP5_S6p267_E16p267.mp4,CP5,54,-1.0483394118932658,0.9999876372194931,0.9999879326898524,1.0,0.9999882210984724,1.0,0.9999885026141286,1.0,0.9999887774015628,1.0,0.9999893074311396,1.0,0.5,12,4.0,2.8,32.666666666666664,42.0,3.0,-3.884469014623358,0.9994616862397425
LC_dv42_Tlc3p0_TTC06_CP1_S5p067_E15p067.mp4,CP1,50,-0.0015624426109687507,6.817017431074082e-05,0.023966533239159794,0.085,0.047293725610023755,0.085,0.07006339826210883,0.085,0.09228887591241837,0.085,0.13515896038376102,0.085,0.0416666666666666,12,6.0,6.0,70.0,42.0,3.0,-5.408100364196231,0.0657669232431335
LC_dv42_Tlc3p0_TTC06_CP3_S5p667_E15p667.mp4,CP3,52,-1.0213918021009742,0.8478540826843788,0.85149036894149,0.79,0.8550397479849411,0.79,0.8585042968964722,0.79,0.8618860431155857,0.79,0.8684089961137191,0.79,0.0,12,6.0,5.4,63.0,42.0,3.0,-5.19742171318497,0.9941356251246968
LC_dv42_Tlc3p0_TTC06_CP5_S6p267_E16p267.mp4,CP5,54,-1.0633148065687081,0.9999894536843543,0.9999897057412174,1.0,0.9999899517739234,1.0,0.9999901919264496,1.0,0.9999904263393322,1.0,0.9999908784915981,1.0,0.0416666666666666,12,6.0,4.8,55.99999999999999,42.0,3.0,-4.961914887642475,0.9995303115002806
LC_dv42_Tlc3p0_TTC07_CP1_S5p033_E15p033.mp4,CP1,50,0.0025477480387547853,6.610866790025729e-05,0.023964521002736713,0.085,0.04729176146603575,0.085,0.07006148106114708,0.085,0.0922870045325449,0.085,0.13515717738686658,0.085,0.0416666666666666,12,7.0,7.0,81.66666666666666,42.0,3.0,-5.7163537877864945,0.06322116574236226
LC_dv42_Tlc3p0_TTC07_CP2_S5p333_E15p333.mp4,CP2,51,-0.6648893199212165,0.018510383924256465,0.04196797822190607,0.095,0.06486493619572661,0.095,0.08721465704955836,0.095,0.10903021974637242,0.095,0.1511096310560891,0.095,0.0,12,7.0,6.7,78.16666666666667,42.0,3.0,-5.6287606965334245,0.7567729333535345
LC_dv42_Tlc3p0_TTC07_CP4_S5p933_E15p933.mp4,CP4,53,-1.0448743917902719,0.9929458239290644,0.9931144186830647,1.0,0.9932789840237374,1.0,0.9934396162540299,1.0,0.9935964093752502,1.0,0.9938988431162478,1.0,0.0833333333333333,12,7.0,6.1,71.16666666666666,42.0,3.0,-5.441153092776717,0.9933898271860861
LC_dv42_Tlc4p0_TTC02_CP1_S5p067_E15p067.mp4,CP1,50,-0.001569091928493486,6.817375161569464e-05,0.023966536730967183,0.085,0.04729372901837698,0.085,0.07006340158900243,0.085,0.09228887915979923,0.085,0.13515896347777206,0.085,0.0625,24,2.0,2.0,23.33333333333333,42.0,4.0,-3.2123201653055604,0.07027615797873049
LC_dv42_Tlc4p0_TTC02_CP2_S5p367_E15p367.mp4,CP2,51,-0.6515484549791627,0.01636290998136901,0.0398718288897857,0.095,0.06281888481656958,0.095,0.08521750628267302,0.095,0.10708080086750048,0.095,0.14925228084288572,0.095,0.4583333333333333,12,2.0,1.7,19.83333333333333,42.0,4.0,-2.8879057678418696,0.7567729333535361
LC_dv42_Tlc4p0_TTC02_CP3_S5p667_E15p667.mp4,CP3,52,-0.7669338867436044,0.0931231622632792,0.11479751173079483,0.155,0.13595384441224678,0.155,0.15660454090484952,0.155,0.17676168590963898,0.155,0.21564222304150987,0.155,0.7916666666666666,12,2.0,1.4,16.333333333333332,42.0,4.0,-2.500658879374172,0.9391255954181246
LC_dv42_Tlc4p0_TTC02_CP4_S5p967_E15p967.mp4,CP4,53,-0.788227484388716,0.4815071120644742,0.4938990881100666,0.45,0.5059948960231972,0.45,0.517801614219961,0.45,0.5293261519423618,0.45,0.5515555012245635,0.45,0.9166666666666666,12,2.0,1.1,12.833333333333334,42.0,4.0,-2.020383197456979,0.943728805900176
LC_dv42_Tlc4p0_TTC02_CP5_S6p267_E16p267.mp4,CP5,54,-0.7968649191786399,0.8949868657848792,0.8974966788873265,1.0,0.8999465074758719,1.0,0.9023377851799376,1.0,0.9046719113652136,1.0,0.909174140217342,1.0,0.9583333333333334,12,2.0,0.8,9.333333333333334,42.0,4.0,-1.3882272737337427,0.9835926608635548
LC_dv42_Tlc4p0_TTC03_CP1_S5p067_E15p067.mp4,CP1,50,0.0017650094101521513,6.649034741629444e-05,0.023964893560115243,0.085,0.04729212511929579,0.085,0.07006183602309698,0.085,0.09228735101090693,0.085,0.13515750750148,0.085,0.0,24,3.0,3.0,35.0,42.0,4.0,-4.022347889502803,0.06772784818573437
LC_dv42_Tlc4p0_TTC03_CP2_S5p367_E15p367.mp4,CP2,51,-0.6682175478646312,0.019092020350008874,0.042535713541543285,0.095,0.06541910264557818,0.095,0.08775557892550809,0.095,0.10955821359363502,0.095,0.15161268840072234,0.095,0.2916666666666667,12,3.0,2.7,31.5,42.0,4.0,-3.8117962768064957,0.7710848319713277
LC_dv42_Tlc4p0_TTC03_CP3_S5p667_E15p667.mp4,CP3,52,-0.7669187597916207,0.09875052090062737,0.12029037653986382,0.155,0.1413154297945011,0.155,0.1618379844375833,0.155,0.18187005018207314,0.155,0.2205093255269523,0.155,0.5,12,3.0,2.4,28.0,42.0,4.0,-3.5764670090793667,0.9386372868532369
LC_dv42_Tlc4p0_TTC03_CP4_S5p967_E15p967.mp4,CP4,53,-0.7715567282368934,0.45604185034631556,0.46904244595169137,0.43,0.4817323274217939,0.43,0.49411892082207337,0.43,0.5062094747350728,0.43,0.5295305963645281,0.43,0.5,12,3.0,2.1,24.5,42.0,4.0,-3.3097495211028414,0.93665339587422
LC_dv42_Tlc4p0_TTC03_CP5_S6p267_E16p267.mp4,CP5,54,-0.7878677736534213,0.8757602327854976,0.8787295622691906,1.0,0.8816279248009937,1.0,0.8844570164905128,1.0,0.8872184929103473,1.0,0.8925450253361769,1.0,0.625,12,3.0,1.8,21.0,42.0,4.0,-3.0019799417626976,0.9817771275155813
LC_dv42_Tlc4p0_TTC04_CP1_S5p067_E15p067.mp4,CP1,50,-0.001560781039180444,6.816932675724572e-05,0.02396653241186282,0.085,0.047293724802499174,0.085,0.07006339747388407,0.085,0.09228887514303218,0.085,0.135158959650712,0.085,0.0,24,4.0,4.0,46.66666666666666,42.0,4.0,-4.597395969677527,0.06799268213764327
LC_dv42_Tlc4p0_TTC04_CP2_S5p367_E15p367.mp4,CP2,51,-0.6649000661818312,0.018517655466797907,0.04197507597463654,0.095,0.06487186431222125,0.095,0.08722141958412188,0.095,0.10903682065641174,0.095,0.15111592021323317,0.095,0.2916666666666667,12,4.0,3.7,43.16666666666666,42.0,4.0,-4.4415414644163445,0.7652314182648815
LC_dv42_Tlc4p0_TTC04_CP3_S5p667_E15p667.mp4,CP3,52,-0.763932309003967,0.09766123225477004,0.11922712188428926,0.155,0.14027758691704117,0.155,0.16082494599693598,0.155,0.1808812233523888,0.155,0.21956719977715028,0.155,0.3333333333333333,12,4.0,3.4,39.66666666666666,42.0,4.0,-4.272514202585939,0.9362759180631313
LC_dv42_Tlc4p0_TTC04_CP4_S5p967_E15p967.mp4,CP4,53,-0.7748793248729039,0.46117725343084676,0.47405511294188313,0.435,0.48662519170935975,0.435,0.4988948456906874,0.435,0.5108712550359512,0.435,0.5339722064923392,0.435,0.375,12,4.0,3.1,36.16666666666666,42.0,4.0,-4.08788168447215,0.936904079148713
LC_dv42_Tlc4p0_TTC04_CP5_S6p267_E16p267.mp4,CP5,54,-0.7878746263089728,0.8776935022513616,0.8806166266096457,1.0,0.8834698883181828,1.0,0.8862549570937662,1.0,0.8889734627469704,1.0,0.8942171100972026,1.0,0.5416666666666666,12,4.0,2.8,32.666666666666664,42.0,4.0,-3.884469014623358,0.9814125647085615
LC_dv42_Tlc4p0_TTC05_CP1_S5p067_E15p067.mp4,CP1,50,0.00177255140794289,6.648653162349586e-05,0.023964889835519865,0.085,0.04729212148371822,0.085,0.0700618324744097,0.085,0.09228734754703324,0.085,0.13515750420120085,0.085,0.0,12,5.0,5.0,58.33333333333333,42.0,4.0,-5.043536745661942,0.06550882590497284
LC_dv42_Tlc4p0_TTC05_CP2_S5p367_E15p367.mp4,CP2,51,-0.6682275163271636,0.019093802201422545,0.04253745280672183,0.095,0.0654208003423323,0.095,0.0877572360473228,0.095,0.10955983111025108,0.095,0.15161422952401002,0.095,0.0416666666666666,12,5.0,4.7,54.833333333333336,42.0,4.0,-4.9198202088875975,0.7658514375836123
LC_dv42_Tlc4p0_TTC05_CP4_S5p967_E15p967.mp4,CP4,53,-0.7582150932871434,0.42399873253866727,0.437765158413923,0.415,0.45120256681632803,0.415,0.46431882126096047,0.415,0.47712159732494824,0.415,0.5018165037726932,0.415,0.3333333333333333,12,5.0,4.1,47.83333333333333,42.0,4.0,-4.646761610439117,0.9286290636861354
LC_dv42_Tlc4p0_TTC07_CP1_S5p067_E15p067.mp4,CP1,50,0.0017666722759453611,6.64894998045014e-05,0.023964892732761367,0.085,0.047292124311715665,0.085,0.07006183523481803,0.085,0.09228735024146784,0.085,0.1351575067683806,0.085,0.0,12,7.0,7.0,81.66666666666666,42.0,4.0,-5.7163537877864945,0.06334660412577858
LC_dv42_Tlc4p0_TTC07_CP3_S5p667_E15p667.mp4,CP3,52,-0.7669096955332296,0.09873856440527179,0.12027870580465555,0.155,0.14130403798977478,0.155,0.16182686489690262,0.155,0.18185919639832943,0.155,0.22049898435411924,0.155,0.0,12,7.0,6.4,74.66666666666667,42.0,4.0,-5.53715552728479,0.9343622237825736
LC_dv42_Tlc4p0_TTC07_CP5_S6p267_E16p267.mp4,CP5,54,-0.7968513172222031,0.8975612176737945,0.9000095037858382,1.0,0.9023992758785788,1.0,0.9047319324366289,1.0,0.9070088385208295,1.0,0.9114006971660649,1.0,0.2083333333333333,12,7.0,5.8,67.66666666666666,42.0,4.0,-5.340309936136368,0.9819122588278748
