ParticipantNumber,RunNumber,GPSNum,Investigator,CoInvestigator,Date,Training,TypeTraining,Broader_B_CZ,Finer_F_CZ,Cognitive_F_CZ_cog,WithOutBarrier_F_CZ_WOBarr,DreadZone_DZ_F,Stop_DZ_F_S,AutoBrake_DZ_F_A,SetPET,TurnedBefore,TurnedAfter,HowComfortable,HowRisky,HowDifficultDecisionBefore,HowMuchHesitate,HowHighProbabilitySame,IfTurnHowComfortable,IfTurnHowRisky,HowDifficultDecisionAfter,HowMuchHesitateAfter,HowHighProbabilitySameAfter,Remove,Comments [Runs],CZ_B_Switch_PET_Go,CZ_B_Switch_PET_NoGo,CZ_F_PET_Final_Go,CZ_F_PET_Final_NoGo,DZ_F_PET_Final_Go,DZ_F_PET_Final_NoGo,CZ_F_Cog_PET_Final_Go,CZ_F_Cog_PET_Final_NoGo,CZ_F_WB_PET_Final_Go_PET,CZ_F_WB_PET_Final_NoGo_PET,DZ_F_Stop_PET,PET,PredictedPET,PredictedPET_truePos,truePos_OffsetX,BalloonTimeToCross,BalloonSpeedAtCross,BalloonMinSpeed_30mBeforeCross,BalloonMaxSpeed,RobotBrakingDecel,RobotBr_maxLinearError,RobotBr_FinalDeviation,RobotBr_maxLinEr_Ref,Max_Deceleration,Max_LateralAccel,Q_InterpolatedTraj,Q_MedianFilteredTraj,Q_AllLowQualitySubjectData,Q_AllLowQualityBalloonData,Q_B_UnfixedBackwardsJump,Q_B_ReconstrTraj,Q_B_over3m_diffAfterReconstr,W_actual_ballonYpos_isFarOff_Zero,Q_BrokenTimeSignal,Q_min_Subject_Quality,Q_min_Balloon_Quality,cond,go,removed
18.0,171.0,11.0,"Regina;
Bosse","Julia; 
Helen",2013-10-02,,,1.0,,,,,,,1.0,0.0,1.0,0.0,0.0,0.0,0.0,0.0,15.0,11.0,2.0,2.0,14.0,,,,,,,,,,,,,,-1.32,,,,16.16,48.76866979222423,48.76866979222423,50.04122568422716,,,,,-3.264,2.979,1.0,0.0,0.0,0.0,0.0,0.0,0.0,0.0,0.0,3.0,4.0,comfort,0,False
18.0,172.0,12.0,"Regina;
Bosse","Julia; 
Helen",2013-10-02,,,1.0,,,,,,,4.0,1.0,0.0,2.0,2.0,2.0,2.0,14.0,0.0,0.0,0.0,0.0,0.0,,,,,,,,,,,,,,3.44,3.64,3.55,1.5071507528632608,16.1,47.117104626660776,47.080841328030644,49.67446607083161,-1.866944444444444,-0.3562899999999978,-0.34259999999999735,0.21426999999999907,-1.927,3.982,1.0,1.0,0.0,0.0,0.0,0.0,0.0,0.0,0.0,3.0,4.0,comfort,1,False
18.0,173.0,13.0,"Regina;
Bosse","Julia; 
Helen",2013-10-02,,,1.0,,,,,,,2.0,0.0,1.0,0.0,0.0,0.0,0.0,0.0,10.0,9.0,4.0,4.0,13.0,,,,1.0,,,,,,,,,,-1.36,1.65,1.51,1.0673931432890882,16.12,48.684652147250034,48.604695518571724,49.98567333494648,-1.9650925925925913,-0.23048333333332494,-0.21943333333332404,0.19308999999999799,-3.201,2.678,0.0,0.0,0.0,0.0,0.0,0.0,0.0,0.0,0.0,4.0,4.0,comfort,0,False
18.0,174.0,14.0,"Regina;
Bosse","Julia; 
Helen",2013-10-02,,,1.0,,,,,,,3.0,1.0,0.0,2.0,1.0,2.0,2.0,14.0,0.0,0.0,0.0,0.0,0.0,,,1.0,,,,,,,,,,,2.65,2.65,2.51,1.2694579508445685,16.07,45.79654851283601,45.77053458024108,49.67739540637183,-1.864537037037037,-0.47023333333333284,-0.47023333333333284,0.23354000000000497,-1.98,4.063,1.0,1.0,0.0,0.0,0.0,0.0,0.0,0.0,0.0,3.0,4.0,comfort,1,False
18.0,175.0,15.0,"Regina;
Bosse","Julia; 
Helen",2013-10-02,,,,1.0,,,,,,2.4,1.0,0.0,5.0,5.0,4.0,4.0,12.0,0.0,0.0,0.0,0.0,0.0,,,,,,,,,,,,,,1.46,2.03,1.91,1.4608641009582968,16.14,48.473348076214066,48.43126631005622,49.616787013847556,-1.859537037037037,-0.2589333333333279,-0.2589333333333279,-0.14930333333332868,-3.064,3.398,0.0,0.0,0.0,0.0,0.0,1.0,0.0,0.0,0.0,4.0,3.0,comfort,1,False
18.0,176.0,16.0,"Regina;
Bosse","Julia; 
Helen",2013-10-02,,,,1.0,,,,,,2.2,1.0,0.0,2.0,2.0,3.0,3.0,14.0,0.0,0.0,0.0,0.0,0.0,,,,,,,,,,,,,,1.92,1.85,1.8,1.0498961167718264,16.03,48.14843103080965,47.99792576016358,49.78331957689079,-1.819351851851852,-0.41547666666667027,-0.36846666666666295,0.21556333333333555,-1.865,3.801,0.0,0.0,0.0,0.0,0.0,0.0,0.0,0.0,0.0,4.0,4.0,comfort,1,False
18.0,177.0,17.0,"Regina;
Bosse","Julia; 
Helen",2013-10-02,,,,1.0,,,,,,2.0,1.0,0.0,2.0,2.0,2.0,2.0,14.0,0.0,0.0,0.0,0.0,0.0,,,,,,,,,,,,,,1.94,1.66,1.59,1.1412835239855852,16.19,45.88151872890249,45.88151872890249,50.07572126908741,-1.833333333333333,-0.36749999999999616,-0.33049999999999713,0.2769999999999939,-2.325,4.635,0.0,0.0,0.0,0.0,0.0,0.0,0.0,0.0,0.0,4.0,4.0,comfort,1,False
18.0,178.0,18.0,"Regina;
Bosse","Julia; 
Helen",2013-10-02,,,,1.0,,,,,,1.8,1.0,0.0,3.0,2.0,2.0,2.0,14.0,0.0,0.0,0.0,0.0,0.0,,,,,1.0,,,,,,,,,1.73,1.46,1.36,1.0316080145620319,16.08,48.62970173258599,48.39360805190068,49.92375609694221,-1.6447222222222226,-0.4031800000000061,-0.33910000000000906,0.24462000000000472,-1.771,4.168,0.0,0.0,0.0,0.0,0.0,0.0,0.0,0.0,0.0,4.0,4.0,comfort,1,False
18.0,179.0,19.0,"Regina;
Bosse","Julia; 
Helen",2013-10-02,,,,1.0,,,,,,1.6,0.0,1.0,0.0,0.0,0.0,0.0,0.0,7.0,7.0,8.0,8.0,11.0,,,,,,1.0,,,,,,,,-0.55,1.26,1.13,1.2294174461975373,16.27,47.51454430522713,47.436574125913786,49.81652842736224,-1.6643518518518512,0.2634166666666644,-0.07766666666665856,0.2634166666666644,-5.92,3.654,0.0,0.0,0.0,0.0,0.0,0.0,0.0,0.0,0.0,4.0,4.0,comfort,0,False
18.0,185.0,25.0,"Regina;
Bosse","Julia; 
Helen",2013-10-02,,,,,,,1.0,,,0.6,1.0,0.0,4.0,3.0,3.0,2.0,14.0,0.0,0.0,0.0,0.0,0.0,,,,,,,,,,,,,,0.99,0.24,0.1,1.4230986178922578,16.14,44.96907498557594,44.96907498557594,49.95869408757784,-1.6325,0.32934000000000196,-0.057200000000001694,0.32934000000000196,-2.466,5.516,0.0,0.0,0.0,0.0,0.0,0.0,0.0,0.0,0.0,4.0,4.0,dread,1,False
18.0,186.0,26.0,"Regina;
Bosse","Julia; 
Helen",2013-10-02,,,,,,,1.0,,,0.4,0.0,1.0,0.0,0.0,0.0,0.0,0.0,11.0,10.0,2.0,3.0,14.0,,,,,,,,,,,,,,-1.45,-0.75,-0.83,1.1921500240646097,16.06,45.39177307824998,45.42719263857389,50.07354533627492,-1.5666666666666655,-0.23759999999999692,-0.17749999999999488,0.21829999999999217,-4.763,3.628,0.0,0.0,0.0,0.0,0.0,0.0,0.0,0.0,0.0,4.0,4.0,dread,0,False
18.0,187.0,27.0,"Regina;
Bosse","Julia; 
Helen",2013-10-02,,,,,,,1.0,,,0.0,0.0,1.0,0.0,0.0,0.0,0.0,0.0,10.0,9.0,7.0,6.0,12.0,,,,,,,,,,,,,,-0.66,-0.39,-0.46,1.3026478096193657,16.0,48.9316660650361,48.943897409158275,50.57235354612715,-1.5623148148148152,-2.907433333333337,-2.907433333333337,0.21831999999999852,-6.206,3.619,0.0,0.0,0.0,0.0,0.0,1.0,0.0,0.0,0.0,4.0,3.0,dread,0,False
18.0,188.0,28.0,"Regina;
Bosse","Julia; 
Helen",2013-10-02,,,,,,,1.0,,,0.4,0.0,1.0,0.0,0.0,0.0,0.0,0.0,7.0,6.0,3.0,3.0,10.0,,,,,,,,,,,,,,-0.75,0.03,0.0,1.2151046945000346,15.96,48.204086425789974,48.178392453914086,50.12376335540807,-1.5191666666666677,-0.353500000000011,-0.2944000000000102,0.3207999999999984,-4.406,2.693,0.0,0.0,0.0,0.0,0.0,0.0,0.0,0.0,0.0,4.0,4.0,dread,0,False
18.0,189.0,29.0,"Regina;
Bosse","Julia; 
Helen",2013-10-02,,,,,,,1.0,,,0.8,1.0,0.0,2.0,1.0,2.0,1.0,15.0,0.0,0.0,0.0,0.0,0.0,,,,,,,,,,,,,,1.45,0.41,0.38,1.4649545748350405,16.12,48.7595372939447,48.68023973531325,49.83491325631235,-1.509444444444444,-3.38089999999999,-3.38089999999999,0.43895999999999447,-2.989,5.064,0.0,0.0,0.0,0.0,0.0,0.0,0.0,0.0,0.0,4.0,4.0,dread,1,False
18.0,190.0,30.0,"Regina;
Bosse","Julia; 
Helen",2013-10-02,,,,,,,1.0,,,0.6,1.0,0.0,4.0,4.0,3.0,2.0,13.0,0.0,0.0,0.0,0.0,0.0,,,,,,,,,,,,,,1.06,0.22,0.16,1.4982564850970093,16.16,49.02997505888549,48.89143236308229,50.807233962289615,-1.4966666666666655,-2.059919999999991,-2.0517999999999894,0.2464599999999919,-2.15,4.497,0.0,0.0,0.0,0.0,0.0,0.0,0.0,0.0,0.0,4.0,4.0,dread,1,False
18.0,191.0,31.0,"Regina;
Bosse","Julia; 
Helen",2013-10-02,,,,,,,1.0,,,0.4,1.0,0.0,3.0,3.0,4.0,3.0,12.0,0.0,0.0,0.0,0.0,0.0,,,,,,,1.0,,,,,,,0.89,0.01,-0.08,1.4812588867724727,16.25,48.92171278222679,48.8104126978944,49.94583469402784,-1.4506481481481481,-2.8167866666666654,-2.808733333333336,0.20440666666667084,-2.116,4.75,0.0,0.0,0.0,0.0,0.0,1.0,0.0,0.0,0.0,4.0,3.0,dread,1,False
18.0,192.0,32.0,"Regina;
Bosse","Julia; 
Helen",2013-10-02,,,,,,,1.0,,,0.2,0.0,1.0,0.0,0.0,0.0,0.0,0.0,10.0,10.0,2.0,3.0,14.0,,,,,,,,1.0,,,,,,-1.08,-0.16,-0.23,1.0049394727777852,16.0,48.57284619145033,48.28576430890298,49.61527467982506,-1.375277777777776,-1.5077899999999858,-1.2835999999999856,0.5196400000000025,-4.167,3.211,0.0,0.0,0.0,0.0,0.0,0.0,0.0,0.0,0.0,4.0,4.0,dread,0,False
13.0,348.0,8.0,Jonas,Helen,2013-10-08,,,1.0,,,,,,,2.0,1.0,0.0,1.0,1.0,1.0,1.0,15.0,0.0,0.0,0.0,0.0,0.0,,,,,,,,,,,,,,2.36,2.03,2.03,0.12839860496810473,16.49,48.01869736113083,48.1441867679823,50.527152754538776,-1.3777777777777773,0.2359999999999971,-0.06199999999999761,0.2359999999999971,-2.034,3.962,0.0,0.0,0.0,0.0,0.0,0.0,0.0,0.0,0.0,4.0,4.0,comfort,1,False
13.0,349.0,9.0,Jonas,Helen,2013-10-08,,,1.0,,,,,,,1.0,1.0,0.0,1.0,1.0,2.0,2.0,15.0,0.0,0.0,0.0,0.0,0.0,,,,,,,,,,,,,,1.85,1.58,1.53,0.4973424055655542,16.96,39.809694820584596,39.84878576677231,48.692195106972065,-1.54037037037037,-0.4372666666666625,-0.3355333333333306,0.2472266666666627,-2.467,3.829,0.0,0.0,0.0,0.0,0.0,0.0,0.0,0.0,1.0,4.0,4.0,comfort,1,False
13.0,350.0,10.0,Jonas,Helen,2013-10-08,,,1.0,,,,,,,3.0,1.0,0.0,1.0,1.0,1.0,1.0,15.0,0.0,0.0,0.0,0.0,0.0,,,,,,,,,,,,,,5.14,4.92,4.88,0.4796144498219874,18.49,18.637175620676835,18.75060259181706,46.16412283064193,-1.5650000000000002,-0.4551400000000001,-0.41689999999999827,0.20317999999999614,-2.762,3.058,0.0,0.0,0.0,0.0,0.0,0.0,0.0,0.0,0.0,4.0,4.0,comfort,1,False
13.0,351.0,11.0,Jonas,Helen,2013-10-08,,,1.0,,,,,,,0.5,1.0,0.0,1.0,1.0,1.0,1.0,15.0,0.0,0.0,0.0,0.0,0.0,,,,,,,,,,,,,,1.8,1.53,1.48,0.5479123103313768,17.51,31.315889000115558,31.580155797159346,46.659330089257125,-1.5740740740740742,-0.2703333333333262,-0.2346666666666657,0.21699999999999875,-2.284,3.686,0.0,0.0,0.0,0.0,0.0,0.0,0.0,0.0,0.0,4.0,4.0,comfort,1,False
13.0,352.0,12.0,Jonas,Helen,2013-10-08,,,1.0,,,,,,,-0.5,1.0,0.0,1.0,2.0,1.0,1.0,15.0,0.0,0.0,0.0,0.0,0.0,,,1.0,,,,,,,,,,,1.38,1.38,1.38,0.0,18.57,17.57566779883666,17.78095202473634,43.13671912040924,-1.5572222222222232,0.4537599999999884,0.24489999999998702,-0.20886000000000138,-2.869,3.467,0.0,0.0,0.0,0.0,0.0,0.0,0.0,0.0,0.0,4.0,4.0,comfort,1,False
13.0,353.0,13.0,Jonas,Helen,2013-10-08,,,1.0,,,,,,,-1.5,0.0,1.0,0.0,0.0,0.0,0.0,0.0,15.0,12.0,3.0,3.0,15.0,,,,,,,,,,,,,,,,,,,,,,,,,,,,,,,,,,,,,,,comfort,0,False
13.0,354.0,14.0,Jonas,Helen,2013-10-08,,,1.0,,,,,,,-1.0,0.0,1.0,0.0,0.0,0.0,0.0,0.0,8.0,5.0,11.0,8.0,9.0,,,,1.0,,,,,,,,,,-0.61,-0.36,-0.35,0.20327071601352742,17.04,40.101089657967734,40.23547803924511,48.55474613478126,-1.5376851851851852,-0.48585333333333125,-0.3935666666666684,0.23002999999999219,-3.668,2.764,0.0,0.0,0.0,0.0,0.0,0.0,0.0,0.0,0.0,4.0,4.0,comfort,0,False
13.0,355.0,15.0,Jonas,Helen,2013-10-08,,,,1.0,,,,,,-0.6,0.0,1.0,0.0,0.0,0.0,0.0,0.0,10.0,6.0,11.0,12.0,8.0,,,,,,,,,,,,,,-0.87,-0.21,-0.18,0.12108673913284207,16.82,42.41002784644649,42.41290166079342,47.80615317880532,-1.4809259259259244,-0.4281333333333279,-0.4281333333333279,0.23797333333332915,-5.007,2.624,0.0,0.0,0.0,0.0,0.0,0.0,0.0,0.0,0.0,4.0,4.0,comfort,0,False
13.0,356.0,16.0,Jonas,Helen,2013-10-08,,,,1.0,,,,,,-0.2,1.0,0.0,3.0,3.0,6.0,3.0,11.0,0.0,0.0,0.0,0.0,0.0,,,,,,,,,,,,,,1.05,0.25,0.3,0.3033286581521608,16.78,42.79754994917432,43.0832130308914,49.58109749196094,-1.4725925925925922,-0.9471333333333334,-0.9471333333333334,-0.16842000000000468,-2.388,4.935,0.0,0.0,0.0,0.0,0.0,1.0,0.0,0.0,0.0,4.0,1.0,comfort,1,False
13.0,357.0,17.0,Jonas,Helen,2013-10-08,,,,1.0,,,,,,-0.4,1.0,0.0,3.0,3.0,2.0,3.0,15.0,0.0,0.0,0.0,0.0,0.0,,,,,1.0,,,,,,,,,0.74,0.07,0.11,0.10328967062149985,16.88,43.867870865564235,44.00648170032199,49.612227380226166,-1.470462962962963,0.3140900000000002,-0.22886666666666855,0.3140900000000002,-2.074,4.748,0.0,0.0,0.0,0.0,0.0,0.0,0.0,0.0,0.0,4.0,4.0,comfort,1,False
13.0,358.0,18.0,Jonas,Helen,2013-10-08,,,,1.0,,,,,,-0.6,0.0,1.0,0.0,0.0,0.0,0.0,0.0,10.0,10.0,8.0,10.0,10.0,,,,,,1.0,,,,,,,,-0.36,-0.67,-0.69,0.06736239754950901,15.65,47.42563784749848,47.11351743346409,49.18477397226795,-1.547037037037037,-0.449740000000002,-0.41143333333333487,0.2620599999999911,-3.794,3.043,0.0,0.0,0.0,0.0,0.0,0.0,0.0,0.0,0.0,4.0,4.0,comfort,0,False
13.0,366.0,26.0,Jonas,Helen,2013-10-08,,,,,,,1.0,,,-1.6,0.0,1.0,0.0,0.0,0.0,0.0,0.0,14.0,15.0,2.0,5.0,15.0,,,,,,,,,,,,,,-0.17,0.25,0.25,0.008786697556786294,16.12,48.59725856250523,48.57942336526847,50.65364780522852,-1.4065740740740742,-2.6233200000000068,-2.577366666666663,0.19976333333333685,-3.673,3.68,0.0,0.0,0.0,0.0,0.0,0.0,0.0,0.0,0.0,4.0,4.0,dread,0,False
13.0,367.0,27.0,Jonas,Helen,2013-10-08,,,,,,,1.0,,,-1.2,0.0,1.0,0.0,0.0,0.0,0.0,0.0,1.0,1.0,8.0,8.0,12.0,,,,,,,,,,,,,,-0.27,0.54,0.5,0.5124920469822953,16.05,48.13987621382248,47.92193563957545,50.13816716987691,-1.4044444444444448,-2.074539999999999,-2.0686000000000035,0.16975999999999658,-3.947,2.736,0.0,0.0,0.0,0.0,0.0,0.0,0.0,0.0,0.0,4.0,4.0,dread,0,False
13.0,368.0,28.0,Jonas,Helen,2013-10-08,,,,,,,1.0,,,-0.8,0.0,1.0,0.0,0.0,0.0,0.0,0.0,10.0,8.0,8.0,8.0,11.0,,,,,,,,,,,,,,-0.62,0.94,0.95,0.024699147769766228,15.96,46.31950125689292,46.37670039756073,50.38751555436548,-1.4576851851851849,-0.6019299999999959,-0.4517666666666713,-0.18780333333333488,-3.147,2.655,0.0,0.0,0.0,0.0,0.0,0.0,0.0,0.0,0.0,4.0,4.0,dread,0,False
13.0,369.0,29.0,Jonas,Helen,2013-10-08,,,,,,,1.0,,,-0.4,1.0,0.0,8.0,8.0,5.0,5.0,5.0,0.0,0.0,0.0,0.0,0.0,,,,,,,,,,,,,,1.29,-0.22,-0.28,0.6058695746595717,16.4,45.720864660806235,45.75905753611721,48.752267806801974,-1.4312962962962974,-1.9906800000000118,-1.844766666666679,0.29785333333332886,-2.89,7.74,1.0,0.0,0.0,0.0,0.0,1.0,0.0,0.0,0.0,3.0,1.0,dread,1,False
13.0,370.0,30.0,Jonas,Helen,2013-10-08,,,,,,,1.0,,,-0.6,1.0,0.0,5.0,8.0,5.0,2.0,14.0,0.0,0.0,0.0,0.0,0.0,,,,,,,,,,,,,,0.86,-0.58,-0.6,0.5799127446585643,16.21,47.8511024075712,47.93652013347158,49.532438090681445,-1.3703703703703687,-0.3331666666666564,-0.17833333333332035,0.27649999999999153,-2.464,7.361,0.0,0.0,0.0,0.0,0.0,0.0,0.0,0.0,0.0,4.0,4.0,dread,1,False
13.0,372.0,32.0,Jonas,Helen,2013-10-08,,,,,,,1.0,,,-0.8,1.0,0.0,11.0,11.0,8.0,3.0,11.0,0.0,0.0,0.0,0.0,0.0,,,,,,,1.0,,,,,,,0.67,-0.74,-0.78,0.1267814051887015,16.4,44.87971597457899,44.90501733506132,48.05674584302466,-1.3025925925925936,0.19715333333333263,-0.1364333333333363,0.19715333333333263,-2.288,6.981,0.0,0.0,0.0,0.0,0.0,1.0,0.0,0.0,0.0,4.0,1.0,dread,1,False
13.0,373.0,33.0,Jonas,Helen,2013-10-08,,,,,,,1.0,,,-1.0,0.0,1.0,0.0,0.0,0.0,0.0,0.0,11.0,11.0,11.0,11.0,8.0,,,,,,,,1.0,,,,,,-3.56,-0.88,-0.9,0.0061836591944768315,15.95,45.72963177418471,45.63714920710269,51.312820726750346,-1.2756481481481468,0.17583666666666176,0.03876666666667461,0.17583666666666176,-6.807,3.327,0.0,0.0,0.0,0.0,0.0,1.0,0.0,0.0,0.0,4.0,1.0,dread,0,False
17.0,397.0,7.0,"Regina;
Azad",Helen,2013-10-11,,,1.0,,,,,,,3.0,0.0,1.0,0.0,0.0,0.0,0.0,0.0,5.0,8.0,4.0,4.0,8.0,,,,1.0,,,,,,,,,,,,,,,,,,,,,,,,,,,,,,,,,,,comfort,0,False
17.0,398.0,8.0,"Regina;
Azad",Helen,2013-10-11,,,1.0,,,,,,,2.0,0.0,1.0,0.0,0.0,0.0,0.0,0.0,9.0,9.0,10.0,9.0,12.0,,,,,,,,,,,,,,,,,,,,,,,,,,,,,,,,,,,,,,,comfort,0,False
17.0,399.0,9.0,"Regina;
Azad",Helen,2013-10-11,,,1.0,,,,,,,4.0,1.0,0.0,5.0,7.0,8.0,7.0,7.0,0.0,0.0,0.0,0.0,0.0,,,1.0,,,,,,,,,,,,,,,,,,,,,,,,,,,,,,,,,,,,comfort,1,False
17.0,401.0,11.0,"Regina;
Azad",Helen,2013-10-11,,,1.0,,,,,,,1.0,0.0,1.0,0.0,0.0,0.0,0.0,0.0,8.0,8.0,5.0,6.0,11.0,,,,,,,,,,,,,,,,,,,,,,,,,,,,,,,,,,,,,,,comfort,0,False
17.0,403.0,13.0,"Regina;
Azad",Helen,2013-10-11,,,,1.0,,,,,,3.4,1.0,0.0,7.0,6.0,9.0,8.0,8.0,0.0,0.0,0.0,0.0,0.0,,,,,,,,,,,,,,,,,,,,,,,,,,,,,,,,,,,,,,,comfort,1,False
17.0,404.0,14.0,"Regina;
Azad",Helen,2013-10-11,,,,1.0,,,,,,3.2,1.0,0.0,9.0,9.0,7.0,7.0,6.0,0.0,0.0,0.0,0.0,0.0,,,,,1.0,,,,,,,,,,,,,,,,,,,,,,,,,,,,,,,,,,comfort,1,False
17.0,405.0,15.0,"Regina;
Azad",Helen,2013-10-11,,,,1.0,,,,,,3.0,0.0,1.0,0.0,0.0,0.0,0.0,0.0,9.0,8.0,8.0,8.0,9.0,,,,,,1.0,,,,,,,,,,,,,,,,,,,,,,,,,,,,,,,,,comfort,0,False
17.0,415.0,25.0,"Regina;
Azad",Helen,2013-10-11,,,,,,,1.0,,,2.0,1.0,0.0,8.0,8.0,8.0,8.0,8.0,0.0,0.0,0.0,0.0,0.0,,,,,,,,,,,,,,,,,,,,,,,,,,,,,,,,,,,,,,,dread,1,False
17.0,416.0,26.0,"Regina;
Azad",Helen,2013-10-11,,,,,,,1.0,,,1.0,1.0,0.0,10.0,10.0,10.0,9.0,9.0,0.0,0.0,0.0,0.0,0.0,,,,,,,,,,,,,,,,,,,,,,,,,,,,,,,,,,,,,,,dread,1,False
17.0,417.0,27.0,"Regina;
Azad",Helen,2013-10-11,,,,,,,1.0,,,0.0,0.0,1.0,0.0,0.0,0.0,0.0,0.0,12.0,12.0,7.0,7.0,7.0,,,,,,,,,,,,,,,,,,,,,,,,,,,,,,,,,,,,,,,dread,0,False
17.0,418.0,28.0,"Regina;
Azad",Helen,2013-10-11,,,,,,,1.0,,,0.4,0.0,1.0,0.0,0.0,0.0,0.0,0.0,12.0,12.0,9.0,7.0,7.0,,,,,,,,,,,,,,,,,,,,,,,,,,,,,,,,,,,,,,,dread,0,False
17.0,419.0,29.0,"Regina;
Azad",Helen,2013-10-11,,,,,,,1.0,,,0.8,0.0,1.0,0.0,0.0,0.0,0.0,0.0,10.0,10.0,10.0,10.0,10.0,,,,,,,,,,,,,,,,,,,,,,,,,,,,,,,,,,,,,,,dread,0,False
17.0,420.0,30.0,"Regina;
Azad",Helen,2013-10-11,,,,,,,1.0,,,1.2,1.0,0.0,9.0,9.0,8.0,7.0,7.0,0.0,0.0,0.0,0.0,0.0,,,,,,,,,,,,,,,,,,,,,,,,,,,,,,,,,,,,,,,dread,1,False
17.0,421.0,31.0,"Regina;
Azad",Helen,2013-10-11,,,,,,,1.0,,,1.0,1.0,0.0,8.0,9.0,8.0,8.0,8.0,0.0,0.0,0.0,0.0,0.0,,,,,,,1.0,,,,,,,,,,,,,,,,,,,,,,,,,,,,,,,,dread,1,False
17.0,422.0,32.0,"Regina;
Azad",Helen,2013-10-11,,,,,,,1.0,,,0.8,0.0,1.0,0.0,0.0,0.0,0.0,0.0,10.0,10.0,8.0,8.0,8.0,,,,,,,,1.0,,,,,,,,,,,,,,,,,,,,,,,,,,,,,,,dread,0,False
1.0,206.0,6.0,"Regina;
Christina",,2013-10-03,,,1.0,,,,,,,2.0,0.0,1.0,0.0,0.0,0.0,0.0,0.0,11.0,11.0,5.0,2.0,12.0,,,,1.0,,,,,,,,,,-1.27,1.62,1.46,1.1065156638053324,16.19,48.952908385858684,48.72759020229651,49.749473961335156,-1.607592592592592,0.9472666666666782,0.9472666666666782,0.2109133333333375,-2.722,2.459,0.0,0.0,0.0,0.0,0.0,1.0,0.0,0.0,0.0,4.0,3.0,comfort,0,False
1.0,207.0,7.0,"Regina;
Christina",,2013-10-03,,,1.0,,,,,,,1.0,0.0,1.0,0.0,0.0,0.0,0.0,0.0,11.0,11.0,5.0,2.0,12.0,,,,,,,,,,,,,,-1.49,0.62,0.46,1.2063311307302271,16.16,48.502328801019736,48.481823747224134,49.770410212384775,-1.6267592592592581,-0.36318333333332475,-0.30263333333332554,0.23204333333332983,-3.187,2.289,0.0,0.0,0.0,0.0,0.0,1.0,0.0,0.0,0.0,4.0,3.0,comfort,0,False
1.0,208.0,8.0,"Regina;
Christina",,2013-10-03,,,1.0,,,,,,,3.0,1.0,0.0,5.0,5.0,6.0,6.0,11.0,0.0,0.0,0.0,0.0,0.0,,,1.0,,,,,,,,,,,2.8,2.64,2.44,1.5009903417256751,16.24,47.97437371276943,47.47346165341899,49.498786551782956,-1.7041666666666666,0.41824999999999335,0.38950000000000173,0.23485000000000156,-2.702,3.653,0.0,0.0,0.0,0.0,0.0,0.0,0.0,0.0,0.0,4.0,4.0,comfort,1,False
1.0,209.0,9.0,"Regina;
Christina",,2013-10-03,,,1.0,,,,,,,4.0,1.0,0.0,2.0,2.0,2.0,2.0,14.0,0.0,0.0,0.0,0.0,0.0,,,,,,,,,,,,,,3.12,3.63,3.46,1.421605304898243,16.15,49.23175894871877,48.7943385933643,49.60684839540605,-1.6583333333333343,0.2553000000000054,0.07549999999999102,0.2553000000000054,-2.656,2.532,0.0,0.0,0.0,0.0,0.0,0.0,0.0,0.0,0.0,4.0,4.0,comfort,1,False
1.0,210.0,10.0,"Regina;
Christina",,2013-10-03,,,,1.0,,,,,,2.4,0.0,1.0,0.0,0.0,0.0,0.0,0.0,11.0,10.0,8.0,9.0,10.0,,,,,,,,,,,,,,-1.19,1.97,1.69,2.044527527837495,16.14,49.00387830635749,48.65095233077177,49.72234356752267,-1.6791666666666671,0.2327999999999939,0.21599999999999397,0.20009999999999906,-2.853,2.593,0.0,0.0,0.0,0.0,0.0,1.0,0.0,0.0,0.0,4.0,3.0,comfort,0,False
1.0,211.0,11.0,"Regina;
Christina",,2013-10-03,,,,1.0,,,,,,2.8,1.0,0.0,8.0,9.0,9.0,8.0,10.0,0.0,0.0,0.0,0.0,0.0,,,,,1.0,,,,,,,,,2.16,2.43,2.25,1.2545250549533264,16.22,48.09538873962982,47.94718195092957,49.71912537966247,-1.6882407407407412,0.3075099999999935,0.27973333333332917,0.2571366666666677,-2.229,3.115,0.0,0.0,0.0,0.0,0.0,0.0,0.0,0.0,0.0,4.0,4.0,comfort,1,False
1.0,213.0,13.0,"Regina;
Christina",,2013-10-03,,,,1.0,,,,,,2.6,0.0,1.0,0.0,0.0,0.0,0.0,0.0,7.0,7.0,9.0,9.0,8.0,,,,,,1.0,,,,,,,,-1.49,2.11,1.78,3.024763416489094,16.16,48.77292056651871,48.277654189769684,49.60480721870894,-1.6209259259259259,-0.5807933333333324,-0.4935333333333283,0.19751999999999725,-3.462,2.109,0.0,0.0,0.0,0.0,0.0,0.0,0.0,0.0,0.0,4.0,4.0,comfort,0,False
1.0,220.0,20.0,"Regina;
Christina",,2013-10-03,,,,,,,1.0,,,1.6,1.0,0.0,4.0,5.0,4.0,3.0,13.0,0.0,0.0,0.0,0.0,0.0,,,,,,,,,,,,,,1.76,1.25,1.04,1.4642068449509722,16.07,49.073248887140444,48.70979336565853,49.729529358017146,-1.4619444444444445,-0.28580000000000183,-0.28580000000000183,0.28151000000000437,-1.906,3.361,1.0,0.0,0.0,0.0,0.0,0.0,0.0,0.0,0.0,3.0,4.0,dread,1,False
1.0,221.0,21.0,"Regina;
Christina",,2013-10-03,,,,,,,1.0,,,0.6,0.0,1.0,0.0,0.0,0.0,0.0,0.0,14.0,14.0,3.0,5.0,14.0,,,,,,,,,,,,,,-1.47,0.25,0.06,1.2895115187552264,16.14,48.82768666599364,48.63684733602379,49.566447283462765,-1.6118518518518519,0.5132866666666693,0.4862333333333382,0.27002000000000237,-3.129,2.138,0.0,0.0,0.0,0.0,0.0,0.0,0.0,0.0,0.0,4.0,4.0,dread,0,False
1.0,222.0,22.0,"Regina;
Christina",,2013-10-03,,,,,,,1.0,,,1.0,1.0,0.0,9.0,10.0,9.0,10.0,11.0,0.0,0.0,0.0,0.0,0.0,,,,,,,1.0,,,,,,,1.34,0.66,0.47,1.0782457922900122,16.18,48.3680156765487,48.39297537403194,49.70647512082138,-1.5959259259259275,-0.4243266666666763,-0.3580333333333492,0.19204000000000576,-2.859,4.519,0.0,0.0,0.0,0.0,0.0,1.0,0.0,0.0,0.0,4.0,3.0,dread,1,False
1.0,223.0,23.0,"Regina;
Christina",,2013-10-03,,,,,,,1.0,,,0.8,0.0,1.0,0.0,0.0,0.0,0.0,0.0,12.0,11.0,8.0,10.0,9.0,,,,,,,,1.0,,,,,,-0.97,0.52,0.33,1.5798841717379233,16.17,48.38093621396304,48.37092475551138,49.81781140169318,-1.6666666666666667,-0.4394999999999989,-0.2940000000000005,0.31700000000000017,-3.13,2.531,0.0,0.0,0.0,0.0,0.0,0.0,0.0,0.0,0.0,4.0,4.0,dread,0,False
7.0,306.0,6.0,Julia,Helen,2013-10-08,,,1.0,,,,,,,2.0,1.0,0.0,4.0,4.0,3.0,3.0,13.0,0.0,0.0,0.0,0.0,0.0,,,1.0,,,,,,,,,,,1.59,1.67,1.61,0.9445043886228248,16.19,47.469493837281576,47.48988575965702,49.80744766090538,-0.9818518518518519,6.009033333333331,6.009033333333331,0.17262666666666604,-2.442,3.184,1.0,1.0,0.0,0.0,0.0,0.0,0.0,0.0,0.0,3.0,4.0,comfort,1,False
7.0,308.0,8.0,Julia,Helen,2013-10-08,,,1.0,,,,,,,1.0,0.0,1.0,0.0,0.0,0.0,0.0,0.0,9.0,7.0,4.0,3.0,13.0,,,,1.0,,,,,,,,,,-0.82,1.25,1.2,1.3273971053680995,16.76,45.16299241814393,45.3147813660038,50.82928164136213,-0.9473148148148143,7.387966666666671,7.387966666666671,0.19900333333332298,-3.144,3.308,0.0,0.0,0.0,0.0,0.0,1.0,0.0,0.0,0.0,4.0,3.0,comfort,0,False
7.0,309.0,9.0,Julia,Helen,2013-10-08,,,1.0,,,,,,,3.0,1.0,0.0,3.0,3.0,3.0,3.0,14.0,0.0,0.0,0.0,0.0,0.0,,,,,,,,,,,,,,3.71,3.39,3.28,1.1864265179096023,16.85,43.56346524928448,43.58875452877668,50.063150380714916,-0.9664814814814817,4.363066666666668,4.363066666666668,0.13786666666666747,-3.099,3.788,0.0,0.0,0.0,0.0,0.0,0.0,0.0,0.0,0.0,4.0,4.0,comfort,1,False
7.0,310.0,10.0,Julia,Helen,2013-10-08,,,1.0,,,,,,,4.0,1.0,0.0,1.0,1.0,1.0,1.0,15.0,0.0,0.0,0.0,0.0,0.0,,,,,,,,,,,,,,4.39,4.53,4.41,1.3176136422404952,17.17,43.18753376174356,43.410544188783454,50.72700100796286,-0.998148148148147,3.408200000000015,3.39016666666668,-0.17966666666666953,-2.556,3.272,0.0,0.0,0.0,0.0,0.0,0.0,0.0,0.0,0.0,4.0,4.0,comfort,1,False
7.0,311.0,11.0,Julia,Helen,2013-10-08,,,,1.0,,,,,,1.4,0.0,1.0,0.0,0.0,0.0,0.0,0.0,10.0,7.0,3.0,4.0,10.0,,,,,,,,,,,,,,-1.29,1.25,1.2,0.9743630133961929,16.33,48.671794847328826,48.71052723968919,49.953136758468624,-0.9704629629629625,3.3536333333333346,3.3536333333333346,0.16755333333334477,-4.041,3.453,1.0,0.0,0.0,0.0,0.0,0.0,0.0,0.0,0.0,3.0,4.0,comfort,0,False
7.0,312.0,12.0,Julia,Helen,2013-10-08,,,,1.0,,,,,,1.8,1.0,0.0,4.0,3.0,3.0,5.0,11.0,0.0,0.0,0.0,0.0,0.0,,,,,,,,,,,,,,2.99,2.61,2.5,1.1170402987539418,17.36,36.93177335946452,37.17865882916482,49.30440102377169,-1.0412037037037027,3.3416333333333412,3.3346666666666707,-0.17654999999999887,-2.909,3.713,0.0,0.0,0.0,0.0,0.0,0.0,0.0,0.0,0.0,4.0,4.0,comfort,1,False
7.0,313.0,13.0,Julia,Helen,2013-10-08,,,,1.0,,,,,,1.6,1.0,0.0,10.0,6.0,5.0,5.0,10.0,0.0,0.0,0.0,0.0,0.0,,,,,1.0,,,,,,,,,2.12,2.04,1.96,1.127169590272338,17.01,43.88280273848867,44.06306954348603,50.240082187119626,-0.9068518518518528,3.5993266666666557,3.5870333333333235,0.13392000000000337,-3.01,3.198,1.0,0.0,0.0,0.0,0.0,0.0,0.0,0.0,0.0,3.0,4.0,comfort,1,False
7.0,314.0,14.0,Julia,Helen,2013-10-08,,,,1.0,,,,,,1.4,0.0,1.0,0.0,0.0,0.0,0.0,0.0,8.0,6.0,4.0,3.0,12.0,,,,,,1.0,,,,,,,,-1.35,1.28,1.23,1.0014684931711244,16.48,48.39026090300902,48.425140740679886,50.042527420407126,-0.9415740740740751,4.367033333333325,4.367033333333325,0.16858333333333775,-3.338,2.942,1.0,1.0,0.0,0.0,0.0,0.0,0.0,0.0,0.0,3.0,4.0,comfort,0,False
7.0,319.0,19.0,Julia,Helen,2013-10-08,,,,,,,1.0,,,0.4,1.0,0.0,5.0,5.0,5.0,5.0,10.0,0.0,0.0,0.0,0.0,0.0,,,,,,,,,,,,,,1.33,0.87,0.45,1.447018017085604,17.06,45.097963340331304,45.12881495701799,52.287860673689934,-0.8775925925925921,3.297066666666673,3.297066666666673,0.16428666666666913,-2.707,3.851,0.0,1.0,0.0,0.0,0.0,0.0,0.0,0.0,0.0,3.0,4.0,dread,1,False
7.0,320.0,20.0,Julia,Helen,2013-10-08,,,,,,,1.0,,,-0.6,0.0,1.0,0.0,0.0,0.0,0.0,0.0,8.0,6.0,4.0,4.0,12.0,,,,,,,,,,,,,,-1.25,0.88,0.72,1.0501044090974645,18.04,32.98026823640884,33.080887371562,50.59344512208362,-0.9209259259259257,6.161966666666665,6.161966666666665,0.1647133333333315,-3.595,3.049,0.0,0.0,0.0,0.0,0.0,0.0,0.0,0.0,0.0,4.0,4.0,dread,0,False
7.0,321.0,21.0,Julia,Helen,2013-10-08,,,,,,,1.0,,,-0.2,0.0,1.0,0.0,0.0,0.0,0.0,0.0,7.0,6.0,5.0,4.0,12.0,,,,,,,,,,,,,,-0.96,0.62,0.53,1.5771628054318327,17.31,39.101170377935084,39.317023197760214,50.9985695563315,-0.9781481481481475,2.9843666666666735,2.9843666666666735,0.19198000000000803,-4.124,3.087,0.0,0.0,0.0,0.0,0.0,0.0,0.0,0.0,0.0,4.0,4.0,dread,0,False
7.0,322.0,22.0,Julia,Helen,2013-10-08,,,,,,,1.0,,,0.2,0.0,1.0,0.0,0.0,0.0,0.0,0.0,7.0,5.0,4.0,4.0,11.0,,,,,,,,,,,,,,-0.36,-0.23,-0.21,1.6552617486685577,16.19,48.26109550775341,48.32809814645031,50.57622336204574,-0.9602777777777773,5.724300000000007,5.724300000000007,0.14377999999999247,-3.645,3.173,0.0,1.0,1.0,0.0,0.0,0.0,0.0,0.0,0.0,3.0,4.0,dread,0,False
7.0,323.0,23.0,Julia,Helen,2013-10-08,,,,,,,1.0,,,0.6,0.0,1.0,0.0,0.0,0.0,0.0,0.0,7.0,5.0,4.0,4.0,12.0,,,,,,,,,,,,,,-0.69,1.31,1.31,0.5982896166887812,17.3,36.77764038885443,36.85189953992728,45.92984798672525,-0.9660185185185192,3.480733333333326,3.480733333333326,0.1791899999999984,-3.886,3.267,1.0,0.0,0.0,0.0,0.0,1.0,0.0,0.0,0.0,3.0,3.0,dread,0,False
7.0,325.0,25.0,Julia,Helen,2013-10-08,,,,,,,1.0,,,1.0,0.0,1.0,0.0,0.0,0.0,0.0,0.0,7.0,5.0,3.0,3.0,11.0,,,,,,,,,,,,,,-1.12,1.48,1.34,1.110636197628203,17.04,42.40732589720798,42.4850598914832,47.97685955806536,-0.9045370370370361,4.971366666666668,4.971366666666668,-0.14347999999999672,-3.796,2.905,0.0,0.0,0.0,0.0,0.0,0.0,0.0,0.0,0.0,4.0,4.0,dread,0,False
7.0,326.0,26.0,Julia,Helen,2013-10-08,,,,,,,1.0,,,1.4,1.0,0.0,3.0,3.0,2.0,1.0,15.0,0.0,0.0,0.0,0.0,0.0,,,,,,,,,,,,,,3.45,2.82,2.71,0.9567543106237011,18.13,30.07490612068519,30.097787843758287,47.85772148466762,-0.9729629629629639,3.730259999999987,3.723233333333326,0.3209666666666635,-2.574,3.391,1.0,0.0,0.0,0.0,0.0,0.0,0.0,0.0,0.0,3.0,4.0,dread,1,False
7.0,328.0,28.0,Julia,Helen,2013-10-08,,,,,,,1.0,,,1.2,1.0,0.0,6.0,6.0,5.0,5.0,10.0,0.0,0.0,0.0,0.0,0.0,,,,,,,,,,,,,,1.83,1.23,1.1,1.3310642000154687,16.48,47.085834637826686,47.22795774734364,49.28753022620633,-0.9683333333333332,4.945900000000002,4.945900000000002,0.18072000000000088,-2.498,4.053,1.0,1.0,0.0,0.0,0.0,0.0,0.0,0.0,0.0,3.0,4.0,dread,1,False
7.0,329.0,29.0,Julia,Helen,2013-10-08,,,,,,,1.0,,,1.0,1.0,0.0,5.0,4.0,5.0,4.0,11.0,0.0,0.0,0.0,0.0,0.0,,,,,,,,,,,,,,2.77,2.02,1.91,0.9112377176192936,17.49,35.573843976115505,35.606146298337215,49.538218409731094,-0.9987962962962968,4.186933333333329,4.186933333333329,0.11280000000000712,-2.141,4.244,0.0,0.0,0.0,0.0,0.0,0.0,0.0,0.0,0.0,4.0,4.0,dread,1,False
7.0,330.0,30.0,Julia,Helen,2013-10-08,,,,,,,1.0,,,0.8,1.0,0.0,6.0,5.0,4.0,5.0,10.0,0.0,0.0,0.0,0.0,0.0,,,,,,,,,,,,,,2.49,1.47,1.25,1.7229956085433713,17.23,39.19659198541759,39.299971951131,49.42320037521398,-0.7467592592592603,4.537666666666659,4.537666666666659,0.8423499999999962,-2.682,4.344,1.0,0.0,0.0,0.0,0.0,0.0,0.0,0.0,0.0,3.0,4.0,dread,1,False
7.0,331.0,31.0,Julia,Helen,2013-10-08,,,,,,,1.0,,,0.6,1.0,0.0,5.0,4.0,4.0,4.0,10.0,0.0,0.0,0.0,0.0,0.0,,,,,,,1.0,,,,,,,2.01,1.66,1.61,0.912420046759074,17.47,34.810122087842544,35.14845626663844,49.726506729163376,-0.9333333333333318,2.7660000000000124,2.7660000000000124,0.3434000000000026,-2.638,3.706,0.0,0.0,0.0,0.0,0.0,0.0,0.0,0.0,0.0,4.0,4.0,dread,1,False
7.0,332.0,32.0,Julia,Helen,2013-10-08,,,,,,,1.0,,,0.4,0.0,1.0,0.0,0.0,0.0,0.0,0.0,7.0,5.0,5.0,7.0,12.0,,,,,,,,1.0,,,,,,-6.71,2.01,1.87,0.9755295100889398,18.2,28.26546640191361,28.351996870914977,47.573796249972986,-1.828333333333334,-2.015020000000007,-1.993700000000004,0.3488400000000027,-3.186,2.21,0.0,0.0,0.0,0.0,0.0,0.0,0.0,0.0,0.0,4.0,4.0,dread,0,False
3.0,89.0,9.0,Jonas,Julia,2013-09-30,,,1.0,,,,,,,1.0,0.0,1.0,0.0,0.0,0.0,0.0,0.0,11.0,6.0,5.0,6.0,10.0,,,,,,,,,,,,,,-0.99,0.62,0.54,0.3594838899279935,16.05,49.13769090896324,48.80239694220499,49.57012749974169,-1.4212962962962958,1.9993333333333396,1.9993333333333396,-0.4024999999999963,-2.605,2.533,0.0,0.0,0.0,0.0,0.0,0.0,0.0,0.0,0.0,4.0,4.0,comfort,0,False
3.0,90.0,10.0,Jonas,Julia,2013-09-30,,,1.0,,,,,,,0.5,0.0,1.0,0.0,0.0,0.0,0.0,0.0,12.0,9.0,4.0,3.0,12.0,,,,,,,,,,,,,,-0.93,0.13,0.03,0.3394880083830074,16.11,48.94686493329034,48.51468186016929,49.70231535366537,-1.5342592592592599,2.228133333333325,2.185666666666659,-0.3005333333333411,-2.28,2.376,0.0,0.0,0.0,0.0,0.0,0.0,0.0,0.0,0.0,4.0,4.0,comfort,0,False
3.0,91.0,11.0,Jonas,Julia,2013-09-30,,,1.0,,,,,,,2.0,0.0,1.0,0.0,0.0,0.0,0.0,0.0,12.0,8.0,4.0,3.0,12.0,,,,1.0,,,,,,,,,,-1.13,1.64,1.58,0.25651901245581854,16.21,48.91929058874233,48.579421131621764,49.756971523070774,-1.5777777777777768,-0.19319999999999737,0.09450000000000358,-0.19319999999999737,-2.939,2.565,0.0,0.0,0.0,0.0,0.0,0.0,0.0,0.0,0.0,4.0,4.0,comfort,0,False
3.0,93.0,13.0,Jonas,Julia,2013-09-30,,,1.0,,,,,,,6.0,1.0,0.0,3.0,4.0,3.0,3.0,13.0,0.0,0.0,0.0,0.0,0.0,,,,,,,,,,,,,,5.18,5.65,5.64,0.40229424993447793,16.09,48.6802705765461,48.48325214010803,49.6349205387927,-1.3046296296296298,1.4153333333333293,1.4153333333333293,-0.19486666666667674,-2.093,2.888,1.0,0.0,0.0,0.0,0.0,0.0,0.0,0.0,0.0,3.0,4.0,comfort,1,False
3.0,94.0,14.0,Jonas,Julia,2013-09-30,,,1.0,,,,,,,3.0,1.0,0.0,5.0,6.0,6.0,4.0,11.0,0.0,0.0,0.0,0.0,0.0,,,1.0,,,,,,,,,,,2.32,2.65,2.54,0.10511422335060416,16.21,49.41386435733928,48.361637015675285,49.965293380356,-1.5667592592592599,0.6972499999999968,0.5359666666666598,-0.40608999999999895,-2.31,3.016,0.0,0.0,0.0,0.0,0.0,0.0,0.0,0.0,0.0,4.0,4.0,comfort,1,False
3.0,95.0,15.0,Jonas,Julia,2013-09-30,,,1.0,,,,,,,4.0,1.0,0.0,5.0,5.0,4.0,4.0,12.0,0.0,0.0,0.0,0.0,0.0,,,,,,,,,,,,,,3.1,3.65,3.58,0.35548086666378964,16.21,46.43004358136469,46.38610336758982,49.613962371201694,-1.6443518518518518,-0.6200733333333339,-0.5894666666666666,-0.31399666666666803,-2.222,3.161,0.0,0.0,0.0,0.0,0.0,0.0,0.0,0.0,0.0,4.0,4.0,comfort,1,False
3.0,96.0,16.0,Jonas,Julia,2013-09-30,,,,1.0,,,,,,2.4,0.0,1.0,0.0,0.0,0.0,0.0,0.0,7.0,9.0,4.0,4.0,11.0,,,,,,,,,,,,,,-1.72,2.05,2.03,0.08417013817281571,16.12,49.05746025519991,48.85295052193746,49.35413183514015,-1.4946296296296306,0.8900466666666595,0.8424333333333252,0.20812000000000097,-2.781,2.701,0.0,0.0,0.0,0.0,0.0,0.0,0.0,0.0,0.0,4.0,4.0,comfort,0,False
3.0,97.0,17.0,Jonas,Julia,2013-09-30,,,,1.0,,,,,,2.8,0.0,1.0,0.0,0.0,0.0,0.0,0.0,4.0,10.0,4.0,3.0,12.0,,,,,,,,,,,,,,-0.99,2.48,2.46,-0.15100702963182755,16.22,49.0882948817013,48.26506035685812,49.652252158083314,-1.5313888888888876,0.24224999999999142,0.031200000000016104,0.24224999999999142,-2.711,2.559,0.0,1.0,0.0,0.0,0.0,0.0,0.0,0.0,0.0,3.0,4.0,comfort,0,False
3.0,98.0,18.0,Jonas,Julia,2013-09-30,,,,1.0,,,,,,3.2,0.0,1.0,0.0,0.0,0.0,0.0,0.0,4.0,8.0,3.0,3.0,12.0,,,,,,,,,,,,,,-1.36,2.86,2.8,0.2661145377915304,16.24,49.09636764615957,48.59607017286022,49.4543053791638,-1.5868518518518524,-0.3722666666666683,-0.3722666666666683,0.20482666666667626,-3.443,2.313,0.0,0.0,0.0,0.0,0.0,0.0,0.0,0.0,0.0,4.0,4.0,comfort,0,False
3.0,99.0,19.0,Jonas,Julia,2013-09-30,,,,1.0,,,,,,3.6,1.0,0.0,5.0,4.0,5.0,4.0,11.0,0.0,0.0,0.0,0.0,0.0,,,,,,,,,,,,,,2.77,3.24,3.12,0.42271338093785715,16.15,49.30417393548695,48.556236866042894,49.67683246482757,-1.5172222222222216,-0.2754199999999969,-0.03719999999999146,0.2577400000000054,-1.777,3.098,0.0,0.0,0.0,0.0,0.0,0.0,0.0,0.0,0.0,4.0,4.0,comfort,1,False
3.0,100.0,20.0,Jonas,Julia,2013-09-30,,,,1.0,,,,,,3.4,1.0,0.0,4.0,4.0,4.0,4.0,12.0,0.0,0.0,0.0,0.0,0.0,,,,,,,,,,,,,,2.8,3.05,2.96,0.1728731219695092,16.05,47.0304737713529,46.884793152543274,49.64568546224726,-1.5600925925925928,0.25558666666666596,0.06136666666666457,0.16709000000000174,-1.944,3.169,0.0,0.0,0.0,0.0,0.0,0.0,0.0,0.0,0.0,4.0,4.0,comfort,1,False
3.0,101.0,21.0,Jonas,Julia,2013-09-30,,,,1.0,,,,,,3.2,1.0,0.0,5.0,5.0,4.0,5.0,10.0,0.0,0.0,0.0,0.0,0.0,,,,,1.0,,,,,,,,,2.73,2.86,2.78,0.18588319578307022,16.17,49.16927660393038,48.449684822474865,49.47668435809106,-1.5005555555555572,0.26037999999999073,-0.11620000000000985,0.16552000000000078,-2.386,3.646,0.0,0.0,0.0,0.0,0.0,0.0,0.0,0.0,0.0,4.0,4.0,comfort,1,False
3.0,102.0,22.0,Jonas,Julia,2013-09-30,,,,1.0,,,,,,3.0,0.0,1.0,0.0,0.0,0.0,0.0,0.0,10.0,7.0,5.0,6.0,7.0,,,,,,1.0,,,,,,,,-1.25,2.65,2.56,0.26162420274912535,16.26,48.87562025995029,48.57249616411034,49.536756585605985,-1.3825925925925941,0.9210399999999836,0.9062666666666601,0.2021000000000015,-2.579,2.784,0.0,0.0,0.0,0.0,0.0,0.0,0.0,0.0,0.0,4.0,4.0,comfort,0,False
3.0,112.0,32.0,Jonas,Julia,2013-09-30,,,,,,,1.0,,,1.6,0.0,1.0,0.0,0.0,0.0,0.0,0.0,12.0,9.0,4.0,3.0,10.0,,,,,,,,,,,,,,-0.8,1.28,1.16,0.30845199446979876,16.13,48.703877369631705,48.630932911060924,49.82226791398773,-1.3403703703703702,1.8084666666666607,1.8084666666666607,0.162079999999996,-2.761,2.913,0.0,0.0,0.0,0.0,0.0,0.0,0.0,0.0,0.0,4.0,4.0,dread,0,False
3.0,113.0,33.0,Jonas,Julia,2013-09-30,,,,,,,1.0,,,2.6,1.0,0.0,4.0,5.0,5.0,4.0,12.0,0.0,0.0,0.0,0.0,0.0,,,,,,,,,,,,,,2.35,2.27,2.23,0.1862729277903341,16.13,48.97271038800055,48.83517814412947,49.57933455595992,-1.309537037037037,1.6790666666666567,1.6790666666666567,0.16861333333332595,-2.093,3.412,0.0,0.0,0.0,0.0,0.0,0.0,0.0,0.0,0.0,4.0,4.0,dread,1,False
3.0,115.0,35.0,Jonas,Julia,2013-09-30,,,,,,,1.0,,,2.2,1.0,0.0,4.0,4.0,3.0,3.0,13.0,0.0,0.0,0.0,0.0,0.0,,,,,,,,,,,,,,1.86,1.9,1.79,0.9819287870061473,16.01,49.47593423987688,45.35345873884019,52.69432048113927,-1.4174999999999998,0.3657700000000048,0.20720000000000027,-0.15086000000000155,-2.036,3.548,0.0,0.0,0.0,0.0,0.0,0.0,0.0,0.0,0.0,4.0,4.0,dread,1,False
3.0,116.0,36.0,Jonas,Julia,2013-09-30,,,,,,,1.0,,,1.8,1.0,0.0,5.0,6.0,5.0,4.0,11.0,0.0,0.0,0.0,0.0,0.0,,,,,,,,,,,,,,1.9,,,,16.18,49.05239496518824,48.799425623190004,49.811181512283866,,,,,-2.249,3.528,0.0,1.0,0.0,0.0,0.0,0.0,0.0,0.0,0.0,3.0,4.0,dread,1,False
3.0,117.0,37.0,Jonas,Julia,2013-09-30,,,,,,,1.0,,,1.4,1.0,0.0,5.0,5.0,4.0,3.0,12.0,0.0,0.0,0.0,0.0,0.0,,,,,,,,,,,,,,1.26,1.09,1.01,0.9961264851799356,16.22,49.317086395195545,48.90188974028071,49.75810032053715,-1.4349074074074089,-0.2615000000000123,-0.20906666666667206,0.19373999999999114,-2.928,3.534,0.0,1.0,0.0,0.0,0.0,1.0,0.0,0.0,0.0,3.0,3.0,dread,1,False
3.0,118.0,38.0,Jonas,Julia,2013-09-30,,,,,,,1.0,,,1.0,1.0,0.0,6.0,7.0,5.0,4.0,11.0,0.0,0.0,0.0,0.0,0.0,,,,,,,,,,,,,,1.03,0.69,0.63,0.5747605649819647,16.0,47.698265414945155,47.62482752262195,49.626358083619806,-1.2576851851851865,1.50923333333332,1.50923333333332,0.14364666666666892,-2.675,3.239,0.0,0.0,0.0,0.0,0.0,0.0,0.0,0.0,0.0,4.0,4.0,dread,1,False
3.0,119.0,39.0,Jonas,Julia,2013-09-30,,,,,,,1.0,,,0.6,0.0,1.0,0.0,0.0,0.0,0.0,0.0,11.0,7.0,6.0,5.0,10.0,,,,,,,,,,,,,,-1.02,0.29,0.21,-0.025420821761557022,16.13,49.129362288494356,48.77391000456228,49.623528657253644,-1.2633333333333339,1.310539999999996,1.1966999999999999,-0.3432600000000008,-3.293,2.546,0.0,0.0,0.0,0.0,0.0,0.0,0.0,0.0,0.0,4.0,4.0,dread,0,False
3.0,120.0,40.0,Jonas,Julia,2013-09-30,,,,,,,1.0,,,0.8,0.0,1.0,0.0,0.0,0.0,0.0,0.0,10.0,7.0,5.0,4.0,10.0,,,,,,,,,,,,,,-0.74,,,,16.1,48.74894623218438,48.73730630399403,49.70211303025806,,,,,-2.808,2.556,0.0,0.0,0.0,0.0,0.0,1.0,0.0,0.0,0.0,4.0,3.0,dread,0,False
3.0,121.0,41.0,Jonas,Julia,2013-09-30,,,,,,,1.0,,,1.0,0.0,1.0,0.0,0.0,0.0,0.0,0.0,10.0,7.0,5.0,6.0,10.0,,,,,,,,,,,,,,-0.59,0.68,0.57,0.6984400595421576,16.14,49.09596485388532,48.56460943598712,49.49091706612208,-1.3230555555555557,0.4531999999999883,0.4531999999999883,0.16123000000000332,-2.574,2.804,0.0,0.0,0.0,0.0,0.0,1.0,0.0,0.0,0.0,4.0,3.0,dread,0,False
3.0,122.0,42.0,Jonas,Julia,2013-09-30,,,,,,,1.0,,,1.2,0.0,1.0,0.0,0.0,0.0,0.0,0.0,10.0,7.0,5.0,5.0,10.0,,PET might be wrong: in the protocolls the handwriting says 1.4 (?); we have to check that by the actual PET; overvie table says 1.2 --> should be 1.2,,,,,,,,,,,,-0.54,0.89,0.81,0.6493992099445833,16.1,47.288790072655104,47.168793789531,49.55229663148202,-1.3633333333333335,0.15440000000000254,-0.013300000000000978,0.15440000000000254,-2.863,2.722,0.0,0.0,0.0,0.0,0.0,0.0,0.0,0.0,0.0,4.0,4.0,dread,0,False
3.0,123.0,43.0,Jonas,Julia,2013-09-30,,,,,,,1.0,,,1.4,0.0,1.0,0.0,0.0,0.0,0.0,0.0,10.0,8.0,5.0,3.0,11.0,,,,,,,,,,,,,,-0.59,1.07,1.01,0.26954888460733883,16.16,49.126466452876336,48.94024676486485,49.5432896045088,-1.2782407407407412,0.5613333333333301,0.5613333333333301,0.212600000000009,-2.539,2.991,0.0,0.0,0.0,0.0,0.0,1.0,0.0,0.0,0.0,4.0,3.0,dread,0,False
3.0,124.0,44.0,Jonas,Julia,2013-09-30,,,,,,,1.0,,,1.6,0.0,1.0,0.0,0.0,0.0,0.0,0.0,10.0,7.0,5.0,7.0,10.0,,,,,,,,1.0,,,,,,-0.63,1.29,1.28,0.061500447004711134,16.22,48.92730165353654,48.78680211121619,49.634127159460064,-1.3876851851851848,-0.3761966666666581,-0.2915666666666539,0.24232333333333855,-2.817,3.004,0.0,1.0,0.0,0.0,0.0,0.0,0.0,0.0,0.0,3.0,4.0,dread,0,False
3.0,125.0,45.0,Jonas,Julia,2013-09-30,,,,,,,1.0,,,1.8,1.0,0.0,5.0,4.0,5.0,4.0,12.0,0.0,0.0,0.0,0.0,0.0,,,,,,,1.0,,,,,,,1.64,1.48,1.42,0.3933064803202839,16.12,49.08102243949682,48.897337426147054,49.78918895892974,-1.3055555555555551,1.463000000000008,1.463000000000008,0.17500000000000426,-1.782,3.37,0.0,0.0,0.0,0.0,0.0,0.0,0.0,0.0,0.0,4.0,4.0,dread,1,False
19.0,136.0,7.0,Christina,Julia,2013-10-01,,,1.0,,,,,,,2.0,0.0,1.0,0.0,0.0,0.0,0.0,0.0,11.0,13.0,3.0,3.0,13.0,,,,,,,,,,,,,,-1.39,1.64,1.57,-0.33454434384296405,16.24,48.92959108772945,48.63846392704448,49.5344711105264,-1.6472222222222215,-0.3650999999999911,-0.23899999999999366,0.29169999999999874,-3.127,1.943,0.0,0.0,0.0,0.0,0.0,0.0,0.0,0.0,0.0,4.0,4.0,comfort,0,False
19.0,137.0,8.0,Christina,Julia,2013-10-01,,,1.0,,,,,,,1.0,0.0,1.0,0.0,0.0,0.0,0.0,0.0,12.0,13.0,3.0,3.0,13.0,,,,,,,,,,,,,,-1.07,1.63,1.5,-0.33304693137007746,16.19,48.817420128614444,48.38076979498919,49.58889989791203,-1.5530555555555552,-0.26454999999999984,-0.2331000000000003,0.23165999999999798,-3.048,2.067,0.0,0.0,0.0,0.0,0.0,1.0,0.0,0.0,0.0,4.0,3.0,comfort,0,False
19.0,138.0,9.0,Christina,Julia,2013-10-01,,,1.0,,,,,,,3.0,0.0,1.0,0.0,0.0,0.0,0.0,0.0,11.0,11.0,4.0,3.0,13.0,,,,1.0,,,,,,,,,,-1.02,2.62,2.35,1.0229047755286942,16.1,48.98836193088425,48.398348189488644,49.57587721925435,-1.6330555555555557,-0.36668000000000234,-0.3334000000000046,0.3545599999999993,-3.201,2.194,1.0,1.0,0.0,0.0,0.0,0.0,0.0,0.0,0.0,3.0,4.0,comfort,0,False
19.0,139.0,10.0,Christina,Julia,2013-10-01,,,1.0,,,,,,,4.0,1.0,0.0,8.0,8.0,7.0,6.0,7.0,0.0,0.0,0.0,0.0,0.0,,,1.0,,,,,,,,,,,2.44,3.63,3.52,-0.2028467196659136,16.06,48.726768154444564,48.62146759845162,49.582535148614824,-1.657314814814815,-0.4940599999999975,-0.48613333333333486,0.2814166666666651,-2.564,2.479,1.0,0.0,0.0,0.0,0.0,1.0,0.0,0.0,0.0,3.0,3.0,comfort,1,False
19.0,140.0,11.0,Christina,Julia,2013-10-01,,,,1.0,,,,,,3.4,0.0,1.0,0.0,0.0,0.0,0.0,0.0,10.0,9.0,4.0,4.0,12.0,,,,,,,,,,,,,,-1.2,3.03,2.95,-0.3874569460327706,16.18,47.97122522038974,47.7215371177175,49.529562167964514,-1.808796296296296,-0.4451666666666654,-0.4451666666666654,0.251966666666668,-2.478,2.055,0.0,0.0,0.0,0.0,0.0,0.0,0.0,0.0,0.0,4.0,4.0,comfort,0,False
19.0,141.0,12.0,Christina,Julia,2013-10-01,,,,1.0,,,,,,3.8,0.0,1.0,0.0,0.0,0.0,0.0,0.0,11.0,10.0,3.0,3.0,13.0,,,,,,,,,,,,,,-1.25,3.42,3.33,0.2794926423283357,16.11,49.10413298800448,48.80305788204737,49.513337901006764,-1.760833333333333,-0.3943499999999993,-0.2998999999999974,0.2663600000000059,-3.672,1.966,1.0,1.0,0.0,0.0,0.0,0.0,0.0,0.0,0.0,3.0,4.0,comfort,0,False
19.0,142.0,13.0,Christina,Julia,2013-10-01,,,,1.0,,,,,,4.2,1.0,0.0,6.0,5.0,6.0,6.0,10.0,0.0,0.0,0.0,0.0,0.0,,,,,,,,,,,,,,2.56,3.86,3.82,-1.052109152154415,16.28,49.34314400692682,48.12848247721565,49.524170980207174,-1.7633333333333316,-0.6209399999999867,-0.5957999999999828,0.25987999999999545,-2.66,2.555,0.0,0.0,0.0,0.0,0.0,0.0,0.0,0.0,0.0,4.0,4.0,comfort,1,False
19.0,143.0,14.0,Christina,Julia,2013-10-01,,,,1.0,,,,,,4.0,1.0,0.0,6.0,6.0,6.0,6.0,11.0,0.0,0.0,0.0,0.0,0.0,,,,,1.0,,,,,,,,,2.64,3.64,3.62,-0.6875539123614374,16.16,48.94853514884776,48.25286411288065,49.51041982110041,-1.732500000000001,-0.43559000000000836,-0.43370000000000886,0.3044000000000011,-2.58,2.568,0.0,0.0,0.0,0.0,0.0,0.0,0.0,0.0,0.0,4.0,4.0,comfort,1,False
19.0,144.0,15.0,Christina,Julia,2013-10-01,,,,1.0,,,,,,3.8,0.0,1.0,0.0,0.0,0.0,0.0,0.0,11.0,12.0,7.0,6.0,12.0,,,,,,1.0,,,,,,,,-0.95,3.43,3.38,-0.7461670213072154,16.13,48.06957819563645,47.7870826849056,49.631499456557435,-1.841018518518518,-0.45510666666666566,-0.43076666666666696,0.18990333333333353,-2.69,1.849,0.0,0.0,0.0,0.0,0.0,1.0,0.0,0.0,0.0,4.0,1.0,comfort,0,False
19.0,152.0,23.0,Christina,Julia,2013-10-01,,,,,,,1.0,,,2.8,1.0,0.0,13.0,13.0,12.0,12.0,12.0,0.0,0.0,0.0,0.0,0.0,,,,,,,,,,,,,,1.38,2.45,2.37,-0.3855035183788118,16.17,49.178642363059176,48.90683717016216,49.566714715082014,-2.070370370370369,0.39809999999999945,0.0436666666666774,0.39809999999999945,-2.239,3.146,0.0,0.0,0.0,0.0,0.0,0.0,0.0,0.0,0.0,4.0,4.0,dread,1,False
19.0,153.0,24.0,Christina,Julia,2013-10-01,,,,,,,1.0,,,1.8,0.0,1.0,0.0,0.0,0.0,0.0,0.0,10.0,11.0,12.0,12.0,9.0,,,,,,,,,,,,,,-1.07,1.45,1.35,-0.2669199231331021,16.18,48.97550811556944,48.61548529231995,49.639515405299335,-2.104444444444444,0.4150199999999984,0.054400000000001114,0.4150199999999984,-2.863,2.436,0.0,0.0,0.0,0.0,0.0,0.0,0.0,0.0,0.0,4.0,4.0,dread,0,False
19.0,154.0,25.0,Christina,Julia,2013-10-01,,,,,,,1.0,,,2.2,0.0,1.0,0.0,0.0,0.0,0.0,0.0,10.0,10.0,9.0,9.0,10.0,,,,,,,,,,,,,,-0.76,1.86,1.78,-0.30884364203561177,16.04,48.828379607436425,48.81923727210125,49.66286604492154,-2.1071296296296302,0.4192499999999981,-0.006566666666671495,0.4192499999999981,-3.004,2.732,0.0,0.0,0.0,0.0,0.0,0.0,0.0,0.0,0.0,4.0,4.0,dread,0,False
19.0,155.0,26.0,Christina,Julia,2013-10-01,,,,,,,1.0,,,2.6,1.0,0.0,11.0,10.0,9.0,10.0,9.0,0.0,0.0,0.0,0.0,0.0,,,,,,,1.0,,,,,,,1.5,2.26,2.18,-0.3947751819050893,16.19,48.32960185850706,48.0762782850164,49.725035347464654,-2.0749999999999997,0.4474000000000018,-0.09299999999999642,0.4474000000000018,-2.267,3.473,0.0,0.0,0.0,0.0,0.0,1.0,0.0,0.0,0.0,4.0,3.0,dread,1,False
19.0,156.0,27.0,Christina,Julia,2013-10-01,,,,,,,1.0,,,2.4,0.0,1.0,0.0,0.0,0.0,0.0,0.0,10.0,11.0,9.0,9.0,11.0,,,,,,,,1.0,,,,,,-0.56,2.04,1.98,-0.6826159745674261,16.24,49.167165050692915,48.81548900037561,49.460253605808475,-2.0778703703703703,0.3662833333333353,0.1339666666666659,0.3662833333333353,-2.901,1.938,0.0,0.0,0.0,0.0,0.0,1.0,0.0,0.0,0.0,4.0,3.0,dread,0,False
24.0,237.0,7.0,"Christina;
Regina",Helen,2013-10-03,,,1.0,,,,,,,1.0,0.0,1.0,0.0,0.0,0.0,0.0,0.0,10.0,9.0,9.0,9.0,9.0,,,,,,,,,,,,,,-1.24,0.62,0.52,1.338107776877827,16.1,47.560000012490995,47.59562047722341,50.14355193958352,-1.5554629629629637,3.116029999999995,3.1040333333333265,0.23154333333333454,-3.047,2.451,0.0,1.0,0.0,0.0,0.0,1.0,0.0,0.0,0.0,3.0,3.0,comfort,0,False
24.0,238.0,8.0,"Christina;
Regina",Helen,2013-10-03,,,1.0,,,,,,,4.0,1.0,0.0,5.0,5.0,6.0,5.0,12.0,0.0,0.0,0.0,0.0,0.0,,,1.0,,,,,,,,,,,3.12,3.65,3.58,0.9335846134093728,16.16,48.35047032122577,48.363843951573315,50.191219862067626,-1.5587962962962942,-0.2832333333333281,-0.1676666666666513,-0.2832333333333281,-2.158,3.18,0.0,0.0,0.0,0.0,0.0,1.0,0.0,0.0,0.0,4.0,3.0,comfort,1,False
24.0,240.0,10.0,"Christina;
Regina",Helen,2013-10-03,,,1.0,,,,,,,2.0,0.0,1.0,0.0,0.0,0.0,0.0,0.0,10.0,9.0,7.0,8.0,7.0,,,,,,,,,,,,,,-0.81,1.63,1.52,0.7835954387049568,16.04,48.03163148324741,47.999600995120815,50.1119162916045,-1.4829629629629622,1.5281333333333365,1.5281333333333365,0.2276066666666594,-2.554,3.365,0.0,0.0,0.0,0.0,0.0,0.0,0.0,0.0,0.0,4.0,4.0,comfort,0,False
24.0,241.0,11.0,"Christina;
Regina",Helen,2013-10-03,,,1.0,,,,,,,3.0,0.0,1.0,0.0,0.0,0.0,0.0,0.0,5.0,5.0,10.0,10.0,5.0,,,,1.0,,,,,,,,,,-2.08,2.8,2.73,0.6387698223324989,16.26,46.38068140463485,46.38068140463485,48.33055490524231,-1.5906481481481485,2.2518666666666682,2.2518666666666682,-0.47941333333332636,-2.695,2.553,0.0,0.0,0.0,0.0,0.0,1.0,0.0,0.0,0.0,4.0,3.0,comfort,0,False
24.0,242.0,12.0,"Christina;
Regina",Helen,2013-10-03,,,,1.0,,,,,,3.4,1.0,0.0,6.0,6.0,6.0,4.0,10.0,0.0,0.0,0.0,0.0,0.0,,,,,1.0,,,,,,,,,2.65,3.04,2.95,0.7906507157466507,16.23,48.03212711055404,47.946162227578206,50.897319234977516,-1.6717592592592598,0.6705333333333243,0.6206666666666578,0.1320999999999941,-1.932,3.286,1.0,0.0,0.0,0.0,0.0,0.0,0.0,0.0,0.0,3.0,4.0,comfort,1,False
24.0,243.0,13.0,"Christina;
Regina",Helen,2013-10-03,,,,1.0,,,,,,3.2,0.0,1.0,0.0,0.0,0.0,0.0,0.0,6.0,7.0,10.0,10.0,7.0,,,,,,1.0,,,,,,,,-0.55,2.8,2.65,1.8774280055814145,16.05,48.289114397757714,48.02688526415878,51.223594080763064,-1.5804629629629618,0.41353333333334064,0.41353333333334064,-0.31235333333333415,-3.008,2.574,1.0,1.0,0.0,0.0,0.0,1.0,0.0,0.0,0.0,1.0,3.0,comfort,0,False
24.0,250.0,20.0,"Christina;
Regina",Helen,2013-10-03,,,,,,,1.0,,,2.2,0.0,1.0,0.0,0.0,0.0,0.0,0.0,10.0,10.0,11.0,11.0,8.0,,,,,,,,,,,,,,-0.56,1.87,1.82,0.6583456315308851,16.22,48.527718763111594,48.39525963000304,49.74744675036263,-1.5862037037037036,0.5250866666666703,0.48096666666667076,-0.16355999999999682,-2.558,2.477,1.0,0.0,0.0,0.0,0.0,0.0,0.0,0.0,0.0,1.0,4.0,dread,0,False
24.0,251.0,21.0,"Christina;
Regina",Helen,2013-10-03,,,,,,,1.0,,,2.6,0.0,1.0,0.0,0.0,0.0,0.0,0.0,10.0,11.0,9.0,9.0,9.0,,,,,,,,,,,,,,-0.57,2.25,2.16,0.8908512799494375,16.06,48.2194140509619,48.226704526272954,50.03993219401622,-1.4370370370370367,-0.22863333333333458,0.036666666666668846,-0.18453333333333433,-2.679,2.306,0.0,0.0,0.0,0.0,0.0,1.0,0.0,0.0,0.0,4.0,3.0,dread,0,False
24.0,252.0,22.0,"Christina;
Regina",Helen,2013-10-03,,,,,,,1.0,,,3.0,1.0,0.0,8.0,7.0,7.0,8.0,9.0,0.0,0.0,0.0,0.0,0.0,,,,,,,,,,,,,,2.3,2.68,2.6,0.7500578941672771,16.09,47.93746347218437,47.93746347218437,49.80041134230177,-1.4131481481481483,0.5391333333333392,0.4687666666666672,0.2097999999999942,-2.915,3.988,0.0,0.0,0.0,0.0,0.0,0.0,0.0,0.0,0.0,4.0,4.0,dread,1,False
24.0,253.0,23.0,"Christina;
Regina",Helen,2013-10-03,,,,,,,1.0,,,2.8,1.0,0.0,6.0,6.0,5.0,4.0,11.0,0.0,0.0,0.0,0.0,0.0,,,,,,,,,,,,,,2.21,2.47,2.38,1.4678104526175773,16.14,47.85922174551054,47.856158405537094,50.03316600056749,-1.3461111111111108,0.9569000000000045,0.9569000000000045,0.23219999999999885,-2.012,3.606,0.0,0.0,0.0,0.0,0.0,1.0,0.0,0.0,0.0,4.0,1.0,dread,1,False
24.0,254.0,24.0,"Christina;
Regina",Helen,2013-10-03,,,,,,,1.0,,,2.6,1.0,0.0,5.0,4.0,4.0,3.0,12.0,0.0,0.0,0.0,0.0,0.0,,,,,,,,,,,,,,2.26,2.3,2.26,0.7624965864646285,16.19,46.769551946334474,46.63892484544337,49.81440880311908,-1.5308333333333335,0.601899999999997,0.601899999999997,0.2980799999999988,-1.809,3.608,0.0,0.0,0.0,0.0,0.0,1.0,0.0,0.0,0.0,4.0,3.0,dread,1,False
24.0,255.0,25.0,"Christina;
Regina",Helen,2013-10-03,,,,,,,1.0,,,2.4,1.0,0.0,7.0,7.0,8.0,8.0,8.0,0.0,0.0,0.0,0.0,0.0,,,,,,,1.0,,,,,,,2.08,2.09,2.09,0.6334608879493189,16.1,47.579720149429,47.48665212447412,50.41377214159951,-1.836851851851854,-0.21842666666667654,-0.030766666666682596,0.20334666666667545,-2.006,4.022,0.0,1.0,0.0,0.0,0.0,1.0,0.0,0.0,0.0,3.0,3.0,dread,1,False
24.0,256.0,26.0,"Christina;
Regina",Helen,2013-10-03,,,,,,,1.0,,,2.2,0.0,1.0,0.0,0.0,0.0,0.0,0.0,10.0,10.0,9.0,9.0,9.0,,,,,,,,1.0,,,,,,-0.62,1.85,1.77,1.0860339831413128,16.09,48.562477097634755,48.540825058892295,49.82035154686962,-1.788055555555555,-0.519879999999997,-0.21419999999999817,0.25129000000000445,-2.553,2.598,0.0,0.0,0.0,0.0,0.0,0.0,0.0,0.0,0.0,4.0,4.0,dread,0,False
6.0,267.0,7.0,"Christina;
Regina",Helen,2013-10-04,,,1.0,,,,,,,1.0,0.0,1.0,0.0,0.0,0.0,0.0,0.0,12.0,12.0,5.0,1.0,14.0,,,,,,,,,,,,,,-0.85,0.67,0.51,1.1362872648044018,16.08,48.276379488758856,48.276379488758856,49.71739389823448,-2.0176851851851847,0.3909700000000029,-0.07486666666666508,0.3909700000000029,-2.426,2.358,0.0,0.0,0.0,0.0,0.0,1.0,0.0,0.0,0.0,4.0,1.0,comfort,0,False
6.0,268.0,8.0,"Christina;
Regina",Helen,2013-10-04,,,1.0,,,,,,,4.0,0.0,1.0,0.0,0.0,0.0,0.0,0.0,7.0,8.0,7.0,3.0,9.0,,,,1.0,,,,,,,,,,-0.82,3.7,3.58,0.7388989507806158,16.25,48.61479370429542,48.6382785131504,50.00593724978252,-2.0574074074074074,0.28710000000000235,0.2188333333333361,0.2557333333333318,-2.371,2.121,0.0,0.0,0.0,0.0,0.0,1.0,0.0,0.0,0.0,4.0,1.0,comfort,0,False
6.0,269.0,9.0,"Christina;
Regina",Helen,2013-10-04,,,1.0,,,,,,,6.0,1.0,0.0,6.0,4.0,6.0,8.0,10.0,0.0,0.0,0.0,0.0,0.0,,,,,,,,,,,,,,3.55,5.63,5.5,1.1156085437643881,16.07,48.25000901767048,48.25000901767048,49.86724164212518,-1.937777777777776,-0.4782399999999889,-0.3795999999999893,0.3213399999999922,-3.106,2.814,0.0,0.0,0.0,0.0,0.0,0.0,0.0,0.0,0.0,4.0,4.0,comfort,1,False
6.0,270.0,10.0,"Christina;
Regina",Helen,2013-10-04,,,1.0,,,,,,,5.0,1.0,0.0,4.0,3.0,4.0,3.0,13.0,0.0,0.0,0.0,0.0,0.0,,,1.0,,,,,,,,,,,3.86,4.66,4.51,1.1384231823181565,16.09,48.53104403896602,48.504612727998754,49.441885705955855,-1.969907407407408,-0.6516666666666673,-0.5086666666666666,0.44583333333332575,-3.056,3.255,0.0,0.0,0.0,0.0,0.0,0.0,0.0,0.0,0.0,4.0,4.0,comfort,1,False
6.0,271.0,11.0,"Christina;
Regina",Helen,2013-10-04,,,,1.0,,,,,,4.4,1.0,0.0,10.0,10.0,10.0,9.0,9.0,0.0,0.0,0.0,0.0,0.0,,,,,1.0,,,,,,,,,3.24,4.09,3.87,1.9615468744086044,16.1,47.44937460597238,47.49099029236332,49.069329142861164,-1.9617592592592603,0.40966000000000236,-0.17323333333333935,0.40966000000000236,-2.067,2.841,0.0,0.0,0.0,0.0,0.0,1.0,0.0,0.0,0.0,4.0,1.0,comfort,1,False
6.0,272.0,12.0,"Christina;
Regina",Helen,2013-10-04,,,,1.0,,,,,,4.2,0.0,1.0,0.0,0.0,0.0,0.0,0.0,13.0,12.0,7.0,4.0,13.0,,,,,,1.0,,,,,,,,-1.47,3.92,3.7,1.5537291036318166,16.26,47.854591026345695,47.872820481685665,48.970923753700845,-1.9766666666666666,-0.3519399999999955,-0.33409999999999584,0.3339600000000047,-3.295,2.105,0.0,0.0,0.0,0.0,0.0,1.0,0.0,0.0,0.0,4.0,1.0,comfort,0,False
6.0,725.0,5.0,"Regina;
Azad",Helen,2013-10-22,,,,,,,1.0,,,3.2,1.0,0.0,4.0,3.0,2.0,1.0,14.0,0.0,0.0,0.0,0.0,0.0,,,,,,,,,,,,,,3.16,3.06,2.86,0.8193662654528922,16.37,47.680325268517215,47.76473220168437,49.31259965386843,-1.4947222222222223,-0.27483000000000857,-0.21659999999999968,0.23176999999999737,-2.769,3.2,0.0,0.0,0.0,0.0,0.0,0.0,0.0,0.0,0.0,4.0,4.0,dread,1,False
6.0,726.0,6.0,"Regina;
Azad",Helen,2013-10-22,,,,,,,1.0,,,2.2,0.0,1.0,0.0,0.0,0.0,0.0,0.0,6.0,5.0,10.0,10.0,5.0,,,,,,,,,,,,,,-1.54,1.85,1.72,1.2097833441586587,16.05,48.3859731474461,48.3859731474461,50.492200979744695,-1.526111111111111,-0.461119999999994,-0.20639999999999503,0.29834000000001026,-3.511,1.683,0.0,0.0,0.0,0.0,0.0,0.0,0.0,0.0,0.0,4.0,4.0,dread,0,False
6.0,727.0,7.0,"Regina;
Azad",Helen,2013-10-22,,,,,,,1.0,,,2.6,1.0,0.0,5.0,4.0,5.0,5.0,10.0,0.0,0.0,0.0,0.0,0.0,,,,,,,,,,,,,,2.55,2.28,2.11,1.0108008328850602,16.18,49.36935465979394,49.36935465979394,51.017131424909365,-1.4977777777777765,-0.37451999999998975,-0.2956999999999894,0.34103999999999957,-1.674,3.397,0.0,0.0,0.0,0.0,0.0,0.0,0.0,0.0,0.0,4.0,4.0,dread,1,False
6.0,728.0,8.0,"Regina;
Azad",Helen,2013-10-22,,,,,,,1.0,,,2.4,1.0,0.0,6.0,7.0,6.0,7.0,10.0,0.0,0.0,0.0,0.0,0.0,,,,,,,1.0,,,,,,,2.68,2.35,2.22,0.62309462121042,16.29,48.630575236235,48.630575236235,50.32774179483912,-1.5045370370370366,-0.43934666666665834,-0.4281333333333315,0.2034533333333357,-1.638,4.065,0.0,0.0,0.0,0.0,0.0,0.0,0.0,0.0,0.0,4.0,4.0,dread,1,False
6.0,729.0,9.0,"Regina;
Azad",Helen,2013-10-22,,,,,,,1.0,,,2.2,0.0,1.0,0.0,0.0,0.0,0.0,0.0,11.0,8.0,10.0,9.0,10.0,,,,,,,,1.0,,,,,,-2.62,1.98,1.85,0.8012680592946921,16.12,48.531992556266886,48.49774681088206,49.95767454959548,-1.4914814814814819,-0.7946600000000075,-0.7129333333333392,0.32634000000000185,-4.337,2.03,0.0,0.0,0.0,0.0,0.0,0.0,0.0,0.0,0.0,4.0,4.0,dread,0,False
16.0,673.0,3.0,"Christina;
Julia",Helen,2013-10-18,,,1.0,,,,,,,4.0,1.0,0.0,3.0,3.0,3.0,1.0,13.0,0.0,0.0,0.0,0.0,0.0,,,,,,,,,,,,,,3.05,3.61,3.43,1.181600501268754,16.14,48.12736461772531,48.12712578788653,51.19692996847405,-1.8428703703703695,-0.5649333333333253,-0.5649333333333253,0.2830500000000029,-2.428,2.683,0.0,0.0,0.0,0.0,0.0,0.0,0.0,0.0,0.0,4.0,4.0,comfort,1,False
16.0,674.0,4.0,"Christina;
Julia",Helen,2013-10-18,,,1.0,,,,,,,3.0,1.0,0.0,4.0,4.0,6.0,6.0,12.0,0.0,0.0,0.0,0.0,0.0,,,1.0,,,,,,,,,,,2.66,2.68,2.44,2.506643666724571,16.22,48.1790091272526,45.19589332755217,52.69418205059736,-1.7681481481481482,-0.44003333333333217,-0.44003333333333217,0.21521333333333814,-3.102,3.939,1.0,1.0,0.0,0.0,0.0,0.0,0.0,0.0,0.0,1.0,4.0,comfort,1,False
16.0,675.0,5.0,"Christina;
Julia",Helen,2013-10-18,,,1.0,,,,,,,1.0,0.0,1.0,0.0,0.0,0.0,0.0,0.0,11.0,12.0,8.0,4.0,12.0,,,,,,,,,,,,,,-1.11,0.61,0.43,1.313393997191234,16.05,46.372293949285826,46.28518669357055,51.54190373320404,-1.709074074074074,-0.6392666666666678,-0.6392666666666678,0.2181933333333319,-3.376,2.103,0.0,0.0,0.0,0.0,0.0,0.0,0.0,0.0,0.0,4.0,4.0,comfort,0,False
16.0,676.0,6.0,"Christina;
Julia",Helen,2013-10-18,,,1.0,,,,,,,2.0,0.0,1.0,0.0,0.0,0.0,0.0,0.0,9.0,9.0,6.0,5.0,11.0,,,,1.0,,,,,,,,,,-1.03,1.61,1.47,1.382842302005379,16.16,48.48616180151848,48.38089287647407,50.5133780810678,-1.6849999999999994,-0.5859599999999929,-0.551099999999991,0.17878000000000327,-3.185,2.131,0.0,0.0,0.0,0.0,0.0,0.0,0.0,0.0,0.0,4.0,4.0,comfort,0,False
16.0,677.0,7.0,"Christina;
Julia",Helen,2013-10-18,,,,1.0,,,,,,2.4,0.0,1.0,0.0,0.0,0.0,0.0,0.0,10.0,7.0,8.0,6.0,9.0,,,,,,,,,,,,,,-1.11,2.02,1.79,1.3046132238495076,16.12,48.819437368101816,48.79421400575903,49.68926330949927,-1.6262037037037027,-0.5038466666666572,-0.41543333333332555,0.2410466666666622,-4.166,2.111,0.0,0.0,0.0,0.0,0.0,0.0,0.0,0.0,0.0,4.0,4.0,comfort,0,False
16.0,678.0,8.0,"Christina;
Julia",Helen,2013-10-18,,,,1.0,,,,,,2.8,1.0,0.0,6.0,7.0,6.0,5.0,10.0,0.0,0.0,0.0,0.0,0.0,,,,,1.0,,,,,,,,,2.33,2.41,2.25,1.4271140438633623,16.22,47.492907129173,47.48221476848603,49.67910255245329,-1.644074074074074,-0.5358666666666636,-0.5358666666666636,0.20990666666666868,-2.314,3.248,1.0,0.0,0.0,0.0,0.0,0.0,0.0,0.0,0.0,3.0,4.0,comfort,1,False
16.0,679.0,9.0,"Christina;
Julia",Helen,2013-10-18,,,,1.0,,,,,,2.6,0.0,1.0,0.0,0.0,0.0,0.0,0.0,6.0,7.0,7.0,5.0,10.0,,,,,,1.0,,,,,,,,-1.07,2.22,2.1,1.3905706817414583,16.06,48.530751724986686,48.44395257010497,49.94566777117342,-1.5767592592592603,-0.4841333333333431,-0.4841333333333431,0.2109699999999961,-4.027,2.271,0.0,0.0,0.0,0.0,0.0,0.0,0.0,0.0,0.0,4.0,4.0,comfort,0,False
16.0,685.0,15.0,"Christina;
Julia",Helen,2013-10-18,,,,,,,1.0,,,1.6,1.0,0.0,5.0,7.0,5.0,4.0,13.0,0.0,0.0,0.0,0.0,0.0,,,,,,,,,,,,,,1.65,1.23,0.99,1.3751334376336146,16.19,48.593945870647886,48.29488950745689,49.56178728627975,-1.5374074074074058,-0.4855799999999846,-0.4209666666666507,0.27852666666666437,-2.553,3.25,0.0,0.0,0.0,0.0,0.0,0.0,0.0,0.0,0.0,4.0,4.0,dread,1,False
16.0,686.0,16.0,"Christina;
Julia",Helen,2013-10-18,,,,,,,1.0,,,0.6,0.0,1.0,0.0,0.0,0.0,0.0,0.0,11.0,12.0,8.0,5.0,11.0,,,,,,,,,,,,,,-1.45,0.23,-0.03,1.4490412461333122,16.27,49.08412662264307,48.82676399308924,49.83869935772361,-1.5643518518518527,-0.4846000000000039,-0.38366666666667726,0.30148333333333,-4.116,2.16,1.0,0.0,0.0,0.0,0.0,0.0,0.0,0.0,0.0,3.0,4.0,dread,0,False
16.0,687.0,17.0,"Christina;
Julia",Helen,2013-10-18,,,,,,,1.0,,,1.0,0.0,1.0,0.0,0.0,0.0,0.0,0.0,8.0,10.0,6.0,5.0,10.0,,,,,,,,,,,,,,-0.84,0.64,0.54,1.2763855391544112,15.99,48.87232430901032,48.81690934889584,49.86004836493848,-1.5532407407407414,-0.5436666666666703,-0.5436666666666703,0.23333333333333428,-4.253,2.514,0.0,0.0,0.0,0.0,0.0,0.0,0.0,0.0,0.0,4.0,4.0,dread,0,False
16.0,688.0,18.0,"Christina;
Julia",Helen,2013-10-18,,,,,,,1.0,,,1.4,1.0,0.0,6.0,7.0,6.0,5.0,12.0,0.0,0.0,0.0,0.0,0.0,,,,,,,,,,,,,,1.41,1.03,0.88,1.3012383053654801,16.12,48.769479439782266,48.72693444161963,49.64009828128681,-1.532685185185185,-0.43514666666666457,-0.41876666666666296,0.20490000000000208,-2.053,3.179,0.0,0.0,0.0,0.0,0.0,0.0,0.0,0.0,0.0,4.0,4.0,dread,1,False
16.0,689.0,19.0,"Christina;
Julia",Helen,2013-10-18,,,,,,,1.0,,,1.2,1.0,0.0,8.0,7.0,7.0,6.0,11.0,0.0,0.0,0.0,0.0,0.0,,,,,,,1.0,,,,,,,1.19,0.83,0.48,1.672809063067895,16.14,48.645226228661386,48.60883394253804,49.71547912647381,-1.5198148148148134,-0.4297066666666538,-0.4281333333333244,0.24945333333333508,-2.499,3.583,0.0,1.0,0.0,0.0,0.0,0.0,0.0,0.0,0.0,3.0,4.0,dread,1,False
16.0,690.0,20.0,"Christina;
Julia",Helen,2013-10-18,,,,,,,1.0,,,1.0,0.0,1.0,0.0,0.0,0.0,0.0,0.0,10.0,10.0,7.0,4.0,11.0,,,,,,,,1.0,,,,,,-0.76,0.66,0.63,0.9476041815355458,16.1,48.79039096338228,48.79039096338228,49.998854095311884,-1.5533333333333343,-0.5547000000000075,-0.5547000000000075,0.26992000000000616,-4.224,2.078,0.0,0.0,0.0,0.0,0.0,0.0,0.0,0.0,0.0,4.0,4.0,dread,0,False
8.0,438.0,8.0,"Jonas
Christina",Helen,2013-10-14,,,1.0,,,,,,,4.0,1.0,0.0,3.0,1.0,1.0,1.0,15.0,0.0,0.0,0.0,0.0,0.0,,,,,,,,,,,,,,3.26,3.57,3.44,0.9434832809225426,16.11,48.0681041707005,47.96901190837871,50.127625330513865,-1.4493518518518522,-0.5120566666666662,-0.3102666666666636,0.20729000000000042,-1.811,2.479,0.0,0.0,0.0,0.0,0.0,1.0,0.0,0.0,0.0,4.0,3.0,comfort,1,False
8.0,439.0,9.0,"Christina;
Julia",Helen,2013-10-14,,,1.0,,,,,,,3.0,1.0,0.0,6.0,3.0,4.0,4.0,18.0,0.0,0.0,0.0,0.0,0.0,,,1.0,,,,,,,,,,,2.54,2.52,2.35,0.8271130645562081,16.06,49.07139996038918,48.907066823333444,49.82644567548704,-1.4070370370370366,-0.3444199999999924,-0.21953333333333802,0.22769999999999868,-2.562,3.295,0.0,0.0,0.0,0.0,0.0,0.0,0.0,0.0,0.0,4.0,4.0,comfort,1,False
8.0,440.0,10.0,"Jonas
Christina",Helen,2013-10-14,,,1.0,,,,,,,2.0,0.0,1.0,0.0,0.0,0.0,0.0,0.0,8.0,8.0,8.0,6.0,10.0,,,,1.0,,,,,,,,,,-1.12,1.56,1.43,1.0782542124140022,16.15,48.751575841124975,48.41236275531248,50.063410255928744,-1.3895370370370375,-0.2547433333333373,0.024266666666655112,0.2529866666666649,-3.199,2.867,0.0,0.0,0.0,1.0,0.0,0.0,0.0,0.0,0.0,4.0,3.0,comfort,0,False
8.0,441.0,11.0,"Christina;
Julia",Helen,2013-10-14,,,1.0,,,,,,,1.0,0.0,1.0,0.0,0.0,0.0,0.0,0.0,10.0,10.0,6.0,5.0,11.0,,,,,,,,,,,,,,-0.69,0.56,0.4,1.1246921555308305,16.11,48.8451447462661,48.71375202036577,50.10843248070202,-1.3685185185185187,1.5698333333333352,1.5698333333333352,0.20100000000000762,-2.564,3.159,1.0,0.0,0.0,0.0,0.0,0.0,0.0,0.0,0.0,3.0,4.0,comfort,0,False
8.0,442.0,12.0,"Jonas
Christina",Helen,2013-10-14,,,,1.0,,,,,,2.4,0.0,1.0,0.0,0.0,0.0,0.0,0.0,9.0,9.0,6.0,6.0,10.0,,,,,,,,,,,,,,-0.98,1.99,1.84,0.9241711401889958,16.09,49.02258786403014,48.95965240019279,49.89297532615751,-1.3422222222222218,0.36586000000000496,0.352800000000002,0.20054000000000372,-3.176,2.796,0.0,0.0,0.0,0.0,0.0,0.0,0.0,0.0,0.0,4.0,4.0,comfort,0,False
8.0,443.0,13.0,"Christina;
Julia",Helen,2013-10-14,,,,1.0,,,,,,2.8,1.0,0.0,6.0,6.0,6.0,6.0,11.0,0.0,0.0,0.0,0.0,0.0,,,,,,,,,,,,,,2.17,2.37,2.2,1.287564847915938,16.02,48.764089580518686,48.38037751923372,49.95094482431284,-1.3496296296296288,1.7068066666666653,1.6896333333333367,0.23308000000000106,-2.046,3.044,0.0,0.0,0.0,0.0,0.0,0.0,0.0,0.0,0.0,4.0,4.0,comfort,1,False
8.0,444.0,14.0,"Jonas
Christina",Helen,2013-10-14,,,,1.0,,,,,,2.6,1.0,0.0,7.0,6.0,6.0,5.0,10.0,0.0,0.0,0.0,0.0,0.0,,,,,1.0,,,,,,,,,2.05,2.16,2.04,0.8852099367097921,16.12,49.39952363303082,49.04142315462192,49.82724393468178,-1.2520370370370362,2.027766666666672,2.027766666666672,-0.21217999999999648,-2.019,2.899,0.0,0.0,0.0,0.0,0.0,0.0,0.0,0.0,0.0,4.0,4.0,comfort,1,False
8.0,445.0,15.0,"Christina;
Julia",Helen,2013-10-14,,,,1.0,,,,,,2.4,0.0,1.0,0.0,0.0,0.0,0.0,0.0,8.0,9.0,6.0,6.0,10.0,,,,,,1.0,,,,,,,,-0.64,1.97,1.86,0.9422486802868875,16.17,48.82347843776144,48.543530147080666,49.92222820092195,-1.2973148148148144,1.0781266666666767,1.062966666666675,-0.1516199999999941,-3.833,2.819,0.0,0.0,0.0,0.0,0.0,0.0,0.0,0.0,0.0,4.0,4.0,comfort,0,False
8.0,452.0,22.0,"Jonas
Christina",Helen,2013-10-14,,,,,,,1.0,,,1.4,1.0,0.0,5.0,6.0,5.0,4.0,10.0,0.0,0.0,0.0,0.0,0.0,,,,,,,,,,,,,,1.47,0.98,0.87,0.5670116438002353,16.05,48.24394900193862,48.208989452076665,49.9691371617925,-1.2964814814814825,0.1986999999999952,0.029766666666652952,0.1986999999999952,-2.088,4.23,0.0,1.0,0.0,0.0,0.0,1.0,0.0,0.0,0.0,3.0,3.0,dread,1,False
8.0,453.0,23.0,"Jonas
Christina",Helen,2013-10-14,,,,,,,1.0,,,0.4,0.0,1.0,0.0,0.0,0.0,0.0,0.0,11.0,11.0,4.0,4.0,11.0,,,,,,,,,,,,,,-1.08,-0.04,-0.26,1.6782419917683313,16.1,48.78679783797179,48.63128271796708,50.46803309738884,-1.466666666666667,2.362899999999989,2.35799999999999,-0.3669000000000011,-2.63,2.774,1.0,0.0,0.0,0.0,0.0,1.0,0.0,0.0,0.0,3.0,3.0,dread,0,False
8.0,454.0,24.0,"Jonas
Christina",Helen,2013-10-14,,,,,,,1.0,,,0.8,1.0,0.0,8.0,8.0,9.0,6.0,10.0,0.0,0.0,0.0,0.0,0.0,,,,,,,1.0,,,,,,,0.93,0.38,0.28,0.775025214204554,16.11,48.38528746576043,48.06939387842136,49.928034002774666,-1.3893518518518515,-0.3153166666666607,-0.07566666666666322,0.21306666666666274,-1.823,3.884,0.0,0.0,0.0,0.0,0.0,1.0,0.0,0.0,0.0,4.0,3.0,dread,1,False
8.0,455.0,25.0,"Jonas
Christina",Helen,2013-10-14,,,,,,,1.0,,,0.6,0.0,1.0,0.0,0.0,0.0,0.0,0.0,12.0,13.0,8.0,7.0,11.0,,,,,,,,1.0,,,,,,-0.71,0.14,-0.02,0.9832774400837181,16.15,48.98827262359321,48.84404678124856,49.92086163023302,-1.357870370370372,0.9963499999999854,0.9951666666666483,0.19796666666667306,-3.237,2.27,0.0,0.0,0.0,0.0,0.0,1.0,0.0,0.0,0.0,4.0,3.0,dread,0,False
9.0,476.0,6.0,"Regina;
Azad",Helen,2013-10-15,,,1.0,,,,,,,1.0,0.0,1.0,0.0,0.0,0.0,0.0,0.0,7.0,6.0,4.0,5.0,15.0,,,,,,,,,,,,,,-0.88,0.57,0.4,1.2857887387245697,16.02,48.71956090555862,48.74165661935342,50.38787375506658,-1.425925925925925,3.9930000000000057,3.6951666666666725,0.26200000000000045,-3.49,2.861,1.0,0.0,0.0,0.0,0.0,1.0,0.0,0.0,0.0,3.0,3.0,comfort,0,False
9.0,477.0,7.0,"Regina;
Azad",Helen,2013-10-15,,,1.0,,,,,,,2.0,0.0,1.0,0.0,0.0,0.0,0.0,0.0,10.0,7.0,9.0,12.0,6.0,,,,1.0,,,,,,,,,,-0.75,1.59,1.42,1.0677476726101176,16.01,48.58773362305534,48.59440343519298,50.05894216481181,-1.4461111111111107,-0.5770999999999944,-0.5770999999999944,0.23684000000000793,-3.826,2.542,1.0,0.0,0.0,0.0,0.0,1.0,0.0,0.0,0.0,3.0,3.0,comfort,0,False
9.0,478.0,8.0,"Regina;
Azad",Helen,2013-10-15,,,1.0,,,,,,,3.0,1.0,0.0,1.0,4.0,3.0,3.0,13.0,0.0,0.0,0.0,0.0,0.0,,,1.0,,,,,,,,,,,2.69,2.6,2.46,0.9497795201041512,16.02,47.40637441249506,47.40637441249506,50.16126229427382,-1.4093518518518522,-0.5064733333333393,-0.4143666666666732,0.3227933333333297,-2.097,3.479,1.0,0.0,0.0,0.0,0.0,1.0,0.0,0.0,0.0,3.0,3.0,comfort,1,False
9.0,479.0,9.0,"Regina;
Azad",Helen,2013-10-15,,,1.0,,,,,,,4.0,1.0,0.0,1.0,2.0,1.0,1.0,15.0,0.0,0.0,0.0,0.0,0.0,,,,,,,,,,,,,,3.05,3.6,3.52,0.8567377486547585,16.08,48.86977549019319,48.86977549019319,49.95027871339602,-1.412407407407408,-0.498426666666667,-0.42746666666666044,0.23745333333333463,-2.37,2.803,1.0,0.0,0.0,0.0,0.0,0.0,0.0,0.0,0.0,3.0,4.0,comfort,1,False
9.0,480.0,10.0,"Regina;
Azad",Helen,2013-10-15,,,,1.0,,,,,,2.4,1.0,0.0,4.0,5.0,6.0,4.0,12.0,0.0,0.0,0.0,0.0,0.0,,,,,,,,,,,,,,1.81,1.96,1.87,1.3863206051772679,16.17,48.68848281566939,48.68848281566939,50.053868521468274,-1.4524074074074067,-0.5509333333333188,-0.37386666666666457,0.2209666666666692,-1.928,3.212,1.0,0.0,0.0,0.0,0.0,0.0,0.0,0.0,0.0,3.0,4.0,comfort,1,False
9.0,481.0,11.0,"Regina;
Azad",Helen,2013-10-15,,,,1.0,,,,,,2.2,1.0,0.0,5.0,6.0,3.0,6.0,11.0,0.0,0.0,0.0,0.0,0.0,,,,,1.0,,,,,,,,,1.71,1.78,1.61,1.114171262210668,16.03,48.68003303916321,48.64285394692601,50.05131396271494,-1.4567592592592595,-0.6447733333333332,-0.47043333333333237,0.2555033333333441,-2.176,3.342,0.0,0.0,0.0,0.0,0.0,0.0,0.0,0.0,0.0,4.0,4.0,comfort,1,False
9.0,482.0,12.0,"Regina;
Azad",Helen,2013-10-15,,,,1.0,,,,,,2.0,0.0,1.0,0.0,0.0,0.0,0.0,0.0,9.0,12.0,4.0,2.0,14.0,,,,,,1.0,,,,,,,,-0.89,1.77,1.61,1.252897121264816,16.19,48.851641236635004,48.810530964012216,49.87665235727761,-1.3456481481481468,-0.2361133333333285,-0.14493333333332004,-0.18616999999999706,-3.984,1.945,0.0,1.0,0.0,0.0,0.0,1.0,0.0,0.0,0.0,3.0,3.0,comfort,0,False
9.0,490.0,20.0,"Regina;
Azad",Helen,2013-10-15,,,,,,,1.0,,,1.0,0.0,1.0,0.0,0.0,0.0,0.0,0.0,10.0,10.0,12.0,14.0,15.0,,,,,,,,,,,,,,-0.54,0.55,0.25,1.4049791005822314,16.07,46.783001695291915,46.81042461481973,50.311816073964906,-1.2792592592592593,3.192466666666668,3.192466666666668,0.2695933333333329,-3.34,2.916,0.0,1.0,0.0,0.0,0.0,1.0,0.0,0.0,0.0,1.0,1.0,dread,0,False
9.0,491.0,21.0,"Regina;
Azad",Helen,2013-10-15,,,,,,,1.0,,,1.4,0.0,1.0,0.0,0.0,0.0,0.0,0.0,4.0,4.0,7.0,13.0,4.0,,,,,,,,,,,,,,-0.68,1.0,0.84,0.7269668454364435,16.1,48.69087189905483,48.70096458956085,50.191985589342494,-1.2950925925925934,0.21254666666666822,-0.005233333333336532,0.21254666666666822,-4.548,2.514,0.0,0.0,0.0,0.0,0.0,1.0,0.0,0.0,0.0,4.0,3.0,dread,0,False
9.0,492.0,22.0,"Regina;
Azad",Helen,2013-10-15,,,,,,,1.0,,,1.8,1.0,0.0,2.0,5.0,3.0,4.0,14.0,0.0,0.0,0.0,0.0,0.0,,,,,,,,,,,,,,2.3,1.38,1.21,1.0488881167728792,16.1,48.26871621120497,48.27455267365151,50.33037362807079,-1.3428703703703688,-0.4403433333333311,-0.29743333333332345,0.16285666666665577,-2.491,5.13,0.0,1.0,0.0,0.0,0.0,0.0,0.0,0.0,0.0,3.0,4.0,dread,1,False
9.0,493.0,23.0,"Regina;
Azad",Helen,2013-10-15,,,,,,,1.0,,,1.6,1.0,0.0,3.0,6.0,4.0,3.0,12.0,0.0,0.0,0.0,0.0,0.0,,,,,,,,,,,,,,2.24,1.22,1.02,1.1899204162173547,15.96,47.65934333473512,47.700350624576835,50.3080750036429,-1.2504629629629624,0.21818333333332873,-0.006166666666665321,0.21818333333332873,-2.089,4.977,0.0,0.0,0.0,0.0,0.0,1.0,0.0,0.0,0.0,4.0,3.0,dread,1,False
9.0,494.0,24.0,"Regina;
Azad",Helen,2013-10-15,,,,,,,1.0,,,1.4,1.0,0.0,4.0,6.0,3.0,5.0,10.0,0.0,0.0,0.0,0.0,0.0,,,,,,,1.0,,,,,,,1.73,0.98,0.82,0.9576625606198306,16.11,48.573967198151394,48.60234753620104,50.83403125321155,-1.3071296296296286,0.2668566666666621,0.09243333333333226,0.2668566666666621,-2.267,4.542,0.0,0.0,0.0,0.0,0.0,1.0,0.0,0.0,0.0,4.0,3.0,dread,1,False
9.0,495.0,25.0,"Regina;
Azad",Helen,2013-10-15,,,,,,,1.0,,,1.2,0.0,1.0,0.0,0.0,0.0,0.0,0.0,3.0,3.0,4.0,9.0,4.0,,,,,,,,1.0,,,,,,-0.48,0.78,0.63,1.2906197991324504,16.02,48.244568331573234,48.244568331573234,50.50508561946529,-1.3136111111111122,-0.34391000000000815,-0.19290000000001584,0.24354000000000298,-4.066,2.54,0.0,0.0,0.0,0.0,0.0,1.0,0.0,0.0,0.0,4.0,1.0,dread,0,False
5.0,536.0,6.0,"Julia
Jonas",Helen,2013-10-16,,,1.0,,,,,,,3.0,1.0,0.0,5.0,7.0,5.0,7.0,10.0,0.0,0.0,0.0,0.0,0.0,,,1.0,,,,,,,,,,,1.92,2.6,2.56,0.6758634890625572,16.06,47.64551105269654,47.585126054972974,50.0310929369293,-1.3858333333333333,0.17652999999999963,-0.01939999999999742,0.17652999999999963,-2.242,2.68,0.0,0.0,0.0,0.0,0.0,0.0,0.0,0.0,0.0,4.0,4.0,comfort,1,False
5.0,537.0,7.0,"Julia;
Jonas",Helen,2013-10-16,,,1.0,,,,,,,2.0,0.0,1.0,0.0,0.0,0.0,0.0,0.0,9.0,7.0,5.0,5.0,7.0,,,,1.0,,,,,,,,,,-1.13,1.58,1.47,0.8768923294721773,16.02,44.46159051394573,44.42205795771964,52.17492079798042,-1.348333333333333,1.4831000000000003,1.4831000000000003,0.16408000000000555,-3.011,1.902,0.0,1.0,0.0,0.0,0.0,0.0,0.0,0.0,0.0,3.0,4.0,comfort,0,False
5.0,538.0,8.0,"Julia
Jonas",Helen,2013-10-16,,,1.0,,,,,,,4.0,1.0,0.0,5.0,4.0,4.0,5.0,10.0,0.0,0.0,0.0,0.0,0.0,,,,,,,,,,,,,,3.46,3.59,3.47,0.7825000309851688,16.11,49.51484624825435,48.8816089232623,49.964383691252436,-1.3606481481481474,-0.20095000000000596,-0.13283333333333758,0.19036666666666946,-1.885,2.913,0.0,1.0,0.0,0.0,0.0,0.0,0.0,0.0,0.0,3.0,4.0,comfort,1,False
5.0,539.0,9.0,"Julia;
Jonas",Helen,2013-10-16,,,1.0,,,,,,,1.0,0.0,1.0,0.0,0.0,0.0,0.0,0.0,10.0,11.0,5.0,3.0,12.0,,,,,,,,,,,,,,-0.73,0.6,0.5,1.0165068364657728,16.12,48.448164649132934,48.393274285632096,50.08448343882151,-1.8405555555555555,-0.5292999999999992,-0.3836000000000013,0.2617399999999961,-2.522,1.578,0.0,0.0,0.0,0.0,0.0,0.0,0.0,0.0,0.0,4.0,4.0,comfort,0,False
5.0,540.0,10.0,"Julia
Jonas",Helen,2013-10-16,,,,1.0,,,,,,2.4,0.0,1.0,0.0,0.0,0.0,0.0,0.0,10.0,10.0,5.0,2.0,11.0,,,,,,,,,,,,,,-1.02,2.02,1.89,1.0636226338952,16.17,49.09206194409772,49.09525433515115,49.958493802414665,-1.3359259259259257,0.16851999999999379,0.15506666666667002,0.16851999999999379,-3.427,1.383,0.0,0.0,0.0,0.0,0.0,0.0,0.0,0.0,0.0,4.0,4.0,comfort,0,False
5.0,541.0,11.0,"Julia;
Jonas",Helen,2013-10-16,,,,1.0,,,,,,2.8,1.0,0.0,5.0,5.0,5.0,2.0,4.0,0.0,0.0,0.0,0.0,0.0,,,,,,,,,,,,,,1.97,2.4,2.28,0.8287242096409742,16.11,47.21902878322931,47.152391149031594,49.95645762041917,-1.3091666666666664,-0.20221999999999696,-0.02729999999999677,0.14090000000000202,-2.791,2.845,0.0,0.0,0.0,0.0,0.0,0.0,0.0,0.0,0.0,4.0,4.0,comfort,1,False
5.0,542.0,12.0,"Julia
Jonas",Helen,2013-10-16,,,,1.0,,,,,,2.6,1.0,0.0,6.0,6.0,5.0,3.0,8.0,0.0,0.0,0.0,0.0,0.0,,,,,1.0,,,,,,,,,1.99,2.23,2.13,0.669551646523864,16.11,48.25346737393808,48.135048292614144,49.99065218271767,-1.2804629629629625,0.7420333333333389,0.7420333333333389,0.18793999999999755,-2.07,2.599,0.0,0.0,0.0,0.0,0.0,0.0,0.0,0.0,0.0,4.0,4.0,comfort,1,False
5.0,543.0,13.0,"Julia;
Jonas",Helen,2013-10-16,,,,1.0,,,,,,2.4,0.0,1.0,0.0,0.0,0.0,0.0,0.0,7.0,7.0,5.0,5.0,8.0,,,,,,1.0,,,,,,,,-1.29,2.02,1.97,0.5608452102843628,16.1,47.84901516854886,47.65481751001225,50.18096043725265,-1.2218518518518515,-0.29864666666667006,-0.1963666666666697,0.1742399999999975,-4.272,1.803,0.0,0.0,0.0,0.0,0.0,0.0,0.0,0.0,0.0,4.0,4.0,comfort,0,False
5.0,551.0,21.0,"Julia;
Jonas",Helen,2013-10-16,,,,,,,1.0,,,1.4,1.0,0.0,5.0,6.0,5.0,3.0,11.0,0.0,0.0,0.0,0.0,0.0,,,,,,,,,,,,,,2.31,1.02,1.04,1.496514915583198,16.12,48.931118743173066,48.883872600643365,50.039486081215756,-1.109629629629629,0.15448666666666355,-0.04596666666667204,0.15448666666666355,-2.662,5.21,0.0,1.0,0.0,0.0,0.0,0.0,0.0,0.0,0.0,3.0,4.0,dread,1,False
5.0,552.0,22.0,"Julia
Jonas",Helen,2013-10-16,,,,,,,1.0,,,0.4,0.0,1.0,0.0,0.0,0.0,0.0,0.0,10.0,10.0,5.0,4.0,11.0,,,,,,,,,,,,,,-0.29,0.01,-0.2,0.988406994200993,16.19,48.65279816212937,48.66182513150753,49.99197961370072,-1.1721296296296289,3.3990333333333425,3.3990333333333425,0.14597666666666953,-3.045,2.209,0.0,0.0,0.0,0.0,0.0,0.0,0.0,0.0,0.0,4.0,4.0,dread,0,False
5.0,553.0,23.0,"Julia;
Jonas",Helen,2013-10-16,,,,,,,1.0,,,0.8,0.0,1.0,0.0,0.0,0.0,0.0,0.0,10.0,10.0,5.0,6.0,10.0,,,,,,,,,,,,,,-0.36,0.47,0.35,0.5583457575110273,16.06,45.02220476630086,44.10568166224918,52.82484957062067,-1.2123148148148164,0.6145666666666543,0.6145666666666543,0.20956333333334243,-3.808,2.18,0.0,0.0,0.0,0.0,0.0,0.0,0.0,0.0,0.0,4.0,4.0,dread,0,False
5.0,554.0,24.0,"Julia
Jonas",Helen,2013-10-16,,,,,,,1.0,,,1.2,1.0,0.0,7.0,6.0,5.0,3.0,12.0,0.0,0.0,0.0,0.0,0.0,,,,,,,,,,,,,,1.76,0.77,0.68,0.8833759577980587,15.95,52.04359663399966,52.085588632184965,53.70373421989466,-1.1987037037037036,-0.24289333333333474,-0.09203333333333319,0.1979466666666596,-2.555,5.219,0.0,0.0,0.0,0.0,0.0,0.0,0.0,0.0,0.0,4.0,4.0,dread,1,False
5.0,555.0,25.0,"Julia;
Jonas",Helen,2013-10-16,,,,,,,1.0,,,1.0,1.0,0.0,7.0,6.0,5.0,3.0,11.0,0.0,0.0,0.0,0.0,0.0,,,,,,,,,,,,,,1.33,0.64,0.56,0.9622693629690318,16.09,49.154354166785375,48.66165011680016,50.14022126268827,-1.1925925925925922,0.26063333333333816,-0.19683333333332342,0.26063333333333816,-2.321,3.916,0.0,0.0,0.0,0.0,0.0,0.0,0.0,0.0,0.0,4.0,4.0,dread,1,False
5.0,557.0,27.0,"Julia;
Jonas",Helen,2013-10-16,,,,,,,1.0,,,0.8,1.0,0.0,7.0,7.0,5.0,5.0,10.0,0.0,0.0,0.0,0.0,0.0,,,,,,,,,,,,,,1.48,,,,15.95,48.851525135594976,48.851525135594976,51.03658803038812,,,,,-3.239,5.947,0.0,0.0,0.0,0.0,0.0,0.0,0.0,0.0,0.0,4.0,4.0,dread,1,False
5.0,558.0,28.0,"Julia
Jonas",Helen,2013-10-16,,,,,,,1.0,,,0.6,1.0,0.0,7.0,6.0,5.0,5.0,10.0,0.0,0.0,0.0,0.0,0.0,,,,,,,,,,,,,,1.63,0.24,0.12,0.7756106222691201,16.16,48.76338897864061,48.78839181496235,50.320782811397464,-1.1537037037037032,-0.15953333333332864,0.04616666666666447,-0.13803333333333967,-3.463,6.152,0.0,0.0,0.0,0.0,0.0,0.0,0.0,0.0,0.0,4.0,4.0,dread,1,False
5.0,559.0,29.0,"Julia;
Jonas",Helen,2013-10-16,,,,,,,1.0,,,0.4,1.0,0.0,7.0,7.0,5.0,4.0,10.0,0.0,,0.0,0.0,0.0,,,,,,,1.0,,,,,,,1.01,0.04,-0.03,1.1396862296658767,16.07,48.721983529592684,48.70451179269699,50.49046789647676,-1.0687962962962956,0.8562333333333427,0.8562333333333427,0.16422333333333228,-2.899,4.727,0.0,0.0,0.0,0.0,0.0,0.0,0.0,0.0,0.0,4.0,4.0,dread,1,False
5.0,560.0,30.0,"Julia
Jonas",Helen,2013-10-16,,,,,,,1.0,,,0.2,0.0,1.0,0.0,0.0,0.0,0.0,0.0,10.0,8.0,5.0,5.0,10.0,,,,,,,,1.0,,,,,,-0.36,-0.14,-0.3,0.8512661255459548,16.03,49.032470175970275,48.86525075413356,49.77102849823993,-1.1880555555555545,0.402300000000011,0.402300000000011,0.26655999999999835,-3.656,1.639,0.0,0.0,0.0,0.0,0.0,0.0,0.0,0.0,0.0,4.0,4.0,dread,0,False
12.0,610.0,10.0,"Christina;
Azad",Helen,2013-10-17,,,1.0,,,,,,,1.0,0.0,1.0,0.0,0.0,0.0,0.0,0.0,13.0,5.0,8.0,5.0,14.0,,,,,,,,,,,,,,-0.58,0.59,0.37,1.1077495763818135,16.04,48.8497713477063,48.48914186958224,51.886865384538936,-1.2775925925925928,-0.21157333333333384,-0.09893333333332777,0.19019333333333321,-4.002,1.913,0.0,0.0,0.0,0.0,0.0,0.0,0.0,0.0,0.0,4.0,4.0,comfort,0,False
12.0,611.0,11.0,"Christina;
Azad",Helen,2013-10-17,,,1.0,,,,,,,4.0,1.0,0.0,6.0,3.0,8.0,5.0,13.0,0.0,0.0,0.0,0.0,0.0,,,,,,,,,,,,,,3.61,3.6,3.42,1.2777638833411586,16.13,48.92590723446985,48.63614576921386,49.70970477525199,-1.334444444444445,0.2713200000000029,-0.13440000000000651,0.2713200000000029,-2.565,3.783,0.0,0.0,0.0,0.0,0.0,0.0,0.0,0.0,0.0,4.0,4.0,comfort,1,False
12.0,612.0,12.0,"Christina;
Azad",Helen,2013-10-17,,,1.0,,,,,,,2.0,0.0,1.0,0.0,0.0,0.0,0.0,0.0,12.0,5.0,8.0,8.0,10.0,,,,1.0,,,,,,,,,,-1.49,1.62,1.37,1.6761571449422803,16.24,46.393435174857444,46.374111762838474,49.706809844601594,-1.3362962962962952,-0.34603333333332387,-0.3250666666666575,0.18833999999999662,-4.1,1.779,1.0,0.0,0.0,0.0,0.0,0.0,0.0,0.0,0.0,3.0,4.0,comfort,0,False
12.0,613.0,13.0,"Christina;
Azad",Helen,2013-10-17,,,1.0,,,,,,,3.0,1.0,0.0,6.0,4.0,8.0,5.0,10.0,0.0,0.0,0.0,0.0,0.0,,,1.0,,,,,,,,,,,2.66,2.61,2.55,1.1743081753762326,16.03,48.848760941495286,48.025556326395744,51.5413703975436,-1.2819444444444443,0.1883499999999998,0.013500000000000512,0.1883499999999998,-2.672,3.572,1.0,0.0,0.0,0.0,0.0,0.0,0.0,0.0,0.0,3.0,4.0,comfort,1,False
12.0,614.0,14.0,"Christina;
Azad",Helen,2013-10-17,,,,1.0,,,,,,2.4,0.0,1.0,0.0,0.0,0.0,0.0,0.0,8.0,2.0,8.0,11.0,7.0,,,,,,,,,,,,,,-0.94,2.01,1.89,1.1689123874733482,16.12,48.90467065109945,48.758528275224045,49.664264693515605,-1.2340740740740743,0.19566000000000372,0.19523333333333426,0.13766666666666794,-4.396,1.993,0.0,0.0,0.0,0.0,0.0,0.0,0.0,0.0,0.0,4.0,4.0,comfort,0,False
12.0,615.0,15.0,"Christina;
Azad",Helen,2013-10-17,,,,1.0,,,,,,2.8,0.0,1.0,0.0,0.0,0.0,0.0,0.0,11.0,6.0,8.0,9.0,11.0,,,,,,,,,,,,,,-1.24,2.4,2.21,1.441937468378235,16.15,48.594260951275515,48.33535615840351,50.03043204068021,-1.2512962962962972,0.2083066666666724,0.04803333333332205,0.2083066666666724,-4.32,1.531,0.0,0.0,0.0,0.0,0.0,0.0,0.0,0.0,0.0,4.0,4.0,comfort,0,False
12.0,616.0,16.0,"Christina;
Azad",Helen,2013-10-17,,,,1.0,,,,,,3.2,1.0,0.0,8.0,4.0,8.0,7.0,8.0,0.0,0.0,0.0,0.0,0.0,,,,,,,,,,,,,,2.69,2.83,2.67,1.0813605219250277,16.22,48.87278702506802,48.67649111761468,50.21105002646138,-1.2301851851851853,-0.29999999999999716,-0.1508666666666656,0.2145399999999995,-2.523,3.367,0.0,0.0,0.0,0.0,0.0,1.0,0.0,0.0,0.0,4.0,3.0,comfort,1,False
12.0,617.0,17.0,"Christina;
Azad",Helen,2013-10-17,,,,1.0,,,,,,3.0,1.0,0.0,8.0,4.0,9.0,10.0,8.0,0.0,0.0,0.0,0.0,0.0,,,,,1.0,,,,,,,,,2.18,2.63,2.5,1.27942632595569,16.13,47.1553214503344,47.087310460639124,49.80327145679581,-1.3025925925925936,-0.3114266666666765,-0.16293333333334203,0.18116000000000554,-3.181,3.148,0.0,0.0,0.0,0.0,0.0,0.0,0.0,0.0,0.0,4.0,4.0,comfort,1,False
12.0,618.0,18.0,"Christina;
Azad",Helen,2013-10-17,,,,1.0,,,,,,2.8,0.0,1.0,0.0,0.0,0.0,0.0,0.0,9.0,4.0,10.0,10.0,7.0,,,,,,1.0,,,,,,,,-0.9,2.42,2.28,1.1925371384076087,16.16,48.86164891578107,48.84708622009693,49.94912093155186,-1.2663888888888908,0.22336000000000666,0.021099999999989905,0.22336000000000666,-4.528,1.722,0.0,1.0,0.0,0.0,0.0,0.0,0.0,0.0,0.0,3.0,4.0,comfort,0,False
12.0,624.0,24.0,"Christina;
Azad",Helen,2013-10-17,,,,,,,1.0,,,1.8,1.0,0.0,8.0,6.0,7.0,6.0,12.0,0.0,0.0,0.0,0.0,0.0,,,,,,,,,,,,,,2.1,1.43,1.21,1.377264066965573,16.06,46.684277674575576,46.66685302017814,51.08168131234521,-1.2110185185185178,0.18055333333332868,0.1750333333333387,0.18055333333332868,-2.596,4.423,0.0,0.0,0.0,0.0,0.0,0.0,0.0,0.0,0.0,4.0,4.0,dread,1,False
12.0,625.0,25.0,"Christina;
Azad",Helen,2013-10-17,,,,,,,1.0,,,0.8,1.0,0.0,11.0,7.0,9.0,8.0,8.0,0.0,0.0,0.0,0.0,0.0,,,,,,,,,,,,,,0.82,0.44,0.29,0.9951436917276126,16.2,48.39606959172912,48.2771512762108,49.76326944937284,-1.2486111111111111,-0.19939999999999714,-0.11700000000000443,0.19480000000000075,-2.825,4.138,0.0,0.0,0.0,0.0,0.0,0.0,0.0,0.0,0.0,4.0,4.0,dread,1,False
12.0,626.0,26.0,"Christina;
Azad",Helen,2013-10-17,,,,,,,1.0,,,-0.2,0.0,1.0,0.0,0.0,0.0,0.0,0.0,12.0,8.0,9.0,9.0,10.0,,,,,,,,,,,,,,-0.78,-0.58,-0.65,1.4700907623920543,16.11,48.15845109342504,48.01847832913765,49.71256310453214,-1.3014814814814812,0.15282666666666955,0.06396666666667272,0.15282666666666955,-4.068,2.101,0.0,0.0,0.0,0.0,0.0,0.0,0.0,0.0,0.0,4.0,4.0,dread,0,False
12.0,627.0,27.0,"Christina;
Azad",Helen,2013-10-17,,,,,,,1.0,,,0.2,0.0,1.0,0.0,0.0,0.0,0.0,0.0,11.0,8.0,10.0,10.0,9.0,,,,,,,,,,,,,,-0.78,-0.14,-0.18,0.933330624656783,16.17,47.55820724953726,47.45738797597346,50.12289237554512,-1.3765740740740744,-0.5082733333333351,-0.4720666666666702,-0.18553666666666402,-5.629,2.032,0.0,0.0,0.0,0.0,0.0,0.0,0.0,0.0,0.0,4.0,4.0,dread,0,False
12.0,628.0,28.0,"Christina;
Azad",Helen,2013-10-17,,,,,,,1.0,,,0.6,1.0,0.0,10.0,7.0,9.0,9.0,9.0,0.0,0.0,0.0,0.0,0.0,,,,,,,,,,,,,,0.86,0.25,0.17,1.0984033451228257,16.14,48.13032762978978,47.8842367489432,49.65339971794933,-1.3402777777777786,0.26625000000000654,-0.1285000000000025,0.26625000000000654,-2.262,4.636,0.0,0.0,0.0,0.0,0.0,0.0,0.0,0.0,0.0,4.0,4.0,dread,1,False
12.0,629.0,29.0,"Christina;
Azad",Helen,2013-10-17,,,,,,,1.0,,,0.4,1.0,0.0,10.0,7.0,10.0,10.0,8.0,0.0,0.0,0.0,0.0,0.0,,,,,,,1.0,,,,,,,0.7,0.04,0.31,1.509914448824965,16.04,48.82705951222608,47.54298270044025,51.52462418003651,-1.3145370370370373,-0.3590300000000042,-0.21173333333333488,0.2867999999999995,-2.179,4.95,0.0,1.0,0.0,0.0,0.0,0.0,0.0,0.0,0.0,3.0,4.0,dread,1,False
12.0,630.0,30.0,"Christina;
Azad",Helen,2013-10-17,,,,,,,1.0,,,0.2,0.0,1.0,0.0,0.0,0.0,0.0,0.0,9.0,5.0,12.0,12.0,7.0,,,,,,,,1.0,,,,,,-0.62,-0.14,-0.16,1.0021746621379393,16.1,48.512917013342445,48.28681843328237,51.332690319680694,-1.3345370370370382,0.26467999999999847,-0.19443333333335033,0.26467999999999847,-4.142,2.012,0.0,0.0,0.0,0.0,0.0,0.0,0.0,0.0,0.0,4.0,4.0,dread,0,False
2.0,647.0,7.0,"Regina;
Julia",Helen,2013-10-17,,,1.0,,,,,,,4.0,1.0,0.0,4.0,3.0,4.0,3.0,13.0,0.0,0.0,0.0,0.0,0.0,,,,,,,,,,,,,,2.61,3.66,3.45,2.020530494569492,16.1,49.02476519851294,48.72061192272288,49.542409194848744,-1.4604629629629626,-0.5546199999999928,-0.5522666666666609,0.3348100000000045,-2.949,2.268,0.0,0.0,0.0,0.0,0.0,0.0,0.0,0.0,0.0,4.0,4.0,comfort,1,False
2.0,648.0,8.0,"Regina;
Julia",Helen,2013-10-17,,,1.0,,,,,,,3.0,1.0,0.0,3.0,3.0,3.0,3.0,13.0,0.0,0.0,0.0,0.0,0.0,,,1.0,,,,,,,,,,,2.16,2.71,2.56,1.205248407540445,16.12,49.041823355250756,48.808974353244814,49.69082722462019,-1.5027777777777767,-0.5483999999999938,-0.5274999999999892,0.40439999999999543,-2.316,3.183,0.0,0.0,0.0,0.0,0.0,0.0,0.0,0.0,0.0,4.0,4.0,comfort,1,False
2.0,649.0,9.0,"Regina;
Julia",Helen,2013-10-17,,,1.0,,,,,,,2.0,0.0,1.0,0.0,0.0,0.0,0.0,0.0,10.0,8.0,6.0,7.0,10.0,,,,1.0,,,,,,,,,,-1.4,1.7,1.56,1.634779791881904,16.04,46.99434801093115,46.90628509275934,49.74080514883468,-1.500277777777778,-0.5475500000000011,-0.47960000000000136,0.30646999999999736,-4.143,1.593,0.0,0.0,0.0,0.0,0.0,0.0,0.0,0.0,0.0,4.0,4.0,comfort,0,False
2.0,650.0,10.0,"Regina;
Julia",Helen,2013-10-17,,,1.0,,,,,,,1.0,0.0,1.0,0.0,0.0,0.0,0.0,0.0,8.0,8.0,8.0,6.0,10.0,,,,,,,,,,,,,,-2.18,0.61,0.37,3.08566250389687,16.13,48.96353031438047,48.606161892808245,49.63322981697303,-1.4841666666666662,-0.5260099999999923,-0.4967999999999968,0.18045000000000044,-4.261,1.58,0.0,0.0,0.0,0.0,0.0,0.0,0.0,0.0,0.0,4.0,4.0,comfort,0,False
2.0,651.0,11.0,"Regina;
Julia",Helen,2013-10-17,,,,1.0,,,,,,2.4,1.0,0.0,4.0,4.0,4.0,4.0,11.0,0.0,0.0,0.0,0.0,0.0,,,,,,,,,,,,,,1.73,2.02,1.77,2.7407862052018217,15.93,48.911382733175834,48.65424094544555,49.56984246546966,-1.4670370370370363,-0.38881333333333146,-0.2776333333333305,0.3140333333333274,-2.142,2.795,0.0,0.0,0.0,0.0,0.0,0.0,0.0,0.0,0.0,4.0,4.0,comfort,1,False
2.0,652.0,12.0,"Regina;
Julia",Helen,2013-10-17,,,,1.0,,,,,,2.2,1.0,0.0,4.0,4.0,4.0,4.0,10.0,0.0,0.0,0.0,0.0,0.0,,,,,,,,,,,,,,1.75,1.93,1.69,1.2924749433556784,16.16,49.07473298683546,48.72744894743846,50.024246724569394,-1.474074074074073,-0.4999999999999858,-0.4296666666666482,0.3115666666666712,-2.555,3.083,0.0,0.0,0.0,0.0,0.0,0.0,0.0,0.0,0.0,4.0,4.0,comfort,1,False
2.0,653.0,13.0,"Regina;
Julia",Helen,2013-10-17,,,,1.0,,,,,,2.0,1.0,0.0,4.0,4.0,4.0,4.0,10.0,0.0,0.0,0.0,0.0,0.0,,,,,1.0,,,,,,,,,1.11,1.72,1.49,2.4803637532134246,16.15,48.97976223255672,48.914926542582,49.565609369657864,-1.436481481481481,-0.6106333333333325,-0.6106333333333325,0.21273333333333255,-3.175,2.712,1.0,0.0,0.0,0.0,0.0,0.0,0.0,0.0,0.0,3.0,4.0,comfort,1,False
2.0,654.0,14.0,"Regina;
Julia",Helen,2013-10-17,,,,1.0,,,,,,1.8,0.0,1.0,0.0,0.0,0.0,0.0,0.0,9.0,6.0,6.0,5.0,10.0,,,,,,1.0,,,,,,,,-1.82,1.51,1.44,1.3623233682315643,16.13,49.31400169985862,48.80920559420879,50.003100813407144,-1.4098148148148162,-0.3345133333333479,-0.18153333333334842,0.21039333333332877,-3.614,1.185,0.0,0.0,0.0,0.0,0.0,0.0,0.0,0.0,0.0,4.0,4.0,comfort,0,False
2.0,660.0,20.0,"Regina;
Julia",Helen,2013-10-17,,,,,,,1.0,,,0.8,1.0,0.0,5.0,5.0,5.0,5.0,10.0,0.0,0.0,0.0,0.0,0.0,,,,,,,,,,,,,,0.99,0.53,0.43,0.8474138636894608,16.08,49.15955297490633,48.80747578699796,49.842748038715996,-1.3855555555555554,-0.35641999999999285,-0.3138000000000005,0.21130000000000848,-2.74,3.543,0.0,0.0,0.0,0.0,0.0,0.0,0.0,0.0,0.0,4.0,4.0,dread,1,False
2.0,661.0,21.0,"Regina;
Julia",Helen,2013-10-17,,,,,,,1.0,,,-0.2,0.0,1.0,0.0,0.0,0.0,0.0,0.0,11.0,8.0,8.0,6.0,10.0,,,,,,,,,,,,,,-1.56,-0.45,-0.57,1.038882399026157,16.08,48.9266549680959,48.50811130553547,49.64886392565589,-1.4520370370370383,-0.6583200000000033,-0.5092333333333414,0.2321066666666738,-4.357,1.822,0.0,0.0,0.0,0.0,0.0,0.0,0.0,0.0,0.0,4.0,4.0,dread,0,False
2.0,662.0,22.0,"Regina;
Julia",Helen,2013-10-17,,,,,,,1.0,,,0.2,0.0,1.0,0.0,0.0,0.0,0.0,0.0,9.0,7.0,7.0,7.0,10.0,,The yellow sign probably says 661,,,,,,,,,,,,-1.21,-0.06,-0.21,0.9758879659224746,16.11,48.827644758192086,48.474706330547626,49.92412803013366,-1.4230555555555553,-0.5253800000000055,-0.4532999999999987,0.25019999999999953,-4.078,1.496,0.0,0.0,0.0,0.0,0.0,0.0,0.0,0.0,0.0,4.0,4.0,dread,0,False
2.0,663.0,23.0,"Regina;
Julia",Helen,2013-10-17,,,,,,,1.0,,,0.6,0.0,1.0,0.0,0.0,0.0,0.0,0.0,7.0,5.0,8.0,8.0,10.0,,,,,,,,,,,,,,-1.58,0.33,0.2,1.2332805783585243,16.13,49.21739010227309,48.96912682405144,49.71943502546651,-1.4049074074074077,-0.44161666666667543,-0.43276666666666586,0.23927333333332967,-4.069,1.766,0.0,0.0,0.0,0.0,0.0,0.0,0.0,0.0,0.0,4.0,4.0,dread,0,False
2.0,664.0,24.0,"Regina;
Julia",Helen,2013-10-17,,,,,,,1.0,,,1.0,1.0,0.0,8.0,4.0,6.0,5.0,10.0,0.0,0.0,0.0,0.0,0.0,,,,,,,,,,,,,,1.09,0.73,0.58,1.2057686626417379,16.12,48.78988351708226,48.43536069985187,49.77065680239207,-1.4413888888888884,-0.626339999999999,-0.5873999999999953,0.26776000000000266,-2.488,4.023,0.0,0.0,0.0,0.0,0.0,0.0,0.0,0.0,0.0,4.0,4.0,dread,1,False
2.0,665.0,25.0,"Regina;
Julia",Helen,2013-10-17,,,,,,,1.0,,,0.8,1.0,0.0,7.0,5.0,5.0,5.0,10.0,0.0,0.0,0.0,0.0,0.0,,,,,,,,,,,,,,1.06,0.56,0.47,1.4151135471585903,16.2,46.66882372379515,46.59411209355481,49.71592021077953,-1.4141666666666675,-0.41578000000000515,-0.4011000000000067,0.20805000000000007,-2.727,4.669,0.0,0.0,0.0,0.0,0.0,0.0,0.0,0.0,0.0,4.0,4.0,dread,1,False
2.0,666.0,26.0,"Regina;
Julia",Helen,2013-10-17,,,,,,,1.0,,,0.6,1.0,0.0,7.0,6.0,6.0,6.0,10.0,0.0,0.0,0.0,0.0,0.0,,,,,,,1.0,,,,,,,0.91,0.34,0.2,1.2001702659472713,16.07,47.42201648100412,47.30849622041094,50.388769477349484,-1.4574999999999987,-0.3431499999999943,-0.25219999999998777,0.24821999999999633,-2.593,5.096,0.0,0.0,0.0,0.0,0.0,0.0,0.0,0.0,0.0,4.0,4.0,dread,1,False
2.0,667.0,27.0,"Regina;
Julia",Helen,2013-10-17,,,,,,,1.0,,,0.4,0.0,1.0,0.0,0.0,0.0,0.0,0.0,9.0,6.0,8.0,8.0,10.0,,,,,,,,1.0,,,,,,-1.5,0.15,0.06,0.9043556107543864,16.13,48.83994416410543,48.43185643843139,49.60460563583695,-1.4715740740740728,-0.42878999999999223,-0.4092666666666531,0.252759999999995,-4.121,1.444,0.0,0.0,0.0,0.0,0.0,0.0,0.0,0.0,0.0,4.0,4.0,dread,0,False
11.0,747.0,7.0,"Regina;
Azad",Helen,2013-10-23,,,1.0,,,,,,,3.0,0.0,1.0,0.0,0.0,0.0,0.0,0.0,9.0,6.0,6.0,6.0,9.0,,,,1.0,,,,,,,,,,-1.34,2.57,2.46,0.9818501853722026,15.78,50.420387569894,50.44248452904301,52.207059742528656,-1.248981481481482,2.9673666666666705,2.9673666666666705,0.1746966666666765,-3.475,1.582,0.0,0.0,0.0,0.0,0.0,0.0,0.0,0.0,0.0,4.0,4.0,comfort,0,False
11.0,749.0,9.0,"Regina;
Azad",Helen,2013-10-23,,,1.0,,,,,,,2.0,0.0,1.0,0.0,0.0,0.0,0.0,0.0,11.0,10.0,5.0,3.0,11.0,,,,,,,,,,,,,,-1.66,1.64,1.27,6.760244956555297,16.14,48.87754770099701,48.798185245237015,50.74717761536306,-1.2232407407407406,1.9401333333333355,1.9401333333333355,0.18297333333332944,-3.724,2.16,1.0,0.0,0.0,0.0,0.0,0.0,0.0,0.0,0.0,3.0,4.0,comfort,0,False
11.0,750.0,10.0,"Regina;
Azad",Helen,2013-10-23,,,1.0,,,,,,,4.0,1.0,0.0,9.0,6.0,8.0,6.0,10.0,0.0,0.0,0.0,0.0,0.0,,,1.0,,,,,,,,,,,3.29,3.65,3.54,1.3498744063905619,16.21,47.21183693037638,47.20883798324687,50.52126041737722,-1.359907407407406,1.2597000000000094,1.2499333333333453,0.2513233333333318,-2.085,2.695,0.0,1.0,0.0,0.0,0.0,1.0,0.0,0.0,0.0,1.0,3.0,comfort,1,False
11.0,751.0,11.0,"Regina;
Azad",Helen,2013-10-23,,,1.0,,,,,,,1.0,0.0,1.0,0.0,0.0,0.0,0.0,0.0,11.0,10.0,6.0,5.0,11.0,,,,,,,,,,,,,,-1.11,0.63,0.46,1.3280775433897745,16.29,47.86824493683406,47.66961375351119,49.86115226739145,-1.244907407407408,2.4863333333333344,2.4863333333333344,0.21358333333333235,-3.317,1.523,1.0,0.0,0.0,0.0,0.0,0.0,0.0,0.0,0.0,3.0,4.0,comfort,0,False
11.0,752.0,12.0,"Regina;
Azad",Helen,2013-10-23,,,,1.0,,,,,,3.4,0.0,1.0,0.0,0.0,0.0,0.0,0.0,4.0,4.0,5.0,9.0,7.0,,,,,,,,,,,,,,-1.58,3.07,2.98,0.992175240308363,16.25,46.3889752476748,46.3889752476748,49.93720288105081,-1.3114814814814817,0.24894666666666865,0.03986666666666849,0.24894666666666865,-3.9,1.788,0.0,0.0,0.0,0.0,0.0,0.0,0.0,0.0,0.0,4.0,4.0,comfort,0,False
11.0,753.0,13.0,"Regina;
Azad",Helen,2013-10-23,,,,1.0,,,,,,3.8,1.0,0.0,6.0,5.0,6.0,6.0,10.0,0.0,0.0,0.0,0.0,0.0,,,,,,,,,,,,,,3.14,3.45,3.36,1.656448517601639,16.27,48.26341920979835,48.09347194119481,50.08890837698459,-1.2414814814814827,0.4750666666666561,0.4750666666666561,0.27150666666667433,-2.343,2.804,1.0,0.0,0.0,0.0,0.0,0.0,0.0,0.0,0.0,3.0,4.0,comfort,1,False
11.0,754.0,14.0,"Regina;
Azad",Helen,2013-10-23,,,,1.0,,,,,,3.6,1.0,0.0,10.0,9.0,10.0,10.0,6.0,0.0,0.0,0.0,0.0,0.0,,,,,,,,,,,,,,2.63,3.45,3.27,1.357884536438469,16.22,48.65624090787618,48.37403770719245,49.742579735726196,-1.2856481481481485,-0.32766666666666566,-0.1768333333333416,0.19563333333333333,-3.436,2.539,0.0,1.0,0.0,0.0,0.0,0.0,0.0,0.0,0.0,3.0,4.0,comfort,1,False
11.0,755.0,15.0,"Regina;
Azad",Helen,2013-10-23,,,,1.0,,,,,,3.4,1.0,0.0,9.0,6.0,9.0,6.0,7.0,0.0,0.0,0.0,0.0,0.0,,,,,1.0,,,,,,,,,3.2,3.06,2.85,1.2487837211834218,16.25,47.76106754400281,47.5800320679863,49.84866935495205,-1.2577777777777768,2.9217000000000084,2.9217000000000084,0.21893999999999636,-2.913,3.02,0.0,0.0,0.0,0.0,0.0,0.0,0.0,0.0,0.0,4.0,4.0,comfort,1,False
11.0,756.0,16.0,"Regina;
Azad",Helen,2013-10-23,,,,1.0,,,,,,3.2,0.0,1.0,0.0,0.0,0.0,0.0,0.0,9.0,9.0,6.0,6.0,10.0,,,,,,1.0,,,,,,,,-0.91,2.86,2.68,0.9600161106908942,16.23,48.936227889574376,48.88221027831821,49.82574774749963,-1.264351851851852,0.25005000000000166,0.13383333333332814,0.25005000000000166,-4.121,2.112,0.0,0.0,0.0,0.0,0.0,0.0,0.0,0.0,0.0,4.0,4.0,comfort,0,False
11.0,764.0,24.0,"Regina;
Azad",Helen,2013-10-23,,,,,,,1.0,,,2.2,0.0,1.0,0.0,0.0,0.0,0.0,0.0,11.0,11.0,9.0,10.0,9.0,,,,,,,,,,,,,,-1.94,1.88,1.8,0.9571665595138015,16.02,46.54588991606161,46.517278673260336,50.337216976067225,-1.259814814814817,-0.23055333333334715,-0.07853333333334689,0.1848933333333349,-5.781,1.658,0.0,0.0,0.0,0.0,0.0,0.0,0.0,0.0,0.0,4.0,4.0,dread,0,False
11.0,765.0,25.0,"Regina;
Azad",Helen,2013-10-23,,,,,,,1.0,,,2.6,1.0,0.0,9.0,7.0,7.0,6.0,11.0,0.0,0.0,0.0,0.0,0.0,,,,,,,1.0,,,,,,,2.71,2.3,2.09,1.4146045703152836,16.09,50.25972525579666,50.27038821235154,51.588389447085135,-1.2192592592592597,0.18959999999999866,0.1555666666666653,0.18959999999999866,-2.379,3.156,1.0,0.0,0.0,0.0,0.0,1.0,0.0,0.0,0.0,3.0,3.0,dread,1,False
11.0,766.0,26.0,"Regina;
Azad",Helen,2013-10-23,,,,,,,1.0,,,2.4,0.0,1.0,0.0,0.0,0.0,0.0,0.0,12.0,11.0,7.0,5.0,12.0,,,,,,,,1.0,,,,,,-1.07,2.06,1.94,1.5582937578985465,16.14,48.47602573241747,48.16878503956684,51.032909569952665,-1.2621296296296283,3.758133333333344,3.758133333333344,0.30578666666666265,-3.609,1.763,0.0,0.0,0.0,0.0,0.0,0.0,0.0,0.0,0.0,4.0,4.0,dread,0,False
23.0,776.0,6.0,"Regina;
Azad",Helen,2013-10-23,,,1.0,,,,,,,3.0,1.0,0.0,2.0,2.0,5.0,1.0,15.0,0.0,0.0,0.0,0.0,0.0,,,,,,,,,,,,,,,,,,,,,,,,,,,,,,,,,,,,,,,comfort,1,False
23.0,777.0,7.0,"Regina;
Azad",Helen,2013-10-23,,,1.0,,,,,,,2.0,1.0,0.0,4.0,4.0,4.0,2.0,15.0,0.0,0.0,0.0,0.0,0.0,,,1.0,,,,,,,,,,,,,,,,,,,,,,,,,,,,,,,,,,,,comfort,1,False
23.0,778.0,8.0,"Regina;
Azad",Helen,2013-10-23,,,1.0,,,,,,,4.0,1.0,0.0,3.0,2.0,2.0,1.0,15.0,0.0,0.0,0.0,0.0,0.0,,,,,,,,,,,,,,,,,,,,,,,,,,,,,,,,,,,,,,,comfort,1,False
23.0,779.0,9.0,"Regina;
Azad",Helen,2013-10-23,,,1.0,,,,,,,1.0,0.0,1.0,0.0,0.0,0.0,0.0,0.0,11.0,8.0,5.0,5.0,11.0,,,,1.0,,,,,,,,,,,,,,,,,,,,,,,,,,,,,,,,,,,comfort,0,False
23.0,780.0,10.0,"Regina;
Azad",Helen,2013-10-23,,,,1.0,,,,,,1.4,1.0,0.0,4.0,4.0,2.0,1.0,15.0,0.0,0.0,0.0,0.0,0.0,,,,,,,,,,,,,,,,,,,,,,,,,,,,,,,,,,,,,,,comfort,1,False
23.0,781.0,11.0,"Regina;
Azad",Helen,2013-10-23,,,,1.0,,,,,,1.2,1.0,0.0,5.0,4.0,6.0,4.0,12.0,0.0,0.0,0.0,0.0,0.0,,,,,,,,,,,,,,,,,,,,,,,,,,,,,,,,,,,,,,,comfort,1,False
23.0,782.0,12.0,"Regina;
Azad",Helen,2013-10-23,,,,1.0,,,,,,1.0,1.0,0.0,4.0,5.0,6.0,5.0,11.0,0.0,0.0,0.0,0.0,0.0,,,,,1.0,,,,,,,,,,,,,,,,,,,,,,,,,,,,,,,,,,comfort,1,False
23.0,783.0,13.0,"Regina;
Azad",Helen,2013-10-23,,,,1.0,,,,,,0.8,0.0,1.0,0.0,0.0,0.0,0.0,0.0,8.0,8.0,5.0,5.0,10.0,,,,,,1.0,,,,,,,,,,,,,,,,,,,,,,,,,,,,,,,,,comfort,0,False
23.0,789.0,19.0,"Regina;
Azad",Helen,2013-10-23,,,,,,,1.0,,,-0.2,1.0,0.0,6.0,6.0,5.0,5.0,11.0,0.0,0.0,0.0,0.0,0.0,,,,,,,,,,,,,,,,,,,,,,,,,,,,,,,,,,,,,,,dread,1,False
23.0,790.0,20.0,"Regina;
Azad",Helen,2013-10-23,,,,,,,1.0,,,-1.2,0.0,1.0,0.0,0.0,0.0,0.0,0.0,13.0,14.0,5.0,5.0,14.0,,,,,,,,,,,,,,,,,,,,,,,,,,,,,,,,,,,,,,,dread,0,False
23.0,791.0,21.0,"Regina;
Azad",Helen,2013-10-23,,,,,,,1.0,,,-0.8,0.0,1.0,0.0,0.0,0.0,0.0,0.0,11.0,12.0,7.0,6.0,9.0,,,,,,,,,,,,,,,,,,,,,,,,,,,,,,,,,,,,,,,dread,0,False
23.0,792.0,22.0,"Regina;
Azad",Helen,2013-10-23,,,,,,,1.0,,,-0.4,0.0,1.0,0.0,0.0,0.0,0.0,0.0,9.0,12.0,5.0,6.0,11.0,,,,,,,,,,,,,,,,,,,,,,,,,,,,,,,,,,,,,,,dread,0,False
23.0,793.0,23.0,"Regina;
Azad",Helen,2013-10-23,,,,,,,1.0,,,0.0,1.0,0.0,5.0,6.0,6.0,6.0,10.0,0.0,0.0,0.0,0.0,0.0,,,,,,,1.0,,,,,,,,,,,,,,,,,,,,,,,,,,,,,,,,dread,1,False
23.0,794.0,24.0,"Regina;
Azad",Helen,2013-10-23,,,,,,,1.0,,,-0.2,0.0,1.0,0.0,0.0,0.0,0.0,0.0,12.0,12.0,6.0,5.0,12.0,,,,,,,,1.0,,,,,,,,,,,,,,,,,,,,,,,,,,,,,,,dread,0,False
21.0,805.0,5.0,"Julia;
Jonas",Helen,2013-10-25,,,1.0,,,,,,,1.0,0.0,1.0,0.0,0.0,0.0,0.0,0.0,12.0,11.0,2.0,2.0,14.0,,,,,,,,,,,,,,-1.1,0.6,0.39,1.2001193926353224,16.08,48.51525378350634,48.52642938107757,49.77605160878184,-1.4380555555555559,1.1847999999999992,1.1847999999999992,-0.139249999999997,-2.752,1.348,0.0,0.0,0.0,0.0,0.0,0.0,0.0,0.0,0.0,4.0,4.0,comfort,0,False
21.0,806.0,6.0,"Julia;
Jonas",Helen,2013-10-25,,,1.0,,,,,,,2.0,0.0,1.0,0.0,0.0,0.0,0.0,0.0,10.0,10.0,2.0,3.0,14.0,,,,,,,,,,,,,,-1.35,1.6,1.45,1.0381009192434547,16.1,48.85056465021691,48.84563799598509,49.60410385314091,-1.40462962962963,0.4173666666666662,0.360833333333332,0.2289999999999992,-3.447,1.538,0.0,0.0,0.0,0.0,0.0,0.0,0.0,0.0,0.0,4.0,4.0,comfort,0,False
21.0,808.0,8.0,"Julia;
Jonas",Helen,2013-10-25,,,1.0,,,,,,,3.0,0.0,1.0,0.0,0.0,0.0,0.0,0.0,10.0,8.0,8.0,8.0,8.0,,,,1.0,,,,,,,,,,-1.47,2.61,2.49,0.6960030181765475,16.1,48.38631555342571,48.395024322935086,50.316152155299534,-1.3649074074074088,-0.2866333333333415,-0.24936666666667406,0.21998666666667077,-3.501,1.5,0.0,0.0,0.0,0.0,0.0,0.0,0.0,0.0,0.0,4.0,4.0,comfort,0,False
21.0,809.0,9.0,"Julia;
Jonas",Helen,2013-10-25,,,1.0,,,,,,,4.0,1.0,0.0,2.0,2.0,4.0,3.0,14.0,0.0,0.0,0.0,0.0,0.0,,,1.0,,,,,,,,,,,2.34,3.59,3.41,1.1010898285307817,16.23,47.15225372294217,47.15225372294217,50.246151815715194,-1.318981481481482,-0.23638333333333605,-0.11383333333333923,0.20531666666666837,-2.948,2.211,0.0,0.0,0.0,0.0,0.0,0.0,0.0,0.0,0.0,4.0,4.0,comfort,1,False
21.0,810.0,10.0,"Julia;
Jonas",Helen,2013-10-25,,,,1.0,,,,,,3.4,1.0,0.0,2.0,2.0,2.0,2.0,14.0,0.0,0.0,0.0,0.0,0.0,,,,,,,,,,,,,,2.64,3.01,2.85,0.9592069904940175,16.12,46.453015137441305,46.453015137441305,50.11680517202468,-1.328703703703703,0.7630000000000052,0.7581666666666749,0.16833333333333655,-2.004,2.658,0.0,0.0,0.0,0.0,0.0,0.0,0.0,0.0,0.0,4.0,4.0,comfort,1,False
21.0,819.0,19.0,"Julia;
Jonas",Helen,2013-10-25,,,,,,,1.0,,,2.0,0.0,1.0,0.0,0.0,0.0,0.0,0.0,12.0,10.0,5.0,5.0,14.0,,,,,,,,,,,,,,-1.0,1.64,1.52,0.6017873805255007,16.16,48.59816801754987,48.632371346933574,50.48068001597642,-1.2272222222222213,0.18632000000000204,0.0882000000000076,0.1707800000000006,-4.047,1.798,0.0,0.0,0.0,0.0,0.0,0.0,0.0,0.0,0.0,4.0,4.0,dread,0,False
21.0,820.0,20.0,"Julia;
Jonas",Helen,2013-10-25,,,,,,,1.0,,,2.4,1.0,0.0,5.0,2.0,2.0,3.0,14.0,0.0,0.0,0.0,0.0,0.0,,,,,,,1.0,,,,,,,1.97,2.02,1.84,1.1315861692360514,16.02,46.74605918594356,46.74605918594356,50.150556799222414,-1.2365740740740743,0.3378500000000031,0.30733333333333235,0.16015000000000157,-3.032,2.974,0.0,0.0,0.0,0.0,0.0,0.0,0.0,0.0,0.0,4.0,4.0,dread,1,False
10.0,846.0,6.0,Regina,Helen,2013-10-30,,,1.0,,,,,,,4.0,1.0,0.0,5.0,2.0,2.0,2.0,14.0,0.0,0.0,0.0,0.0,0.0,,,,,,,,,,,,,,3.79,5.24,5.22,1.7475907971046993,17.77,35.529116566182374,35.64850500848635,49.89730670034227,-1.4246296296296306,-0.2590600000000052,-0.22886666666667566,0.2184133333333378,-3.008,2.078,0.0,0.0,0.0,0.0,0.0,0.0,0.0,0.0,0.0,4.0,4.0,comfort,1,False
10.0,847.0,7.0,Regina,Helen,2013-10-30,,,1.0,,,,,,,3.0,1.0,0.0,5.0,3.0,3.0,3.0,14.0,0.0,0.0,0.0,0.0,0.0,,,,,,,,,,,,,,3.14,3.71,3.68,1.7306208679242943,17.14,42.1279052583847,42.25989396901165,50.878672676983214,-1.4566666666666668,-0.46690000000000254,-0.46690000000000254,0.2383999999999915,-2.529,2.482,0.0,0.0,0.0,0.0,0.0,1.0,0.0,0.0,0.0,4.0,3.0,comfort,1,False
10.0,849.0,9.0,Regina,Helen,2013-10-30,,,1.0,,,,,,,2.0,1.0,0.0,6.0,6.0,7.0,7.0,12.0,0.0,0.0,0.0,0.0,0.0,,,1.0,,,,,,,,,,,,,,,,,,,,,,,,,,,,,,,,,,,,comfort,1,False
10.0,850.0,10.0,Regina,Helen,2013-10-30,,,1.0,,,,,,,1.0,0.0,1.0,0.0,0.0,0.0,0.0,0.0,9.0,7.0,6.0,6.0,13.0,,Again now with GPS,,1.0,,,,,,,,,,-0.87,1.82,1.77,1.8052868797434272,17.36,41.122718959947115,41.19688276444988,51.1134727839352,-1.4314814814814822,-0.4643000000000086,-0.4443333333333399,0.2720333333333329,-3.547,1.94,0.0,0.0,0.0,0.0,0.0,0.0,0.0,0.0,0.0,4.0,4.0,comfort,0,False
10.0,851.0,11.0,Regina,Helen,2013-10-30,,,,1.0,,,,,,1.4,0.0,1.0,0.0,0.0,0.0,0.0,0.0,9.0,7.0,6.0,6.0,18.0,,,,,,,,,,,,,,-0.89,2.01,2.02,1.4258087516722426,16.95,43.25281964816876,43.37085256445539,51.20391168496539,-1.392777777777778,-0.25701999999999714,-0.10390000000000299,0.2296400000000034,-3.443,1.887,0.0,0.0,0.0,0.0,0.0,0.0,0.0,0.0,0.0,4.0,4.0,comfort,0,False
10.0,852.0,12.0,Regina,Helen,2013-10-30,,,,1.0,,,,,,1.8,0.0,1.0,0.0,0.0,0.0,0.0,0.0,6.0,7.0,7.0,7.0,6.0,,,,,,,,,,,,,,-1.0,2.26,2.22,1.556598415963272,17.07,43.99277129663411,44.00324795521478,49.46343026925916,-1.3708333333333338,-0.15665000000000617,-0.049500000000001876,0.15570000000000306,-3.743,1.986,0.0,0.0,0.0,0.0,0.0,1.0,0.0,0.0,0.0,4.0,3.0,comfort,0,False
10.0,853.0,13.0,Regina,Helen,2013-10-30,,,,1.0,,,,,,2.2,1.0,0.0,7.0,7.0,7.0,8.0,9.0,0.0,0.0,0.0,0.0,0.0,,,,,,,,,,,,,,1.35,2.18,2.14,1.6145471597436014,16.44,49.21436506895246,49.34094032019736,50.962831166487845,-1.390092592592593,-0.22680333333333635,-0.1989333333333434,0.19809333333333257,-3.017,2.908,0.0,0.0,0.0,0.0,0.0,0.0,0.0,0.0,0.0,4.0,4.0,comfort,1,False
10.0,854.0,14.0,Regina,Helen,2013-10-30,,,,1.0,,,,,,2.0,1.0,0.0,5.0,5.0,5.0,5.0,12.0,0.0,0.0,0.0,0.0,0.0,,,,,,,,,,,,,,1.9,2.75,2.68,1.701573625020437,17.23,41.19738717908386,41.46493784687122,50.54098240615595,-1.3871296296296292,-0.26386666666666514,-0.26386666666666514,0.14251999999999754,-2.973,2.425,0.0,1.0,0.0,0.0,0.0,0.0,0.0,0.0,0.0,3.0,4.0,comfort,1,False
10.0,855.0,15.0,Regina,Helen,2013-10-30,,,,1.0,,,,,,1.8,1.0,0.0,5.0,5.0,5.0,3.0,14.0,0.0,0.0,0.0,0.0,0.0,,,,,1.0,,,,,,,,,2.85,2.61,3.05,-2.140906716979174,17.17,40.53042453524821,40.64754423587694,50.957276290713125,-1.4089814814814814,-0.32233999999999696,-0.25473333333332704,0.1430866666666688,-2.43,2.947,0.0,1.0,1.0,0.0,0.0,0.0,0.0,0.0,0.0,3.0,4.0,comfort,1,False
10.0,856.0,16.0,Regina,Helen,2013-10-30,,,,1.0,,,,,,1.6,0.0,1.0,0.0,0.0,0.0,0.0,0.0,7.0,6.0,7.0,7.0,8.0,,,,,,1.0,,,,,,,,-0.58,2.42,2.42,1.6138854780295233,17.4,38.14802494680466,38.41585553144491,49.35229870812677,-1.3294444444444447,-0.30293999999999954,-0.0981000000000023,0.2236600000000024,-3.596,2.168,0.0,1.0,0.0,0.0,0.0,0.0,0.0,0.0,0.0,3.0,4.0,comfort,0,False
10.0,864.0,24.0,Regina,Helen,2013-10-30,,,,,,,1.0,,,0.6,1.0,0.0,5.0,6.0,5.0,6.0,13.0,0.0,0.0,0.0,0.0,0.0,,,,,,,,,,,,,,0.97,0.76,0.76,1.5452536315771042,16.54,47.433218918141485,47.483126662570555,50.9439222202883,-1.2804629629629625,-0.27511999999999404,-0.18746666666666556,0.24571333333332745,-2.781,3.303,0.0,0.0,0.0,0.0,0.0,0.0,0.0,0.0,0.0,4.0,4.0,dread,1,False
10.0,865.0,25.0,Regina,Helen,2013-10-30,,,,,,,1.0,,,-0.4,0.0,1.0,0.0,0.0,0.0,0.0,0.0,10.0,10.0,5.0,5.0,13.0,,,,,,,,,,,,,,-0.68,-0.02,-0.04,1.7008588826691309,16.81,45.19130162078624,45.407725355563045,50.74406245696942,-1.248981481481482,0.7183299999999946,0.6823666666666597,0.20639333333333099,-4.207,2.403,0.0,0.0,0.0,0.0,0.0,0.0,0.0,0.0,0.0,4.0,4.0,dread,0,False
10.0,866.0,26.0,Regina,Helen,2013-10-30,,,,,,,1.0,,,0.0,0.0,1.0,0.0,0.0,0.0,0.0,0.0,10.0,10.0,6.0,7.0,13.0,,,,,,,,,,,,,,-0.26,-0.08,-0.08,1.7613217149676146,16.43,49.69643644742651,49.69672151665242,51.452201608950396,-1.4021296296296297,-0.2329600000000056,-0.08726666666667882,-0.2329600000000056,-3.73,2.285,0.0,0.0,0.0,0.0,0.0,0.0,0.0,0.0,0.0,4.0,4.0,dread,0,False
10.0,867.0,27.0,Regina,Helen,2013-10-30,,,,,,,1.0,,,0.4,0.0,1.0,0.0,0.0,0.0,0.0,0.0,9.0,6.0,8.0,8.0,9.0,,,,,,,,,,,,,,-0.58,0.72,0.71,1.7045331237869092,16.76,46.36975688472076,46.45905875753808,51.45424292775303,-1.2974074074074073,0.44926000000000244,0.4214333333333258,0.2072999999999965,-3.663,1.99,0.0,0.0,0.0,0.0,0.0,0.0,0.0,0.0,0.0,4.0,4.0,dread,0,False
10.0,868.0,28.0,Regina,Helen,2013-10-30,,,,,,,1.0,,,0.8,1.0,0.0,6.0,6.0,7.0,7.0,12.0,0.0,0.0,0.0,0.0,0.0,,,,,,,,,,,,,,0.97,0.61,0.59,1.5173218330060578,16.24,49.88912676113021,49.95339085094049,51.25546174947974,-1.2880555555555555,0.6067999999999927,0.6067999999999927,0.25244,-2.52,4.001,0.0,0.0,0.0,0.0,0.0,0.0,0.0,0.0,0.0,4.0,4.0,dread,1,False
10.0,869.0,29.0,Regina,Helen,2013-10-30,,,,,,,1.0,,,0.6,1.0,0.0,5.0,6.0,5.0,4.0,13.0,0.0,0.0,0.0,0.0,0.0,,,,,,,1.0,,,,,,,1.61,1.16,1.16,1.3935942847081932,17.02,43.306673024197906,43.54059989266197,50.31356724649957,-1.2936111111111115,0.7258000000000067,0.7258000000000067,0.20302999999999827,-2.103,4.158,0.0,0.0,0.0,0.0,0.0,0.0,0.0,0.0,0.0,4.0,4.0,dread,1,False
10.0,870.0,30.0,Regina,Helen,2013-10-30,,,,,,,1.0,,,0.4,0.0,1.0,0.0,0.0,0.0,0.0,0.0,10.0,7.0,7.0,7.0,11.0,,,,,,,,1.0,,,,,,-0.63,0.47,0.43,1.8836993609122814,16.46,47.179813850359075,47.27667281731359,50.02294544903535,-1.2933333333333337,-0.23232000000000852,-0.21010000000000417,0.12498000000000786,-4.218,2.441,0.0,0.0,0.0,0.0,0.0,0.0,0.0,0.0,0.0,4.0,4.0,dread,0,False
25.0,886.0,6.0,"Jonas;
Regina",Helen,2013-10-30,,,1.0,,,,,,,4.0,1.0,0.0,5.0,3.0,3.0,2.0,15.0,0.0,0.0,0.0,0.0,0.0,,,,,,,,,,,,,,4.12,3.77,3.74,1.5105681972652079,16.13,47.97928797180258,47.833878973443845,49.89211171124225,-1.3648148148148156,0.9831666666666621,0.9831666666666621,-0.4813000000000045,-1.84,3.325,0.0,0.0,0.0,0.0,0.0,0.0,0.0,0.0,0.0,4.0,4.0,comfort,1,False
25.0,887.0,7.0,"Jonas;
Regina",Helen,2013-10-30,,,1.0,,,,,,,3.0,1.0,0.0,5.0,3.0,3.0,3.0,15.0,0.0,0.0,0.0,0.0,0.0,,,,,,,,,,,,,,3.23,2.77,2.72,1.5120734522345387,16.16,47.8654654515568,47.80865501627068,49.784507442412576,-1.1793518518518513,1.4169333333333327,1.4169333333333327,0.13392999999999944,-1.993,3.693,0.0,0.0,0.0,0.0,0.0,0.0,0.0,0.0,0.0,4.0,4.0,comfort,1,False
25.0,888.0,8.0,"Jonas;
Regina",Helen,2013-10-30,,,1.0,,,,,,,1.0,0.0,1.0,0.0,0.0,0.0,0.0,0.0,12.0,12.0,4.0,3.0,15.0,,,,1.0,,,,,,,,,,-1.7,0.77,0.71,1.5945495164356558,16.09,46.94732994881088,46.8634364917042,49.90955658995375,-1.4280555555555556,3.112629999999996,3.110899999999994,-0.4030300000000011,-2.732,1.911,0.0,0.0,0.0,0.0,0.0,0.0,0.0,0.0,0.0,4.0,4.0,comfort,0,False
25.0,889.0,9.0,"Jonas;
Regina",Helen,2013-10-30,,,1.0,,,,,,,2.0,1.0,0.0,6.0,5.0,4.0,3.0,15.0,0.0,0.0,0.0,0.0,0.0,,,1.0,,,,,,,,,,,2.54,1.75,1.69,1.6637725472057312,16.08,48.787953620300435,48.76509071277618,49.72393796172909,-1.270555555555555,0.8575600000000065,0.8340999999999994,0.22091999999999246,-2.366,4.622,0.0,0.0,0.0,0.0,0.0,0.0,0.0,0.0,0.0,4.0,4.0,comfort,1,False
25.0,890.0,10.0,"Jonas;
Regina",Helen,2013-10-30,,,,1.0,,,,,,1.4,0.0,1.0,0.0,0.0,0.0,0.0,0.0,8.0,7.0,5.0,5.0,14.0,,,,,,,,,,,,,,-1.96,1.16,1.12,1.5981292184117635,16.03,48.721240561903436,48.721240561903436,50.15958862340696,-1.3730555555555561,3.6606999999999985,3.6606999999999985,-0.5228899999999967,-2.525,1.992,0.0,0.0,0.0,0.0,0.0,0.0,0.0,0.0,0.0,4.0,4.0,comfort,0,False
25.0,891.0,11.0,"Jonas;
Regina",Helen,2013-10-30,,,,1.0,,,,,,1.8,0.0,1.0,0.0,0.0,0.0,0.0,0.0,9.0,7.0,6.0,8.0,13.0,,,,,,,,,,,,,,-0.82,1.57,1.48,1.7864310809047552,16.04,48.73426383169673,48.63629112439139,50.415247462410946,-1.1193518518518517,1.4714066666666668,1.4625333333333401,0.16294666666667013,-5.097,2.339,0.0,0.0,0.0,0.0,0.0,0.0,0.0,0.0,0.0,4.0,4.0,comfort,0,False
25.0,892.0,12.0,"Jonas;
Regina",Helen,2013-10-30,,,,1.0,,,,,,2.2,1.0,0.0,4.0,3.0,3.0,3.0,15.0,0.0,0.0,0.0,0.0,0.0,,,,,,,,,,,,,,2.56,1.96,1.85,1.8811847117992997,16.17,48.66723680072795,48.660553857071406,49.7131478154499,-1.0746296296296292,1.2073200000000028,1.18663333333334,-0.12262000000000484,-2.741,3.706,0.0,0.0,0.0,0.0,0.0,0.0,0.0,0.0,0.0,4.0,4.0,comfort,1,False
25.0,893.0,13.0,"Jonas;
Regina",Helen,2013-10-30,,,,1.0,,,,,,2.0,1.0,0.0,4.0,4.0,3.0,3.0,15.0,0.0,0.0,0.0,0.0,0.0,,,,,1.0,,,,,,,,,2.35,,,,16.21,48.80359186479659,48.66308034962433,50.022536349805335,,,,,-2.294,3.745,0.0,0.0,0.0,0.0,0.0,0.0,0.0,0.0,0.0,4.0,4.0,comfort,1,False
25.0,894.0,14.0,"Jonas;
Regina",Helen,2013-10-30,,,,1.0,,,,,,1.8,0.0,1.0,0.0,0.0,0.0,0.0,0.0,10.0,8.0,6.0,8.0,10.0,,,,,,1.0,,,,,,,,-1.62,1.57,1.49,1.9373737545081653,16.12,48.920088318410045,48.66295951801377,50.031008509695454,-1.1488888888888888,0.6959799999999916,0.6174000000000035,0.18072000000000088,-4.857,1.92,0.0,0.0,0.0,0.0,0.0,0.0,0.0,0.0,0.0,4.0,4.0,comfort,0,False
25.0,904.0,24.0,"Jonas;
Regina",Helen,2013-10-30,,,,,,,1.0,,,0.8,0.0,1.0,0.0,0.0,0.0,0.0,0.0,10.0,9.0,6.0,7.0,13.0,,,,,,,,,,,,,,-1.7,0.6,0.47,1.649400141845554,16.29,47.2389480002429,46.240854555621915,52.148011892857085,-1.170925925925926,2.79496666666666,2.79496666666666,0.21563333333332935,-3.453,2.173,0.0,0.0,0.0,0.0,0.0,0.0,0.0,0.0,0.0,4.0,4.0,dread,0,False
25.0,905.0,25.0,"Jonas;
Regina",Helen,2013-10-30,,,,,,,1.0,,,1.2,0.0,1.0,0.0,0.0,0.0,0.0,0.0,10.0,9.0,7.0,6.0,13.0,,,,,,,,,,,,,,-1.17,1.02,0.99,1.1270611236396846,16.22,48.71307428206157,48.342397320575316,49.66301962390148,-1.1001851851851856,3.110933333333321,3.110933333333321,0.32220000000000226,-3.405,2.135,0.0,0.0,0.0,0.0,0.0,0.0,0.0,0.0,0.0,4.0,4.0,dread,0,False
25.0,906.0,26.0,"Jonas;
Regina",Helen,2013-10-30,,,,,,,1.0,,,1.6,0.0,1.0,0.0,0.0,0.0,0.0,0.0,10.0,10.0,7.0,6.0,13.0,,,,,,,,,,,,,,-1.87,1.41,1.36,1.5031823642839655,16.12,48.19382706893283,47.947917631004984,49.88937429057387,-1.1509259259259266,3.465666666666664,3.465666666666664,-0.17233333333332723,-3.642,2.303,0.0,0.0,0.0,0.0,0.0,0.0,0.0,0.0,0.0,4.0,4.0,dread,0,False
25.0,907.0,27.0,"Jonas;
Regina",Helen,2013-10-30,,,,,,,1.0,,,2.0,1.0,0.0,5.0,4.0,4.0,4.0,14.0,0.0,0.0,0.0,0.0,0.0,,,,,,,,,,,,,,2.42,1.8,1.78,1.5849980400641144,16.26,49.04479873412927,48.9184401582493,49.83830443054529,-1.1771296296296303,1.7248633333333316,1.6777333333333289,0.18051999999999424,-2.119,3.874,0.0,0.0,0.0,0.0,0.0,0.0,0.0,0.0,0.0,4.0,4.0,dread,1,False
25.0,908.0,28.0,"Jonas;
Regina",Helen,2013-10-30,,,,,,,1.0,,,1.8,1.0,0.0,4.0,5.0,4.0,4.0,14.0,0.0,0.0,0.0,0.0,0.0,,Started to rain…,,,,,1.0,,,,,,,1.98,1.59,1.52,1.7601103108404956,16.12,48.53299875583416,47.847598826360525,51.34712151228129,-1.1853703703703695,2.4856133333333403,2.483766666666675,-0.23303999999999547,-2.077,3.839,0.0,0.0,0.0,0.0,0.0,0.0,0.0,0.0,0.0,4.0,4.0,dread,1,False
25.0,909.0,29.0,"Jonas;
Regina",Helen,2013-10-30,,,,,,,1.0,,,1.6,0.0,1.0,0.0,0.0,0.0,0.0,0.0,7.0,6.0,7.0,7.0,12.0,,,,,,,,1.0,,,,,,-1.58,1.4,1.33,1.6184981995007561,16.15,48.9401386588179,48.708232295894994,49.64480213516282,-1.1999999999999995,0.6230000000000047,0.6230000000000047,-0.20180000000000575,-4.224,1.766,0.0,0.0,0.0,0.0,0.0,0.0,0.0,0.0,0.0,4.0,4.0,dread,0,False
26.0,927.0,7.0,Regina,,2013-11-05,,,1.0,,,,,,,4.0,1.0,0.0,1.0,1.0,1.0,1.0,12.0,0.0,0.0,0.0,0.0,0.0,,,,,,,,,,,,,,3.4,3.69,3.66,1.153976995874551,16.27,44.213212364204026,44.3217093933923,52.369775868144686,-1.6564814814814814,0.3032666666666728,0.09316666666666862,0.3032666666666728,-1.832,3.069,0.0,0.0,0.0,0.0,0.0,0.0,0.0,0.0,0.0,4.0,4.0,comfort,1,False
26.0,928.0,8.0,Regina,,2013-11-05,,,1.0,,,,,,,3.0,1.0,0.0,2.0,3.0,1.0,1.0,10.0,0.0,0.0,0.0,0.0,0.0,,,1.0,,,,,,,,,,,3.18,3.4,3.35,1.1593439213608647,16.91,45.281986624167246,45.312558698117094,51.22066282112165,-1.6669444444444457,-0.5848600000000097,-0.43860000000001165,-0.2068700000000092,-1.682,3.461,0.0,0.0,0.0,0.0,0.0,0.0,0.0,0.0,0.0,4.0,4.0,comfort,1,False
26.0,929.0,9.0,Regina,,2013-11-05,,,1.0,,,,,,,1.0,0.0,1.0,0.0,0.0,0.0,0.0,0.0,10.0,7.0,3.0,2.0,14.0,,,,,,,,,,,,,,-1.07,1.5,1.39,1.5891678877210964,16.98,43.946938597798734,44.060443167299894,50.045369034490044,-1.6511111111111105,0.35910000000000863,0.35910000000000863,0.16736000000000217,-2.435,2.061,0.0,0.0,0.0,0.0,0.0,0.0,0.0,0.0,0.0,4.0,4.0,comfort,0,False
26.0,930.0,10.0,Regina,,2013-11-05,,,1.0,,,,,,,2.0,0.0,1.0,0.0,0.0,0.0,0.0,0.0,11.0,8.0,5.0,5.0,8.0,,,,1.0,,,,,,,,,,-0.98,2.59,2.45,1.6071036076185337,17.1,42.43564133828207,42.754240000620094,49.81676638348233,-1.6711111111111112,-0.556040000000003,-0.5021000000000022,0.2449800000000053,-3.147,1.67,0.0,0.0,0.0,0.0,0.0,0.0,0.0,0.0,0.0,4.0,4.0,comfort,0,False
26.0,931.0,11.0,Regina,,2013-11-05,,,,1.0,,,,,,2.4,1.0,0.0,2.0,1.0,1.0,1.0,12.0,0.0,0.0,0.0,0.0,0.0,,,,,1.0,,,,,,,,,3.21,3.13,3.1,1.0263832857351716,17.12,39.77185609019461,40.06278485513387,49.686623142859396,-1.6662962962962944,-0.2705866666666523,-0.0443666666666509,0.21841333333333068,-1.86,4.082,0.0,0.0,0.0,0.0,0.0,0.0,0.0,0.0,0.0,4.0,4.0,comfort,1,False
26.0,932.0,12.0,Regina,,2013-11-05,,,,1.0,,,,,,2.2,0.0,1.0,0.0,0.0,0.0,0.0,0.0,9.0,9.0,3.0,1.0,11.0,,,,,,1.0,,,,,,,,-1.34,2.28,2.18,1.4689005470716765,16.53,47.2028633245144,47.276940450150995,49.665789188827674,-1.6714814814814807,1.1447666666666727,1.1447666666666727,0.18725999999999487,-2.758,1.555,0.0,0.0,0.0,0.0,0.0,0.0,0.0,0.0,0.0,4.0,4.0,comfort,0,False
26.0,938.0,18.0,Regina,,2013-11-05,,,,,,,1.0,,,1.2,1.0,0.0,5.0,6.0,4.0,3.0,7.0,0.0,0.0,0.0,0.0,0.0,,,,,,,,,,,,,,2.73,1.93,1.81,1.185936724615182,17.24,40.10403662599614,40.11260637907291,49.90358681596213,-1.5761111111111115,-0.5258600000000087,-0.45190000000000197,-0.19777999999999452,-1.83,5.792,0.0,0.0,0.0,0.0,0.0,0.0,0.0,0.0,0.0,4.0,4.0,dread,1,False
26.0,939.0,19.0,Regina,,2013-11-05,,,,,,,1.0,,,0.2,1.0,0.0,10.0,11.0,7.0,5.0,4.0,0.0,0.0,0.0,0.0,0.0,,,,,,,,,,,,,,1.88,1.11,1.06,0.9559702857196655,17.38,39.00088576744454,39.067931138822026,50.25770232443172,-1.5835185185185188,-0.5499933333333331,-0.42706666666666493,0.2702733333333356,-2.596,6.692,0.0,0.0,0.0,0.0,0.0,0.0,0.0,0.0,0.0,4.0,4.0,dread,1,False
26.0,940.0,20.0,Regina,,2013-11-05,,,,,,,1.0,,,-0.8,0.0,1.0,0.0,0.0,0.0,0.0,0.0,14.0,14.0,6.0,5.0,15.0,,,,,,,,,,,,,,-1.01,0.04,-0.05,1.3881906450177652,17.36,38.77661067965164,38.850660821394165,49.90692675206262,-1.584259259259259,-0.45956666666666734,-0.3108333333333313,0.21573333333333267,-2.975,1.513,0.0,0.0,0.0,0.0,0.0,0.0,0.0,0.0,0.0,4.0,4.0,dread,0,False
26.0,941.0,21.0,Regina,,2013-11-05,,,,,,,1.0,,,-0.4,0.0,1.0,0.0,0.0,0.0,0.0,0.0,12.0,13.0,6.0,4.0,8.0,,,,,,,,,,,,,,-0.56,-0.24,-0.3,1.3955548017949084,16.65,47.55478976067976,47.59791969861365,50.36710850759242,-1.6149074074074063,-0.3045833333333263,-0.12186666666666213,0.18107666666666944,-2.957,1.982,0.0,0.0,0.0,0.0,0.0,0.0,0.0,0.0,0.0,4.0,4.0,dread,0,False
26.0,942.0,22.0,Regina,,2013-11-05,,,,,,,1.0,,,0.0,1.0,0.0,7.0,12.0,7.0,5.0,3.0,0.0,0.0,0.0,0.0,0.0,,,,,,,1.0,,,,,,,1.5,0.89,0.79,1.0793914808803962,17.54,36.07949731944418,36.23406548894975,46.79478663008915,-1.6170370370370382,-0.26863333333334083,-0.26863333333334083,0.2489666666666679,-2.074,6.081,0.0,0.0,0.0,0.0,0.0,0.0,0.0,0.0,0.0,4.0,4.0,dread,1,False
26.0,943.0,23.0,Regina,,2013-11-05,,,,,,,1.0,,,-0.2,0.0,1.0,0.0,0.0,0.0,0.0,0.0,15.0,15.0,10.0,9.0,15.0,,,,,,,,1.0,,,,,,0.0,-0.12,-0.27,1.880739995824193,16.58,48.43530393499729,48.54571535734956,51.013205613756725,-1.5977777777777777,-0.34456000000000486,-0.33820000000000405,0.3169199999999961,-3.589,1.53,0.0,0.0,0.0,0.0,0.0,0.0,0.0,0.0,0.0,4.0,4.0,dread,0,False
27.0,956.0,6.0,Regina,,2013-11-06,,,1.0,,,,,,,4.0,1.0,0.0,4.0,7.0,4.0,3.0,13.0,0.0,0.0,0.0,0.0,0.0,,,,,,,,,,,,,,0.0,0.0,0.0,1.5694224106717414,,,51.680572310516055,52.42285609880355,-1.6683333333333348,-0.5255000000000081,-0.4751000000000083,0.21266000000000673,-3.095,2.939,0.0,0.0,0.0,0.0,0.0,0.0,0.0,0.0,0.0,4.0,4.0,comfort,1,False
27.0,958.0,8.0,Regina,,2013-11-06,,,1.0,,,,,,,3.0,1.0,0.0,6.0,7.0,5.0,4.0,12.0,0.0,0.0,0.0,0.0,0.0,,,1.0,,,,,,,,,,,2.19,2.72,2.65,1.4639321269499206,16.11,50.106217594453575,50.113298951029215,51.437489198185844,-1.651759259259259,-0.473073333333339,-0.2986333333333384,0.2819899999999933,-2.656,3.067,0.0,0.0,0.0,0.0,0.0,0.0,0.0,0.0,0.0,4.0,4.0,comfort,1,False
27.0,959.0,9.0,Regina,,2013-11-06,,,1.0,,,,,,,2.0,0.0,1.0,0.0,0.0,0.0,0.0,0.0,9.0,9.0,6.0,4.0,11.0,,,,1.0,,,,,,,,,,-0.93,1.81,1.82,0.9845657152922556,16.29,50.20826944634926,50.258388271719056,51.61305854921963,-1.6311111111111112,-0.5565399999999983,-0.4931999999999981,0.1509800000000041,-3.969,1.718,0.0,0.0,0.0,0.0,0.0,0.0,0.0,0.0,0.0,4.0,4.0,comfort,0,False
27.0,960.0,10.0,Regina,,2013-11-06,,,1.0,,,,,,,1.0,0.0,1.0,0.0,0.0,0.0,0.0,0.0,12.0,12.0,3.0,3.0,14.0,,,,,,,,,,,,,,-0.85,0.86,0.82,1.2215431869676294,16.33,49.80266059108564,49.82657138373717,51.35088410696319,-1.6611111111111108,-0.37559999999999505,-0.31649999999999423,0.23039999999999594,-3.569,2.274,0.0,0.0,0.0,0.0,0.0,0.0,0.0,0.0,0.0,4.0,4.0,comfort,0,False
27.0,961.0,11.0,Regina,,2013-11-06,,,,1.0,,,,,,2.4,0.0,1.0,0.0,0.0,0.0,0.0,0.0,7.0,8.0,6.0,4.0,12.0,,,,,,,,,,,,,,-0.7,2.23,2.19,1.6032270671266176,16.37,50.233082140067104,50.25185976211853,51.67160224727155,-1.631759259259261,-0.5702300000000164,-0.5079333333333516,0.20593000000000217,-3.261,2.128,0.0,0.0,0.0,0.0,0.0,0.0,0.0,0.0,0.0,4.0,4.0,comfort,0,False
27.0,962.0,12.0,Regina,,2013-11-06,,,,1.0,,,,,,2.8,1.0,0.0,5.0,6.0,4.0,3.0,13.0,0.0,0.0,0.0,0.0,0.0,,,,,1.0,,,,,,,,,0.0,0.0,0.0,1.4871889545682464,,,51.35380436478307,52.173101004049514,-1.6404629629629628,-0.6541499999999978,-0.6090666666666706,0.2758566666666695,-1.676,4.749,0.0,0.0,0.0,0.0,0.0,0.0,0.0,0.0,0.0,4.0,4.0,comfort,1,False
27.0,963.0,13.0,Regina,,2013-11-06,,,,1.0,,,,,,2.6,0.0,1.0,0.0,0.0,0.0,0.0,0.0,9.0,8.0,5.0,4.0,12.0,,,,,,1.0,,,,,,,,-0.85,2.17,2.13,1.1037770124939001,16.12,51.01759643104632,51.02074359554013,52.3772076677038,-1.6027777777777779,-0.6098000000000035,-0.606500000000004,0.25669999999999504,-3.597,2.235,0.0,0.0,0.0,0.0,0.0,0.0,0.0,0.0,0.0,4.0,4.0,comfort,0,False
27.0,973.0,23.0,Regina,,2013-11-06,,,,,,,1.0,,,1.6,1.0,0.0,8.0,12.0,7.0,4.0,7.0,0.0,0.0,0.0,0.0,0.0,,,,,,,,,,,,,,1.72,1.18,1.1,1.7064457334123304,16.12,49.513644789239514,49.738279430011076,52.037755099961416,-1.4171296296296303,-0.31765000000000754,-0.30066666666667174,0.2531666666666652,-2.385,4.749,0.0,0.0,0.0,0.0,0.0,0.0,0.0,0.0,0.0,4.0,4.0,dread,1,False
27.0,974.0,24.0,Regina,,2013-11-06,,,,,,,1.0,,,0.6,0.0,1.0,0.0,0.0,0.0,0.0,0.0,14.0,14.0,5.0,4.0,13.0,,,,,,,,,,,,,,-0.5,0.3,0.23,1.3573978870959067,16.04,47.61726828824534,47.39220383178997,50.669845392013,-1.517592592592594,-0.6003333333333494,-0.6003333333333494,0.234800000000007,-4.971,2.784,0.0,0.0,0.0,0.0,0.0,0.0,0.0,0.0,0.0,4.0,4.0,dread,0,False
27.0,975.0,25.0,Regina,,2013-11-06,,,,,,,1.0,,,1.0,1.0,0.0,11.0,13.0,6.0,5.0,7.0,0.0,0.0,0.0,0.0,0.0,,,,,,,,,,,,,,1.28,0.66,0.62,1.4813349450541509,16.21,51.55154446833329,51.25612152235959,52.06802240100387,-1.4709259259259255,-0.4050333333333356,-0.4050333333333356,0.1546333333333294,-1.64,4.968,0.0,0.0,0.0,0.0,0.0,0.0,0.0,0.0,0.0,4.0,4.0,dread,1,False
27.0,976.0,26.0,Regina,,2013-11-06,,,,,,,1.0,,,0.8,1.0,0.0,11.0,13.0,7.0,5.0,7.0,0.0,0.0,0.0,0.0,0.0,,,,,,,1.0,,,,,,,1.29,0.76,0.68,1.2123937354044543,16.36,50.489787461324376,50.64838334129338,51.949156860931325,-1.434074074074074,-0.461513333333329,-0.39876666666665983,0.22978666666667635,-2.72,4.595,0.0,0.0,0.0,0.0,0.0,0.0,0.0,0.0,0.0,4.0,4.0,dread,1,False
27.0,977.0,27.0,Regina,,2013-11-06,,,,,,,1.0,,,0.6,0.0,1.0,0.0,0.0,0.0,0.0,0.0,11.0,13.0,6.0,7.0,6.0,,,,,,,,1.0,,,,,,-0.51,0.34,0.23,1.5019003821721597,16.18,44.72702995725712,44.11413461113387,52.5160095730665,-1.483518518518519,-0.41828000000000287,-0.36506666666667087,0.1931066666666723,-5.185,3.047,0.0,0.0,0.0,0.0,0.0,0.0,0.0,0.0,0.0,4.0,4.0,dread,0,False
28.0,986.0,6.0,,,2013-11-06,,,1.0,,,,,,,4.0,0.0,1.0,0.0,0.0,0.0,0.0,0.0,5.0,2.0,6.0,4.0,5.0,,,,1.0,,,,,,,,,,-0.86,3.68,3.64,1.4841437513953153,16.11,47.02421317364457,46.95703246891455,50.817200925728514,-1.3500925925925928,3.149070000000002,3.1429666666666662,0.2426933333333352,-3.136,1.667,0.0,0.0,0.0,0.0,0.0,0.0,0.0,0.0,0.0,4.0,4.0,comfort,0,False
28.0,987.0,7.0,,,2013-11-06,,,1.0,,,,,,,3.0,0.0,1.0,0.0,0.0,0.0,0.0,0.0,7.0,6.0,5.0,6.0,9.0,,,,,,,,,,,,,,-0.88,2.68,2.66,1.6921629112525167,16.18,48.20963586123015,47.945450492476475,49.81764285417739,-1.462685185185185,2.53093333333333,2.53093333333333,0.19795666666666278,-2.937,1.713,0.0,0.0,0.0,0.0,0.0,0.0,0.0,0.0,0.0,4.0,4.0,comfort,0,False
28.0,988.0,8.0,,,2013-11-06,,,1.0,,,,,,,2.0,0.0,1.0,0.0,0.0,0.0,0.0,0.0,10.0,8.0,5.0,3.0,12.0,,,,,,,,,,,,,,-0.72,1.64,1.65,1.4871931732112031,16.18,48.66828418999495,46.71777591722517,51.91317017020893,-1.4605555555555567,-0.3100200000000086,0.022199999999983788,0.21884000000000725,-2.897,1.863,0.0,1.0,0.0,0.0,0.0,0.0,0.0,0.0,0.0,3.0,4.0,comfort,0,False
28.0,989.0,9.0,,,2013-11-06,,,1.0,,,,,,,1.0,0.0,1.0,0.0,0.0,0.0,0.0,0.0,12.0,10.0,4.0,2.0,13.0,,,,,,,,,,,,,,-0.52,0.69,0.64,1.644403517506099,16.21,47.55802484427465,47.37638455845378,50.9752715745752,-1.4711111111111117,-0.26738000000000284,-0.12310000000000798,0.20337999999999568,-2.956,1.647,0.0,0.0,0.0,0.0,0.0,0.0,0.0,0.0,0.0,4.0,4.0,comfort,0,False
28.0,990.0,10.0,,,2013-11-06,,,,1.0,,,,,,4.4,1.0,0.0,3.0,3.0,4.0,2.0,13.0,0.0,0.0,0.0,0.0,0.0,,,,,,,,,,,,,,0.0,0.0,0.0,1.6323115277084739,,,48.44326792032554,50.617709576963534,-1.4696296296296296,-0.26399333333333175,0.029933333333339363,0.2110800000000026,-1.656,3.32,0.0,0.0,0.0,0.0,0.0,0.0,0.0,0.0,1.0,4.0,4.0,comfort,1,False
28.0,991.0,11.0,,,2013-11-06,,,,1.0,,,,,,4.2,1.0,0.0,4.0,3.0,3.0,2.0,12.0,0.0,0.0,0.0,0.0,0.0,,,,,,,,,,,,,,0.0,0.0,0.0,1.967143712086461,,,48.586440080235604,50.767292303813605,-1.4490740740740733,-0.4449999999999932,-0.43966666666666043,0.18466666666665787,-1.623,3.679,0.0,0.0,0.0,0.0,0.0,0.0,0.0,0.0,0.0,4.0,4.0,comfort,1,False
28.0,992.0,12.0,,,2013-11-06,,,,1.0,,,,,,4.0,1.0,0.0,5.0,4.0,4.0,3.0,11.0,0.0,0.0,0.0,0.0,0.0,,,,,,,,,,,,,,3.48,3.68,3.61,1.5416109153192465,16.23,48.56992223671615,48.602624213179006,49.687061505122045,-1.3545370370370389,0.40508666666666215,0.26686666666665104,0.24049666666666525,-2.315,2.699,0.0,0.0,0.0,0.0,0.0,0.0,0.0,0.0,0.0,4.0,4.0,comfort,1,False
28.0,993.0,13.0,,,2013-11-06,,,,1.0,,,,,,3.8,1.0,0.0,5.0,3.0,4.0,3.0,11.0,0.0,0.0,0.0,0.0,0.0,,,,,1.0,,,,,,,,,0.0,0.0,0.0,1.7011073892102715,,,46.528272169190004,52.91194009998293,-1.388703703703704,0.3280599999999936,0.3150666666666666,0.2397066666666703,-1.737,3.269,0.0,1.0,0.0,0.0,0.0,0.0,0.0,0.0,0.0,1.0,4.0,comfort,1,False
28.0,994.0,14.0,,,2013-11-06,,,,1.0,,,,,,3.6,0.0,1.0,0.0,0.0,0.0,0.0,0.0,6.0,4.0,7.0,5.0,8.0,,,,,,1.0,,,,,,,,-0.61,3.28,3.3,1.494616427865033,16.05,47.835208004884386,47.72497826926529,50.18331141265165,-1.3691666666666673,0.29568999999999335,0.09309999999999263,0.2783500000000032,-3.617,1.784,0.0,0.0,0.0,0.0,0.0,0.0,0.0,0.0,0.0,4.0,4.0,comfort,0,False
28.0,1001.0,21.0,,,2013-11-06,,,,,,,1.0,,,2.6,1.0,0.0,4.0,3.0,4.0,3.0,12.0,0.0,0.0,0.0,0.0,0.0,,,,,,,,,,,,,,2.79,2.31,2.3,1.5156229068957643,16.29,47.22965628036643,47.1387174656087,50.30381857437561,-1.270555555555555,0.17241999999999535,0.09859999999999758,0.17241999999999535,-1.875,3.734,0.0,0.0,0.0,0.0,0.0,0.0,0.0,0.0,0.0,4.0,4.0,dread,1,False
28.0,1002.0,22.0,,,2013-11-06,,,,,,,1.0,,,1.6,1.0,0.0,5.0,3.0,4.0,4.0,10.0,0.0,0.0,0.0,0.0,0.0,,,,,,,,,,,,,,2.16,1.29,1.27,2.0319363069033827,16.21,47.56077734994272,47.41519636509154,50.82393388109807,-1.431574074074074,0.6896333333333367,0.6896333333333367,-0.35793666666666724,-1.793,4.898,0.0,0.0,0.0,0.0,0.0,0.0,0.0,0.0,0.0,4.0,4.0,dread,1,False
28.0,1003.0,23.0,,,2013-11-06,,,,,,,1.0,,,0.6,0.0,1.0,0.0,0.0,0.0,0.0,0.0,10.0,7.0,8.0,6.0,8.0,,,,,,,,,,,,,,-0.44,0.31,0.29,1.3386915450005787,16.19,48.83951452554446,48.591250484707324,49.370539873976895,-1.3284259259259252,-0.22126666666666495,-0.14673333333333005,-0.17791666666666828,-3.689,1.596,0.0,0.0,0.0,0.0,0.0,0.0,0.0,0.0,0.0,4.0,4.0,dread,0,False
28.0,1004.0,24.0,,,2013-11-06,,,,,,,1.0,,,1.0,1.0,0.0,5.0,4.0,4.0,4.0,11.0,0.0,0.0,0.0,0.0,0.0,,,,,,,1.0,,,,,,,1.48,0.68,0.65,2.0162171546524164,16.21,47.311330547587616,47.24119648328202,50.407275242645966,-1.3223148148148154,0.23848666666666674,0.03096666666665726,0.23848666666666674,-1.666,3.789,0.0,0.0,0.0,0.0,0.0,0.0,0.0,0.0,0.0,4.0,4.0,dread,1,False
28.0,1005.0,25.0,,,2013-11-06,,,,,,,1.0,,,0.8,0.0,1.0,0.0,0.0,0.0,0.0,0.0,12.0,10.0,7.0,5.0,11.0,,,,,,,,1.0,,,,,,-0.42,0.51,0.42,1.8135356503632991,16.23,46.60277598939045,46.602251518219276,49.92575649832531,-1.301388888888887,0.23485000000000866,0.129000000000012,0.23485000000000866,-3.478,1.578,0.0,1.0,0.0,0.0,0.0,0.0,0.0,0.0,0.0,3.0,4.0,dread,0,False
15.0,506.0,6.0,,,2013-10-15,,,1.0,,,,,,,1.0,1.0,0.0,4.0,6.0,5.0,5.0,10.0,0.0,0.0,0.0,0.0,0.0,,,1.0,,,,,,,,,,,1.36,0.68,0.6,0.8012043045270119,15.89,48.5126526419856,47.92348926576267,52.599987777852135,-1.2024999999999995,1.482600000000005,1.482600000000005,0.20714000000000254,-2.759,3.98,0.0,0.0,0.0,0.0,0.0,1.0,0.0,0.0,0.0,4.0,1.0,comfort,1,False
15.0,507.0,7.0,,,2013-10-15,,,1.0,,,,,,,2.0,1.0,0.0,3.0,3.0,3.0,3.0,13.0,0.0,0.0,0.0,0.0,0.0,,,,,,,,,,,,,,2.46,1.67,1.59,0.852107758712215,16.01,49.03637332625038,48.78119066888655,50.62013865173654,-1.2321296296296285,0.31843333333333845,0.31843333333333845,0.24408333333332877,-2.111,3.496,0.0,0.0,0.0,0.0,0.0,1.0,0.0,0.0,0.0,4.0,1.0,comfort,1,False
15.0,508.0,8.0,,,2013-10-15,,,1.0,,,,,,,3.0,1.0,0.0,2.0,2.0,2.0,2.0,14.0,0.0,0.0,0.0,0.0,0.0,,,,,,,,,,,,,,3.53,2.69,2.64,1.034496234133023,16.04,48.42278383196305,48.401042260615384,50.210638998846235,-1.2131481481481485,0.3102533333333355,-0.14323333333334176,0.3102533333333355,-2.518,3.544,0.0,0.0,0.0,0.0,0.0,0.0,0.0,0.0,0.0,4.0,4.0,comfort,1,False
15.0,509.0,9.0,,,2013-10-15,,,1.0,,,,,,,4.0,1.0,0.0,1.0,1.0,1.0,1.0,15.0,0.0,0.0,0.0,0.0,0.0,,,,,,,,,,,,,,4.52,3.69,3.57,1.1394781261996414,16.14,48.837670221677634,48.645931567530134,50.29287154010518,-1.2002777777777784,0.6506100000000004,0.626899999999992,0.21472999999999587,-2.333,3.592,0.0,0.0,0.0,0.0,0.0,1.0,0.0,0.0,0.0,4.0,1.0,comfort,1,False
15.0,510.0,10.0,,,2013-10-15,,,,1.0,,,,,,0.0,0.0,1.0,0.0,0.0,0.0,0.0,0.0,9.0,10.0,6.0,5.0,11.0,,,,,,,,,,,,,,-0.28,-0.23,-0.24,0.7866746233307325,16.19,48.625141600299415,48.56451552596049,50.01454041810362,-1.1880555555555572,0.17597000000000662,0.03529999999998523,0.17597000000000662,-5.356,2.343,0.0,1.0,0.0,0.0,0.0,1.0,0.0,0.0,0.0,3.0,1.0,comfort,0,False
15.0,511.0,11.0,,,2013-10-15,,,,1.0,,,,,,0.4,1.0,0.0,6.0,7.0,5.0,5.0,10.0,0.0,0.0,0.0,0.0,0.0,,,,,,,,,,,,,,1.06,0.0,-0.01,0.625212475903389,15.83,51.363985435847844,51.39999392058563,53.41515211119649,-1.1852777777777792,-0.38323000000001173,-0.22470000000001278,0.3225699999999989,-2.591,4.225,0.0,1.0,0.0,0.0,0.0,1.0,0.0,0.0,0.0,3.0,1.0,comfort,1,False
15.0,512.0,12.0,,,2013-10-15,,,,1.0,,,,,,0.2,1.0,0.0,5.0,6.0,5.0,4.0,11.0,0.0,0.0,0.0,0.0,0.0,,,,,1.0,,,,,,,,,0.94,-0.13,-0.18,1.0246598271310816,16.03,48.89062808720367,48.691742945717785,50.41170422295039,-1.0925925925925923,1.6911666666666747,1.6911666666666747,0.18683333333333252,-2.397,4.445,0.0,0.0,0.0,0.0,0.0,1.0,0.0,0.0,0.0,4.0,1.0,comfort,1,False
15.0,513.0,13.0,,,2013-10-15,,,,1.0,,,,,,0.0,0.0,1.0,0.0,0.0,0.0,0.0,0.0,11.0,9.0,5.0,5.0,11.0,,,,,,1.0,,,,,,,,-0.31,-0.31,-0.44,1.2373102351837062,16.07,49.073379358656716,48.955536245954455,50.069574906607954,-1.1285185185185174,2.4777333333333402,2.4777333333333402,0.21490666666666414,-4.0,1.835,1.0,0.0,0.0,0.0,0.0,1.0,0.0,0.0,0.0,1.0,1.0,comfort,0,False
15.0,519.0,19.0,,,2013-10-15,,,,,,,1.0,,,-1.0,1.0,0.0,8.0,12.0,6.0,5.0,3.0,0.0,0.0,0.0,0.0,0.0,,participant that he would not have been driving so close in real traffic,,,,,,,,,,,,0.27,0.66,0.59,0.10145289454379025,15.98,48.88424317816947,48.88795328047964,49.916531292863056,-1.0586111111111103,0.30060999999999183,-0.1465999999999994,0.30060999999999183,-3.689,5.83,0.0,1.0,0.0,0.0,0.0,1.0,0.0,0.0,0.0,3.0,1.0,dread,1,False
15.0,520.0,20.0,,,2013-10-15,,,,,,,1.0,,,-2.0,0.0,1.0,0.0,0.0,0.0,0.0,0.0,14.0,14.0,3.0,5.0,14.0,,,,,,,,,,,,,,-0.32,-0.33,-0.35,1.1842708688667827,16.0,48.91306020023237,48.81326606499996,50.267206393099144,-1.0740740740740748,3.3763333333333208,3.3763333333333208,0.1808333333333323,-3.535,2.997,0.0,0.0,0.0,0.0,0.0,0.0,0.0,0.0,0.0,4.0,4.0,dread,0,False
15.0,521.0,21.0,,,2013-10-15,,,,,,,1.0,,,-1.6,0.0,1.0,0.0,0.0,0.0,0.0,0.0,13.0,13.0,4.0,3.0,13.0,,,,,,,,,,,,,,-0.65,-0.02,-0.06,1.1150737765240635,15.89,51.94507391304702,52.0964339230003,53.790017377655985,-1.0611111111111091,1.1110000000000184,1.1110000000000184,0.20290000000000674,-4.628,2.083,0.0,0.0,0.0,0.0,0.0,0.0,0.0,1.0,0.0,4.0,4.0,dread,0,False
15.0,522.0,22.0,,,2013-10-15,,,,,,,1.0,,,-1.2,0.0,1.0,0.0,0.0,0.0,0.0,0.0,13.0,13.0,4.0,4.0,13.0,,,,,,,,,,,,,,-0.15,0.33,0.34,1.026718674151276,16.12,49.25746768464037,49.011853872813234,50.1944601513685,-1.148981481481482,0.6393666666666604,0.6393666666666604,0.16841666666666555,-4.627,2.435,0.0,0.0,0.0,0.0,0.0,0.0,0.0,0.0,0.0,4.0,4.0,dread,0,False
15.0,523.0,23.0,,,2013-10-15,,,,,,,1.0,,,-0.8,1.0,0.0,10.0,11.0,6.0,5.0,5.0,0.0,0.0,0.0,0.0,0.0,,,,,,,1.0,,,,,,,0.29,0.7,0.67,0.9547359681286096,16.08,48.579123213090156,48.385802991503645,50.18745633304576,-1.1376851851851857,0.19670999999999594,0.17643333333332833,0.19670999999999594,-3.202,6.503,0.0,0.0,0.0,0.0,0.0,0.0,0.0,0.0,0.0,4.0,4.0,dread,1,False
15.0,524.0,24.0,,,2013-10-15,,,,,,,1.0,,,-1.0,0.0,1.0,0.0,0.0,0.0,0.0,0.0,10.0,11.0,4.0,5.0,12.0,,,,,,,,1.0,,,,,,-0.26,0.48,0.35,1.1566861370578252,16.04,49.05776833154798,48.8768762861489,50.19300988318136,-1.1170370370370377,-0.2805800000000076,-0.09013333333333406,0.16674000000000433,-4.898,2.384,0.0,0.0,0.0,0.0,0.0,0.0,0.0,0.0,0.0,4.0,4.0,dread,0,False
4.0,41.0,7.0,Regina,Julia,2013-09-27,,,1.0,,,,,,,6.0,1.0,0.0,1.0,1.0,1.0,1.0,15.0,0.0,0.0,0.0,0.0,0.0,,,,,,,,,,,,,,,,,,,,,,,,,,,,,,,,,,,,,,,comfort,1,False
4.0,42.0,8.0,Regina,Julia,2013-09-27,,,1.0,,,,,,,4.0,1.0,0.0,1.0,1.0,1.0,1.0,15.0,0.0,0.0,0.0,0.0,0.0,,,,,,,,,,,,,,,,,,,,,,,,,,,,,,,,,,,,,,,comfort,1,False
4.0,44.0,10.0,Regina,Julia,2013-09-27,,,1.0,,,,,,,0.5,0.0,1.0,0.0,0.0,0.0,0.0,0.0,12.0,9.0,3.0,2.0,14.0,,,,,,,,,,,,,,,,,,,,,,,,,,,,,,,,,,,,,,,comfort,0,False
4.0,45.0,11.0,Regina,Julia,2013-09-27,,,1.0,,,,,,,3.0,1.0,0.0,2.0,1.0,3.0,2.0,14.0,0.0,0.0,0.0,0.0,0.0,,,1.0,,,,,,,,,,,,,,,,,,,,,,,,,,,,,,,,,,,,comfort,1,False
4.0,46.0,12.0,Regina,Julia,2013-09-27,,,1.0,,,,,,,1.0,0.0,1.0,0.0,0.0,0.0,0.0,0.0,10.0,7.0,5.0,3.0,13.0,,,,,,,,,,,,,,,,,,,,,,,,,,,,,,,,,,,,,,,comfort,0,False
4.0,47.0,13.0,Regina,Julia,2013-09-27,,,1.0,,,,,,,2.0,0.0,1.0,0.0,0.0,0.0,0.0,0.0,10.0,7.0,5.0,5.0,12.0,,,,1.0,,,,,,,,,,,,,,,,,,,,,,,,,,,,,,,,,,,comfort,0,False
4.0,48.0,14.0,Regina,Julia,2013-09-27,,,,1.0,,,,,,2.4,1.0,0.0,1.0,1.0,1.0,1.0,15.0,0.0,0.0,0.0,0.0,0.0,,,,,,,,,,,,,,,,,,,,,,,,,,,,,,,,,,,,,,,comfort,1,False
4.0,49.0,15.0,Regina,Julia,2013-09-27,,,,1.0,,,,,,2.2,1.0,0.0,2.0,1.0,2.0,1.0,14.0,0.0,0.0,0.0,0.0,0.0,,,,,,,,,,,,,,,,,,,,,,,,,,,,,,,,,,,,,,,comfort,1,False
4.0,50.0,16.0,Regina,Julia,2013-09-27,,,,1.0,,,,,,2.0,1.0,0.0,2.0,2.0,2.0,2.0,13.0,0.0,0.0,0.0,0.0,0.0,,,,,,,,,,,,,,,,,,,,,,,,,,,,,,,,,,,,,,,comfort,1,False
4.0,51.0,17.0,Regina,Julia,2013-09-27,,,,1.0,,,,,,1.8,1.0,0.0,4.0,3.0,4.0,3.0,12.0,0.0,0.0,0.0,0.0,0.0,,,,,1.0,,,,,,,,,,,,,,,,,,,,,,,,,,,,,,,,,,comfort,1,False
4.0,52.0,18.0,Regina,Julia,2013-09-27,,,,1.0,,,,,,1.6,0.0,1.0,0.0,0.0,0.0,0.0,0.0,12.0,8.0,7.0,5.0,10.0,,,,,,1.0,,,,,,,,,,,,,,,,,,,,,,,,,,,,,,,,,comfort,0,False
4.0,68.0,35.0,Regina,Julia,2013-09-27,,,,,,,1.0,,,1.2,1.0,0.0,4.0,3.0,3.0,1.0,14.0,0.0,0.0,0.0,0.0,0.0,,,,,,,,,,,,,,,,,,,,,,,,,,,,,,,,,,,,,,,dread,1,False
4.0,69.0,36.0,Regina,Julia,2013-09-27,,,,,,,1.0,,,0.8,1.0,0.0,4.0,4.0,4.0,3.0,13.0,0.0,0.0,0.0,0.0,0.0,,,,,,,,,,,,,,,,,,,,,,,,,,,,,,,,,,,,,,,dread,1,False
4.0,70.0,37.0,Regina,Julia,2013-09-27,,,,,,,1.0,,,0.4,1.0,0.0,6.0,4.0,4.0,4.0,11.0,0.0,0.0,0.0,0.0,0.0,,,,,,,,,,,,,,,,,,,,,,,,,,,,,,,,,,,,,,,dread,1,False
4.0,71.0,38.0,Regina,Julia,2013-09-27,,,,,,,1.0,,,0.0,1.0,0.0,6.0,4.0,4.0,4.0,12.0,0.0,0.0,0.0,0.0,0.0,,,,,,,,,,,,,,,,,,,,,,,,,,,,,,,,,,,,,,,dread,1,False
4.0,72.0,39.0,Regina,Julia,2013-09-27,,,,,,,1.0,,,-0.4,1.0,0.0,6.0,5.0,5.0,6.0,10.0,0.0,0.0,0.0,0.0,0.0,,,,,,,1.0,,,,,,,,,,,,,,,,,,,,,,,,,,,,,,,,dread,1,False
4.0,73.0,40.0,Regina,Julia,2013-09-27,,,,,,,1.0,,,-0.8,0.0,1.0,0.0,0.0,0.0,0.0,0.0,10.0,8.0,7.0,5.0,12.0,,,,,,,,1.0,,,,,,,,,,,,,,,,,,,,,,,,,,,,,,,dread,0,False
22.0,6.0,6.0,"Regina;
Christina",Julia,2013-09-26,,,1.0,,,,,,,6.0,1.0,0.0,2.0,2.0,1.0,2.0,15.0,0.0,0.0,0.0,0.0,0.0,,,,,,,,,,,,,,,,,,,,,,,,,,,,,,,,,,,,,,,comfort,1,False
22.0,7.0,7.0,"Regina;
Christina",Julia,2013-09-26,,,1.0,,,,,,,4.0,1.0,0.0,2.0,2.0,1.0,1.0,15.0,0.0,0.0,0.0,0.0,0.0,,,1.0,,,,,,,,,,,,,,,,,,,,,,,,,,,,,,,,,,,,comfort,1,False
22.0,8.0,8.0,"Regina;
Christina",Julia,2013-09-26,,,1.0,,,,,,,0.5,0.0,1.0,0.0,0.0,0.0,0.0,0.0,12.0,14.0,5.0,4.0,12.0,,,,,,,,,,,,,,,,,,,,,,,,,,,,,,,,,,,,,,,comfort,0,False
22.0,9.0,9.0,"Regina;
Christina",Julia,2013-09-26,,,1.0,,,,,,,3.0,0.0,1.0,0.0,0.0,0.0,0.0,0.0,11.0,11.0,6.0,6.0,13.0,,,,1.0,,,,,,,,,,,,,,,,,,,,,,,,,,,,,,,,,,,comfort,0,False
22.0,10.0,10.0,"Regina;
Christina",Julia,2013-09-26,,,1.0,,,,,,,1.0,0.0,1.0,0.0,0.0,0.0,0.0,0.0,14.0,14.0,2.0,1.0,15.0,,,,,,,,,,,,,,,,,,,,,,,,,,,,,,,,,,,,,,,comfort,0,False
22.0,11.0,11.0,"Regina;
Christina",Julia,2013-09-26,,,1.0,,,,,,,2.0,0.0,1.0,0.0,0.0,0.0,0.0,0.0,12.0,13.0,5.0,4.0,13.0,,,,,,,,,,,,,,,,,,,,,,,,,,,,,,,,,,,,,,,comfort,0,False
22.0,13.0,13.0,"Regina;
Christina",Julia,2013-09-26,,,,1.0,,,,,,3.4,1.0,0.0,6.0,6.0,6.0,4.0,10.0,0.0,0.0,0.0,0.0,0.0,,,,,,,,,,,,,,,,,,,,,,,,,,,,,,,,,,,,,,,comfort,1,False
22.0,14.0,14.0,"Regina;
Christina",Julia,2013-09-26,,,,1.0,,,,,,2.6,0.0,1.0,0.0,0.0,0.0,0.0,0.0,12.0,13.0,4.0,4.0,14.0,,,,,,,,,,,,,,,,,,,,,,,,,,,,,,,,,,,,,,,comfort,0,False
22.0,15.0,15.0,"Regina;
Christina",Julia,2013-09-26,,,,1.0,,,,,,3.0,0.0,1.0,0.0,0.0,0.0,0.0,0.0,10.0,9.0,6.0,5.0,12.0,,,,,,,,,,,,,,,,,,,,,,,,,,,,,,,,,,,,,,,comfort,0,False
22.0,17.0,17.0,"Regina;
Christina",Julia,2013-09-26,,,,1.0,,,,,,3.2,0.0,1.0,0.0,0.0,0.0,0.0,0.0,8.0,10.0,7.0,6.0,9.0,,,,,,,,,,,,,,,,,,,,,,,,,,,,,,,,,,,,,,,comfort,0,False
22.0,18.0,18.0,"Regina;
Christina",Julia,2013-09-26,,,,1.0,,,,,,3.4,0.0,1.0,0.0,0.0,0.0,0.0,0.0,9.0,8.0,7.0,8.0,9.0,,,,,,,,,,,,,,,,,,,,,,,,,,,,,,,,,,,,,,,comfort,0,False
22.0,19.0,19.0,"Regina;
Christina",Julia,2013-09-26,,,,1.0,,,,,,3.6,1.0,0.0,8.0,6.0,7.0,9.0,8.0,0.0,0.0,0.0,0.0,0.0,,,,,1.0,,,,,,,,,,,,,,,,,,,,,,,,,,,,,,,,,,comfort,1,False
22.0,20.0,20.0,"Regina;
Christina",Julia,2013-09-26,,,,1.0,,,,,,3.4,0.0,1.0,0.0,0.0,0.0,0.0,0.0,7.0,7.0,6.0,6.0,8.0,,,,,,1.0,,,,,,,,,,,,,,,,,,,,,,,,,,,,,,,,,comfort,0,False
22.0,30.0,30.0,"Regina;
Christina",Julia,2013-09-26,,,,,,,1.0,,,3.2,1.0,0.0,5.0,5.0,4.0,3.0,14.0,0.0,0.0,0.0,0.0,0.0,,,,,,,,,,,,,,,,,,,,,,,,,,,,,,,,,,,,,,,dread,1,False
22.0,31.0,31.0,"Regina;
Christina",Julia,2013-09-26,,,,,,,1.0,,,2.8,1.0,0.0,6.0,6.0,5.0,6.0,12.0,0.0,0.0,0.0,0.0,0.0,,,,,,,1.0,,,,,,,,,,,,,,,,,,,,,,,,,,,,,,,,dread,1,False
22.0,32.0,32.0,"Regina;
Christina",Julia,2013-09-26,,,,,,,1.0,,,2.4,0.0,1.0,0.0,0.0,0.0,0.0,0.0,11.0,8.0,7.0,7.0,9.0,,,,,,,,,,,,,,,,,,,,,,,,,,,,,,,,,,,,,,,dread,0,False
22.0,33.0,33.0,"Regina;
Christina",Julia,2013-09-26,,,,,,,1.0,,,2.6,0.0,1.0,0.0,0.0,0.0,0.0,0.0,6.0,6.0,10.0,9.0,7.0,,,,,,,,1.0,,,,,,,,,,,,,,,,,,,,,,,,,,,,,,,dread,0,False
