video,cp,dg,eps_continue,a_first,omega_max,steers,brakes,brakes_any_step,a_min,t_first_brake,seed
LC_dv07_Tlc2p0_TTC02_CP1_S5p033_E15p033.mp4,CP1,0.0,1933.667877642008,-3.158503093808395,0.20404327907282174,True,True,True,-5.692930932152573,0.0,0
LC_dv07_Tlc2p0_TTC02_CP2_S5p333_E15p333.mp4,CP2,0.0,1933.6678776420201,-3.158503093808395,0.20404327907282174,True,True,True,-5.692930932152573,0.0,0
LC_dv07_Tlc2p0_TTC02_CP3_S5p633_E15p633.mp4,CP3,0.0,1946.099408080098,-3.158503093808395,0.20404327907282174,True,True,True,-5.692930932152575,0.0,0
LC_dv07_Tlc2p0_TTC02_CP4_S5p933_E15p933.mp4,CP4,0.0,1933.6678776424353,-3.158503093808395,0.20404327907282174,True,True,True,-5.692930932152573,0.0,0
LC_dv07_Tlc2p0_TTC02_CP5_S6p233_E16p233.mp4,CP5,182187.04007350447,211619.35352828,-6.890070570689451,0.2356669842023529,True,True,True,-6.890070570689451,0.0,0
LC_dv07_Tlc2p0_TTC03_CP1_S5p033_E15p033.mp4,CP1,0.0,8371.617456055052,-3.158503093808395,0.2040432790728217,True,True,True,-5.692930932152573,0.0,0
LC_dv07_Tlc2p0_TTC03_CP2_S5p333_E15p333.mp4,CP2,0.0,1933.6678776420251,-3.158503093808395,0.20404327907282174,True,True,True,-5.692930932152575,0.0,0
LC_dv07_Tlc2p0_TTC03_CP3_S5p633_E15p633.mp4,CP3,0.0,2852.341346698868,-3.158503093808395,0.20404327907282174,True,True,True,-5.692930932152573,0.0,0
LC_dv07_Tlc2p0_TTC03_CP4_S5p933_E15p933.mp4,CP4,0.0,1934.424438581146,-3.3825720469377023,0.20493829296482763,True,True,True,-6.153591783184262,0.0,0
LC_dv07_Tlc2p0_TTC03_CP5_S6p233_E16p233.mp4,CP5,52639.96889584628,75435.09568878745,-5.784602229837412,0.16069925904375063,True,True,True,-5.784602229837412,0.0,0
LC_dv07_Tlc2p0_TTC04_CP1_S5p067_E15p067.mp4,CP1,0.0,1454.8400860496909,-3.612829506004453,0.24323675924276453,True,True,True,-4.28071901465811,0.0,0
LC_dv07_Tlc2p0_TTC04_CP2_S5p367_E15p367.mp4,CP2,0.0,2111.3710633026963,-3.158503093808395,0.20404327907282174,True,True,True,-5.692930932152575,0.0,0
LC_dv07_Tlc2p0_TTC04_CP3_S5p667_E15p667.mp4,CP3,0.0,11254.603538541933,-5.192609243137954,0.2953670931968688,True,True,True,-5.535309829595942,0.0,0
LC_dv07_Tlc2p0_TTC04_CP4_S5p967_E15p967.mp4,CP4,0.0,1932.8766727199784,-3.158503093808395,0.20404327907282174,True,True,True,-5.692930932152575,0.0,0
LC_dv07_Tlc2p0_TTC04_CP5_S6p267_E16p267.mp4,CP5,0.0,8403.398946231035,-3.158503093808395,0.20404327907282174,True,True,True,-5.692930932152575,0.0,0
LC_dv07_Tlc2p0_TTC05_CP1_S5p067_E15p067.mp4,CP1,0.0,1454.8400860496909,-3.612829506004453,0.24323675924276453,True,True,True,-4.28071901465811,0.0,0
LC_dv07_Tlc2p0_TTC05_CP2_S5p367_E15p367.mp4,CP2,0.0,2022.4239172602304,-3.158503093808395,0.20404327907282174,True,True,True,-5.692930932152575,0.0,0
LC_dv07_Tlc2p0_TTC05_CP4_S5p967_E15p967.mp4,CP4,0.0,1932.8766727199784,-3.158503093808395,0.20404327907282174,True,True,True,-5.692930932152575,0.0,0
LC_dv07_Tlc2p0_TTC07_CP1_S5p067_E15p067.mp4,CP1,0.0,3236.530763627119,-3.612829506004453,0.24323675924276453,True,True,True,-4.28071901465811,0.0,0
LC_dv07_Tlc2p0_TTC07_CP3_S5p667_E15p667.mp4,CP3,0.0,4905.138708169688,-3.158503093808395,0.20404327907282174,True,True,True,-5.692930932152575,0.0,0
LC_dv07_Tlc2p0_TTC07_CP5_S6p267_E16p267.mp4,CP5,0.0,1933.621693387747,-3.158503093808395,0.20404327907282174,True,True,True,-5.692930932152575,0.0,0
LC_dv07_Tlc3p0_TTC02_CP1_S5p067_E15p067.mp4,CP1,0.0,1452.3843864503285,-3.3825720469377023,0.20493829296482763,True,True,True,-6.153591783184262,0.0,0
LC_dv07_Tlc3p0_TTC02_CP2_S5p367_E15p367.mp4,CP2,0.0,2221.984028023346,-3.158503093808395,0.20404327907282174,True,True,True,-5.692930932152575,0.0,0
LC_dv07_Tlc3p0_TTC02_CP3_S5p667_E15p667.mp4,CP3,0.0,9312.397892492496,-3.158503093808395,0.20404327907282174,True,True,True,-5.692930932152573,0.0,0
LC_dv07_Tlc3p0_TTC02_CP4_S5p967_E15p967.mp4,CP4,0.0,1932.8766727199784,-3.158503093808395,0.20404327907282174,True,True,True,-5.692930932152575,0.0,0
LC_dv07_Tlc3p0_TTC02_CP5_S6p267_E16p267.mp4,CP5,0.0,9342.151195600312,-4.366252156984764,0.22847092050589635,True,True,True,-4.366252156984764,0.0,0
LC_dv07_Tlc3p0_TTC03_CP1_S5p067_E15p067.mp4,CP1,0.0,1454.8400860496909,-3.612829506004453,0.24323675924276453,True,True,True,-4.28071901465811,0.0,0
LC_dv07_Tlc3p0_TTC03_CP2_S5p367_E15p367.mp4,CP2,0.0,2174.7063943072426,-3.158503093808395,0.20404327907282174,True,True,True,-5.692930932152575,0.0,0
LC_dv07_Tlc3p0_TTC03_CP3_S5p667_E15p667.mp4,CP3,0.0,2269.7489378449036,-3.158503093808395,0.20404327907282174,True,True,True,-5.692930932152575,0.0,0
LC_dv07_Tlc3p0_TTC03_CP4_S5p967_E15p967.mp4,CP4,0.0,1932.8766727199784,-3.158503093808395,0.20404327907282174,True,True,True,-5.692930932152575,0.0,0
LC_dv07_Tlc3p0_TTC03_CP5_S6p267_E16p267.mp4,CP5,0.0,8618.347930230766,-3.1585030938083922,0.20404327907282183,True,True,True,-5.692930932152575,0.0,0
LC_dv07_Tlc3p0_TTC04_CP1_S5p033_E15p033.mp4,CP1,0.0,1932.8766727199745,-3.158503093808395,0.20404327907282174,True,True,True,-5.692930932152575,0.0,0
LC_dv07_Tlc3p0_TTC04_CP2_S5p333_E15p333.mp4,CP2,0.0,1929.9628684943436,-3.158503093808395,0.20404327907282174,True,True,True,-5.692930932152575,0.0,0
LC_dv07_Tlc3p0_TTC04_CP3_S5p633_E15p633.mp4,CP3,0.0,2533.1712253540977,-3.158503093808395,0.20404327907282174,True,True,True,-5.692930932152575,0.0,0
LC_dv07_Tlc3p0_TTC04_CP4_S5p933_E15p933.mp4,CP4,0.0,1930.471285745317,-3.3825720469377023,0.20493829296482763,True,True,True,-6.153591783184262,0.0,0
LC_dv07_Tlc3p0_TTC04_CP5_S6p233_E16p233.mp4,CP5,0.0,1454.8400860496909,-3.612829506004453,0.24323675924276453,True,True,True,-4.28071901465811,0.0,0
LC_dv07_Tlc3p0_TTC05_CP1_S5p067_E15p067.mp4,CP1,0.0,1454.8400860496909,-3.612829506004453,0.24323675924276453,True,True,True,-4.28071901465811,0.0,0
LC_dv07_Tlc3p0_TTC05_CP3_S5p667_E15p667.mp4,CP3,0.0,10204.089970966275,-5.301745695747309,0.1686493307918105,True,True,True,-5.479632657210224,0.0,0
LC_dv07_Tlc3p0_TTC05_CP5_S6p267_E16p267.mp4,CP5,0.0,7245.872150087764,-3.1585030938083922,0.20404327907282177,True,True,True,-5.692930932152575,0.0,0
LC_dv07_Tlc3p0_TTC06_CP1_S5p067_E15p067.mp4,CP1,0.0,1932.8766727204008,-3.158503093808395,0.20404327907282174,True,True,True,-5.692930932152575,0.0,0
LC_dv07_Tlc3p0_TTC06_CP2_S5p367_E15p367.mp4,CP2,0.0,1932.8766727204106,-1.7253106665904014,0.2436502675505946,True,True,True,-3.5362677077278484,0.0,0
LC_dv07_Tlc3p0_TTC06_CP4_S5p967_E15p967.mp4,CP4,0.0,1932.8766727204056,-3.158503093808395,0.20404327907282174,True,True,True,-5.692930932152575,0.0,0
LC_dv07_Tlc4p0_TTC02_CP1_S5p067_E15p067.mp4,CP1,0.0,1454.6901270709893,-3.612829506004453,0.24323675924276453,True,True,True,-4.280719014658112,0.0,0
LC_dv07_Tlc4p0_TTC02_CP2_S5p367_E15p367.mp4,CP2,0.0,2219.896077081406,-3.158503093808395,0.20404327907282174,True,True,True,-5.692930932152575,0.0,0
LC_dv07_Tlc4p0_TTC02_CP3_S5p667_E15p667.mp4,CP3,0.0,9368.046968699373,-3.158503093808395,0.20404327907282177,True,True,True,-5.692930932152575,0.0,0
LC_dv07_Tlc4p0_TTC02_CP4_S5p967_E15p967.mp4,CP4,0.0,1932.8766727199784,-3.158503093808395,0.20404327907282174,True,True,True,-5.692930932152575,0.0,0
LC_dv07_Tlc4p0_TTC02_CP5_S6p267_E16p267.mp4,CP5,0.0,9653.386803357662,-3.1585030938083922,0.2040432790728218,True,True,True,-5.692930932152575,0.0,0
LC_dv07_Tlc4p0_TTC03_CP1_S5p067_E15p067.mp4,CP1,0.0,1455.5342504809496,-3.612829506004453,0.24323675924276453,True,True,True,-4.28071901465811,0.0,0
LC_dv07_Tlc4p0_TTC03_CP2_S5p367_E15p367.mp4,CP2,0.0,2170.335890402227,-3.158503093808395,0.20404327907282174,True,True,True,-5.692930932152573,0.0,0
LC_dv07_Tlc4p0_TTC03_CP3_S5p667_E15p667.mp4,CP3,0.0,1933.5672603260714,-3.158503093808395,0.20404327907282174,True,True,True,-5.692930932152573,0.0,0
LC_dv07_Tlc4p0_TTC03_CP4_S5p967_E15p967.mp4,CP4,0.0,1930.379052207398,-3.158503093808395,0.20404327907282174,True,True,True,-5.692930932152573,0.0,0
LC_dv07_Tlc4p0_TTC03_CP5_S6p267_E16p267.mp4,CP5,0.0,9663.864127411332,-3.1585030938083922,0.2040432790728218,True,True,True,-5.692930932152575,0.0,0
LC_dv07_Tlc4p0_TTC04_CP1_S5p033_E15p033.mp4,CP1,0.0,1930.0401073717228,-3.158503093808395,0.20404327907282174,True,True,True,-5.692930932152573,0.0,0
LC_dv07_Tlc4p0_TTC04_CP2_S5p333_E15p333.mp4,CP2,0.0,1932.8766727199784,-3.158503093808395,0.20404327907282174,True,True,True,-5.692930932152575,0.0,0
LC_dv07_Tlc4p0_TTC04_CP3_S5p633_E15p633.mp4,CP3,0.0,2114.907882364589,-3.158503093808395,0.20404327907282174,True,True,True,-5.692930932152575,0.0,0
LC_dv07_Tlc4p0_TTC04_CP4_S5p933_E15p933.mp4,CP4,0.0,1934.5340558945882,-3.3825720469377023,0.20493829296482763,True,True,True,-6.153591783184262,0.0,0
LC_dv07_Tlc4p0_TTC04_CP5_S6p233_E16p233.mp4,CP5,0.0,1454.8400860496895,-3.612829506004453,0.24323675924276453,True,True,True,-4.28071901465811,0.0,0
LC_dv07_Tlc4p0_TTC06_CP1_S5p067_E15p067.mp4,CP1,0.0,1454.8400860496909,-3.612829506004453,0.24323675924276453,True,True,True,-4.28071901465811,0.0,0
LC_dv07_Tlc4p0_TTC06_CP3_S5p667_E15p667.mp4,CP3,0.0,2462.570835680439,-3.158503093808395,0.20404327907282174,True,True,True,-5.692930932152573,0.0,0
LC_dv07_Tlc4p0_TTC06_CP5_S6p267_E16p267.mp4,CP5,0.0,3538.478454161394,-3.158503093808395,0.20404327907282174,True,True,True,-5.692930932152575,0.0,0
LC_dv07_Tlc4p0_TTC07_CP1_S5p067_E15p067.mp4,CP1,0.0,3254.2705524838793,-3.612829506004453,0.24323675924276453,True,True,True,-4.28071901465811,0.0,0
LC_dv07_Tlc4p0_TTC07_CP2_S5p367_E15p367.mp4,CP2,0.0,1932.8766727204056,-3.158503093808395,0.20404327907282174,True,True,True,-5.692930932152575,0.0,0
LC_dv07_Tlc4p0_TTC07_CP4_S5p967_E15p967.mp4,CP4,0.0,1933.6678776420201,-3.158503093808395,0.20404327907282174,True,True,True,-5.692930932152573,0.0,0
LC_dv14_Tlc2p0_TTC02_CP1_S5p067_E15p067.mp4,CP1,0.0,1933.849922554116,-1.3133827897365085,0.1738512539878785,True,True,True,-4.416627633847577,0.0,0
LC_dv14_Tlc2p0_TTC02_CP2_S5p367_E15p367.mp4,CP2,0.0,2340.321922217197,-1.3133827897365085,0.1738512539878785,True,True,True,-4.416627633847577,0.0,0
LC_dv14_Tlc2p0_TTC02_CP3_S5p667_E15p667.mp4,CP3,22256.82115184102,47582.863673811764,-3.2008775067406177,0.18105151996554755,True,True,True,-4.544407225404854,0.0,0
LC_dv14_Tlc2p0_TTC02_CP4_S5p967_E15p967.mp4,CP4,0.0,2412.1450994607876,-2.9955695727248903,0.43180584867139904,True,True,True,-6.35613614870395,0.0,0
LC_dv14_Tlc2p0_TTC02_CP5_S6p267_E16p267.mp4,CP5,0.0,10555.61587390478,-4.6467927855115665,0.20677215607901747,True,True,True,-4.997748145788584,0.0,0
LC_dv14_Tlc2p0_TTC03_CP1_S5p067_E15p067.mp4,CP1,0.0,1935.6065302028956,-4.153233212034401,0.2971330427755666,True,True,True,-6.698694195695918,0.0,0
LC_dv14_Tlc2p0_TTC03_CP2_S5p367_E15p367.mp4,CP2,0.0,2263.1120727142174,-3.9071068368182376,0.1877246287556129,True,True,True,-4.204577682512401,0.0,0
LC_dv14_Tlc2p0_TTC03_CP3_S5p667_E15p667.mp4,CP3,22910.654636068066,44730.937433225314,-5.114438615175456,0.19166907595387705,True,True,True,-5.928483521474316,0.0,0
LC_dv14_Tlc2p0_TTC03_CP4_S5p967_E15p967.mp4,CP4,0.0,2412.1450994607876,-2.9955695727248903,0.43180584867139904,True,True,True,-6.35613614870395,0.0,0
LC_dv14_Tlc2p0_TTC03_CP5_S6p267_E16p267.mp4,CP5,0.0,4209.11222253336,-3.2797338112463974,0.1187993417471928,True,True,True,-4.431741064855601,0.0,0
LC_dv14_Tlc2p0_TTC04_CP1_S5p067_E15p067.mp4,CP1,0.0,6522.877184514581,-2.835217660876149,0.27727988893523153,True,True,True,-3.6575489692763568,0.0,0
LC_dv14_Tlc2p0_TTC04_CP2_S5p367_E15p367.mp4,CP2,9204.789711440317,34303.09381198046,-2.4505745434876,0.15268763362944252,True,True,True,-4.40323143179795,0.0,0
LC_dv14_Tlc2p0_TTC04_CP3_S5p667_E15p667.mp4,CP3,10502.31255106665,29577.419799893763,-5.180746591392399,0.4212488882959761,True,True,True,-5.180746591392399,0.0,0
LC_dv14_Tlc2p0_TTC04_CP4_S5p967_E15p967.mp4,CP4,0.0,1934.5702744602272,-3.9071068368182376,0.1877246287556129,True,True,True,-4.204577682512401,0.0,0
LC_dv14_Tlc2p0_TTC04_CP5_S6p267_E16p267.mp4,CP5,0.0,1935.806439836009,-3.9071068368182376,0.1877246287556129,True,True,True,-4.204577682512401,0.0,0
LC_dv14_Tlc2p0_TTC05_CP1_S5p067_E15p067.mp4,CP1,0.0,2574.3319398418485,-1.8483612728568355,0.26665767301436377,True,True,True,-2.6918575841160277,0.0,0
LC_dv14_Tlc2p0_TTC05_CP3_S5p667_E15p667.mp4,CP3,0.0,4418.567315950025,-3.506930774217695,0.2384425375928687,True,True,True,-3.506930774217695,0.0,0
LC_dv14_Tlc2p0_TTC05_CP5_S6p267_E16p267.mp4,CP5,0.0,2055.382365513462,-3.9071068368182376,0.1877246287556129,True,True,True,-4.204577682512401,0.0,0
LC_dv14_Tlc2p0_TTC06_CP1_S5p067_E15p067.mp4,CP1,0.0,2197.1167037059386,-3.9071068368182376,0.1877246287556129,True,True,True,-4.204577682512401,0.0,0
LC_dv14_Tlc2p0_TTC06_CP2_S5p367_E15p367.mp4,CP2,0.0,2553.8210711010925,-1.3133827897365085,0.1738512539878785,True,True,True,-4.416627633847577,0.0,0
LC_dv14_Tlc2p0_TTC06_CP4_S5p967_E15p967.mp4,CP4,0.0,2815.475907798063,-2.9955695727248903,0.43180584867139904,True,True,True,-6.35613614870395,0.0,0
LC_dv14_Tlc3p0_TTC02_CP1_S5p033_E15p033.mp4,CP1,18190.586019163755,49603.7531710836,-8.0,0.2329547947542569,True,True,True,-8.0,0.0,0
LC_dv14_Tlc3p0_TTC02_CP2_S5p333_E15p333.mp4,CP2,0.0,2412.9290556891415,-2.9955695727248903,0.43180584867139904,True,True,True,-6.35613614870395,0.0,0
LC_dv14_Tlc3p0_TTC02_CP3_S5p633_E15p633.mp4,CP3,0.0,2386.526735131116,-1.3133827897365085,0.1738512539878785,True,True,True,-4.416627633847577,0.0,0
LC_dv14_Tlc3p0_TTC02_CP4_S5p933_E15p933.mp4,CP4,0.0,1933.8499225537053,-1.3133827897365085,0.1738512539878785,True,True,True,-4.416627633847577,0.0,0
LC_dv14_Tlc3p0_TTC02_CP5_S6p233_E16p233.mp4,CP5,0.0,3286.792261627498,-2.835217660876149,0.27727988893523153,True,True,True,-3.6575489692763568,0.0,0
LC_dv14_Tlc3p0_TTC03_CP1_S5p067_E15p067.mp4,CP1,0.0,1933.849922554116,-1.3133827897365085,0.1738512539878785,True,True,True,-4.416627633847577,0.0,0
LC_dv14_Tlc3p0_TTC03_CP2_S5p367_E15p367.mp4,CP2,0.0,2265.069664257309,-1.3133827897365085,0.1738512539878785,True,True,True,-4.416627633847577,0.0,0
LC_dv14_Tlc3p0_TTC03_CP3_S5p667_E15p667.mp4,CP3,26335.748241963487,48399.35008898413,-3.2008775067406177,0.18105151996554755,True,True,True,-4.544407225404854,0.0,0
LC_dv14_Tlc3p0_TTC03_CP4_S5p967_E15p967.mp4,CP4,0.0,2409.684719262607,-2.9955695727248903,0.43180584867139904,True,True,True,-6.35613614870395,0.0,0
LC_dv14_Tlc3p0_TTC03_CP5_S6p267_E16p267.mp4,CP5,118737.26254888068,141892.9435835017,-2.9886022983942206,0.19335776391624965,True,True,True,-3.283007225252414,0.0,0
LC_dv14_Tlc3p0_TTC04_CP1_S5p067_E15p067.mp4,CP1,0.0,6173.905532561178,-1.6236480197976657,0.1541554251493893,True,True,True,-3.1096283462663252,0.0,0
LC_dv14_Tlc3p0_TTC04_CP2_S5p367_E15p367.mp4,CP2,0.0,3176.2361607842313,-1.5521967813565178,0.1836554969928149,True,True,True,-4.083172647972462,0.0,0
LC_dv14_Tlc3p0_TTC04_CP3_S5p667_E15p667.mp4,CP3,0.0,2281.529117214089,-1.3133827897365085,0.1738512539878785,True,True,True,-4.416627633847577,0.0,0
LC_dv14_Tlc3p0_TTC04_CP4_S5p967_E15p967.mp4,CP4,0.0,2412.145099460799,-2.9955695727248903,0.43180584867139904,True,True,True,-6.35613614870395,0.0,0
LC_dv14_Tlc3p0_TTC04_CP5_S6p267_E16p267.mp4,CP5,0.0,1933.849922553693,-1.3133827897365085,0.1738512539878785,True,True,True,-4.416627633847577,0.0,0
LC_dv14_Tlc3p0_TTC06_CP1_S5p067_E15p067.mp4,CP1,0.0,2203.297453557462,-1.3133827897365085,0.1738512539878785,True,True,True,-4.416627633847577,0.0,0
LC_dv14_Tlc3p0_TTC06_CP3_S5p667_E15p667.mp4,CP3,0.0,3460.225654640534,-1.5521967813565178,0.1836554969928149,True,True,True,-4.083172647972462,0.0,0
LC_dv14_Tlc3p0_TTC06_CP5_S6p267_E16p267.mp4,CP5,0.0,4028.9168725174586,-1.5521967813565172,0.1836554969928149,True,True,True,-4.083172647972462,0.0,0
LC_dv14_Tlc3p0_TTC07_CP1_S5p067_E15p067.mp4,CP1,0.0,2302.151961785581,-3.9071068368182376,0.1877246287556129,True,True,True,-4.204577682512401,0.0,0
LC_dv14_Tlc3p0_TTC07_CP2_S5p367_E15p367.mp4,CP2,0.0,2761.18364945991,-3.5406225006447105,0.3490778693449547,True,True,True,-5.161846518322061,0.0,0
LC_dv14_Tlc3p0_TTC07_CP4_S5p967_E15p967.mp4,CP4,150481.05374025094,205992.20345960205,2.5223380308762096,0.2152107183983183,True,False,True,-6.494222162458245,2.8000000000000003,0
LC_dv14_Tlc4p0_TTC02_CP1_S5p067_E15p067.mp4,CP1,0.0,1933.8499225541286,-1.3133827897365085,0.1738512539878785,True,True,True,-4.416627633847577,0.0,0
LC_dv14_Tlc4p0_TTC02_CP2_S5p367_E15p367.mp4,CP2,0.0,2335.020647606782,-3.9071068368182376,0.1877246287556129,True,True,True,-4.204577682512401,0.0,0
LC_dv14_Tlc4p0_TTC02_CP3_S5p667_E15p667.mp4,CP3,0.0,2391.7694387774904,-1.3133827897365085,0.1738512539878785,True,True,True,-4.416627633847577,0.0,0
LC_dv14_Tlc4p0_TTC02_CP4_S5p967_E15p967.mp4,CP4,0.0,1933.8499225540972,-1.3133827897365085,0.1738512539878785,True,True,True,-4.416627633847577,0.0,0
LC_dv14_Tlc4p0_TTC02_CP5_S6p267_E16p267.mp4,CP5,0.0,11849.513622383241,-5.974721307692725,0.2733904892027805,True,True,True,-5.974721307692725,0.0,0
LC_dv14_Tlc4p0_TTC03_CP1_S5p067_E15p067.mp4,CP1,0.0,1933.849922554116,-1.3133827897365085,0.1738512539878785,True,True,True,-4.416627633847577,0.0,0
LC_dv14_Tlc4p0_TTC03_CP2_S5p367_E15p367.mp4,CP2,0.0,2264.7003994765482,-4.153233212034401,0.2971330427755666,True,True,True,-6.698694195695918,0.0,0
LC_dv14_Tlc4p0_TTC03_CP3_S5p667_E15p667.mp4,CP3,0.0,3083.2355561023064,-1.5521967813565178,0.1836554969928149,True,True,True,-4.083172647972462,0.0,0
LC_dv14_Tlc4p0_TTC03_CP4_S5p967_E15p967.mp4,CP4,0.0,2412.929055689576,-2.9955695727248903,0.43180584867139904,True,True,True,-6.35613614870395,0.0,0
LC_dv14_Tlc4p0_TTC03_CP5_S6p267_E16p267.mp4,CP5,0.0,2501.6097937926925,-3.150923512680866,0.18437018999624993,True,True,True,-3.621733962919941,0.0,0
LC_dv14_Tlc4p0_TTC04_CP1_S5p067_E15p067.mp4,CP1,0.0,6227.539947147613,-2.835217660876149,0.27727988893523153,True,True,True,-3.6575489692763568,0.0,0
LC_dv14_Tlc4p0_TTC04_CP2_S5p367_E15p367.mp4,CP2,8453.588095937255,33119.70100229807,-2.4505745434876,0.15268763362944252,True,True,True,-4.40323143179795,0.0,0
LC_dv14_Tlc4p0_TTC04_CP3_S5p667_E15p667.mp4,CP3,0.0,2013.986896904543,-3.9071068368182376,0.1877246287556129,True,True,True,-4.204577682512401,0.0,0
LC_dv14_Tlc4p0_TTC04_CP4_S5p967_E15p967.mp4,CP4,0.0,2412.1450994607876,-2.9955695727248903,0.43180584867139904,True,True,True,-6.35613614870395,0.0,0
LC_dv14_Tlc4p0_TTC04_CP5_S6p267_E16p267.mp4,CP5,0.0,1933.8499225537053,-1.3133827897365085,0.1738512539878785,True,True,True,-4.416627633847577,0.0,0
LC_dv14_Tlc4p0_TTC05_CP1_S5p033_E15p033.mp4,CP1,0.0,3246.949276344951,-3.6212243795860988,0.2095551470602684,True,True,True,-4.433710801922336,0.0,0
LC_dv14_Tlc4p0_TTC05_CP2_S5p333_E15p333.mp4,CP2,0.0,2497.8755670361224,-3.6212243795860988,0.2095551470602684,True,True,True,-4.433710801922336,0.0,0
LC_dv14_Tlc4p0_TTC05_CP4_S5p933_E15p933.mp4,CP4,0.0,6917.18574951769,-4.776133598711145,0.18501994554921947,True,True,True,-4.776133598711145,0.0,0
LC_dv14_Tlc4p0_TTC07_CP1_S5p067_E15p067.mp4,CP1,0.0,2462.1377504133175,-4.153233212034401,0.2971330427755666,True,True,True,-6.698694195695918,0.0,0
LC_dv14_Tlc4p0_TTC07_CP3_S5p667_E15p667.mp4,CP3,0.0,8755.341969779607,-4.341979346903019,0.2581958895227678,True,True,True,-4.341979346903019,0.0,0
LC_dv14_Tlc4p0_TTC07_CP5_S6p267_E16p267.mp4,CP5,0.0,2107.490589609694,-1.3133827897365085,0.1738512539878785,True,True,True,-4.416627633847577,0.0,0
LC_dv21_Tlc2p0_TTC02_CP1_S5p067_E15p067.mp4,CP1,0.0,1943.0669211097702,-0.9399995157367278,0.15247564157820284,True,True,True,-6.436848101023228,0.0,0
LC_dv21_Tlc2p0_TTC02_CP2_S5p367_E15p367.mp4,CP2,0.0,2919.3970864046755,-1.636367681793987,0.40068213355908866,True,True,True,-5.764606566531466,0.0,0
LC_dv21_Tlc2p0_TTC02_CP3_S5p667_E15p667.mp4,CP3,0.0,4657.240742087759,-5.6236166142121755,0.16183007507595248,True,True,True,-5.6236166142121755,0.0,0
LC_dv21_Tlc2p0_TTC02_CP4_S5p967_E15p967.mp4,CP4,0.0,1934.8741669887768,-0.9399995157367278,0.15247564157820284,True,True,True,-6.436848101023228,0.0,0
LC_dv21_Tlc2p0_TTC02_CP5_S6p267_E16p267.mp4,CP5,0.0,12620.251091446231,-7.0153587374296915,0.21037952366209417,True,True,True,-7.0153587374296915,0.0,0
LC_dv21_Tlc2p0_TTC03_CP1_S5p067_E15p067.mp4,CP1,0.0,2803.8283044069613,-1.636367681793987,0.40068213355908866,True,True,True,-5.764606566531466,0.0,0
LC_dv21_Tlc2p0_TTC03_CP2_S5p367_E15p367.mp4,CP2,0.0,4685.5945843198915,-5.6236166142121755,0.16183007507595248,True,True,True,-5.6236166142121755,0.0,0
LC_dv21_Tlc2p0_TTC03_CP3_S5p667_E15p667.mp4,CP3,33790.42808556894,64065.95070077855,-6.565571656083672,0.27837081179575845,True,True,True,-6.565571656083672,0.0,0
LC_dv21_Tlc2p0_TTC03_CP4_S5p967_E15p967.mp4,CP4,0.0,1934.7230470159666,-0.9399995157367278,0.15247564157820284,True,True,True,-6.436848101023228,0.0,0
LC_dv21_Tlc2p0_TTC03_CP5_S6p267_E16p267.mp4,CP5,177734.95356786862,225552.74262887117,-6.208593691019132,0.11454907043850439,True,True,True,-7.025148546386179,0.0,0
LC_dv21_Tlc2p0_TTC04_CP1_S5p067_E15p067.mp4,CP1,0.0,8676.217553208646,1.1383898541621607,0.2863063523812017,True,False,True,-2.941659236754959,0.4,0
LC_dv21_Tlc2p0_TTC04_CP2_S5p367_E15p367.mp4,CP2,0.0,3388.0402999950106,-1.636367681793987,0.40068213355908866,True,True,True,-5.764606566531466,0.0,0
LC_dv21_Tlc2p0_TTC04_CP3_S5p667_E15p667.mp4,CP3,0.0,8255.834929161088,-0.10805663013763134,0.3103124583262741,True,False,True,-6.360315215659319,0.2,0
LC_dv21_Tlc2p0_TTC04_CP4_S5p967_E15p967.mp4,CP4,0.0,4761.5008731329945,-5.6236166142121755,0.16183007507595248,True,True,True,-5.6236166142121755,0.0,0
LC_dv21_Tlc2p0_TTC04_CP5_S6p267_E16p267.mp4,CP5,0.0,2552.623544967944,-3.173535660128423,0.2552558965298964,True,True,True,-3.173535660128423,0.0,0
LC_dv21_Tlc2p0_TTC05_CP1_S5p067_E15p067.mp4,CP1,0.0,6842.4314479167915,1.3172939493668814,0.256782514295404,True,False,True,-4.838514816038774,2.8000000000000003,0
LC_dv21_Tlc2p0_TTC05_CP2_S5p367_E15p367.mp4,CP2,0.0,4322.525526173995,-0.12451662677075537,0.3831994800017591,True,False,True,-5.705834781484148,0.2,0
LC_dv21_Tlc2p0_TTC05_CP4_S5p967_E15p967.mp4,CP4,0.0,16926.128940030292,-5.183975482518349,0.39235756555677725,True,True,True,-5.183975482518349,0.0,0
LC_dv21_Tlc2p0_TTC07_CP1_S5p033_E15p033.mp4,CP1,0.0,2712.933524732708,-4.072803224036498,0.178325857677791,True,True,True,-4.072803224036498,0.0,0
LC_dv21_Tlc2p0_TTC07_CP3_S5p633_E15p633.mp4,CP3,0.0,4171.57475570262,-2.5865569780291797,0.2795828167580731,True,True,True,-3.065823790944093,0.0,0
LC_dv21_Tlc2p0_TTC07_CP5_S6p233_E16p233.mp4,CP5,0.0,5394.065808568431,-5.6236166142121755,0.16183007507595248,True,True,True,-5.6236166142121755,0.0,0
LC_dv21_Tlc3p0_TTC02_CP1_S5p067_E15p067.mp4,CP1,0.0,1943.153921807585,-0.9399995157367278,0.15247564157820284,True,True,True,-6.436848101023228,0.0,0
LC_dv21_Tlc3p0_TTC02_CP2_S5p367_E15p367.mp4,CP2,0.0,2924.257835086321,-1.636367681793987,0.40068213355908866,True,True,True,-5.764606566531466,0.0,0
LC_dv21_Tlc3p0_TTC02_CP3_S5p667_E15p667.mp4,CP3,0.0,10609.932662230674,-1.5051020994979154,0.2089735616457597,True,True,True,-2.8189681312796364,0.0,0
LC_dv21_Tlc3p0_TTC02_CP4_S5p967_E15p967.mp4,CP4,0.0,1934.7230470159648,-0.9399995157367278,0.15247564157820284,True,True,True,-6.436848101023228,0.0,0
LC_dv21_Tlc3p0_TTC02_CP5_S6p267_E16p267.mp4,CP5,0.0,12167.32456828086,-6.331192176253688,0.23988189420096726,True,True,True,-6.331192176253688,0.0,0
LC_dv21_Tlc3p0_TTC03_CP1_S5p067_E15p067.mp4,CP1,0.0,2742.494641420785,-0.9399995157367278,0.15247564157820284,True,True,True,-6.436848101023228,0.0,0
LC_dv21_Tlc3p0_TTC03_CP2_S5p367_E15p367.mp4,CP2,0.0,2220.349400255859,-5.6236166142121755,0.16183007507595248,True,True,True,-5.6236166142121755,0.0,0
LC_dv21_Tlc3p0_TTC03_CP3_S5p667_E15p667.mp4,CP3,0.0,10415.184211602433,-2.676545827957427,0.15024908649492932,True,True,True,-5.484225257228864,0.0,0
LC_dv21_Tlc3p0_TTC03_CP4_S5p967_E15p967.mp4,CP4,0.0,1934.8741669891917,-0.9399995157367278,0.15247564157820284,True,True,True,-6.436848101023228,0.0,0
LC_dv21_Tlc3p0_TTC03_CP5_S6p267_E16p267.mp4,CP5,118676.16942277421,169905.85920144783,-4.801062772126049,0.12760528167513482,True,True,True,-7.431318385919394,0.0,0
LC_dv21_Tlc3p0_TTC04_CP1_S5p067_E15p067.mp4,CP1,0.0,3716.0357589985997,-5.6236166142121755,0.16183007507595248,True,True,True,-5.6236166142121755,0.0,0
LC_dv21_Tlc3p0_TTC04_CP2_S5p367_E15p367.mp4,CP2,0.0,2414.776246130334,-5.6236166142121755,0.16183007507595248,True,True,True,-5.6236166142121755,0.0,0
LC_dv21_Tlc3p0_TTC04_CP3_S5p667_E15p667.mp4,CP3,2220.2803203806034,26923.982107009015,-8.0,0.18928022392174487,True,True,True,-8.0,0.0,0
LC_dv21_Tlc3p0_TTC04_CP4_S5p967_E15p967.mp4,CP4,0.0,8456.119161655579,-5.7620475993948705,0.18581596692781108,True,True,True,-6.618550599467614,0.0,0
LC_dv21_Tlc3p0_TTC04_CP5_S6p267_E16p267.mp4,CP5,0.0,2856.835357290724,-3.173535660128423,0.2552558965298964,True,True,True,-3.173535660128423,0.0,0
LC_dv21_Tlc3p0_TTC05_CP1_S5p067_E15p067.mp4,CP1,0.0,4538.394404727495,-2.199277239225194,0.28492458582533525,True,True,True,-3.2998146512332203,0.0,0
LC_dv21_Tlc3p0_TTC05_CP3_S5p667_E15p667.mp4,CP3,219290.22934065896,246126.41274176197,-5.141928639326888,0.30293245420716175,True,True,True,-6.425224195305272,0.0,0
LC_dv21_Tlc3p0_TTC05_CP5_S6p267_E16p267.mp4,CP5,0.0,4658.502842195631,-4.457377977317571,0.18209380458569302,True,True,True,-4.457377977317571,0.0,0
LC_dv21_Tlc3p0_TTC06_CP1_S5p067_E15p067.mp4,CP1,2223.5092903637487,65997.28138692986,-3.969941795853505,0.18065419019381868,True,True,True,-6.3711683171193885,0.0,0
LC_dv21_Tlc3p0_TTC06_CP2_S5p367_E15p367.mp4,CP2,0.0,4219.751117711731,-5.6236166142121755,0.16183007507595254,True,True,True,-5.6236166142121755,0.0,0
LC_dv21_Tlc3p0_TTC06_CP4_S5p967_E15p967.mp4,CP4,0.0,5122.664306738322,-5.248506182544246,0.23048911636969577,True,True,True,-5.248506182544246,0.0,0
LC_dv21_Tlc4p0_TTC02_CP1_S5p067_E15p067.mp4,CP1,0.0,1943.0651162971053,-0.9399995157367278,0.15247564157820284,True,True,True,-6.436848101023228,0.0,0
LC_dv21_Tlc4p0_TTC02_CP2_S5p367_E15p367.mp4,CP2,0.0,2913.4296818948787,-1.636367681793987,0.40068213355908866,True,True,True,-5.764606566531466,0.0,0
LC_dv21_Tlc4p0_TTC02_CP3_S5p667_E15p667.mp4,CP3,0.0,3082.9204420697733,-5.6236166142121755,0.16183007507595248,True,True,True,-5.6236166142121755,0.0,0
LC_dv21_Tlc4p0_TTC02_CP4_S5p967_E15p967.mp4,CP4,0.0,1931.8857154261727,-1.636367681793987,0.40068213355908866,True,True,True,-5.764606566531466,0.0,0
LC_dv21_Tlc4p0_TTC02_CP5_S6p267_E16p267.mp4,CP5,0.0,14234.314357737576,-8.0,0.22852067481370308,True,True,True,-8.0,0.0,0
LC_dv21_Tlc4p0_TTC03_CP1_S5p067_E15p067.mp4,CP1,0.0,2818.0623362089395,-0.9399995157367278,0.15247564157820284,True,True,True,-6.436848101023228,0.0,0
LC_dv21_Tlc4p0_TTC03_CP2_S5p367_E15p367.mp4,CP2,0.0,2887.856560023056,-3.173535660128423,0.2552558965298964,True,True,True,-3.173535660128423,0.0,0
LC_dv21_Tlc4p0_TTC03_CP3_S5p667_E15p667.mp4,CP3,0.0,1934.7230470164363,-0.9399995157367278,0.15247564157820284,True,True,True,-6.436848101023228,0.0,0
LC_dv21_Tlc4p0_TTC03_CP4_S5p967_E15p967.mp4,CP4,0.0,1934.8741669887768,-0.9399995157367278,0.15247564157820284,True,True,True,-6.436848101023228,0.0,0
LC_dv21_Tlc4p0_TTC03_CP5_S6p267_E16p267.mp4,CP5,0.0,2414.026973845086,-3.173535660128423,0.2552558965298964,True,True,True,-3.173535660128423,0.0,0
LC_dv21_Tlc4p0_TTC04_CP1_S5p067_E15p067.mp4,CP1,0.0,8597.646722260617,1.1383898541621607,0.2863063523812017,True,False,True,-2.9416592367549574,0.4,0
LC_dv21_Tlc4p0_TTC04_CP2_S5p367_E15p367.mp4,CP2,0.0,2413.394687773339,-3.173535660128423,0.2552558965298964,True,True,True,-3.173535660128423,0.0,0
LC_dv21_Tlc4p0_TTC04_CP3_S5p667_E15p667.mp4,CP3,0.0,8742.063456332722,-0.9399995157367269,0.15247564157820284,True,True,True,-6.436848101023228,0.0,0
LC_dv21_Tlc4p0_TTC04_CP4_S5p967_E15p967.mp4,CP4,0.0,8569.10307573725,-5.720835579205218,0.3193264747536792,True,True,True,-5.720835579205218,0.0,0
LC_dv21_Tlc4p0_TTC04_CP5_S6p267_E16p267.mp4,CP5,0.0,9770.721354491843,-3.8602552408020347,0.2012825265523815,True,True,True,-7.065480583656355,0.0,0
LC_dv21_Tlc4p0_TTC06_CP1_S5p067_E15p067.mp4,CP1,2219.3869569192902,66007.22324660892,-3.9699417958535053,0.18065419019381873,True,True,True,-6.3711683171193885,0.0,0
LC_dv21_Tlc4p0_TTC06_CP3_S5p667_E15p667.mp4,CP3,0.0,2604.677260139803,-5.6236166142121755,0.16183007507595248,True,True,True,-5.6236166142121755,0.0,0
LC_dv21_Tlc4p0_TTC06_CP5_S6p267_E16p267.mp4,CP5,0.0,5577.588928656184,-3.173535660128423,0.2552558965298964,True,True,True,-3.173535660128423,0.0,0
LC_dv21_Tlc4p0_TTC07_CP1_S5p033_E15p033.mp4,CP1,0.0,2710.7791535967867,-4.134279956587598,0.23832009489408074,True,True,True,-4.134279956587598,0.0,0
LC_dv21_Tlc4p0_TTC07_CP2_S5p333_E15p333.mp4,CP2,252414.53110587545,365807.85311248206,-3.272979616432217,0.1999995667022742,True,True,True,-8.0,0.0,0
LC_dv21_Tlc4p0_TTC07_CP4_S5p933_E15p933.mp4,CP4,0.0,3944.946945453446,-3.173535660128423,0.2552558965298964,True,True,True,-3.173535660128423,0.0,0
LC_dv28_Tlc2p0_TTC02_CP1_S5p067_E15p067.mp4,CP1,0.0,2924.555412072624,-4.468501591010298,0.43830093677874915,True,True,True,-6.073882183870417,0.0,0
LC_dv28_Tlc2p0_TTC02_CP2_S5p367_E15p367.mp4,CP2,0.0,7498.6931170478765,-2.245323468695265,0.32482043175082154,True,True,True,-3.1837815821752726,0.0,0
LC_dv28_Tlc2p0_TTC02_CP3_S5p667_E15p667.mp4,CP3,117492.79267944844,148163.66011531765,-2.0514504405960867,0.25490430707206896,True,True,True,-4.821525890373934,0.0,0
LC_dv28_Tlc2p0_TTC02_CP4_S5p967_E15p967.mp4,CP4,0.0,2414.328338642976,-2.2709663959085375,0.3050967680272164,True,True,True,-3.1285757541765884,0.0,0
LC_dv28_Tlc2p0_TTC02_CP5_S6p267_E16p267.mp4,CP5,0.0,18544.241036231826,-1.1678011402521862,0.31704092224894415,True,True,True,-4.533716470130446,0.0,0
LC_dv28_Tlc2p0_TTC03_CP1_S5p067_E15p067.mp4,CP1,0.0,3474.9335179231343,-2.2709663959085375,0.3050967680272164,True,True,True,-3.1285757541765884,0.0,0
LC_dv28_Tlc2p0_TTC03_CP2_S5p367_E15p367.mp4,CP2,0.0,6727.640909930814,-4.468501591010298,0.43830093677874915,True,True,True,-6.073882183870415,0.0,0
LC_dv28_Tlc2p0_TTC03_CP3_S5p667_E15p667.mp4,CP3,0.0,8159.848510427787,-3.49324231049087,0.16352685531016753,True,True,True,-4.167206359967945,0.0,0
LC_dv28_Tlc2p0_TTC03_CP4_S5p967_E15p967.mp4,CP4,29007.78634207699,55404.517756375106,-4.769103466348783,0.3220191129008044,True,True,True,-7.139899946789014,0.0,0
LC_dv28_Tlc2p0_TTC03_CP5_S6p267_E16p267.mp4,CP5,0.0,2446.747400779456,-2.2709663959085375,0.3050967680272164,True,True,True,-3.1285757541765884,0.0,0
LC_dv28_Tlc2p0_TTC04_CP1_S5p067_E15p067.mp4,CP1,0.0,6248.431162951041,-4.143041555378268,0.4105582569948229,True,True,True,-4.143041555378268,0.0,0
LC_dv28_Tlc2p0_TTC04_CP2_S5p367_E15p367.mp4,CP2,0.0,5287.123284696728,-3.2592419393313508,0.25736789272927957,True,True,True,-3.8789630271394464,0.0,0
LC_dv28_Tlc2p0_TTC04_CP3_S5p667_E15p667.mp4,CP3,0.0,8443.807362973093,-2.8768612812079652,0.1425710869079619,True,True,True,-5.1853057814143755,0.0,0
LC_dv28_Tlc2p0_TTC04_CP4_S5p967_E15p967.mp4,CP4,0.0,3274.799710176949,-4.651295579777634,0.3729550682099184,True,True,True,-6.162070876294132,0.0,0
LC_dv28_Tlc2p0_TTC04_CP5_S6p267_E16p267.mp4,CP5,1734.2882817238424,28695.503005582308,-4.289388296230151,0.24949932108564066,True,True,True,-4.289388296230151,0.0,0
LC_dv28_Tlc2p0_TTC05_CP1_S5p067_E15p067.mp4,CP1,0.0,5234.403434184019,-4.651295579777635,0.3729550682099183,True,True,True,-6.162070876294133,0.0,0
LC_dv28_Tlc2p0_TTC05_CP3_S5p667_E15p667.mp4,CP3,0.0,6328.63222904618,-5.973245120884201,0.16047071881384245,True,True,True,-5.973245120884201,0.0,0
LC_dv28_Tlc2p0_TTC05_CP5_S6p267_E16p267.mp4,CP5,9555.863900500706,45705.53904510707,-4.70187206965114,0.23428774538878333,True,True,True,-6.811471229284709,0.0,0
LC_dv28_Tlc2p0_TTC06_CP1_S5p033_E15p033.mp4,CP1,0.0,2670.094896151052,-4.468501591010298,0.43830093677874915,True,True,True,-6.073882183870417,0.0,0
LC_dv28_Tlc2p0_TTC06_CP2_S5p333_E15p333.mp4,CP2,0.0,5473.478014530463,-1.9923474757642818,0.2754295115986989,True,True,True,-2.463131088525886,0.0,0
LC_dv28_Tlc2p0_TTC06_CP4_S5p933_E15p933.mp4,CP4,0.0,3682.948938675422,-2.2709663959085375,0.3050967680272164,True,True,True,-3.1285757541765884,0.0,0
LC_dv28_Tlc3p0_TTC02_CP1_S5p033_E15p033.mp4,CP1,0.0,2414.3283386425646,-2.2709663959085375,0.3050967680272164,True,True,True,-3.1285757541765884,0.0,0
LC_dv28_Tlc3p0_TTC02_CP2_S5p333_E15p333.mp4,CP2,0.0,8226.08513662342,-5.938883250559174,0.17255471559792482,True,True,True,-8.0,0.0,0
LC_dv28_Tlc3p0_TTC02_CP3_S5p633_E15p633.mp4,CP3,22415.919175655596,59835.38924112429,-7.190814664975234,0.16767372284768184,True,True,True,-7.190814664975234,0.0,0
LC_dv28_Tlc3p0_TTC02_CP4_S5p933_E15p933.mp4,CP4,0.0,2414.3283386425646,-2.2709663959085375,0.3050967680272164,True,True,True,-3.1285757541765884,0.0,0
LC_dv28_Tlc3p0_TTC02_CP5_S6p233_E16p233.mp4,CP5,0.0,4895.027089101227,-2.2709663959085375,0.3050967680272164,True,True,True,-3.1285757541765884,0.0,0
LC_dv28_Tlc3p0_TTC03_CP1_S5p067_E15p067.mp4,CP1,0.0,3471.287410455537,-2.2709663959085375,0.3050967680272164,True,True,True,-3.128575754176589,0.0,0
LC_dv28_Tlc3p0_TTC03_CP2_S5p367_E15p367.mp4,CP2,0.0,8907.719846383428,-2.2874602233563737,0.28826368833628174,True,True,True,-4.3975563970765705,0.0,0
LC_dv28_Tlc3p0_TTC03_CP3_S5p667_E15p667.mp4,CP3,41340.41179012911,77933.82552325194,-4.571404556341352,0.20502132779246512,True,True,True,-5.085811458855955,0.0,0
LC_dv28_Tlc3p0_TTC03_CP4_S5p967_E15p967.mp4,CP4,0.0,10897.51957539186,-4.651295579777632,0.3729550682099184,True,True,True,-6.162070876294133,0.0,0
LC_dv28_Tlc3p0_TTC03_CP5_S6p267_E16p267.mp4,CP5,0.0,2570.9028786759222,-2.2709663959085375,0.3050967680272164,True,True,True,-3.1285757541765884,0.0,0
LC_dv28_Tlc3p0_TTC04_CP1_S5p067_E15p067.mp4,CP1,0.0,5310.367364117219,-3.8940061889833633,0.25587155716415233,True,True,True,-3.8940061889833633,0.0,0
LC_dv28_Tlc3p0_TTC04_CP2_S5p367_E15p367.mp4,CP2,0.0,6308.889498910379,-4.468501591010298,0.43830093677874915,True,True,True,-6.073882183870415,0.0,0
LC_dv28_Tlc3p0_TTC04_CP3_S5p667_E15p667.mp4,CP3,0.0,2990.734783078742,-2.2709663959085375,0.3050967680272164,True,True,True,-3.1285757541765884,0.0,0
LC_dv28_Tlc3p0_TTC04_CP4_S5p967_E15p967.mp4,CP4,0.0,8822.867626280731,-3.302104866949178,0.3719648507172501,True,True,True,-4.084923372586982,0.0,0
LC_dv28_Tlc3p0_TTC04_CP5_S6p267_E16p267.mp4,CP5,0.0,12423.445878521015,-3.039050896996925,0.23997310150323808,True,True,True,-3.039050896996925,0.0,0
LC_dv28_Tlc3p0_TTC06_CP1_S5p033_E15p033.mp4,CP1,0.0,2671.841514735791,-4.468501591010298,0.43830093677874915,True,True,True,-6.073882183870417,0.0,0
LC_dv28_Tlc3p0_TTC06_CP3_S5p633_E15p633.mp4,CP3,0.0,5407.600590159637,-2.2709663959085375,0.3050967680272164,True,True,True,-3.1285757541765884,0.0,0
LC_dv28_Tlc3p0_TTC06_CP5_S6p233_E16p233.mp4,CP5,0.0,6140.571894357161,-4.468501591010298,0.4383009367787491,True,True,True,-6.073882183870415,0.0,0
LC_dv28_Tlc3p0_TTC07_CP1_S5p067_E15p067.mp4,CP1,0.0,3561.9479372250635,-1.4125347518892786,0.4338197878287683,True,True,True,-3.9478549030909873,0.0,0
LC_dv28_Tlc3p0_TTC07_CP2_S5p367_E15p367.mp4,CP2,0.0,20013.906224326056,-3.971470694163626,0.3037542773373013,True,True,True,-4.647695501179703,0.0,0
LC_dv28_Tlc3p0_TTC07_CP4_S5p967_E15p967.mp4,CP4,90855.99816510244,121455.71952980588,-6.778509738304378,0.13881977181489671,True,True,True,-6.778509738304378,0.0,0
LC_dv28_Tlc4p0_TTC02_CP1_S5p067_E15p067.mp4,CP1,0.0,2925.2306506110926,-4.468501591010298,0.43830093677874915,True,True,True,-6.073882183870417,0.0,0
LC_dv28_Tlc4p0_TTC02_CP2_S5p367_E15p367.mp4,CP2,0.0,5458.148316741798,-4.468501591010298,0.43830093677874915,True,True,True,-6.073882183870415,0.0,0
LC_dv28_Tlc4p0_TTC02_CP3_S5p667_E15p667.mp4,CP3,0.0,2546.5415442774374,-2.2709663959085375,0.3050967680272164,True,True,True,-3.1285757541765884,0.0,0
LC_dv28_Tlc4p0_TTC02_CP4_S5p967_E15p967.mp4,CP4,0.0,2415.1217687172016,-2.2709663959085375,0.3050967680272164,True,True,True,-3.1285757541765884,0.0,0
LC_dv28_Tlc4p0_TTC02_CP5_S6p267_E16p267.mp4,CP5,33884.68968200887,65915.24333610506,-5.491341972248689,0.2275306192472636,True,True,True,-5.491341972248689,0.0,0
LC_dv28_Tlc4p0_TTC03_CP1_S5p033_E15p033.mp4,CP1,0.0,8925.599929728764,-4.622826055402288,0.24888798074087676,True,True,True,-4.622826055402288,0.0,0
LC_dv28_Tlc4p0_TTC03_CP2_S5p333_E15p333.mp4,CP2,0.0,10799.410953635608,-4.178590289761463,0.29357927717988735,True,True,True,-5.3116412222872,0.0,0
LC_dv28_Tlc4p0_TTC03_CP3_S5p633_E15p633.mp4,CP3,0.0,9577.630185008602,-3.819073721277469,0.1749559216262035,True,True,True,-6.572773602642277,0.0,0
LC_dv28_Tlc4p0_TTC03_CP4_S5p933_E15p933.mp4,CP4,0.0,11091.483968873254,-4.651295579777632,0.3729550682099184,True,True,True,-6.162070876294133,0.0,0
LC_dv28_Tlc4p0_TTC03_CP5_S6p233_E16p233.mp4,CP5,0.0,2415.1217687167964,-2.2709663959085375,0.3050967680272164,True,True,True,-3.1285757541765884,0.0,0
LC_dv28_Tlc4p0_TTC04_CP1_S5p067_E15p067.mp4,CP1,0.0,6254.557069687576,-4.143041555378268,0.4105582569948229,True,True,True,-4.143041555378268,0.0,0
LC_dv28_Tlc4p0_TTC04_CP2_S5p367_E15p367.mp4,CP2,0.0,6324.511211830181,-4.468501591010298,0.43830093677874915,True,True,True,-6.073882183870417,0.0,0
LC_dv28_Tlc4p0_TTC04_CP3_S5p667_E15p667.mp4,CP3,0.0,12432.862658572789,-2.2108548266710355,0.21138726138053288,True,True,True,-3.893756860098495,0.0,0
LC_dv28_Tlc4p0_TTC04_CP4_S5p967_E15p967.mp4,CP4,0.0,8768.647880930523,-4.651295579777635,0.3729550682099184,True,True,True,-6.162070876294132,0.0,0
LC_dv28_Tlc4p0_TTC04_CP5_S6p267_E16p267.mp4,CP5,0.0,8761.812692458157,-3.7380628252331167,0.15484304047222627,True,True,True,-3.7380628252331167,0.0,0
LC_dv28_Tlc4p0_TTC05_CP1_S5p067_E15p067.mp4,CP1,0.0,4351.261207418706,-0.9728228624549526,0.38756765355353595,True,True,True,-6.0210950079792465,0.0,0
LC_dv28_Tlc4p0_TTC05_CP2_S5p367_E15p367.mp4,CP2,0.0,5283.55556349503,-2.191527840344742,0.15464672043912692,True,True,True,-6.836746970612353,0.0,0
LC_dv28_Tlc4p0_TTC05_CP4_S5p967_E15p967.mp4,CP4,0.0,4876.336881690158,-4.468501591010298,0.43830093677874915,True,True,True,-6.073882183870417,0.0,0
LC_dv28_Tlc4p0_TTC07_CP1_S5p067_E15p067.mp4,CP1,0.0,3652.7354721451634,-3.425777490323883,0.30446166571436695,True,True,True,-7.333480725406805,0.0,0
LC_dv28_Tlc4p0_TTC07_CP3_S5p667_E15p667.mp4,CP3,0.0,3874.973264845874,-2.2709663959085375,0.3050967680272164,True,True,True,-3.1285757541765884,0.0,0
LC_dv28_Tlc4p0_TTC07_CP5_S6p267_E16p267.mp4,CP5,0.0,3145.741775775132,-4.468501591010298,0.43830093677874915,True,True,True,-6.073882183870417,0.0,0
LC_dv35_Tlc2p0_TTC02_CP1_S5p033_E15p033.mp4,CP1,0.0,2415.8394977904986,-3.5987526098015246,0.25646853652343415,True,True,True,-3.5987526098015246,0.0,0
LC_dv35_Tlc2p0_TTC02_CP2_S5p333_E15p333.mp4,CP2,0.0,2420.37149167656,-3.5987526098015246,0.25646853652343415,True,True,True,-3.5987526098015246,0.0,0
LC_dv35_Tlc2p0_TTC02_CP3_S5p633_E15p633.mp4,CP3,0.0,7341.714520407745,-3.5987526098015246,0.25646853652343415,True,True,True,-3.5987526098015246,0.0,0
LC_dv35_Tlc2p0_TTC02_CP4_S5p933_E15p933.mp4,CP4,0.0,2415.9393945390457,-3.5987526098015246,0.25646853652343415,True,True,True,-3.5987526098015246,0.0,0
LC_dv35_Tlc2p0_TTC02_CP5_S6p233_E16p233.mp4,CP5,0.0,8928.376910916233,-3.5987526098015237,0.25646853652343415,True,True,True,-3.5987526098015237,0.0,0
LC_dv35_Tlc2p0_TTC03_CP1_S5p067_E15p067.mp4,CP1,0.0,8572.136357719477,-5.444140300052171,0.22648671045963392,True,True,True,-5.444140300052171,0.0,0
LC_dv35_Tlc2p0_TTC03_CP2_S5p367_E15p367.mp4,CP2,0.0,7010.032592290681,-3.5987526098015246,0.2564685365234341,True,True,True,-3.5987526098015246,0.0,0
LC_dv35_Tlc2p0_TTC03_CP3_S5p667_E15p667.mp4,CP3,0.0,7383.691096377933,-4.50484516429152,0.21072570345587077,True,True,True,-6.557715050243376,0.0,0
LC_dv35_Tlc2p0_TTC03_CP4_S5p967_E15p967.mp4,CP4,0.0,10192.655004185885,-3.5987526098015246,0.25646853652343415,True,True,True,-3.5987526098015246,0.0,0
LC_dv35_Tlc2p0_TTC03_CP5_S6p267_E16p267.mp4,CP5,0.0,21783.87389028346,-5.6106521606535775,0.23746172707268862,True,True,True,-8.0,0.0,0
LC_dv35_Tlc2p0_TTC04_CP1_S5p067_E15p067.mp4,CP1,0.0,17402.389674654125,-5.444140300052171,0.2264867104596339,True,True,True,-5.444140300052171,0.0,0
LC_dv35_Tlc2p0_TTC04_CP2_S5p367_E15p367.mp4,CP2,0.0,7644.55763361322,-3.5987526098015246,0.25646853652343415,True,True,True,-3.5987526098015246,0.0,0
LC_dv35_Tlc2p0_TTC04_CP3_S5p667_E15p667.mp4,CP3,0.0,7507.874161799524,-3.1364351685615426,0.4584928302038035,True,True,True,-4.573056249208794,0.0,0
LC_dv35_Tlc2p0_TTC04_CP4_S5p967_E15p967.mp4,CP4,108650.01922902424,173343.74090218655,-5.718144457243838,0.17289287672610051,True,True,True,-6.202412941932579,0.0,0
LC_dv35_Tlc2p0_TTC04_CP5_S6p267_E16p267.mp4,CP5,0.0,9769.347665870668,-4.519231283959184,0.19941481869142036,True,True,True,-4.519231283959184,0.0,0
LC_dv35_Tlc2p0_TTC05_CP1_S5p033_E15p033.mp4,CP1,0.0,3551.1233969795835,-5.0056355804351895,0.26989075253523565,True,True,True,-6.322769687947643,0.0,0
LC_dv35_Tlc2p0_TTC05_CP2_S5p333_E15p333.mp4,CP2,0.0,5196.256580977486,-2.662385687709752,0.15033667604106438,True,True,True,-3.279192703435452,0.0,0
LC_dv35_Tlc2p0_TTC05_CP4_S5p933_E15p933.mp4,CP4,0.0,7013.578765315741,-3.5987526098015246,0.25646853652343415,True,True,True,-3.5987526098015246,0.0,0
LC_dv35_Tlc2p0_TTC07_CP1_S5p067_E15p067.mp4,CP1,0.0,3213.8414132665494,-4.086150408122336,0.2761032496353138,True,True,True,-4.086150408122336,0.0,0
LC_dv35_Tlc2p0_TTC07_CP3_S5p667_E15p667.mp4,CP3,0.0,86542.3346092285,-1.1977177010403466,0.2756442926658095,True,True,True,-8.0,0.0,0
LC_dv35_Tlc2p0_TTC07_CP5_S6p267_E16p267.mp4,CP5,0.0,4647.528357855711,-5.736045327734053,0.18079043974177625,True,True,True,-5.736045327734053,0.0,0
LC_dv35_Tlc3p0_TTC02_CP1_S5p067_E15p067.mp4,CP1,0.0,2423.7532821145355,-3.5987526098015246,0.25646853652343415,True,True,True,-3.5987526098015246,0.0,0
LC_dv35_Tlc3p0_TTC02_CP2_S5p367_E15p367.mp4,CP2,0.0,2416.106142062854,-3.5987526098015237,0.25646853652343415,True,True,True,-3.5987526098015237,0.0,0
LC_dv35_Tlc3p0_TTC02_CP3_S5p667_E15p667.mp4,CP3,0.0,12911.51830417081,-3.6971352163955706,0.20153037490712872,True,True,True,-5.871481986350884,0.0,0
LC_dv35_Tlc3p0_TTC02_CP4_S5p967_E15p967.mp4,CP4,0.0,2416.874173596703,-3.5987526098015237,0.25646853652343415,True,True,True,-3.5987526098015237,0.0,0
LC_dv35_Tlc3p0_TTC02_CP5_S6p267_E16p267.mp4,CP5,0.0,3431.6779372737765,-3.5987526098015237,0.25646853652343415,True,True,True,-3.5987526098015237,0.0,0
LC_dv35_Tlc3p0_TTC03_CP1_S5p033_E15p033.mp4,CP1,0.0,11209.340652887486,-4.662153262158054,0.2549736336417709,True,True,True,-4.922563524141849,0.0,0
LC_dv35_Tlc3p0_TTC03_CP2_S5p333_E15p333.mp4,CP2,0.0,4506.692831741957,-3.5987526098015237,0.25646853652343415,True,True,True,-3.5987526098015237,0.0,0
LC_dv35_Tlc3p0_TTC03_CP3_S5p633_E15p633.mp4,CP3,0.0,19556.946401032532,-2.9826679151062576,0.47563413703636204,True,True,True,-5.423823644536517,0.0,0
LC_dv35_Tlc3p0_TTC03_CP4_S5p933_E15p933.mp4,CP4,0.0,9006.98742402832,-3.5987526098015232,0.25646853652343415,True,True,True,-3.5987526098015232,0.0,0
LC_dv35_Tlc3p0_TTC03_CP5_S6p233_E16p233.mp4,CP5,7635.416568275599,48326.99687694003,-3.95170760205856,0.1866692032601025,True,True,True,-7.715063667866168,0.0,0
LC_dv35_Tlc3p0_TTC04_CP1_S5p067_E15p067.mp4,CP1,0.0,7691.729521993709,-3.5987526098015237,0.25646853652343415,True,True,True,-3.5987526098015237,0.0,0
LC_dv35_Tlc3p0_TTC04_CP2_S5p367_E15p367.mp4,CP2,0.0,7791.562699033704,-3.6494105879724392,0.21393972594247568,True,True,True,-3.6494105879724392,0.0,0
LC_dv35_Tlc3p0_TTC04_CP3_S5p667_E15p667.mp4,CP3,0.0,7718.843170814159,-4.50484516429152,0.21072570345587077,True,True,True,-6.557715050243376,0.0,0
LC_dv35_Tlc3p0_TTC04_CP4_S5p967_E15p967.mp4,CP4,0.0,6814.874011657736,-3.5987526098015232,0.25646853652343415,True,True,True,-3.5987526098015232,0.0,0
LC_dv35_Tlc3p0_TTC04_CP5_S6p267_E16p267.mp4,CP5,0.0,9799.023584510058,-3.5987526098015237,0.2564685365234341,True,True,True,-3.5987526098015237,0.0,0
LC_dv35_Tlc3p0_TTC05_CP1_S5p067_E15p067.mp4,CP1,0.0,6567.502909542707,-5.157309323358942,0.35742210282376397,True,True,True,-5.157309323358942,0.0,0
LC_dv35_Tlc3p0_TTC05_CP3_S5p667_E15p667.mp4,CP3,0.0,7788.059024625247,-3.57539157697907,0.39497209835949865,True,True,True,-4.3268670337600845,0.0,0
LC_dv35_Tlc3p0_TTC05_CP5_S6p267_E16p267.mp4,CP5,0.0,5690.749643186819,-3.5987526098015237,0.25646853652343415,True,True,True,-3.5987526098015237,0.0,0
LC_dv35_Tlc3p0_TTC06_CP1_S5p067_E15p067.mp4,CP1,0.0,18892.074957907927,-4.803834167308425,0.21291631554338775,True,True,True,-5.486297562202791,0.0,0
LC_dv35_Tlc3p0_TTC06_CP2_S5p367_E15p367.mp4,CP2,0.0,3927.038349975562,-3.8102528773604276,0.14812726399375814,True,True,True,-4.596151328610738,0.0,0
LC_dv35_Tlc3p0_TTC06_CP4_S5p967_E15p967.mp4,CP4,0.0,5852.534174181153,-1.4654248329227308,0.19361228501124006,True,True,True,-2.403016345297593,0.0,0
LC_dv35_Tlc4p0_TTC02_CP1_S5p067_E15p067.mp4,CP1,0.0,2422.9934484374803,-3.5987526098015246,0.25646853652343415,True,True,True,-3.5987526098015246,0.0,0
LC_dv35_Tlc4p0_TTC02_CP2_S5p367_E15p367.mp4,CP2,0.0,2415.9393945390498,-3.5987526098015246,0.25646853652343415,True,True,True,-3.5987526098015246,0.0,0
LC_dv35_Tlc4p0_TTC02_CP3_S5p667_E15p667.mp4,CP3,0.0,25940.44657225653,-5.34068183731492,0.18919328263839472,True,True,True,-7.710549633327253,0.0,0
LC_dv35_Tlc4p0_TTC02_CP4_S5p967_E15p967.mp4,CP4,0.0,2415.1506475950277,-3.5987526098015246,0.25646853652343415,True,True,True,-3.5987526098015246,0.0,0
LC_dv35_Tlc4p0_TTC02_CP5_S6p267_E16p267.mp4,CP5,0.0,7631.8535112443815,-3.5987526098015246,0.2564685365234341,True,True,True,-3.5987526098015246,0.0,0
LC_dv35_Tlc4p0_TTC03_CP1_S5p067_E15p067.mp4,CP1,0.0,8677.28166569578,-5.444140300052171,0.2264867104596339,True,True,True,-5.444140300052171,0.0,0
LC_dv35_Tlc4p0_TTC03_CP2_S5p367_E15p367.mp4,CP2,0.0,8276.546948139616,-3.5987526098015237,0.2564685365234341,True,True,True,-3.5987526098015237,0.0,0
LC_dv35_Tlc4p0_TTC03_CP3_S5p667_E15p667.mp4,CP3,0.0,16660.971174978175,-2.5196442556814396,0.31902512107337844,True,True,True,-4.4322091111153465,0.0,0
LC_dv35_Tlc4p0_TTC03_CP4_S5p967_E15p967.mp4,CP4,0.0,9113.139042694756,-5.345108047043326,0.20270780622649381,True,True,True,-6.577279563891032,0.0,0
LC_dv35_Tlc4p0_TTC03_CP5_S6p267_E16p267.mp4,CP5,0.0,32318.189213873084,-5.6106521606535775,0.2374617270726887,True,True,True,-8.0,0.0,0
LC_dv35_Tlc4p0_TTC04_CP1_S5p067_E15p067.mp4,CP1,0.0,17265.24120364525,-5.444140300052171,0.2264867104596339,True,True,True,-5.444140300052171,0.0,0
LC_dv35_Tlc4p0_TTC04_CP2_S5p367_E15p367.mp4,CP2,0.0,7842.568743519182,-4.50484516429152,0.21072570345587077,True,True,True,-6.557715050243376,0.0,0
LC_dv35_Tlc4p0_TTC04_CP3_S5p667_E15p667.mp4,CP3,0.0,8420.71324946172,-5.056206794402721,0.24458066618980245,True,True,True,-5.056206794402721,0.0,0
LC_dv35_Tlc4p0_TTC04_CP4_S5p967_E15p967.mp4,CP4,0.0,5509.696175137109,-3.5987526098015246,0.25646853652343415,True,True,True,-3.5987526098015246,0.0,0
LC_dv35_Tlc4p0_TTC04_CP5_S6p267_E16p267.mp4,CP5,0.0,7993.542106244357,-3.5987526098015237,0.2564685365234341,True,True,True,-3.5987526098015237,0.0,0
LC_dv35_Tlc4p0_TTC06_CP1_S5p067_E15p067.mp4,CP1,0.0,18877.509938802745,-4.803834167308425,0.21291631554338775,True,True,True,-5.486297562202791,0.0,0
LC_dv35_Tlc4p0_TTC06_CP3_S5p667_E15p667.mp4,CP3,49339.152487116495,91837.57939877234,-5.812905392294706,0.19228006400653777,True,True,True,-8.0,0.0,0
LC_dv35_Tlc4p0_TTC06_CP5_S6p267_E16p267.mp4,CP5,0.0,8068.403645951209,-2.6623856877097514,0.15033667604106435,True,True,True,-3.279192703435452,0.0,0
LC_dv35_Tlc4p0_TTC07_CP1_S5p067_E15p067.mp4,CP1,0.0,16160.176156453355,-1.6910408270055735,0.17893251978526303,True,True,True,-4.276456606019161,0.0,0
LC_dv35_Tlc4p0_TTC07_CP2_S5p367_E15p367.mp4,CP2,0.0,3096.9384757879297,-4.88486276805775,0.14953567174857774,True,True,True,-4.88486276805775,0.0,0
LC_dv35_Tlc4p0_TTC07_CP4_S5p967_E15p967.mp4,CP4,0.0,47367.370898494286,-0.04714328066233442,0.17712786869544056,True,False,True,-3.8263748251574854,0.6000000000000001,0
LC_dv42_Tlc2p0_TTC02_CP1_S5p033_E15p033.mp4,CP1,0.0,4425.497979040375,-3.088106470579782,0.35726758575889656,True,True,True,-5.140585116565804,0.0,0
LC_dv42_Tlc2p0_TTC02_CP2_S5p333_E15p333.mp4,CP2,0.0,16524.067928714157,-2.819671393796562,0.22381177403885263,True,True,True,-7.01630126619621,0.0,0
LC_dv42_Tlc2p0_TTC02_CP3_S5p633_E15p633.mp4,CP3,0.0,29461.870600490838,-4.822441567161449,0.29409054889618197,True,True,True,-4.822441567161449,0.0,0
LC_dv42_Tlc2p0_TTC02_CP4_S5p933_E15p933.mp4,CP4,0.0,23569.01067292944,-4.890719286554567,0.20183737142339342,True,True,True,-4.890719286554567,0.0,0
LC_dv42_Tlc2p0_TTC02_CP5_S6p233_E16p233.mp4,CP5,0.0,2416.5641390125165,-4.321257583102393,0.1808074857363317,True,True,True,-5.205812054022451,0.0,0
LC_dv42_Tlc2p0_TTC03_CP1_S5p067_E15p067.mp4,CP1,0.0,12258.16096627194,-5.30491659190135,0.26440602127611634,True,True,True,-6.649880053660881,0.0,0
LC_dv42_Tlc2p0_TTC03_CP2_S5p367_E15p367.mp4,CP2,0.0,7926.225596817835,-4.321257583102393,0.1808074857363317,True,True,True,-5.20581205402245,0.0,0
LC_dv42_Tlc2p0_TTC03_CP3_S5p667_E15p667.mp4,CP3,0.0,14018.643385559435,-3.9233846301471322,0.5193267998521218,True,True,True,-3.9233846301471322,0.0,0
LC_dv42_Tlc2p0_TTC03_CP4_S5p967_E15p967.mp4,CP4,0.0,9459.96670808112,-3.088106470579781,0.35726758575889656,True,True,True,-5.140585116565804,0.0,0
LC_dv42_Tlc2p0_TTC03_CP5_S6p267_E16p267.mp4,CP5,10752.960623919069,53895.51232464201,-5.197181231949677,0.18302124454492102,True,True,True,-6.532487974424851,0.0,0
LC_dv42_Tlc2p0_TTC04_CP1_S5p067_E15p067.mp4,CP1,0.0,8303.457126759244,-4.321257583102397,0.1808074857363317,True,True,True,-5.20581205402245,0.0,0
LC_dv42_Tlc2p0_TTC04_CP2_S5p367_E15p367.mp4,CP2,0.0,11208.887630010064,-2.18999132322571,0.20061225453768688,True,True,True,-7.0399785185388914,0.0,0
LC_dv42_Tlc2p0_TTC04_CP3_S5p667_E15p667.mp4,CP3,0.0,5175.531848984609,-4.321257583102393,0.1808074857363317,True,True,True,-5.20581205402245,0.0,0
LC_dv42_Tlc2p0_TTC04_CP4_S5p967_E15p967.mp4,CP4,0.0,12555.291619179105,-3.910107500264603,0.25846112624399076,True,True,True,-4.515367624219685,0.0,0
LC_dv42_Tlc2p0_TTC04_CP5_S6p267_E16p267.mp4,CP5,0.0,9627.779105627904,-6.877279678394061,0.5378605459612976,True,True,True,-6.877279678394061,0.0,0
LC_dv42_Tlc2p0_TTC05_CP1_S5p067_E15p067.mp4,CP1,25137.98351805865,50185.54955664989,-3.9977156745356828,0.24312214373681745,True,True,True,-3.9977156745356828,0.0,0
LC_dv42_Tlc2p0_TTC05_CP3_S5p667_E15p667.mp4,CP3,0.0,11555.949248690358,-3.333304103970237,0.4594454542938466,True,True,True,-6.304668426711004,0.0,0
LC_dv42_Tlc2p0_TTC05_CP5_S6p267_E16p267.mp4,CP5,148419.9376405689,205384.6894926551,-5.6182464435801585,0.18940724638497433,True,True,True,-5.6182464435801585,0.0,0
LC_dv42_Tlc2p0_TTC06_CP1_S5p067_E15p067.mp4,CP1,0.0,21054.810940412088,-2.080053885883199,0.29474906598964823,True,True,True,-4.070719275415837,0.0,0
LC_dv42_Tlc2p0_TTC06_CP2_S5p367_E15p367.mp4,CP2,0.0,4553.764846041445,-2.3870055816503433,0.5904505549730061,True,True,True,-4.595645529498018,0.0,0
LC_dv42_Tlc2p0_TTC06_CP4_S5p967_E15p967.mp4,CP4,340375.14980599,388477.05057406746,-3.965297130615964,0.3911681555576147,True,True,True,-5.251702264509625,0.0,0
LC_dv42_Tlc3p0_TTC02_CP1_S5p067_E15p067.mp4,CP1,0.0,10703.846924446027,-4.396323434948,0.17689107907267557,True,True,True,-7.097132519631212,0.0,0
LC_dv42_Tlc3p0_TTC02_CP2_S5p367_E15p367.mp4,CP2,0.0,11326.930925553372,-3.04621739386507,0.17530955006418483,True,True,True,-5.951708889216833,0.0,0
LC_dv42_Tlc3p0_TTC02_CP3_S5p667_E15p667.mp4,CP3,0.0,12445.830944059082,-3.935861776247743,0.28970094869545954,True,True,True,-5.02585198587126,0.0,0
LC_dv42_Tlc3p0_TTC02_CP4_S5p967_E15p967.mp4,CP4,0.0,3135.114870965382,-5.882543505454895,0.248541386432098,True,True,True,-5.882543505454895,0.0,0
LC_dv42_Tlc3p0_TTC02_CP5_S6p267_E16p267.mp4,CP5,254953.70430242084,298203.73658923473,-3.9260859843790543,0.21023478982459712,True,True,True,-4.914251377431363,0.0,0
LC_dv42_Tlc3p0_TTC03_CP1_S5p067_E15p067.mp4,CP1,0.0,12215.750107529979,-2.7710161017298356,0.23162929754527367,True,True,True,-4.461436613787073,0.0,0
LC_dv42_Tlc3p0_TTC03_CP2_S5p367_E15p367.mp4,CP2,0.0,9720.025165953877,-4.321257583102393,0.1808074857363317,True,True,True,-5.20581205402245,0.0,0
LC_dv42_Tlc3p0_TTC03_CP3_S5p667_E15p667.mp4,CP3,0.0,7679.433038409245,-3.949356657452051,0.21366341620773466,True,True,True,-3.949356657452051,0.0,0
LC_dv42_Tlc3p0_TTC03_CP4_S5p967_E15p967.mp4,CP4,56659.950408732664,108232.02986464913,-6.8698643146558585,0.19693060738196233,True,True,True,-6.8698643146558585,0.0,0
LC_dv42_Tlc3p0_TTC03_CP5_S6p267_E16p267.mp4,CP5,0.0,3025.318822065836,-3.7117311903263763,0.22686643290712125,True,True,True,-3.9869578616348775,0.0,0
LC_dv42_Tlc3p0_TTC04_CP1_S5p067_E15p067.mp4,CP1,0.0,8328.464812194201,-4.321257583102397,0.1808074857363317,True,True,True,-5.20581205402245,0.0,0
LC_dv42_Tlc3p0_TTC04_CP2_S5p367_E15p367.mp4,CP2,99477.48179386028,165435.54099712978,1.0000306698938977,0.49191376476838167,True,False,True,-2.8773012660752806,2.0,0
LC_dv42_Tlc3p0_TTC04_CP3_S5p667_E15p667.mp4,CP3,0.0,8784.919378740313,-3.939857168906937,0.22131309192112233,True,True,True,-3.939857168906937,0.0,0
LC_dv42_Tlc3p0_TTC04_CP4_S5p967_E15p967.mp4,CP4,264534.1038896861,324426.8278894959,-0.8900427778775826,0.28588492411771793,True,True,True,-6.241814662620559,0.0,0
LC_dv42_Tlc3p0_TTC04_CP5_S6p267_E16p267.mp4,CP5,0.0,6757.6342316475375,-4.4011037845182255,0.16449937019862107,True,True,True,-4.579496041431062,0.0,0
LC_dv42_Tlc3p0_TTC06_CP1_S5p067_E15p067.mp4,CP1,0.0,21033.615116676738,-2.080053885883199,0.29474906598964823,True,True,True,-4.070719275415837,0.0,0
LC_dv42_Tlc3p0_TTC06_CP3_S5p667_E15p667.mp4,CP3,0.0,8859.293797516164,-2.7206376204457343,0.2259437475554784,True,True,True,-5.255814735987427,0.0,0
LC_dv42_Tlc3p0_TTC06_CP5_S6p267_E16p267.mp4,CP5,173077.8917077105,211213.38737591085,-2.974956598766169,0.21550778602700116,True,True,True,-7.127645812633794,0.0,0
LC_dv42_Tlc3p0_TTC07_CP1_S5p033_E15p033.mp4,CP1,0.0,2507.922891498179,-6.022246377282165,0.19246246149155374,True,True,True,-6.022246377282165,0.0,0
LC_dv42_Tlc3p0_TTC07_CP2_S5p333_E15p333.mp4,CP2,0.0,3477.433590497474,-6.028668240336218,0.31068887362862785,True,True,True,-6.028668240336218,0.0,0
LC_dv42_Tlc3p0_TTC07_CP4_S5p933_E15p933.mp4,CP4,0.0,5039.534096006316,-5.108641852391381,0.39015271185155875,True,True,True,-5.108641852391381,0.0,0
LC_dv42_Tlc4p0_TTC02_CP1_S5p067_E15p067.mp4,CP1,0.0,10462.838221634067,-4.396323434948,0.1768910790726756,True,True,True,-7.097132519631212,0.0,0
LC_dv42_Tlc4p0_TTC02_CP2_S5p367_E15p367.mp4,CP2,0.0,2604.8181309825877,-3.8380088859484616,0.28275958674971524,True,True,True,-8.0,0.0,0
LC_dv42_Tlc4p0_TTC02_CP3_S5p667_E15p667.mp4,CP3,0.0,31232.65514881916,-1.9930903831945408,0.18168720181126957,True,True,True,-8.0,0.0,0
LC_dv42_Tlc4p0_TTC02_CP4_S5p967_E15p967.mp4,CP4,0.0,2756.6317314711637,-3.8380088859484616,0.28275958674971524,True,True,True,-8.0,0.0,0
LC_dv42_Tlc4p0_TTC02_CP5_S6p267_E16p267.mp4,CP5,0.0,2895.7155646454125,-5.882543505454892,0.248541386432098,True,True,True,-5.882543505454892,0.0,0
LC_dv42_Tlc4p0_TTC03_CP1_S5p067_E15p067.mp4,CP1,0.0,12233.908165056439,-5.30491659190135,0.26440602127611634,True,True,True,-6.649880053660881,0.0,0
LC_dv42_Tlc4p0_TTC03_CP2_S5p367_E15p367.mp4,CP2,0.0,10970.460753182195,-4.321257583102393,0.1808074857363317,True,True,True,-5.20581205402245,0.0,0
LC_dv42_Tlc4p0_TTC03_CP3_S5p667_E15p667.mp4,CP3,0.0,2417.700363441863,-4.321257583102393,0.1808074857363317,True,True,True,-5.205812054022451,0.0,0
LC_dv42_Tlc4p0_TTC03_CP4_S5p967_E15p967.mp4,CP4,0.0,10184.328594548777,-3.1678684427889756,0.16850813859215985,True,True,True,-7.234742637244934,0.0,0
LC_dv42_Tlc4p0_TTC03_CP5_S6p267_E16p267.mp4,CP5,0.0,14696.581310456699,-5.3049165919013515,0.26440602127611645,True,True,True,-6.649880053660881,0.0,0
LC_dv42_Tlc4p0_TTC04_CP1_S5p067_E15p067.mp4,CP1,0.0,8317.316236657962,-4.321257583102397,0.1808074857363317,True,True,True,-5.20581205402245,0.0,0
LC_dv42_Tlc4p0_TTC04_CP2_S5p367_E15p367.mp4,CP2,81484.11335103292,174939.02045894868,1.9168483530189513,0.22002461138831053,True,False,True,-5.65029270850845,2.8000000000000003,0
LC_dv42_Tlc4p0_TTC04_CP3_S5p667_E15p667.mp4,CP3,0.0,9191.689687949684,-2.7710161017298356,0.23162929754527373,True,True,True,-4.461436613787073,0.0,0
LC_dv42_Tlc4p0_TTC04_CP4_S5p967_E15p967.mp4,CP4,0.0,4555.534039606972,-5.882543505454892,0.248541386432098,True,True,True,-5.882543505454892,0.0,0
LC_dv42_Tlc4p0_TTC04_CP5_S6p267_E16p267.mp4,CP5,0.0,7084.101223400476,-5.882543505454895,0.248541386432098,True,True,True,-5.882543505454895,0.0,0
LC_dv42_Tlc4p0_TTC05_CP1_S5p067_E15p067.mp4,CP1,0.0,23591.617239728937,-3.56748094457869,0.5590662351819267,True,True,True,-4.5169989100653485,0.0,0
LC_dv42_Tlc4p0_TTC05_CP2_S5p367_E15p367.mp4,CP2,0.0,6193.392728034841,-6.069374966780479,0.27201173288220915,True,True,True,-6.069374966780479,0.0,0
LC_dv42_Tlc4p0_TTC05_CP4_S5p967_E15p967.mp4,CP4,0.0,5461.741705626251,-4.461513137288822,0.28775804869926325,True,True,True,-4.461513137288822,0.0,0
LC_dv42_Tlc4p0_TTC07_CP1_S5p067_E15p067.mp4,CP1,0.0,12587.066572130361,-1.6546853395385825,0.268965863405247,True,True,True,-8.0,0.0,0
LC_dv42_Tlc4p0_TTC07_CP3_S5p667_E15p667.mp4,CP3,0.0,3183.445105854332,-4.853120325346319,0.3101316157070802,True,True,True,-4.853120325346319,0.0,0
LC_dv42_Tlc4p0_TTC07_CP5_S6p267_E16p267.mp4,CP5,0.0,4928.69505506315,-4.116933524130378,0.16940273361247124,True,True,True,-5.635898762633997,0.0,0
LC_dv07_Tlc2p0_TTC02_CP1_S5p033_E15p033.mp4,CP1,20854.299132874658,44318.65461451254,-1.5285266168463751,0.26387062711123027,True,True,True,-3.6805139511918643,0.0,1
LC_dv07_Tlc2p0_TTC02_CP2_S5p333_E15p333.mp4,CP2,335475.70588943514,363556.780773299,-1.462026895932215,0.23415802812587916,True,True,True,-3.649709149697405,0.0,1
LC_dv07_Tlc2p0_TTC02_CP3_S5p633_E15p633.mp4,CP3,0.0,1932.8766727204008,0.6270773358460604,0.1877800528133154,True,False,True,-1.0246467082069608,1.2000000000000002,1
LC_dv07_Tlc2p0_TTC02_CP4_S5p933_E15p933.mp4,CP4,335475.7058894384,363556.7807733017,-1.462026895932215,0.23415802812587916,True,True,True,-3.649709149697405,0.0,1
LC_dv07_Tlc2p0_TTC02_CP5_S6p233_E16p233.mp4,CP5,230219.50982930744,251956.51906679384,-0.7616354425242063,0.36456831924113475,True,True,True,-3.069522676613548,0.0,1
LC_dv07_Tlc2p0_TTC03_CP1_S5p033_E15p033.mp4,CP1,11263.044899695087,35571.56586948404,-1.8784002818629726,0.39734644184476026,True,True,True,-3.479084463037043,0.0,1
LC_dv07_Tlc2p0_TTC03_CP2_S5p333_E15p333.mp4,CP2,338632.41168891714,363632.63091966556,-4.53445884329091,0.26145084730606005,True,True,True,-6.449686906625493,0.0,1
LC_dv07_Tlc2p0_TTC03_CP3_S5p633_E15p633.mp4,CP3,11476.841630565905,31068.522839758934,-1.6693455218618518,0.2022094036554023,True,True,True,-3.8587931292122257,0.0,1
LC_dv07_Tlc2p0_TTC03_CP4_S5p933_E15p933.mp4,CP4,337402.87021806417,363053.38748109847,-2.826009043139724,0.24245716095329664,True,True,True,-6.133121874481857,0.0,1
LC_dv07_Tlc2p0_TTC03_CP5_S6p233_E16p233.mp4,CP5,217586.67719102922,242631.95811166923,-6.468786583036313,0.1656068409812015,True,True,True,-6.468786583036313,0.0,1
LC_dv07_Tlc2p0_TTC04_CP1_S5p067_E15p067.mp4,CP1,0.0,17241.84578054977,3.8417891671368922,0.2799175341880379,True,False,True,-1.9256674091965271,2.0,1
LC_dv07_Tlc2p0_TTC04_CP2_S5p367_E15p367.mp4,CP2,0.0,1932.8766727204177,0.6270773358460604,0.1877800528133154,True,False,True,-1.0246467082069608,1.2000000000000002,1
LC_dv07_Tlc2p0_TTC04_CP3_S5p667_E15p667.mp4,CP3,40587.69804072188,66191.65013875854,-1.393544714874667,0.2547847763669022,True,True,True,-5.903740142094785,0.0,1
LC_dv07_Tlc2p0_TTC04_CP4_S5p967_E15p967.mp4,CP4,304163.83646273456,323230.67103434517,-2.2151472784472936,0.19764378952643363,True,True,True,-2.4565352634622046,0.0,1
LC_dv07_Tlc2p0_TTC04_CP5_S6p267_E16p267.mp4,CP5,0.0,7390.035529390686,-6.880153743739121,0.22528696611945226,True,True,True,-6.880153743739121,0.0,1
LC_dv07_Tlc2p0_TTC05_CP1_S5p067_E15p067.mp4,CP1,0.0,1545.31557336982,-0.8687555969790712,0.24071276718377943,True,True,True,-2.2093467666390145,0.0,1
LC_dv07_Tlc2p0_TTC05_CP2_S5p367_E15p367.mp4,CP2,0.0,1932.8766727204056,0.6270773358460604,0.1877800528133154,True,False,True,-1.0246467082069608,1.2000000000000002,1
LC_dv07_Tlc2p0_TTC05_CP4_S5p967_E15p967.mp4,CP4,53637.63907677571,81380.42201252891,3.476580800803807,0.28318029843265413,True,False,True,-3.9160798066817306,1.8,1
LC_dv07_Tlc2p0_TTC07_CP1_S5p067_E15p067.mp4,CP1,0.0,2527.1210960928966,-0.8687555969790712,0.24071276718377943,True,True,True,-2.2093467666390145,0.0,1
LC_dv07_Tlc2p0_TTC07_CP3_S5p667_E15p667.mp4,CP3,0.0,6252.469453016276,-4.846438771434193,0.2556755277171005,True,True,True,-4.846438771434193,0.0,1
LC_dv07_Tlc2p0_TTC07_CP5_S6p267_E16p267.mp4,CP5,0.0,19553.739240432114,-4.757604396536662,0.28488257478501633,True,True,True,-6.2718294896987725,0.0,1
LC_dv07_Tlc3p0_TTC02_CP1_S5p067_E15p067.mp4,CP1,341773.210043611,362495.4971695409,-0.5166052943838324,0.22831036444448993,True,False,True,-4.615652223335121,0.2,1
LC_dv07_Tlc3p0_TTC02_CP2_S5p367_E15p367.mp4,CP2,0.0,1932.8766727204056,1.7865985594670193,0.23847981596478524,True,False,True,-1.9553026927336916,1.0,1
LC_dv07_Tlc3p0_TTC02_CP3_S5p667_E15p667.mp4,CP3,0.0,6161.013282135854,-1.7436808373809956,0.22104425211608852,True,True,True,-4.132871421964269,0.0,1
LC_dv07_Tlc3p0_TTC02_CP4_S5p967_E15p967.mp4,CP4,335103.5072962885,359900.01452663704,1.7927197746230905,0.23063188645187338,True,False,True,-4.618247224865099,0.6000000000000001,1
LC_dv07_Tlc3p0_TTC02_CP5_S6p267_E16p267.mp4,CP5,0.0,5694.533221291859,-4.721380120278562,0.3871092459734858,True,True,True,-4.721380120278562,0.0,1
LC_dv07_Tlc3p0_TTC03_CP1_S5p067_E15p067.mp4,CP1,332810.48588328285,355711.0829756614,-7.749769312035193,0.17598658485568053,True,True,True,-7.749769312035193,0.0,1
LC_dv07_Tlc3p0_TTC03_CP2_S5p367_E15p367.mp4,CP2,0.0,1932.8766727204056,0.6270773358460604,0.1877800528133154,True,False,True,-1.0246467082069608,1.2000000000000002,1
LC_dv07_Tlc3p0_TTC03_CP3_S5p667_E15p667.mp4,CP3,0.0,2280.8311787501266,0.6270773358460604,0.1877800528133154,True,False,True,-1.0246467082069608,1.2000000000000002,1
LC_dv07_Tlc3p0_TTC03_CP4_S5p967_E15p967.mp4,CP4,331460.1980670773,351871.2058902206,-0.464465009623905,0.214757023555464,True,False,True,-3.967978356489794,1.8,1
LC_dv07_Tlc3p0_TTC03_CP5_S6p267_E16p267.mp4,CP5,0.0,15300.490802252483,-1.9310726711691504,0.3552270272193615,True,True,True,-5.064373405776744,0.0,1
LC_dv07_Tlc3p0_TTC04_CP1_S5p033_E15p033.mp4,CP1,0.0,6110.072297696472,-5.933926630817374,0.2360880862160441,True,True,True,-5.933926630817374,0.0,1
LC_dv07_Tlc3p0_TTC04_CP2_S5p333_E15p333.mp4,CP2,0.0,1929.9628684943436,1.262878348323042,0.17959615749683666,True,False,True,-1.8855393139161514,1.8,1
LC_dv07_Tlc3p0_TTC04_CP3_S5p633_E15p633.mp4,CP3,0.0,1933.5036387892303,0.6270773358460604,0.1877800528133154,True,False,True,-1.0246467082069608,1.2000000000000002,1
LC_dv07_Tlc3p0_TTC04_CP4_S5p933_E15p933.mp4,CP4,294198.42808223027,316129.47640246636,-6.678309307378898,0.2526588037774162,True,True,True,-6.678309307378898,0.0,1
LC_dv07_Tlc3p0_TTC04_CP5_S6p233_E16p233.mp4,CP5,0.0,1619.511913401128,-0.8687555969790712,0.24071276718377943,True,True,True,-2.2093467666390145,0.0,1
LC_dv07_Tlc3p0_TTC05_CP1_S5p067_E15p067.mp4,CP1,0.0,1545.396229426539,-0.8687555969790712,0.24071276718377943,True,True,True,-2.2093467666390145,0.0,1
LC_dv07_Tlc3p0_TTC05_CP3_S5p667_E15p667.mp4,CP3,0.0,1933.5672603260714,0.6270773358460604,0.1877800528133154,True,False,True,-1.0246467082069608,1.2000000000000002,1
LC_dv07_Tlc3p0_TTC05_CP5_S6p267_E16p267.mp4,CP5,0.0,1932.8766727204008,0.6270773358460604,0.1877800528133154,True,False,True,-1.0246467082069608,1.2000000000000002,1
LC_dv07_Tlc3p0_TTC06_CP1_S5p067_E15p067.mp4,CP1,0.0,3086.1074207204074,-3.136958136893195,0.19660445632699336,True,True,True,-3.136958136893195,0.0,1
LC_dv07_Tlc3p0_TTC06_CP2_S5p367_E15p367.mp4,CP2,0.0,7639.1506637202065,-3.0895701971796963,0.34130683128403855,True,True,True,-3.0895701971796963,0.0,1
LC_dv07_Tlc3p0_TTC06_CP4_S5p967_E15p967.mp4,CP4,0.0,6423.871667485789,-4.846438771434193,0.2556755277171005,True,True,True,-4.846438771434193,0.0,1
LC_dv07_Tlc4p0_TTC02_CP1_S5p067_E15p067.mp4,CP1,337386.6559517948,363773.80290956283,-0.5610029158921848,0.2244480470208314,True,False,True,-5.246566796659721,0.2,1
LC_dv07_Tlc4p0_TTC02_CP2_S5p367_E15p367.mp4,CP2,0.0,1932.8766727204056,-1.4869630251471113,0.24660529229333422,True,True,True,-3.062665176002337,0.0,1
LC_dv07_Tlc4p0_TTC02_CP3_S5p667_E15p667.mp4,CP3,0.0,6198.1471855671325,-1.7436808373809956,0.22104425211608852,True,True,True,-4.132871421964269,0.0,1
LC_dv07_Tlc4p0_TTC02_CP4_S5p967_E15p967.mp4,CP4,335210.7453331606,357716.2831667465,-0.39685979224736345,0.3108579029131495,True,False,True,-2.822756093265035,0.2,1
LC_dv07_Tlc4p0_TTC02_CP5_S6p267_E16p267.mp4,CP5,5891.325850201931,31911.79200727702,-3.8049633774259717,0.2990420978969591,True,True,True,-4.916733794939473,0.0,1
LC_dv07_Tlc4p0_TTC03_CP1_S5p067_E15p067.mp4,CP1,333177.0452395195,355147.24380701623,-7.633983504670022,0.14265879854439636,True,True,True,-7.633983504670022,0.0,1
LC_dv07_Tlc4p0_TTC03_CP2_S5p367_E15p367.mp4,CP2,0.0,1933.6678776424471,0.6270773358460604,0.1877800528133154,True,False,True,-1.0246467082069608,1.2000000000000002,1
LC_dv07_Tlc4p0_TTC03_CP3_S5p667_E15p667.mp4,CP3,0.0,2279.570060446766,0.6270773358460604,0.1877800528133154,True,False,True,-1.0246467082069608,1.2000000000000002,1
LC_dv07_Tlc4p0_TTC03_CP4_S5p967_E15p967.mp4,CP4,334262.9561248475,356723.05536935903,-0.3968597922473634,0.3108579029131495,True,False,True,-2.822756093265035,0.2,1
LC_dv07_Tlc4p0_TTC03_CP5_S6p267_E16p267.mp4,CP5,0.0,9705.981316814996,-6.880153743739121,0.22528696611945226,True,True,True,-6.880153743739121,0.0,1
LC_dv07_Tlc4p0_TTC04_CP1_S5p033_E15p033.mp4,CP1,0.0,6443.162780752209,-4.002036538873622,0.2823581949016132,True,True,True,-4.002036538873622,0.0,1
LC_dv07_Tlc4p0_TTC04_CP2_S5p333_E15p333.mp4,CP2,0.0,1932.8766727199784,1.3430835918957496,0.19330170169156183,True,False,True,-3.9424596431566927,1.0,1
LC_dv07_Tlc4p0_TTC04_CP3_S5p633_E15p633.mp4,CP3,0.0,1933.0289158348405,0.6270773358460604,0.1877800528133154,True,False,True,-1.0246467082069608,1.2000000000000002,1
LC_dv07_Tlc4p0_TTC04_CP4_S5p933_E15p933.mp4,CP4,285964.03328879527,306793.86663189775,-6.402503350656607,0.2138829672475355,True,True,True,-6.402503350656607,0.0,1
LC_dv07_Tlc4p0_TTC04_CP5_S6p233_E16p233.mp4,CP5,0.0,2404.8288221289904,-0.8687555969790712,0.24071276718377943,True,True,True,-2.2093467666390145,0.0,1
LC_dv07_Tlc4p0_TTC06_CP1_S5p067_E15p067.mp4,CP1,0.0,2761.672295521847,-0.3124621976764297,0.2222303404384764,True,False,True,-1.66843164644201,0.2,1
LC_dv07_Tlc4p0_TTC06_CP3_S5p667_E15p667.mp4,CP3,0.0,6717.622501599784,-1.1562631940548882,0.24160418647709286,True,True,True,-4.123526505077001,0.0,1
LC_dv07_Tlc4p0_TTC06_CP5_S6p267_E16p267.mp4,CP5,55482.81039507582,77993.96789736062,-2.1720129107584674,0.24054261278084502,True,True,True,-6.45837087642531,0.0,1
LC_dv07_Tlc4p0_TTC07_CP1_S5p067_E15p067.mp4,CP1,0.0,2522.539964123081,-0.8687555969790712,0.24071276718377943,True,True,True,-2.2093467666390145,0.0,1
LC_dv07_Tlc4p0_TTC07_CP2_S5p367_E15p367.mp4,CP2,0.0,7409.949008977839,0.6270773358460602,0.1877800528133154,True,False,True,-1.0246467082069608,1.2000000000000002,1
LC_dv07_Tlc4p0_TTC07_CP4_S5p967_E15p967.mp4,CP4,0.0,3944.025658497722,-3.136958136893195,0.19660445632699336,True,True,True,-3.136958136893195,0.0,1
LC_dv14_Tlc2p0_TTC02_CP1_S5p067_E15p067.mp4,CP1,0.0,8769.038455541186,-3.7474484503529704,0.1627503844288073,True,True,True,-4.067667209146036,0.0,1
LC_dv14_Tlc2p0_TTC02_CP2_S5p367_E15p367.mp4,CP2,0.0,1933.8499225536684,-1.0678379141146062,0.16808815391786378,True,True,True,-3.215426765574516,0.0,1
LC_dv14_Tlc2p0_TTC02_CP3_S5p667_E15p667.mp4,CP3,33854.77958124921,63665.96713130616,-1.4775740898674274,0.23172442620842754,True,True,True,-7.974196552654983,0.0,1
LC_dv14_Tlc2p0_TTC02_CP4_S5p967_E15p967.mp4,CP4,373172.9463462591,393868.7467781869,0.22260704335812675,0.2636678119443427,True,False,True,-2.6365216997422634,1.2000000000000002,1
LC_dv14_Tlc2p0_TTC02_CP5_S6p267_E16p267.mp4,CP5,0.0,10912.749935048505,-5.886924292244832,0.2011442856988546,True,True,True,-6.669248409842684,0.0,1
LC_dv14_Tlc2p0_TTC03_CP1_S5p067_E15p067.mp4,CP1,0.0,7633.371790447632,-8.0,0.2389609173175853,True,True,True,-8.0,0.0,1
LC_dv14_Tlc2p0_TTC03_CP2_S5p367_E15p367.mp4,CP2,0.0,9677.733105578958,-4.982664035370563,0.22513497473216226,True,True,True,-5.262556346006478,0.0,1
LC_dv14_Tlc2p0_TTC03_CP3_S5p667_E15p667.mp4,CP3,0.0,1934.6369927914093,-1.0678379141146062,0.16808815391786378,True,True,True,-3.215426765574517,0.0,1
LC_dv14_Tlc2p0_TTC03_CP4_S5p967_E15p967.mp4,CP4,0.0,9656.53988671826,-8.0,0.2389609173175853,True,True,True,-8.0,0.0,1
LC_dv14_Tlc2p0_TTC03_CP5_S6p267_E16p267.mp4,CP5,0.0,1999.7179142661275,-1.691647115231763,0.21959027296283756,True,True,True,-1.691647115231763,0.0,1
LC_dv14_Tlc2p0_TTC04_CP1_S5p067_E15p067.mp4,CP1,0.0,4196.857006901957,-3.1783495626925817,0.19083899067688578,True,True,True,-3.1783495626925817,0.0,1
LC_dv14_Tlc2p0_TTC04_CP2_S5p367_E15p367.mp4,CP2,0.0,7182.934500622154,-3.869682317617687,0.2646460057817654,True,True,True,-5.278627375948124,0.0,1
LC_dv14_Tlc2p0_TTC04_CP3_S5p667_E15p667.mp4,CP3,0.0,6436.414069149407,-3.1783495626925817,0.19083899067688578,True,True,True,-3.1783495626925817,0.0,1
LC_dv14_Tlc2p0_TTC04_CP4_S5p967_E15p967.mp4,CP4,0.0,7984.034124944281,-8.0,0.2389609173175853,True,True,True,-8.0,0.0,1
LC_dv14_Tlc2p0_TTC04_CP5_S6p267_E16p267.mp4,CP5,0.0,11432.498287048318,0.7986798522260901,0.21205270281052518,True,False,True,-3.005622607703814,1.0,1
LC_dv14_Tlc2p0_TTC05_CP1_S5p067_E15p067.mp4,CP1,0.0,2160.832024086326,-1.691647115231763,0.21959027296283756,True,True,True,-1.691647115231763,0.0,1
LC_dv14_Tlc2p0_TTC05_CP3_S5p667_E15p667.mp4,CP3,0.0,9851.271526253582,-8.0,0.2389609173175853,True,True,True,-8.0,0.0,1
LC_dv14_Tlc2p0_TTC05_CP5_S6p267_E16p267.mp4,CP5,0.0,21273.14990786404,-0.8101534432552244,0.21062245060091275,True,True,True,-3.894916219920538,0.0,1
LC_dv14_Tlc2p0_TTC06_CP1_S5p067_E15p067.mp4,CP1,0.0,1983.6617337857065,-1.0678379141146062,0.16808815391786378,True,True,True,-3.215426765574517,0.0,1
LC_dv14_Tlc2p0_TTC06_CP2_S5p367_E15p367.mp4,CP2,0.0,5159.728920615283,3.084631504382863,0.27817825652399336,True,False,True,-2.6492535526244687,1.0,1
LC_dv14_Tlc2p0_TTC06_CP4_S5p967_E15p967.mp4,CP4,0.0,2517.669043159021,2.2921114155185376,0.2007864213818839,True,False,True,-1.6687056519070547,0.4,1
LC_dv14_Tlc3p0_TTC02_CP1_S5p033_E15p033.mp4,CP1,17689.814120066774,52524.67841254765,-1.8685763727692308,0.39288452490448666,True,True,True,-6.471725335422403,0.0,1
LC_dv14_Tlc3p0_TTC02_CP2_S5p333_E15p333.mp4,CP2,0.0,9432.479038054973,-8.0,0.2389609173175853,True,True,True,-8.0,0.0,1
LC_dv14_Tlc3p0_TTC02_CP3_S5p633_E15p633.mp4,CP3,0.0,1933.849922554116,-1.691647115231763,0.21959027296283756,True,True,True,-1.691647115231763,0.0,1
LC_dv14_Tlc3p0_TTC02_CP4_S5p933_E15p933.mp4,CP4,0.0,10174.565238721812,-5.1002811459774415,0.28570420676178765,True,True,True,-5.1002811459774415,0.0,1
LC_dv14_Tlc3p0_TTC02_CP5_S6p233_E16p233.mp4,CP5,0.0,5141.179597791176,-3.46023712941613,0.17759290986981047,True,True,True,-5.336627081434549,0.0,1
LC_dv14_Tlc3p0_TTC03_CP1_S5p067_E15p067.mp4,CP1,0.0,7686.650263371139,-8.0,0.2389609173175853,True,True,True,-8.0,0.0,1
LC_dv14_Tlc3p0_TTC03_CP2_S5p367_E15p367.mp4,CP2,0.0,9701.62343824343,-5.1002811459774415,0.28570420676178765,True,True,True,-5.1002811459774415,0.0,1
LC_dv14_Tlc3p0_TTC03_CP3_S5p667_E15p667.mp4,CP3,0.0,1933.979205682248,-1.691647115231763,0.21959027296283756,True,True,True,-1.691647115231763,0.0,1
LC_dv14_Tlc3p0_TTC03_CP4_S5p967_E15p967.mp4,CP4,0.0,9564.62962122687,-8.0,0.2389609173175853,True,True,True,-8.0,0.0,1
LC_dv14_Tlc3p0_TTC03_CP5_S6p267_E16p267.mp4,CP5,0.0,2145.3923784931862,-1.691647115231763,0.21959027296283756,True,True,True,-1.691647115231763,0.0,1
LC_dv14_Tlc3p0_TTC04_CP1_S5p067_E15p067.mp4,CP1,0.0,4084.3344558804256,-3.1783495626925817,0.19083899067688578,True,True,True,-3.1783495626925817,0.0,1
LC_dv14_Tlc3p0_TTC04_CP2_S5p367_E15p367.mp4,CP2,0.0,8089.481241027742,-3.7474484503529704,0.1627503844288073,True,True,True,-4.067667209146036,0.0,1
LC_dv14_Tlc3p0_TTC04_CP3_S5p667_E15p667.mp4,CP3,0.0,4698.6580881497075,-1.531039376528925,0.19812622573205624,True,True,True,-2.100936220843552,0.0,1
LC_dv14_Tlc3p0_TTC04_CP4_S5p967_E15p967.mp4,CP4,0.0,7830.332032903138,-8.0,0.2389609173175853,True,True,True,-8.0,0.0,1
LC_dv14_Tlc3p0_TTC04_CP5_S6p267_E16p267.mp4,CP5,0.0,8605.027469415963,-0.6493419547837702,0.21272936169064194,True,True,True,-2.616037518186671,0.0,1
LC_dv14_Tlc3p0_TTC06_CP1_S5p067_E15p067.mp4,CP1,0.0,1987.0862452305291,-1.691647115231763,0.21959027296283756,True,True,True,-1.691647115231763,0.0,1
LC_dv14_Tlc3p0_TTC06_CP3_S5p667_E15p667.mp4,CP3,0.0,4925.505196575174,-3.1783495626925817,0.19083899067688578,True,True,True,-3.1783495626925817,0.0,1
LC_dv14_Tlc3p0_TTC06_CP5_S6p267_E16p267.mp4,CP5,0.0,14512.326658324308,-2.090222313779051,0.37202830484081045,True,True,True,-3.9654181430617337,0.0,1
LC_dv14_Tlc3p0_TTC07_CP1_S5p067_E15p067.mp4,CP1,0.0,1945.646804015969,-1.0678379141146062,0.16808815391786378,True,True,True,-3.215426765574517,0.0,1
LC_dv14_Tlc3p0_TTC07_CP2_S5p367_E15p367.mp4,CP2,0.0,4453.091193815806,0.6208438691999512,0.18086893845858076,True,False,True,-2.0364843607383314,1.0,1
LC_dv14_Tlc3p0_TTC07_CP4_S5p967_E15p967.mp4,CP4,0.0,2412.9290556895717,-1.0678379141146062,0.16808815391786378,True,True,True,-3.215426765574517,0.0,1
LC_dv14_Tlc4p0_TTC02_CP1_S5p067_E15p067.mp4,CP1,0.0,8762.128564454833,-3.7474484503529704,0.1627503844288073,True,True,True,-4.067667209146036,0.0,1
LC_dv14_Tlc4p0_TTC02_CP2_S5p367_E15p367.mp4,CP2,0.0,1931.0279945849122,-1.0678379141146062,0.16808815391786378,True,True,True,-3.215426765574517,0.0,1
LC_dv14_Tlc4p0_TTC02_CP3_S5p667_E15p667.mp4,CP3,0.0,1933.849922553693,-1.691647115231763,0.21959027296283756,True,True,True,-1.691647115231763,0.0,1
LC_dv14_Tlc4p0_TTC02_CP4_S5p967_E15p967.mp4,CP4,380101.7302562797,402894.52620522893,0.874724678985802,0.1691036281264413,True,False,True,-1.9423700507577442,5.800000000000001,1
LC_dv14_Tlc4p0_TTC02_CP5_S6p267_E16p267.mp4,CP5,40507.200263639796,68224.08591311387,-2.841150745744985,0.30778174799586966,True,True,True,-4.617509740992546,0.0,1
LC_dv14_Tlc4p0_TTC03_CP1_S5p067_E15p067.mp4,CP1,0.0,7749.572869734205,-8.0,0.2389609173175853,True,True,True,-8.0,0.0,1
LC_dv14_Tlc4p0_TTC03_CP2_S5p367_E15p367.mp4,CP2,0.0,9665.47099845322,-4.982664035370563,0.22513497473216226,True,True,True,-5.262556346006478,0.0,1
LC_dv14_Tlc4p0_TTC03_CP3_S5p667_E15p667.mp4,CP3,0.0,8936.25843502479,-3.7474484503529704,0.1627503844288073,True,True,True,-4.067667209146036,0.0,1
LC_dv14_Tlc4p0_TTC03_CP4_S5p967_E15p967.mp4,CP4,0.0,9541.85646236618,-8.0,0.2389609173175853,True,True,True,-8.0,0.0,1
LC_dv14_Tlc4p0_TTC03_CP5_S6p267_E16p267.mp4,CP5,0.0,14633.23725049676,-3.791450330859717,0.22897134547070824,True,True,True,-3.791450330859717,0.0,1
LC_dv14_Tlc4p0_TTC04_CP1_S5p067_E15p067.mp4,CP1,0.0,4147.10427624235,-3.1783495626925817,0.19083899067688578,True,True,True,-3.1783495626925817,0.0,1
LC_dv14_Tlc4p0_TTC04_CP2_S5p367_E15p367.mp4,CP2,0.0,8247.554841556948,-3.7474484503529704,0.1627503844288073,True,True,True,-4.067667209146036,0.0,1
LC_dv14_Tlc4p0_TTC04_CP3_S5p667_E15p667.mp4,CP3,0.0,10889.185556743361,-3.1783495626925817,0.19083899067688578,True,True,True,-3.1783495626925817,0.0,1
LC_dv14_Tlc4p0_TTC04_CP4_S5p967_E15p967.mp4,CP4,0.0,7345.02910203345,2.302873843598504,0.3204322933041482,True,False,True,-1.9763894869735563,1.4000000000000001,1
LC_dv14_Tlc4p0_TTC04_CP5_S6p267_E16p267.mp4,CP5,12908.690186492891,42368.77389622511,-2.01055205912386,0.3259532754348373,True,True,True,-3.1712675670061086,0.0,1
LC_dv14_Tlc4p0_TTC05_CP1_S5p033_E15p033.mp4,CP1,0.0,9591.950252327439,-3.1783495626925817,0.19083899067688578,True,True,True,-3.1783495626925817,0.0,1
LC_dv14_Tlc4p0_TTC05_CP2_S5p333_E15p333.mp4,CP2,0.0,3190.069725913971,-0.6578143956197682,0.2395958206961483,True,True,True,-5.835911716024013,0.0,1
LC_dv14_Tlc4p0_TTC05_CP4_S5p933_E15p933.mp4,CP4,0.0,7046.534062661978,-2.1951768120873423,0.1684988667479057,True,True,True,-4.268457036217529,0.0,1
LC_dv14_Tlc4p0_TTC07_CP1_S5p067_E15p067.mp4,CP1,0.0,2011.0206506077966,-1.0678379141146062,0.16808815391786378,True,True,True,-3.215426765574517,0.0,1
LC_dv14_Tlc4p0_TTC07_CP3_S5p667_E15p667.mp4,CP3,43310.26350306267,78742.1683331844,-6.432283776902329,0.2578702060706129,True,True,True,-6.432283776902329,0.0,1
LC_dv14_Tlc4p0_TTC07_CP5_S6p267_E16p267.mp4,CP5,14443.581480917775,33402.8559708546,-4.323305973751552,0.3362827695206986,True,True,True,-5.520540720659934,0.0,1
LC_dv21_Tlc2p0_TTC02_CP1_S5p067_E15p067.mp4,CP1,0.0,9682.548631356849,-7.0996411010696505,0.2793890215254608,True,True,True,-7.0996411010696505,0.0,1
LC_dv21_Tlc2p0_TTC02_CP2_S5p367_E15p367.mp4,CP2,250235.01521102426,273218.3404081934,2.141380780926386,0.19448053579538233,True,False,True,-5.124035880643753,0.4,1
LC_dv21_Tlc2p0_TTC02_CP3_S5p667_E15p667.mp4,CP3,0.0,18662.19063707038,-3.3266540754585754,0.2783748360753267,True,True,True,-3.3266540754585754,0.0,1
LC_dv21_Tlc2p0_TTC02_CP4_S5p967_E15p967.mp4,CP4,0.0,12314.765090827517,-6.864103918004556,0.22583590839330953,True,True,True,-6.864103918004556,0.0,1
LC_dv21_Tlc2p0_TTC02_CP5_S6p267_E16p267.mp4,CP5,0.0,2414.026973845086,-8.0,0.22799534630351193,True,True,True,-8.0,0.0,1
LC_dv21_Tlc2p0_TTC03_CP1_S5p067_E15p067.mp4,CP1,0.0,2611.6466283807054,-8.0,0.22799534630351193,True,True,True,-8.0,0.0,1
LC_dv21_Tlc2p0_TTC03_CP2_S5p367_E15p367.mp4,CP2,0.0,4242.797569711038,-4.594987357031329,0.298552932182124,True,True,True,-4.594987357031329,0.0,1
LC_dv21_Tlc2p0_TTC03_CP3_S5p667_E15p667.mp4,CP3,0.0,7684.112315286949,-5.821782395541698,0.22067252020396427,True,True,True,-5.821782395541698,0.0,1
LC_dv21_Tlc2p0_TTC03_CP4_S5p967_E15p967.mp4,CP4,0.0,10092.634891997832,-7.0996411010696505,0.2793890215254608,True,True,True,-7.0996411010696505,0.0,1
LC_dv21_Tlc2p0_TTC03_CP5_S6p267_E16p267.mp4,CP5,0.0,15232.774652183327,-5.721605884425743,0.30080834181190785,True,True,True,-5.721605884425743,0.0,1
LC_dv21_Tlc2p0_TTC04_CP1_S5p067_E15p067.mp4,CP1,0.0,2033.6079562835625,-4.594987357031329,0.298552932182124,True,True,True,-4.594987357031329,0.0,1
LC_dv21_Tlc2p0_TTC04_CP2_S5p367_E15p367.mp4,CP2,0.0,6357.387552857018,-4.948686580524752,0.18584442089404096,True,True,True,-4.948686580524752,0.0,1
LC_dv21_Tlc2p0_TTC04_CP3_S5p667_E15p667.mp4,CP3,0.0,2369.293324478686,-4.594987357031329,0.298552932182124,True,True,True,-4.594987357031329,0.0,1
LC_dv21_Tlc2p0_TTC04_CP4_S5p967_E15p967.mp4,CP4,0.0,3590.6015656899694,-4.5949873570313295,0.298552932182124,True,True,True,-4.5949873570313295,0.0,1
LC_dv21_Tlc2p0_TTC04_CP5_S6p267_E16p267.mp4,CP5,0.0,6471.438056618116,-5.821782395541698,0.22067252020396427,True,True,True,-5.821782395541698,0.0,1
LC_dv21_Tlc2p0_TTC05_CP1_S5p067_E15p067.mp4,CP1,0.0,1962.198855879094,-4.594987357031329,0.298552932182124,True,True,True,-4.594987357031329,0.0,1
LC_dv21_Tlc2p0_TTC05_CP2_S5p367_E15p367.mp4,CP2,0.0,4814.7402735413225,-6.028828057618572,0.27573806774552934,True,True,True,-6.028828057618572,0.0,1
LC_dv21_Tlc2p0_TTC05_CP4_S5p967_E15p967.mp4,CP4,0.0,1992.7546494383764,-8.0,0.22799534630351193,True,True,True,-8.0,0.0,1
LC_dv21_Tlc2p0_TTC07_CP1_S5p033_E15p033.mp4,CP1,0.0,4167.943068616503,-4.936933207640125,0.20151265484352215,True,True,True,-5.846700915460497,0.0,1
LC_dv21_Tlc2p0_TTC07_CP3_S5p633_E15p633.mp4,CP3,6506.335866522284,39849.53230745334,-0.08267570917290445,0.24322319179656823,True,False,True,-4.5447357256754515,0.4,1
LC_dv21_Tlc2p0_TTC07_CP5_S6p233_E16p233.mp4,CP5,0.0,5109.418416988501,-4.952930852988572,0.18049880499860357,True,True,True,-4.952930852988572,0.0,1
LC_dv21_Tlc3p0_TTC02_CP1_S5p067_E15p067.mp4,CP1,0.0,9683.427090054765,-7.0996411010696505,0.2793890215254608,True,True,True,-7.0996411010696505,0.0,1
LC_dv21_Tlc3p0_TTC02_CP2_S5p367_E15p367.mp4,CP2,257485.68916792484,280496.4594151204,2.141380780926386,0.19448053579538233,True,False,True,-5.124035880643753,0.4,1
LC_dv21_Tlc3p0_TTC02_CP3_S5p667_E15p667.mp4,CP3,0.0,10022.613044159383,0.22905847500929077,0.22382097842187446,True,False,True,-2.9350110903845117,0.4,1
LC_dv21_Tlc3p0_TTC02_CP4_S5p967_E15p967.mp4,CP4,0.0,12275.617967376898,-6.864103918004556,0.22583590839330953,True,True,True,-6.864103918004556,0.0,1
LC_dv21_Tlc3p0_TTC02_CP5_S6p267_E16p267.mp4,CP5,0.0,22750.12186707712,-5.8285894868912775,0.20149809369013055,True,True,True,-5.8285894868912775,0.0,1
LC_dv21_Tlc3p0_TTC03_CP1_S5p067_E15p067.mp4,CP1,0.0,2295.7714484081766,-8.0,0.22799534630351193,True,True,True,-8.0,0.0,1
LC_dv21_Tlc3p0_TTC03_CP2_S5p367_E15p367.mp4,CP2,0.0,6646.474774241668,-2.232659191686797,0.3081320484107213,True,True,True,-2.6530308147253168,0.0,1
LC_dv21_Tlc3p0_TTC03_CP3_S5p667_E15p667.mp4,CP3,0.0,8927.794621910087,-0.2824977366914885,0.25079044206455403,True,False,True,-3.5148167134692647,0.2,1
LC_dv21_Tlc3p0_TTC03_CP4_S5p967_E15p967.mp4,CP4,0.0,9936.30235439444,-5.106872215509842,0.232743697488761,True,True,True,-5.106872215509842,0.0,1
LC_dv21_Tlc3p0_TTC03_CP5_S6p267_E16p267.mp4,CP5,43567.92535659392,77378.46148821976,-3.442181893851414,0.26936765607066687,True,True,True,-3.442181893851414,0.0,1
LC_dv21_Tlc3p0_TTC04_CP1_S5p067_E15p067.mp4,CP1,0.0,2030.4459010321943,-4.594987357031329,0.298552932182124,True,True,True,-4.594987357031329,0.0,1
LC_dv21_Tlc3p0_TTC04_CP2_S5p367_E15p367.mp4,CP2,0.0,7613.7172286945815,-5.676317851256471,0.16225245298173346,True,True,True,-5.676317851256471,0.0,1
LC_dv21_Tlc3p0_TTC04_CP3_S5p667_E15p667.mp4,CP3,0.0,5159.29799956364,-4.594987357031329,0.298552932182124,True,True,True,-4.594987357031329,0.0,1
LC_dv21_Tlc3p0_TTC04_CP4_S5p967_E15p967.mp4,CP4,0.0,1935.5086397823645,-8.0,0.22799534630351193,True,True,True,-8.0,0.0,1
LC_dv21_Tlc3p0_TTC04_CP5_S6p267_E16p267.mp4,CP5,0.0,20182.906608060617,-3.6743037859585903,0.17026723058497664,True,True,True,-6.481242334816217,0.0,1
LC_dv21_Tlc3p0_TTC05_CP1_S5p067_E15p067.mp4,CP1,0.0,1962.5240346663745,-4.594987357031329,0.298552932182124,True,True,True,-4.594987357031329,0.0,1
LC_dv21_Tlc3p0_TTC05_CP3_S5p667_E15p667.mp4,CP3,0.0,19774.82469192361,-2.6952428780887607,0.22622784514203403,True,True,True,-3.331996435532474,0.0,1
LC_dv21_Tlc3p0_TTC05_CP5_S6p267_E16p267.mp4,CP5,80835.40375856674,112534.56245697946,-5.937536082187564,0.18148390407416637,True,True,True,-5.937536082187564,0.0,1
LC_dv21_Tlc3p0_TTC06_CP1_S5p067_E15p067.mp4,CP1,0.0,3035.872328735927,-4.594987357031329,0.298552932182124,True,True,True,-4.594987357031329,0.0,1
LC_dv21_Tlc3p0_TTC06_CP2_S5p367_E15p367.mp4,CP2,0.0,3639.3928137144676,-4.882356485186431,0.18226297843472378,True,True,True,-5.149044131758319,0.0,1
LC_dv21_Tlc3p0_TTC06_CP4_S5p967_E15p967.mp4,CP4,0.0,14715.493790034687,-1.4889794977152806,0.2906078534741609,True,True,True,-5.164944198392281,0.0,1
LC_dv21_Tlc4p0_TTC02_CP1_S5p067_E15p067.mp4,CP1,0.0,9681.225216924386,-7.0996411010696505,0.2793890215254608,True,True,True,-7.0996411010696505,0.0,1
LC_dv21_Tlc4p0_TTC02_CP2_S5p367_E15p367.mp4,CP2,242956.95085073978,265644.6485917837,2.141380780926386,0.19448053579538233,True,False,True,-5.124035880643753,0.4,1
LC_dv21_Tlc4p0_TTC02_CP3_S5p667_E15p667.mp4,CP3,0.0,2230.9027129549277,-4.544221504929729,0.22380486214821443,True,True,True,-4.544221504929729,0.0,1
LC_dv21_Tlc4p0_TTC02_CP4_S5p967_E15p967.mp4,CP4,0.0,12105.724890997253,-6.864103918004556,0.22583590839330953,True,True,True,-6.864103918004556,0.0,1
LC_dv21_Tlc4p0_TTC02_CP5_S6p267_E16p267.mp4,CP5,0.0,28148.24538054131,-6.315072382306883,0.3219696435314493,True,True,True,-6.315072382306883,0.0,1
LC_dv21_Tlc4p0_TTC03_CP1_S5p067_E15p067.mp4,CP1,0.0,2616.8187738244715,-8.0,0.22799534630351193,True,True,True,-8.0,0.0,1
LC_dv21_Tlc4p0_TTC03_CP2_S5p367_E15p367.mp4,CP2,0.0,5682.274293328434,-4.594987357031329,0.298552932182124,True,True,True,-4.594987357031329,0.0,1
LC_dv21_Tlc4p0_TTC03_CP3_S5p667_E15p667.mp4,CP3,0.0,12242.67786907197,-4.240399386566465,0.29921848683182717,True,True,True,-4.240399386566465,0.0,1
LC_dv21_Tlc4p0_TTC03_CP4_S5p967_E15p967.mp4,CP4,0.0,9814.611956970544,-7.0996411010696505,0.2793890215254608,True,True,True,-7.0996411010696505,0.0,1
LC_dv21_Tlc4p0_TTC03_CP5_S6p267_E16p267.mp4,CP5,70864.308004444,96823.9683553649,-6.022689424261487,0.31744858420369315,True,True,True,-6.022689424261487,0.0,1
LC_dv21_Tlc4p0_TTC04_CP1_S5p067_E15p067.mp4,CP1,0.0,1959.743941372934,-8.0,0.22799534630351193,True,True,True,-8.0,0.0,1
LC_dv21_Tlc4p0_TTC04_CP2_S5p367_E15p367.mp4,CP2,0.0,7470.681120412344,-5.676317851256471,0.16225245298173346,True,True,True,-5.676317851256471,0.0,1
LC_dv21_Tlc4p0_TTC04_CP3_S5p667_E15p667.mp4,CP3,0.0,8946.158243234842,-5.821782395541698,0.22067252020396427,True,True,True,-5.821782395541698,0.0,1
LC_dv21_Tlc4p0_TTC04_CP4_S5p967_E15p967.mp4,CP4,0.0,3006.233657990475,-4.594987357031329,0.298552932182124,True,True,True,-4.594987357031329,0.0,1
LC_dv21_Tlc4p0_TTC04_CP5_S6p267_E16p267.mp4,CP5,0.0,8144.252476935992,-4.594987357031329,0.298552932182124,True,True,True,-4.594987357031329,0.0,1
LC_dv21_Tlc4p0_TTC06_CP1_S5p067_E15p067.mp4,CP1,0.0,3006.0075979650264,-4.594987357031329,0.298552932182124,True,True,True,-4.594987357031329,0.0,1
LC_dv21_Tlc4p0_TTC06_CP3_S5p667_E15p667.mp4,CP3,48528.14003039239,74151.7960742676,-2.535525953207495,0.1801878455927491,True,True,True,-3.946563044112072,0.0,1
LC_dv21_Tlc4p0_TTC06_CP5_S6p267_E16p267.mp4,CP5,0.0,4972.597834672129,-8.0,0.22799534630351193,True,True,True,-8.0,0.0,1
LC_dv21_Tlc4p0_TTC07_CP1_S5p033_E15p033.mp4,CP1,0.0,3693.0476885677667,-8.0,0.22799534630351193,True,True,True,-8.0,0.0,1
LC_dv21_Tlc4p0_TTC07_CP2_S5p333_E15p333.mp4,CP2,0.0,2892.369997083578,-1.1739471169232203,0.1977694212487056,True,True,True,-4.371540880358173,0.0,1
LC_dv21_Tlc4p0_TTC07_CP4_S5p933_E15p933.mp4,CP4,0.0,3513.753747893201,-8.0,0.22799534630351193,True,True,True,-8.0,0.0,1
LC_dv28_Tlc2p0_TTC02_CP1_S5p067_E15p067.mp4,CP1,0.0,2304.484723937968,-0.07804675623852964,0.35118206016812537,True,False,True,-5.154229919484992,1.0,1
LC_dv28_Tlc2p0_TTC02_CP2_S5p367_E15p367.mp4,CP2,0.0,11374.209041191903,-4.3281621680453215,0.28822294806823684,True,True,True,-4.3281621680453215,0.0,1
LC_dv28_Tlc2p0_TTC02_CP3_S5p667_E15p667.mp4,CP3,0.0,2414.3283386425646,-5.38433077353468,0.3835433327801498,True,True,True,-5.38433077353468,0.0,1
LC_dv28_Tlc2p0_TTC02_CP4_S5p967_E15p967.mp4,CP4,0.0,13786.375413220674,-4.48445848072617,0.15043205956881292,True,True,True,-4.48445848072617,0.0,1
LC_dv28_Tlc2p0_TTC02_CP5_S6p267_E16p267.mp4,CP5,0.0,2415.1217687167964,-2.0649908687194656,0.2475922620541007,True,True,True,-3.199943634600977,0.0,1
LC_dv28_Tlc2p0_TTC03_CP1_S5p067_E15p067.mp4,CP1,0.0,2272.982964425502,-0.07804675623852964,0.35118206016812537,True,False,True,-5.154229919484992,1.0,1
LC_dv28_Tlc2p0_TTC03_CP2_S5p367_E15p367.mp4,CP2,0.0,13746.247109818149,-3.9597037963207544,0.13714330301365601,True,True,True,-5.695190199543844,0.0,1
LC_dv28_Tlc2p0_TTC03_CP3_S5p667_E15p667.mp4,CP3,0.0,8599.182708683715,-2.8069127802559217,0.29205067284012304,True,True,True,-2.8069127802559217,0.0,1
LC_dv28_Tlc2p0_TTC03_CP4_S5p967_E15p967.mp4,CP4,0.0,5102.24006510173,-2.7582003148387013,0.27861300402314904,True,True,True,-4.335686330344923,0.0,1
LC_dv28_Tlc2p0_TTC03_CP5_S6p267_E16p267.mp4,CP5,0.0,10984.53343190595,-3.695635155734094,0.33298243133818106,True,True,True,-6.197269839973395,0.0,1
LC_dv28_Tlc2p0_TTC04_CP1_S5p067_E15p067.mp4,CP1,0.0,7790.975535716292,-4.458695568065046,0.31537949373847196,True,True,True,-7.092046414477931,0.0,1
LC_dv28_Tlc2p0_TTC04_CP2_S5p367_E15p367.mp4,CP2,0.0,16791.493708960334,0.6615202631471456,0.1731837633372357,True,False,True,-2.530523307324772,2.0,1
LC_dv28_Tlc2p0_TTC04_CP3_S5p667_E15p667.mp4,CP3,0.0,11373.742129198816,-4.238185616920553,0.17768858675803947,True,True,True,-4.238185616920553,0.0,1
LC_dv28_Tlc2p0_TTC04_CP4_S5p967_E15p967.mp4,CP4,0.0,8406.180155060925,-7.458337515718071,0.19284349088531508,True,True,True,-7.458337515718071,0.0,1
LC_dv28_Tlc2p0_TTC04_CP5_S6p267_E16p267.mp4,CP5,0.0,16791.1516842113,-4.6855387025671975,0.15796920084881472,True,True,True,-4.6855387025671975,0.0,1
LC_dv28_Tlc2p0_TTC05_CP1_S5p067_E15p067.mp4,CP1,0.0,3582.0507130099786,-2.0747794418688335,0.4200706577299385,True,True,True,-8.0,0.0,1
LC_dv28_Tlc2p0_TTC05_CP3_S5p667_E15p667.mp4,CP3,0.0,9920.008747531005,-4.623938384875233,0.20916567226261507,True,True,True,-4.623938384875233,0.0,1
LC_dv28_Tlc2p0_TTC05_CP5_S6p267_E16p267.mp4,CP5,0.0,7972.384287472024,-1.5140849209589027,0.17028986131411747,True,True,True,-4.145344891940038,0.0,1
LC_dv28_Tlc2p0_TTC06_CP1_S5p033_E15p033.mp4,CP1,0.0,6347.963964109565,-3.779473738700501,0.2733811953514381,True,True,True,-4.458614193714216,0.0,1
LC_dv28_Tlc2p0_TTC06_CP2_S5p333_E15p333.mp4,CP2,306162.3482501435,336378.69958374527,0.7563545322028884,0.18737209215829934,True,False,True,-4.445296730435583,1.6,1
LC_dv28_Tlc2p0_TTC06_CP4_S5p933_E15p933.mp4,CP4,0.0,8412.64090995525,-0.3162054476652887,0.230073938785082,True,False,True,-4.128222837302597,1.0,1
LC_dv28_Tlc3p0_TTC02_CP1_S5p033_E15p033.mp4,CP1,0.0,39373.14603081328,-0.910582081145404,0.15263381607715878,True,True,True,-3.2869815563036195,0.0,1
LC_dv28_Tlc3p0_TTC02_CP2_S5p333_E15p333.mp4,CP2,0.0,2414.328338642976,-5.38433077353468,0.3835433327801498,True,True,True,-5.38433077353468,0.0,1
LC_dv28_Tlc3p0_TTC02_CP3_S5p633_E15p633.mp4,CP3,0.0,8849.571454850471,-2.0649908687194656,0.2475922620541007,True,True,True,-3.1999436346009773,0.0,1
LC_dv28_Tlc3p0_TTC02_CP4_S5p933_E15p933.mp4,CP4,0.0,12693.300907163564,-4.48445848072617,0.15043205956881292,True,True,True,-4.48445848072617,0.0,1
LC_dv28_Tlc3p0_TTC02_CP5_S6p233_E16p233.mp4,CP5,0.0,2730.165181061565,4.189047243364456,0.20918126224654118,True,False,True,-1.1405039821146057,0.4,1
LC_dv28_Tlc3p0_TTC03_CP1_S5p067_E15p067.mp4,CP1,0.0,2272.37992140738,-0.07804675623852964,0.35118206016812537,True,False,True,-5.154229919484992,1.0,1
LC_dv28_Tlc3p0_TTC03_CP2_S5p367_E15p367.mp4,CP2,0.0,6218.742295459235,-3.50093409376082,0.27908547637780395,True,True,True,-3.659107364667977,0.0,1
LC_dv28_Tlc3p0_TTC03_CP3_S5p667_E15p667.mp4,CP3,0.0,16832.12308522162,3.880830306476445,0.21297876921959805,True,False,True,-4.201619863006122,0.6000000000000001,1
LC_dv28_Tlc3p0_TTC03_CP4_S5p967_E15p967.mp4,CP4,0.0,11469.352580984294,-4.328162168045321,0.2882229480682367,True,True,True,-4.328162168045321,0.0,1
LC_dv28_Tlc3p0_TTC03_CP5_S6p267_E16p267.mp4,CP5,0.0,7165.864536516904,-1.301102728448436,0.17873571193729035,True,True,True,-3.6127257523375675,0.0,1
LC_dv28_Tlc3p0_TTC04_CP1_S5p067_E15p067.mp4,CP1,0.0,8693.791453854645,-4.261839674973998,0.2417298208551999,True,True,True,-5.997116093321608,0.0,1
LC_dv28_Tlc3p0_TTC04_CP2_S5p367_E15p367.mp4,CP2,0.0,11569.536091575288,-3.874489941623826,0.24829341595220503,True,True,True,-3.874489941623826,0.0,1
LC_dv28_Tlc3p0_TTC04_CP3_S5p667_E15p667.mp4,CP3,0.0,9383.783188156223,-3.066519999637262,0.2441164359861624,True,True,True,-3.352902312753101,0.0,1
LC_dv28_Tlc3p0_TTC04_CP4_S5p967_E15p967.mp4,CP4,0.0,10428.420023060284,-0.696710176606326,0.16056959029623596,True,True,True,-1.8702338031629249,0.0,1
LC_dv28_Tlc3p0_TTC04_CP5_S6p267_E16p267.mp4,CP5,0.0,36576.87630869971,-5.259866744440589,0.2845090164447485,True,True,True,-5.259866744440589,0.0,1
LC_dv28_Tlc3p0_TTC06_CP1_S5p033_E15p033.mp4,CP1,0.0,6298.2497988150735,-3.779473738700501,0.2733811953514381,True,True,True,-4.458614193714216,0.0,1
LC_dv28_Tlc3p0_TTC06_CP3_S5p633_E15p633.mp4,CP3,0.0,4638.492099756166,-1.9265962668788261,0.2167445728520562,True,True,True,-3.742719728941995,0.0,1
LC_dv28_Tlc3p0_TTC06_CP5_S6p233_E16p233.mp4,CP5,0.0,21941.06180323319,-2.9446872598575586,0.329814862733795,True,True,True,-4.616770844919666,0.0,1
LC_dv28_Tlc3p0_TTC07_CP1_S5p067_E15p067.mp4,CP1,111790.78175788149,153935.09705661985,-8.0,0.19835245087655873,True,True,True,-8.0,0.0,1
LC_dv28_Tlc3p0_TTC07_CP2_S5p367_E15p367.mp4,CP2,0.0,32836.0082553268,-5.514751979318262,0.26225559785061253,True,True,True,-6.064393960502658,0.0,1
LC_dv28_Tlc3p0_TTC07_CP4_S5p967_E15p967.mp4,CP4,0.0,26083.593820767477,-4.770109900227821,0.3223018451721508,True,True,True,-4.770109900227821,0.0,1
LC_dv28_Tlc4p0_TTC02_CP1_S5p067_E15p067.mp4,CP1,0.0,2304.5770463632102,-0.07804675623852964,0.35118206016812537,True,False,True,-5.154229919484992,1.0,1
LC_dv28_Tlc4p0_TTC02_CP2_S5p367_E15p367.mp4,CP2,0.0,11367.496029129072,-4.3281621680453215,0.28822294806823684,True,True,True,-4.3281621680453215,0.0,1
LC_dv28_Tlc4p0_TTC02_CP3_S5p667_E15p667.mp4,CP3,0.0,12338.31138256929,-4.328162168045321,0.2882229480682368,True,True,True,-4.328162168045321,0.0,1
LC_dv28_Tlc4p0_TTC02_CP4_S5p967_E15p967.mp4,CP4,0.0,13582.920148440042,-4.328162168045321,0.2882229480682368,True,True,True,-4.328162168045321,0.0,1
LC_dv28_Tlc4p0_TTC02_CP5_S6p267_E16p267.mp4,CP5,0.0,11169.19817942057,-4.328162168045321,0.2882229480682367,True,True,True,-4.328162168045321,0.0,1
LC_dv28_Tlc4p0_TTC03_CP1_S5p033_E15p033.mp4,CP1,0.0,24631.04725249661,-5.443097521892753,0.2113556123852505,True,True,True,-5.7022692741195735,0.0,1
LC_dv28_Tlc4p0_TTC03_CP2_S5p333_E15p333.mp4,CP2,0.0,3334.102731607698,-2.0649908687194656,0.2475922620541007,True,True,True,-3.1999436346009773,0.0,1
LC_dv28_Tlc4p0_TTC03_CP3_S5p633_E15p633.mp4,CP3,31731.876312569093,62247.42724689959,-2.53906290371986,0.3466297662989828,True,True,True,-4.7363953490392525,0.0,1
LC_dv28_Tlc4p0_TTC03_CP4_S5p933_E15p933.mp4,CP4,0.0,3716.9038475992324,-2.0649908687194656,0.2475922620541007,True,True,True,-3.199943634600977,0.0,1
LC_dv28_Tlc4p0_TTC03_CP5_S6p233_E16p233.mp4,CP5,40197.138456808156,70920.60990874532,1.7501465741342854,0.23058300410988725,True,False,True,-4.769384896681555,0.8,1
LC_dv28_Tlc4p0_TTC04_CP1_S5p067_E15p067.mp4,CP1,0.0,7765.052128587046,-4.458695568065046,0.31537949373847196,True,True,True,-7.092046414477931,0.0,1
LC_dv28_Tlc4p0_TTC04_CP2_S5p367_E15p367.mp4,CP2,0.0,15693.578525766385,-3.044324286600483,0.12659224092338292,True,True,True,-5.348879551720387,0.0,1
LC_dv28_Tlc4p0_TTC04_CP3_S5p667_E15p667.mp4,CP3,0.0,18963.36766418131,-7.334042690494863,0.30081506301295885,True,True,True,-7.334042690494863,0.0,1
LC_dv28_Tlc4p0_TTC04_CP4_S5p967_E15p967.mp4,CP4,0.0,4535.770384286263,-5.38433077353468,0.38354333278014985,True,True,True,-5.38433077353468,0.0,1
LC_dv28_Tlc4p0_TTC04_CP5_S6p267_E16p267.mp4,CP5,0.0,8273.296445647125,-4.328162168045321,0.2882229480682367,True,True,True,-4.328162168045321,0.0,1
LC_dv28_Tlc4p0_TTC05_CP1_S5p067_E15p067.mp4,CP1,0.0,10980.788442329138,2.959154844626548,0.2930724431909302,True,False,True,-2.3532125443791063,1.0,1
LC_dv28_Tlc4p0_TTC05_CP2_S5p367_E15p367.mp4,CP2,477534.77966515877,531115.3649400844,-0.12838322658345103,0.2999832988456673,True,False,True,-8.0,0.8,1
LC_dv28_Tlc4p0_TTC05_CP4_S5p967_E15p967.mp4,CP4,0.0,8364.882957752945,-2.988700410637868,0.27865577296769156,True,True,True,-3.230120800587697,0.0,1
LC_dv28_Tlc4p0_TTC07_CP1_S5p067_E15p067.mp4,CP1,111768.21581948204,153944.09278867033,-8.0,0.19835245087655873,True,True,True,-8.0,0.0,1
LC_dv28_Tlc4p0_TTC07_CP3_S5p667_E15p667.mp4,CP3,0.0,5584.750357266193,-2.6941470388775963,0.1658318508313497,True,True,True,-4.314236655475441,0.0,1
LC_dv28_Tlc4p0_TTC07_CP5_S6p267_E16p267.mp4,CP5,167548.753762847,200428.1476148035,-4.045506523623183,0.2064819325521417,True,True,True,-8.0,0.0,1
LC_dv35_Tlc2p0_TTC02_CP1_S5p033_E15p033.mp4,CP1,0.0,15053.01941084311,-0.7665035165981529,0.2229186009869224,True,True,True,-4.390401349776057,0.0,1
LC_dv35_Tlc2p0_TTC02_CP2_S5p333_E15p333.mp4,CP2,0.0,4884.222109532292,-3.785641562395034,0.23365912403093186,True,True,True,-4.108714481828803,0.0,1
LC_dv35_Tlc2p0_TTC02_CP3_S5p633_E15p633.mp4,CP3,0.0,24126.49557567598,-5.784583966619664,0.20564339451280395,True,True,True,-5.784583966619664,0.0,1
LC_dv35_Tlc2p0_TTC02_CP4_S5p933_E15p933.mp4,CP4,0.0,13581.799692535982,-0.5200472604321247,0.2214779467429341,True,False,True,-5.021206611795721,0.4,1
LC_dv35_Tlc2p0_TTC02_CP5_S6p233_E16p233.mp4,CP5,0.0,2757.7558206239773,-2.0527310490535324,0.24886234418674819,True,True,True,-3.069964632684569,0.0,1
LC_dv35_Tlc2p0_TTC03_CP1_S5p067_E15p067.mp4,CP1,0.0,11103.086118718838,-5.085887249333227,0.20889010313701875,True,True,True,-5.085887249333227,0.0,1
LC_dv35_Tlc2p0_TTC03_CP2_S5p367_E15p367.mp4,CP2,0.0,3596.5432254791217,-3.785641562395036,0.23365912403093192,True,True,True,-4.108714481828803,0.0,1
LC_dv35_Tlc2p0_TTC03_CP3_S5p667_E15p667.mp4,CP3,0.0,11138.507500078942,-5.971695024299615,0.19728000743591875,True,True,True,-5.971695024299615,0.0,1
LC_dv35_Tlc2p0_TTC03_CP4_S5p967_E15p967.mp4,CP4,0.0,5053.094497734256,-3.7856415623950337,0.2336591240309319,True,True,True,-4.108714481828803,0.0,1
LC_dv35_Tlc2p0_TTC03_CP5_S6p267_E16p267.mp4,CP5,0.0,28453.511596558557,2.2267712529664223,0.19975623351432995,True,False,True,-5.191850175432163,0.4,1
LC_dv35_Tlc2p0_TTC04_CP1_S5p067_E15p067.mp4,CP1,0.0,18682.196270357857,-5.7646727991438835,0.24853825893417214,True,True,True,-7.156622579072344,0.0,1
LC_dv35_Tlc2p0_TTC04_CP2_S5p367_E15p367.mp4,CP2,0.0,15903.295478514725,-2.8352237752822393,0.17595215948951395,True,True,True,-3.880877702422034,0.0,1
LC_dv35_Tlc2p0_TTC04_CP3_S5p667_E15p667.mp4,CP3,79219.44227191168,130354.84179404218,-2.0400643761671624,0.20753312602620952,True,True,True,-5.453125366247886,0.0,1
LC_dv35_Tlc2p0_TTC04_CP4_S5p967_E15p967.mp4,CP4,0.0,13653.543974305303,-0.34039565517642467,0.21221429973671666,True,False,True,-3.667166866991606,0.2,1
LC_dv35_Tlc2p0_TTC04_CP5_S6p267_E16p267.mp4,CP5,0.0,22914.596358672406,1.7322135218055505,0.1966645286789495,True,False,True,-5.336278842274691,0.4,1
LC_dv35_Tlc2p0_TTC05_CP1_S5p033_E15p033.mp4,CP1,0.0,4602.47232217798,-3.785641562395034,0.23365912403093192,True,True,True,-4.108714481828803,0.0,1
LC_dv35_Tlc2p0_TTC05_CP2_S5p333_E15p333.mp4,CP2,426018.48133809486,469205.8029956221,-0.7771722763826716,0.3069112937519053,True,True,True,-5.969824570491696,0.0,1
LC_dv35_Tlc2p0_TTC05_CP4_S5p933_E15p933.mp4,CP4,0.0,9640.495321614442,-5.920970680976922,0.14333585685169,True,True,True,-5.920970680976922,0.0,1
LC_dv35_Tlc2p0_TTC07_CP1_S5p067_E15p067.mp4,CP1,3015.8525706976507,44321.06884988006,2.645332736089202,0.21803230884676245,True,False,True,-4.302026969637818,0.8,1
LC_dv35_Tlc2p0_TTC07_CP3_S5p667_E15p667.mp4,CP3,0.0,23297.511322387112,-2.919106908360832,0.18031891647350615,True,True,True,-3.6658195863347514,0.0,1
LC_dv35_Tlc2p0_TTC07_CP5_S6p267_E16p267.mp4,CP5,0.0,15148.906413121513,-4.025934584485266,0.20419475300083795,True,True,True,-4.052844956003498,0.0,1
LC_dv35_Tlc3p0_TTC02_CP1_S5p067_E15p067.mp4,CP1,0.0,17313.906628426794,-1.721316445722579,0.20437033004420918,True,True,True,-4.195766867808305,0.0,1
LC_dv35_Tlc3p0_TTC02_CP2_S5p367_E15p367.mp4,CP2,0.0,10192.840991975094,-3.785641562395034,0.23365912403093192,True,True,True,-4.108714481828803,0.0,1
LC_dv35_Tlc3p0_TTC02_CP3_S5p667_E15p667.mp4,CP3,0.0,14172.913782582471,-0.3403956551764269,0.21221429973671666,True,False,True,-3.667166866991607,0.2,1
LC_dv35_Tlc3p0_TTC02_CP4_S5p967_E15p967.mp4,CP4,0.0,14630.084311295232,-0.5200472604321247,0.2214779467429341,True,False,True,-5.021206611795721,0.4,1
LC_dv35_Tlc3p0_TTC02_CP5_S6p267_E16p267.mp4,CP5,0.0,5816.164573156455,-3.785641562395034,0.23365912403093186,True,True,True,-4.108714481828803,0.0,1
LC_dv35_Tlc3p0_TTC03_CP1_S5p033_E15p033.mp4,CP1,0.0,6974.443117541297,-2.9468929069898238,0.44980071053301696,True,True,True,-5.601782131002495,0.0,1
LC_dv35_Tlc3p0_TTC03_CP2_S5p333_E15p333.mp4,CP2,0.0,6708.048012162346,-3.785641562395034,0.2336591240309319,True,True,True,-4.108714481828803,0.0,1
LC_dv35_Tlc3p0_TTC03_CP3_S5p633_E15p633.mp4,CP3,0.0,17545.86008930557,-5.971695024299615,0.19728000743591878,True,True,True,-5.971695024299615,0.0,1
LC_dv35_Tlc3p0_TTC03_CP4_S5p933_E15p933.mp4,CP4,0.0,9510.351792071526,-3.785641562395034,0.23365912403093192,True,True,True,-4.108714481828803,0.0,1
LC_dv35_Tlc3p0_TTC03_CP5_S6p233_E16p233.mp4,CP5,0.0,12306.976421011568,-3.785641562395034,0.23365912403093192,True,True,True,-4.108714481828803,0.0,1
LC_dv35_Tlc3p0_TTC04_CP1_S5p067_E15p067.mp4,CP1,106124.56722020725,133724.1439679736,2.0561789058983586,0.22538030138238008,True,False,True,-6.258642090803877,0.8,1
LC_dv35_Tlc3p0_TTC04_CP2_S5p367_E15p367.mp4,CP2,205793.62724887324,281809.1760218445,3.2473060696652603,0.1429335049615223,True,False,True,-2.9590019270767542,2.8000000000000003,1
LC_dv35_Tlc3p0_TTC04_CP3_S5p667_E15p667.mp4,CP3,0.0,55740.03550297048,-6.7453640134281745,0.24116153468320597,True,True,True,-8.0,0.0,1
LC_dv35_Tlc3p0_TTC04_CP4_S5p967_E15p967.mp4,CP4,0.0,7744.34312931087,-3.785641562395034,0.23365912403093192,True,True,True,-4.1087144818288035,0.0,1
LC_dv35_Tlc3p0_TTC04_CP5_S6p267_E16p267.mp4,CP5,0.0,14915.920160140578,-2.3590133407941223,0.2065670945903725,True,True,True,-6.112082742794168,0.0,1
LC_dv35_Tlc3p0_TTC05_CP1_S5p067_E15p067.mp4,CP1,334282.764018951,413100.2163071582,0.10003496556110836,0.2316509303925104,True,False,True,-2.376702273719919,2.2,1
LC_dv35_Tlc3p0_TTC05_CP3_S5p667_E15p667.mp4,CP3,0.0,4540.626156337403,-2.20676988011457,0.2008676922782536,True,True,True,-6.85459973273675,0.0,1
LC_dv35_Tlc3p0_TTC05_CP5_S6p267_E16p267.mp4,CP5,0.0,20791.089975246174,-3.26064542493027,0.2728916847484932,True,True,True,-3.26064542493027,0.0,1
LC_dv35_Tlc3p0_TTC06_CP1_S5p067_E15p067.mp4,CP1,0.0,4709.107026252487,-2.421948184741414,0.1929042144219222,True,True,True,-3.227724040242772,0.0,1
LC_dv35_Tlc3p0_TTC06_CP2_S5p367_E15p367.mp4,CP2,0.0,5984.536159449116,-3.333287825946144,0.1805863712216696,True,True,True,-4.535319956571292,0.0,1
LC_dv35_Tlc3p0_TTC06_CP4_S5p967_E15p967.mp4,CP4,0.0,5327.7775981832365,1.4865462536382688,0.18835783046548527,True,False,True,-3.6275565503617755,1.0,1
LC_dv35_Tlc4p0_TTC02_CP1_S5p067_E15p067.mp4,CP1,0.0,17499.41398456907,-2.2415376238862668,0.2693409098422613,True,True,True,-4.767939415971623,0.0,1
LC_dv35_Tlc4p0_TTC02_CP2_S5p367_E15p367.mp4,CP2,0.0,9809.547496605912,-3.785641562395034,0.23365912403093192,True,True,True,-4.108714481828803,0.0,1
LC_dv35_Tlc4p0_TTC02_CP3_S5p667_E15p667.mp4,CP3,0.0,37809.02434744724,-2.42809746794775,0.26781105659815824,True,True,True,-6.015144370832224,0.0,1
LC_dv35_Tlc4p0_TTC02_CP4_S5p967_E15p967.mp4,CP4,0.0,14642.254692678132,-0.5200472604321247,0.2214779467429341,True,False,True,-5.021206611795721,0.4,1
LC_dv35_Tlc4p0_TTC02_CP5_S6p267_E16p267.mp4,CP5,0.0,15018.99448607423,-0.3403956551764269,0.21221429973671666,True,False,True,-3.667166866991606,0.2,1
LC_dv35_Tlc4p0_TTC03_CP1_S5p067_E15p067.mp4,CP1,0.0,26221.45303393695,-3.2223780011259207,0.1946651882509564,True,True,True,-3.2223780011259207,0.0,1
LC_dv35_Tlc4p0_TTC03_CP2_S5p367_E15p367.mp4,CP2,0.0,3280.1732827247024,-3.785641562395034,0.23365912403093186,True,True,True,-4.108714481828803,0.0,1
LC_dv35_Tlc4p0_TTC03_CP3_S5p667_E15p667.mp4,CP3,0.0,15760.794194322523,-5.652357134742579,0.17948063953046872,True,True,True,-5.652357134742579,0.0,1
LC_dv35_Tlc4p0_TTC03_CP4_S5p967_E15p967.mp4,CP4,0.0,2829.570641799432,-3.785641562395034,0.23365912403093186,True,True,True,-4.108714481828803,0.0,1
LC_dv35_Tlc4p0_TTC03_CP5_S6p267_E16p267.mp4,CP5,35321.73722882355,70611.15918280659,-6.820928978476913,0.22544114824683503,True,True,True,-7.546146602911915,0.0,1
LC_dv35_Tlc4p0_TTC04_CP1_S5p067_E15p067.mp4,CP1,74565.58734427989,182686.26925017187,-2.039166216590631,0.1785945343346351,True,True,True,-4.816550046648397,0.0,1
LC_dv35_Tlc4p0_TTC04_CP2_S5p367_E15p367.mp4,CP2,303162.20628309634,332552.29596141,-2.2628786452605287,0.2619079084560664,True,True,True,-2.9289378381355364,0.0,1
LC_dv35_Tlc4p0_TTC04_CP3_S5p667_E15p667.mp4,CP3,0.0,42428.51038102639,1.2806021629426216,0.18575349897770735,True,False,True,-5.469806201656929,0.4,1
LC_dv35_Tlc4p0_TTC04_CP4_S5p967_E15p967.mp4,CP4,35344.04083778355,80788.61877134703,-7.370733985036631,0.20257630901141407,True,True,True,-7.370733985036631,0.0,1
LC_dv35_Tlc4p0_TTC04_CP5_S6p267_E16p267.mp4,CP5,0.0,11455.98051844864,-3.785641562395036,0.23365912403093192,True,True,True,-4.108714481828803,0.0,1
LC_dv35_Tlc4p0_TTC06_CP1_S5p067_E15p067.mp4,CP1,0.0,4706.955777717265,-0.6194553871266151,0.25209944765499687,True,True,True,-4.883614680051722,0.0,1
LC_dv35_Tlc4p0_TTC06_CP3_S5p667_E15p667.mp4,CP3,38608.026327763815,129261.49640276487,-4.021201938390915,0.2905262389392952,True,True,True,-5.326372637877981,0.0,1
LC_dv35_Tlc4p0_TTC06_CP5_S6p267_E16p267.mp4,CP5,190614.6357354544,219766.66229846157,-1.6601158355536572,0.1863938841857307,True,True,True,-5.605636749711618,0.0,1
LC_dv35_Tlc4p0_TTC07_CP1_S5p067_E15p067.mp4,CP1,0.0,4131.527148658993,-4.78373513736767,0.19165674699301238,True,True,True,-4.78373513736767,0.0,1
LC_dv35_Tlc4p0_TTC07_CP2_S5p367_E15p367.mp4,CP2,0.0,23568.210125233145,-2.9557624376732607,0.24064552418294452,True,True,True,-5.936747154191227,0.0,1
LC_dv35_Tlc4p0_TTC07_CP4_S5p967_E15p967.mp4,CP4,0.0,4529.983902090603,-2.3168793172109767,0.19074450885833788,True,True,True,-4.746319162786717,0.0,1
LC_dv42_Tlc2p0_TTC02_CP1_S5p033_E15p033.mp4,CP1,0.0,9015.336368878357,-5.320633991586201,0.19930475604887182,True,True,True,-5.320633991586201,0.0,1
LC_dv42_Tlc2p0_TTC02_CP2_S5p333_E15p333.mp4,CP2,0.0,3572.319726083576,-5.320633991586201,0.19930475604887182,True,True,True,-5.320633991586201,0.0,1
LC_dv42_Tlc2p0_TTC02_CP3_S5p633_E15p633.mp4,CP3,0.0,20449.614429013334,-3.528065134195385,0.20865016967833003,True,True,True,-3.528065134195385,0.0,1
LC_dv42_Tlc2p0_TTC02_CP4_S5p933_E15p933.mp4,CP4,0.0,8615.962789059842,-4.753729830311594,0.23299730620478382,True,True,True,-4.940193441768803,0.0,1
LC_dv42_Tlc2p0_TTC02_CP5_S6p233_E16p233.mp4,CP5,0.0,13087.707929750637,-4.584703674231208,0.2028700353009199,True,True,True,-4.584703674231208,0.0,1
LC_dv42_Tlc2p0_TTC03_CP1_S5p067_E15p067.mp4,CP1,0.0,10457.832998164642,1.3539106598627644,0.16610533014096399,True,False,True,-3.2436163698699083,0.4,1
LC_dv42_Tlc2p0_TTC03_CP2_S5p367_E15p367.mp4,CP2,0.0,8487.75787155415,-5.320633991586201,0.19930475604887182,True,True,True,-5.320633991586201,0.0,1
LC_dv42_Tlc2p0_TTC03_CP3_S5p667_E15p667.mp4,CP3,21192.249384623523,75721.6582667399,-3.171027065537391,0.27117492631961143,True,True,True,-3.6974671674491777,0.0,1
LC_dv42_Tlc2p0_TTC03_CP4_S5p967_E15p967.mp4,CP4,0.0,14529.431823262557,-2.110611357502023,0.17453489474237252,True,True,True,-2.3744470462209906,0.0,1
LC_dv42_Tlc2p0_TTC03_CP5_S6p267_E16p267.mp4,CP5,0.0,14390.518377449014,1.3539106598627644,0.16610533014096396,True,False,True,-3.2436163698699083,0.4,1
LC_dv42_Tlc2p0_TTC04_CP1_S5p067_E15p067.mp4,CP1,27652.94274239072,112581.7694102881,-2.08012601177835,0.1697987046855291,True,True,True,-3.1444733435829173,0.0,1
LC_dv42_Tlc2p0_TTC04_CP2_S5p367_E15p367.mp4,CP2,354421.1709563633,384617.5944180712,-5.919959973129156,0.19975735539851278,True,True,True,-5.919959973129156,0.0,1
LC_dv42_Tlc2p0_TTC04_CP3_S5p667_E15p667.mp4,CP3,0.0,27141.840650312708,0.1273783029518169,0.18005664621790227,True,False,True,-2.6344644219492555,1.8,1
LC_dv42_Tlc2p0_TTC04_CP4_S5p967_E15p967.mp4,CP4,0.0,13304.838972028849,-4.506156916760137,0.2574308826323725,True,True,True,-4.506156916760137,0.0,1
LC_dv42_Tlc2p0_TTC04_CP5_S6p267_E16p267.mp4,CP5,0.0,43741.13199167487,-0.734084577278288,0.17225519992649665,True,True,True,-5.128718362949574,0.0,1
LC_dv42_Tlc2p0_TTC05_CP1_S5p067_E15p067.mp4,CP1,0.0,6932.754123252708,-2.5188926533624194,0.26610889393427817,True,True,True,-4.474359764936931,0.0,1
LC_dv42_Tlc2p0_TTC05_CP3_S5p667_E15p667.mp4,CP3,0.0,6623.6695583021665,-2.8124597601097836,0.17458142810422508,True,True,True,-6.567248154256326,0.0,1
LC_dv42_Tlc2p0_TTC05_CP5_S6p267_E16p267.mp4,CP5,300277.73022120586,341747.653930049,-5.434425885323558,0.2925331136081023,True,True,True,-5.434425885323558,0.0,1
LC_dv42_Tlc2p0_TTC06_CP1_S5p067_E15p067.mp4,CP1,58910.79747924223,142763.35695560157,-3.0525362378179315,0.10977315911062499,True,True,True,-3.7763966901581614,0.0,1
LC_dv42_Tlc2p0_TTC06_CP2_S5p367_E15p367.mp4,CP2,110773.83841365183,151621.7991209404,0.15412791169568063,0.17365024971618093,True,False,True,-5.757881359294005,0.8,1
LC_dv42_Tlc2p0_TTC06_CP4_S5p967_E15p967.mp4,CP4,0.0,7412.387872718144,-2.1106113575020236,0.17453489474237252,True,True,True,-2.37444704622099,0.0,1
LC_dv42_Tlc3p0_TTC02_CP1_S5p067_E15p067.mp4,CP1,0.0,5800.901395875633,-5.320633991586201,0.19930475604887182,True,True,True,-5.320633991586201,0.0,1
LC_dv42_Tlc3p0_TTC02_CP2_S5p367_E15p367.mp4,CP2,0.0,13417.009548587606,-6.652492792544289,0.17055421313391972,True,True,True,-6.652492792544289,0.0,1
LC_dv42_Tlc3p0_TTC02_CP3_S5p667_E15p667.mp4,CP3,0.0,66797.49723167314,-4.91529732720006,0.2039768782433508,True,True,True,-7.76359773333054,0.0,1
LC_dv42_Tlc3p0_TTC02_CP4_S5p967_E15p967.mp4,CP4,0.0,15949.185836212448,-4.6343582819888915,0.15911222597853397,True,True,True,-4.6343582819888915,0.0,1
LC_dv42_Tlc3p0_TTC02_CP5_S6p267_E16p267.mp4,CP5,57527.284497356224,99105.06686795178,-6.138367192122109,0.22237100668121002,True,True,True,-6.138367192122109,0.0,1
LC_dv42_Tlc3p0_TTC03_CP1_S5p067_E15p067.mp4,CP1,0.0,10420.53848888393,1.3539106598627644,0.16610533014096399,True,False,True,-3.2436163698699083,0.4,1
LC_dv42_Tlc3p0_TTC03_CP2_S5p367_E15p367.mp4,CP2,0.0,7350.7542895786655,-4.295584371921829,0.25551807758924366,True,True,True,-4.295584371921829,0.0,1
LC_dv42_Tlc3p0_TTC03_CP3_S5p667_E15p667.mp4,CP3,0.0,6498.519869196179,-5.320633991586201,0.19930475604887182,True,True,True,-5.320633991586201,0.0,1
LC_dv42_Tlc3p0_TTC03_CP4_S5p967_E15p967.mp4,CP4,0.0,6590.302428396564,-2.110611357502023,0.17453489474237255,True,True,True,-2.3744470462209906,0.0,1
LC_dv42_Tlc3p0_TTC03_CP5_S6p267_E16p267.mp4,CP5,0.0,12980.716253992887,-4.570311048800891,0.21602087003853385,True,True,True,-6.140361419986251,0.0,1
LC_dv42_Tlc3p0_TTC04_CP1_S5p067_E15p067.mp4,CP1,29237.17232364237,112576.66892687506,-5.744175043321077,0.1935856787174996,True,True,True,-6.864341192598574,0.0,1
LC_dv42_Tlc3p0_TTC04_CP2_S5p367_E15p367.mp4,CP2,75957.08981924254,119760.29451724843,1.3486263030982668,0.2924160375759423,True,False,True,-1.8258121223018204,1.0,1
LC_dv42_Tlc3p0_TTC04_CP3_S5p667_E15p667.mp4,CP3,0.0,10230.239598914775,-4.708988568766969,0.23893782283802223,True,True,True,-4.708988568766969,0.0,1
LC_dv42_Tlc3p0_TTC04_CP4_S5p967_E15p967.mp4,CP4,0.0,10706.27462234719,-6.636585499843943,0.16424289928675698,True,True,True,-6.636585499843943,0.0,1
LC_dv42_Tlc3p0_TTC04_CP5_S6p267_E16p267.mp4,CP5,143966.92904854013,251216.08465263224,0.23252611865300032,0.16659047496768034,True,False,True,-5.9075147888033115,0.4,1
LC_dv42_Tlc3p0_TTC06_CP1_S5p067_E15p067.mp4,CP1,58867.92637967023,142684.253321295,-3.0525362378179315,0.10977315911062499,True,True,True,-3.7763966901581614,0.0,1
LC_dv42_Tlc3p0_TTC06_CP3_S5p667_E15p667.mp4,CP3,44555.598364292324,78759.49518497911,-4.507314218667586,0.22190969127332388,True,True,True,-7.021652938174988,0.0,1
LC_dv42_Tlc3p0_TTC06_CP5_S6p267_E16p267.mp4,CP5,10474.531108319683,32809.669041905196,-5.721305289160307,0.21633365533653925,True,True,True,-5.721305289160307,0.0,1
LC_dv42_Tlc3p0_TTC07_CP1_S5p033_E15p033.mp4,CP1,0.0,2740.2850005370533,3.4010400383750015,0.1763699620012333,True,False,True,-1.862028128462017,1.4000000000000001,1
LC_dv42_Tlc3p0_TTC07_CP2_S5p333_E15p333.mp4,CP2,7858.33782359133,33677.6626377058,-4.653572612467877,0.21253504202046708,True,True,True,-4.653572612467877,0.0,1
LC_dv42_Tlc3p0_TTC07_CP4_S5p933_E15p933.mp4,CP4,0.0,15277.644435288603,-0.4406684388946922,0.1924831585495187,True,False,True,-4.985177076768437,0.4,1
LC_dv42_Tlc4p0_TTC02_CP1_S5p067_E15p067.mp4,CP1,0.0,6497.987642026246,1.3539106598627644,0.16610533014096396,True,False,True,-3.2436163698699083,0.4,1
LC_dv42_Tlc4p0_TTC02_CP2_S5p367_E15p367.mp4,CP2,0.0,22102.90455009875,-0.2967235020273793,0.23367888622007804,True,False,True,-4.202453213895119,0.4,1
LC_dv42_Tlc4p0_TTC02_CP3_S5p667_E15p667.mp4,CP3,221184.30201300725,255397.87520468546,-2.7807946637003176,0.15608016342507133,True,True,True,-2.7807946637003176,0.0,1
LC_dv42_Tlc4p0_TTC02_CP4_S5p967_E15p967.mp4,CP4,0.0,59552.307513775275,-3.868263157255044,0.2626488446664702,True,True,True,-6.028268473401139,0.0,1
LC_dv42_Tlc4p0_TTC02_CP5_S6p267_E16p267.mp4,CP5,90453.33424720366,181946.9595459474,-0.26515625656337005,0.2043778573302565,True,False,True,-3.449932312579609,1.0,1
LC_dv42_Tlc4p0_TTC03_CP1_S5p067_E15p067.mp4,CP1,0.0,29342.29408768155,-8.0,0.3506860473659571,True,True,True,-8.0,0.0,1
LC_dv42_Tlc4p0_TTC03_CP2_S5p367_E15p367.mp4,CP2,0.0,9489.969545767599,-5.981026707247304,0.2646093418289411,True,True,True,-5.981026707247304,0.0,1
LC_dv42_Tlc4p0_TTC03_CP3_S5p667_E15p667.mp4,CP3,0.0,9839.326386065308,-2.110611357502023,0.17453489474237255,True,True,True,-2.3744470462209906,0.0,1
LC_dv42_Tlc4p0_TTC03_CP4_S5p967_E15p967.mp4,CP4,0.0,4320.573328937428,-5.320633991586201,0.19930475604887182,True,True,True,-5.320633991586201,0.0,1
LC_dv42_Tlc4p0_TTC03_CP5_S6p267_E16p267.mp4,CP5,0.0,7132.061047298883,-1.5639077697190298,0.3192435836997473,True,True,True,-6.359997450502929,0.0,1
LC_dv42_Tlc4p0_TTC04_CP1_S5p067_E15p067.mp4,CP1,29237.176508978824,112576.33925764101,-5.744175043321077,0.1935856787174996,True,True,True,-6.864341192598574,0.0,1
LC_dv42_Tlc4p0_TTC04_CP2_S5p367_E15p367.mp4,CP2,10791.663548044773,100685.47092480266,-4.10160139121425,0.3637047450917372,True,True,True,-5.561168238176079,0.0,1
LC_dv42_Tlc4p0_TTC04_CP3_S5p667_E15p667.mp4,CP3,0.0,4750.010859736436,-5.320633991586201,0.19930475604887182,True,True,True,-5.320633991586201,0.0,1
LC_dv42_Tlc4p0_TTC04_CP4_S5p967_E15p967.mp4,CP4,0.0,12334.028388148743,3.659021649469729,0.2760795729919398,True,False,True,-6.290230618882555,0.4,1
LC_dv42_Tlc4p0_TTC04_CP5_S6p267_E16p267.mp4,CP5,130193.44349585778,223375.95165091872,2.291059206436853,0.1623027364336647,True,False,True,-2.4123908211124814,0.8,1
LC_dv42_Tlc4p0_TTC05_CP1_S5p067_E15p067.mp4,CP1,122577.20669780392,288419.57664433593,1.026741841173141,0.2131969386994687,True,False,True,-4.913773556867492,2.2,1
LC_dv42_Tlc4p0_TTC05_CP2_S5p367_E15p367.mp4,CP2,0.0,6541.501629894557,-0.3560349594037078,0.2353092350712062,True,False,True,-4.761693737445365,0.4,1
LC_dv42_Tlc4p0_TTC05_CP4_S5p967_E15p967.mp4,CP4,8585.235624355839,42017.550594700704,-3.4674279749036603,0.2759503578979116,True,True,True,-7.294030009834896,0.0,1
LC_dv42_Tlc4p0_TTC07_CP1_S5p067_E15p067.mp4,CP1,450.78597479539894,50280.4285403746,-2.1787582292806897,0.2989571759958418,True,True,True,-2.20171584650203,0.0,1
LC_dv42_Tlc4p0_TTC07_CP3_S5p667_E15p667.mp4,CP3,0.0,127447.57600632549,-3.2735446965429946,0.18599233720432043,True,True,True,-5.978958779855391,0.0,1
LC_dv42_Tlc4p0_TTC07_CP5_S6p267_E16p267.mp4,CP5,0.0,3783.051416090813,-1.4459493280814646,0.39082145732526075,True,True,True,-5.229755268109894,0.0,1
LC_dv07_Tlc2p0_TTC02_CP1_S5p033_E15p033.mp4,CP1,16848.5399003643,35821.42796538228,-3.623906178518593,0.22043114748481613,True,True,True,-5.742889897826493,0.0,2
LC_dv07_Tlc2p0_TTC02_CP2_S5p333_E15p333.mp4,CP2,0.0,1933.6678776420201,1.2512817181550966,0.11420242374191956,True,False,True,-5.145036808279356,0.4,2
LC_dv07_Tlc2p0_TTC02_CP3_S5p633_E15p633.mp4,CP3,0.0,1932.8766727204008,1.2512817181550966,0.11420242374191956,True,False,True,-5.145036808279358,0.4,2
LC_dv07_Tlc2p0_TTC02_CP4_S5p933_E15p933.mp4,CP4,0.0,1933.6678776424353,1.2512817181550966,0.11420242374191956,True,False,True,-5.145036808279356,0.4,2
LC_dv07_Tlc2p0_TTC02_CP5_S6p233_E16p233.mp4,CP5,0.0,1454.8400860496909,-1.781179371692493,0.26266135678587815,True,True,True,-4.503930348361789,0.0,2
LC_dv07_Tlc2p0_TTC03_CP1_S5p033_E15p033.mp4,CP1,0.0,6660.465230286239,1.2512817181550961,0.11420242374191956,True,False,True,-5.145036808279358,0.4,2
LC_dv07_Tlc2p0_TTC03_CP2_S5p333_E15p333.mp4,CP2,0.0,1933.6678776420251,1.2512817181550966,0.11420242374191956,True,False,True,-5.145036808279356,0.4,2
LC_dv07_Tlc2p0_TTC03_CP3_S5p633_E15p633.mp4,CP3,0.0,1930.0401073721498,1.2512817181550966,0.11420242374191956,True,False,True,-5.145036808279356,0.4,2
LC_dv07_Tlc2p0_TTC03_CP4_S5p933_E15p933.mp4,CP4,0.0,1934.424438581146,-1.781179371692493,0.26266135678587815,True,True,True,-4.503930348361788,0.0,2
LC_dv07_Tlc2p0_TTC03_CP5_S6p233_E16p233.mp4,CP5,0.0,1454.8400860496909,-1.781179371692493,0.26266135678587815,True,True,True,-4.503930348361789,0.0,2
LC_dv07_Tlc2p0_TTC04_CP1_S5p067_E15p067.mp4,CP1,0.0,1454.8400860496909,-1.781179371692493,0.26266135678587815,True,True,True,-4.503930348361789,0.0,2
LC_dv07_Tlc2p0_TTC04_CP2_S5p367_E15p367.mp4,CP2,0.0,1932.8766727204177,1.2512817181550966,0.11420242374191956,True,False,True,-5.145036808279358,0.4,2
LC_dv07_Tlc2p0_TTC04_CP3_S5p667_E15p667.mp4,CP3,0.0,5085.636743779081,1.251281718155095,0.11420242374191956,True,False,True,-5.1450368082793565,0.4,2
LC_dv07_Tlc2p0_TTC04_CP4_S5p967_E15p967.mp4,CP4,0.0,1932.8766727199784,4.60556416899513,0.3050098739497906,True,False,True,-6.102043205424167,1.8,2
LC_dv07_Tlc2p0_TTC04_CP5_S6p267_E16p267.mp4,CP5,0.0,1932.8766727204008,1.2512817181550966,0.11420242374191956,True,False,True,-5.145036808279358,0.4,2
LC_dv07_Tlc2p0_TTC05_CP1_S5p067_E15p067.mp4,CP1,0.0,1454.8400860496909,-1.781179371692493,0.26266135678587815,True,True,True,-4.503930348361789,0.0,2
LC_dv07_Tlc2p0_TTC05_CP2_S5p367_E15p367.mp4,CP2,0.0,1937.851942468967,-2.224956992135793,0.21161066939907153,True,True,True,-4.340601147573957,0.0,2
LC_dv07_Tlc2p0_TTC05_CP4_S5p967_E15p967.mp4,CP4,998772.4197582816,1021007.0943800274,0.3083155179510416,0.1494072520767154,True,False,True,-3.5766284304549596,0.6000000000000001,2
LC_dv07_Tlc2p0_TTC07_CP1_S5p067_E15p067.mp4,CP1,0.0,1454.8400860496909,-1.781179371692493,0.26266135678587815,True,True,True,-4.503930348361789,0.0,2
LC_dv07_Tlc2p0_TTC07_CP3_S5p667_E15p667.mp4,CP3,0.0,5937.1434969145175,-3.484775086769731,0.2046226837710706,True,True,True,-3.9640951137119695,0.0,2
LC_dv07_Tlc2p0_TTC07_CP5_S6p267_E16p267.mp4,CP5,0.0,9929.69832838674,-1.884773263504311,0.27629651276630796,True,True,True,-5.4649041419258095,0.0,2
LC_dv07_Tlc3p0_TTC02_CP1_S5p067_E15p067.mp4,CP1,0.0,1452.3843864503285,-1.781179371692493,0.26266135678587815,True,True,True,-4.503930348361789,0.0,2
LC_dv07_Tlc3p0_TTC02_CP2_S5p367_E15p367.mp4,CP2,495090.3061148853,517497.7715920345,-0.6760668964919314,0.15172938110813483,True,True,True,-4.515145970440197,0.0,2
LC_dv07_Tlc3p0_TTC02_CP3_S5p667_E15p667.mp4,CP3,0.0,1933.667877642008,1.2512817181550966,0.11420242374191956,True,False,True,-5.145036808279356,0.4,2
LC_dv07_Tlc3p0_TTC02_CP4_S5p967_E15p967.mp4,CP4,0.0,1932.8766727199784,1.2512817181550966,0.11420242374191956,True,False,True,-5.145036808279358,0.4,2
LC_dv07_Tlc3p0_TTC02_CP5_S6p267_E16p267.mp4,CP5,1098.676894718781,26222.446742579,-5.9864828741294245,0.13775886431400355,True,True,True,-5.9864828741294245,0.0,2
LC_dv07_Tlc3p0_TTC03_CP1_S5p067_E15p067.mp4,CP1,0.0,1454.8400860496909,-1.781179371692493,0.26266135678587815,True,True,True,-4.503930348361789,0.0,2
LC_dv07_Tlc3p0_TTC03_CP2_S5p367_E15p367.mp4,CP2,495090.30611488543,517497.7715920346,-0.6760668964919319,0.15172938110813483,True,True,True,-4.515145970440197,0.0,2
LC_dv07_Tlc3p0_TTC03_CP3_S5p667_E15p667.mp4,CP3,0.0,1932.8766727199745,1.2512817181550966,0.11420242374191956,True,False,True,-5.145036808279358,0.4,2
LC_dv07_Tlc3p0_TTC03_CP4_S5p967_E15p967.mp4,CP4,0.0,1932.8766727199784,1.2512817181550966,0.11420242374191956,True,False,True,-5.145036808279358,0.4,2
LC_dv07_Tlc3p0_TTC03_CP5_S6p267_E16p267.mp4,CP5,51826.76625790064,74569.09987095615,-2.661436634197057,0.20831491418723386,True,True,True,-6.928537028917581,0.0,2
LC_dv07_Tlc3p0_TTC04_CP1_S5p033_E15p033.mp4,CP1,0.0,3057.432769444512,1.2512817181550966,0.11420242374191956,True,False,True,-5.145036808279358,0.4,2
LC_dv07_Tlc3p0_TTC04_CP2_S5p333_E15p333.mp4,CP2,0.0,1929.9628684943436,1.2512817181550966,0.11420242374191954,True,False,True,-5.145036808279356,0.4,2
LC_dv07_Tlc3p0_TTC04_CP3_S5p633_E15p633.mp4,CP3,0.0,1933.5036387892303,1.2512817181550966,0.11420242374191954,True,False,True,-5.145036808279356,0.4,2
LC_dv07_Tlc3p0_TTC04_CP4_S5p933_E15p933.mp4,CP4,0.0,1930.471285745317,-1.781179371692493,0.26266135678587815,True,True,True,-4.503930348361788,0.0,2
LC_dv07_Tlc3p0_TTC04_CP5_S6p233_E16p233.mp4,CP5,0.0,1476.4250932214213,-6.576010685897763,0.17221293815659708,True,True,True,-6.576010685897763,0.0,2
LC_dv07_Tlc3p0_TTC05_CP1_S5p067_E15p067.mp4,CP1,0.0,1454.8400860496909,-1.781179371692493,0.26266135678587815,True,True,True,-4.503930348361789,0.0,2
LC_dv07_Tlc3p0_TTC05_CP3_S5p667_E15p667.mp4,CP3,0.0,6547.76452261216,1.2512817181550961,0.11420242374191956,True,False,True,-5.145036808279356,0.4,2
LC_dv07_Tlc3p0_TTC05_CP5_S6p267_E16p267.mp4,CP5,0.0,2508.615437409568,1.2512817181550961,0.11420242374191956,True,False,True,-5.145036808279358,0.4,2
LC_dv07_Tlc3p0_TTC06_CP1_S5p067_E15p067.mp4,CP1,0.0,1932.8766727204008,1.2512817181550966,0.11420242374191956,True,False,True,-5.145036808279358,0.4,2
LC_dv07_Tlc3p0_TTC06_CP2_S5p367_E15p367.mp4,CP2,0.0,2059.4371833853165,1.2512817181550966,0.11420242374191956,True,False,True,-5.145036808279358,0.4,2
LC_dv07_Tlc3p0_TTC06_CP4_S5p967_E15p967.mp4,CP4,1001630.1768916366,1024982.3793801966,-4.27566137121252,0.1472544870353666,True,True,True,-6.638161897787821,0.0,2
LC_dv07_Tlc4p0_TTC02_CP1_S5p067_E15p067.mp4,CP1,0.0,1454.6901270709893,1.2512817181550966,0.11420242374191956,True,False,True,-5.145036808279358,0.4,2
LC_dv07_Tlc4p0_TTC02_CP2_S5p367_E15p367.mp4,CP2,495218.2137675718,517625.67924472096,-0.6760668964919314,0.15172938110813483,True,True,True,-4.515145970440197,0.0,2
LC_dv07_Tlc4p0_TTC02_CP3_S5p667_E15p667.mp4,CP3,0.0,1932.8766727199745,1.2512817181550966,0.11420242374191956,True,False,True,-5.145036808279358,0.4,2
LC_dv07_Tlc4p0_TTC02_CP4_S5p967_E15p967.mp4,CP4,0.0,1932.8766727199784,1.2512817181550966,0.11420242374191956,True,False,True,-5.145036808279358,0.4,2
LC_dv07_Tlc4p0_TTC02_CP5_S6p267_E16p267.mp4,CP5,0.0,18362.791056870657,-2.181290833965104,0.17028030311727732,True,True,True,-5.090692406452264,0.0,2
LC_dv07_Tlc4p0_TTC03_CP1_S5p067_E15p067.mp4,CP1,0.0,1455.5342504809496,-1.781179371692493,0.26266135678587815,True,True,True,-4.503930348361789,0.0,2
LC_dv07_Tlc4p0_TTC03_CP2_S5p367_E15p367.mp4,CP2,494714.0647450032,517126.2037835982,-0.6760668964919319,0.15172938110813483,True,True,True,-4.515145970440197,0.0,2
LC_dv07_Tlc4p0_TTC03_CP3_S5p667_E15p667.mp4,CP3,0.0,1933.5672603260714,1.2512817181550966,0.11420242374191956,True,False,True,-5.145036808279356,0.4,2
LC_dv07_Tlc4p0_TTC03_CP4_S5p967_E15p967.mp4,CP4,0.0,1930.379052207398,-1.781179371692493,0.26266135678587815,True,True,True,-4.503930348361788,0.0,2
LC_dv07_Tlc4p0_TTC03_CP5_S6p267_E16p267.mp4,CP5,38352.90111488871,61796.01347193045,0.8681803037588502,0.20454673445451013,True,False,True,-7.949786693855516,0.4,2
LC_dv07_Tlc4p0_TTC04_CP1_S5p033_E15p033.mp4,CP1,0.0,3502.549822681255,1.2512817181550961,0.11420242374191956,True,False,True,-5.145036808279356,0.4,2
LC_dv07_Tlc4p0_TTC04_CP2_S5p333_E15p333.mp4,CP2,0.0,1932.8766727199784,1.2512817181550966,0.11420242374191956,True,False,True,-5.145036808279358,0.4,2
LC_dv07_Tlc4p0_TTC04_CP3_S5p633_E15p633.mp4,CP3,0.0,1933.0289158348405,1.2512817181550966,0.11420242374191956,True,False,True,-5.145036808279358,0.4,2
LC_dv07_Tlc4p0_TTC04_CP4_S5p933_E15p933.mp4,CP4,0.0,1934.5340558945882,-1.781179371692493,0.26266135678587815,True,True,True,-4.503930348361788,0.0,2
LC_dv07_Tlc4p0_TTC04_CP5_S6p233_E16p233.mp4,CP5,0.0,1769.9838887742117,-6.2149003575068535,0.20618921617785313,True,True,True,-6.2149003575068535,0.0,2
LC_dv07_Tlc4p0_TTC06_CP1_S5p067_E15p067.mp4,CP1,0.0,1454.8400860496909,-1.781179371692493,0.26266135678587815,True,True,True,-4.503930348361789,0.0,2
LC_dv07_Tlc4p0_TTC06_CP3_S5p667_E15p667.mp4,CP3,0.0,7321.12755439176,1.2512817181550961,0.11420242374191956,True,False,True,-5.145036808279358,0.4,2
LC_dv07_Tlc4p0_TTC06_CP5_S6p267_E16p267.mp4,CP5,0.0,3722.7580296832416,-3.4847750867697314,0.2046226837710706,True,True,True,-3.9640951137119695,0.0,2
LC_dv07_Tlc4p0_TTC07_CP1_S5p067_E15p067.mp4,CP1,0.0,1454.8400860496909,-1.781179371692493,0.26266135678587815,True,True,True,-4.503930348361789,0.0,2
LC_dv07_Tlc4p0_TTC07_CP2_S5p367_E15p367.mp4,CP2,0.0,7037.264846471842,-1.6706661050992853,0.2075461455599736,True,True,True,-3.7588447329944907,0.0,2
LC_dv07_Tlc4p0_TTC07_CP4_S5p967_E15p967.mp4,CP4,1014359.3102213393,1035766.22604335,-0.6701732084047624,0.21417450186283182,True,True,True,-4.986334904276853,0.0,2
LC_dv14_Tlc2p0_TTC02_CP1_S5p067_E15p067.mp4,CP1,0.0,1933.849922554116,0.3044647933373328,0.3083090458350637,True,False,True,-1.8779577826667473,1.0,2
LC_dv14_Tlc2p0_TTC02_CP2_S5p367_E15p367.mp4,CP2,0.0,6393.519429319791,-3.633061878977677,0.33388210435932564,True,True,True,-5.60009136525792,0.0,2
LC_dv14_Tlc2p0_TTC02_CP3_S5p667_E15p667.mp4,CP3,0.0,30978.488709402518,0.8037833665437317,0.20887880055656577,True,False,True,-2.099300166728269,0.8,2
LC_dv14_Tlc2p0_TTC02_CP4_S5p967_E15p967.mp4,CP4,0.0,2412.1450994607876,0.30446479333733295,0.30830904583506374,True,False,True,-1.8779577826667473,1.0,2
LC_dv14_Tlc2p0_TTC02_CP5_S6p267_E16p267.mp4,CP5,70092.91507775417,99565.64938171131,-3.06670620288866,0.3065395775094307,True,True,True,-4.288904408077368,0.0,2
LC_dv14_Tlc2p0_TTC03_CP1_S5p067_E15p067.mp4,CP1,0.0,1935.6065302028956,0.3044647933373325,0.3083090458350637,True,False,True,-1.8779577826667473,1.0,2
LC_dv14_Tlc2p0_TTC03_CP2_S5p367_E15p367.mp4,CP2,0.0,4923.981543695775,1.1561994997648912,0.24342829186195977,True,False,True,-3.2385831502952325,0.8,2
LC_dv14_Tlc2p0_TTC03_CP3_S5p667_E15p667.mp4,CP3,10797.98914178276,35452.95955024856,-1.0281562068930123,0.1477415183592134,True,True,True,-5.193777290286577,0.0,2
LC_dv14_Tlc2p0_TTC03_CP4_S5p967_E15p967.mp4,CP4,1046448.1404783237,1064681.8605007266,0.9851127424271474,0.12386574232225132,True,False,True,-3.962076949703518,3.2,2
LC_dv14_Tlc2p0_TTC03_CP5_S6p267_E16p267.mp4,CP5,0.0,7993.097369624031,-1.2987895596767145,0.1968878425059202,True,True,True,-2.9280272659709117,0.0,2
LC_dv14_Tlc2p0_TTC04_CP1_S5p067_E15p067.mp4,CP1,0.0,1933.8499225541286,0.3044647933373328,0.3083090458350637,True,False,True,-1.8779577826667473,1.0,2
LC_dv14_Tlc2p0_TTC04_CP2_S5p367_E15p367.mp4,CP2,0.0,2588.253599899959,0.3044647933373328,0.3083090458350637,True,False,True,-1.8779577826667473,1.0,2
LC_dv14_Tlc2p0_TTC04_CP3_S5p667_E15p667.mp4,CP3,0.0,4644.4333482360935,0.3044647933373328,0.3083090458350637,True,False,True,-1.8779577826667473,1.0,2
LC_dv14_Tlc2p0_TTC04_CP4_S5p967_E15p967.mp4,CP4,0.0,1934.5702744602272,-5.604972767275653,0.22678873316616166,True,True,True,-5.604972767275653,0.0,2
LC_dv14_Tlc2p0_TTC04_CP5_S6p267_E16p267.mp4,CP5,11811.485545397034,42404.785594877634,-1.413187699090887,0.3583243235357657,True,True,True,-4.025139964907266,0.0,2
LC_dv14_Tlc2p0_TTC05_CP1_S5p067_E15p067.mp4,CP1,0.0,5879.260612583336,-1.8674745293357866,0.12831809365812377,True,True,True,-2.318324284811382,0.0,2
LC_dv14_Tlc2p0_TTC05_CP3_S5p667_E15p667.mp4,CP3,0.0,7531.415387809199,-2.170258060779093,0.5023822438793117,True,True,True,-3.2445751437664265,0.0,2
LC_dv14_Tlc2p0_TTC05_CP5_S6p267_E16p267.mp4,CP5,0.0,4821.786836257537,0.3044647933373328,0.3083090458350635,True,False,True,-1.8779577826667473,1.0,2
LC_dv14_Tlc2p0_TTC06_CP1_S5p067_E15p067.mp4,CP1,0.0,4479.253604513447,-1.2987895596767145,0.1968878425059202,True,True,True,-2.9280272659709117,0.0,2
LC_dv14_Tlc2p0_TTC06_CP2_S5p367_E15p367.mp4,CP2,0.0,4546.962442349488,0.3044647933373328,0.3083090458350635,True,False,True,-1.8779577826667482,1.0,2
LC_dv14_Tlc2p0_TTC06_CP4_S5p967_E15p967.mp4,CP4,0.0,3345.3035903372634,0.30446479333733295,0.30830904583506374,True,False,True,-1.8779577826667482,1.0,2
LC_dv14_Tlc3p0_TTC02_CP1_S5p033_E15p033.mp4,CP1,0.0,2215.2540568672225,0.3044647933373328,0.3083090458350637,True,False,True,-1.8779577826667473,1.0,2
LC_dv14_Tlc3p0_TTC02_CP2_S5p333_E15p333.mp4,CP2,0.0,2412.9290556891415,0.6308802261272402,0.3102919771918291,True,False,True,-2.7207899363975616,0.8,2
LC_dv14_Tlc3p0_TTC02_CP3_S5p633_E15p633.mp4,CP3,0.0,1933.849922554116,0.3044647933373328,0.3083090458350637,True,False,True,-1.8779577826667473,1.0,2
LC_dv14_Tlc3p0_TTC02_CP4_S5p933_E15p933.mp4,CP4,0.0,1933.8499225537053,0.3044647933373328,0.3083090458350637,True,False,True,-1.8779577826667473,1.0,2
LC_dv14_Tlc3p0_TTC02_CP5_S6p233_E16p233.mp4,CP5,0.0,1934.5702744598138,0.3044647933373328,0.3083090458350637,True,False,True,-1.8779577826667473,1.0,2
LC_dv14_Tlc3p0_TTC03_CP1_S5p067_E15p067.mp4,CP1,0.0,1933.849922554116,0.3044647933373328,0.3083090458350637,True,False,True,-1.8779577826667473,1.0,2
LC_dv14_Tlc3p0_TTC03_CP2_S5p367_E15p367.mp4,CP2,0.0,4935.95554138615,1.1561994997648912,0.24342829186195977,True,False,True,-3.2385831502952325,0.8,2
LC_dv14_Tlc3p0_TTC03_CP3_S5p667_E15p667.mp4,CP3,0.0,5574.072231594333,0.3044647933373328,0.3083090458350635,True,False,True,-1.8779577826667473,1.0,2
LC_dv14_Tlc3p0_TTC03_CP4_S5p967_E15p967.mp4,CP4,963914.6418913908,1067907.1875621772,3.506460783490899,0.2693077871315792,True,False,True,-1.8316159277489552,3.2,2
LC_dv14_Tlc3p0_TTC03_CP5_S6p267_E16p267.mp4,CP5,0.0,6569.29473344866,0.3044647933373328,0.3083090458350637,True,False,True,-1.8779577826667482,1.0,2
LC_dv14_Tlc3p0_TTC04_CP1_S5p067_E15p067.mp4,CP1,0.0,3328.1083489264784,-3.218354172943071,0.20008440491480642,True,True,True,-3.218354172943071,0.0,2
LC_dv14_Tlc3p0_TTC04_CP2_S5p367_E15p367.mp4,CP2,0.0,2050.3303339897006,0.3044647933373328,0.3083090458350637,True,False,True,-1.8779577826667473,1.0,2
LC_dv14_Tlc3p0_TTC04_CP3_S5p667_E15p667.mp4,CP3,0.0,3609.532919093809,0.30446479333733306,0.3083090458350637,True,False,True,-1.877957782666749,1.0,2
LC_dv14_Tlc3p0_TTC04_CP4_S5p967_E15p967.mp4,CP4,0.0,2412.145099460799,-2.0896640279338294,0.1980373896420513,True,True,True,-4.269840085074259,0.0,2
LC_dv14_Tlc3p0_TTC04_CP5_S6p267_E16p267.mp4,CP5,0.0,5233.261248681641,0.3044647933373328,0.3083090458350635,True,False,True,-1.8779577826667473,1.0,2
LC_dv14_Tlc3p0_TTC06_CP1_S5p067_E15p067.mp4,CP1,0.0,4541.198727548824,-1.2987895596767145,0.1968878425059202,True,True,True,-2.9280272659709117,0.0,2
LC_dv14_Tlc3p0_TTC06_CP3_S5p667_E15p667.mp4,CP3,0.0,3738.492247044478,0.3044647933373328,0.3083090458350637,True,False,True,-1.8779577826667473,1.0,2
LC_dv14_Tlc3p0_TTC06_CP5_S6p267_E16p267.mp4,CP5,0.0,17308.34102659344,-0.8019457600996569,0.11964500068656972,True,True,True,-4.117565194981031,0.0,2
LC_dv14_Tlc3p0_TTC07_CP1_S5p067_E15p067.mp4,CP1,0.0,2780.3041105309567,0.3044647933373328,0.3083090458350637,True,False,True,-1.8779577826667473,1.0,2
LC_dv14_Tlc3p0_TTC07_CP2_S5p367_E15p367.mp4,CP2,159570.32689499372,178321.68120612443,-1.8645189671482214,0.19196701770689462,True,True,True,-3.8156134695564328,0.0,2
LC_dv14_Tlc3p0_TTC07_CP4_S5p967_E15p967.mp4,CP4,0.0,7158.81377924672,-2.8030228583295798,0.20718718995183644,True,True,True,-2.8030228583295798,0.0,2
LC_dv14_Tlc4p0_TTC02_CP1_S5p067_E15p067.mp4,CP1,0.0,1933.8499225541286,0.3044647933373328,0.3083090458350637,True,False,True,-1.8779577826667473,1.0,2
LC_dv14_Tlc4p0_TTC02_CP2_S5p367_E15p367.mp4,CP2,0.0,6384.3025159568015,-5.148903992858454,0.18357585366213336,True,True,True,-5.148903992858454,0.0,2
LC_dv14_Tlc4p0_TTC02_CP3_S5p667_E15p667.mp4,CP3,0.0,1933.849922553693,0.3044647933373328,0.3083090458350637,True,False,True,-1.8779577826667473,1.0,2
LC_dv14_Tlc4p0_TTC02_CP4_S5p967_E15p967.mp4,CP4,0.0,1933.8499225540972,0.3044647933373328,0.3083090458350637,True,False,True,-1.8779577826667473,1.0,2
LC_dv14_Tlc4p0_TTC02_CP5_S6p267_E16p267.mp4,CP5,66844.0754448099,94236.28563866203,-4.624808409581466,0.1190165100646759,True,True,True,-6.453857549185327,0.0,2
LC_dv14_Tlc4p0_TTC03_CP1_S5p067_E15p067.mp4,CP1,0.0,1933.849922554116,0.3044647933373328,0.3083090458350637,True,False,True,-1.8779577826667473,1.0,2
LC_dv14_Tlc4p0_TTC03_CP2_S5p367_E15p367.mp4,CP2,0.0,4930.262788668457,1.079426061936478,0.11896356973032066,True,False,True,-4.572102507476794,0.6000000000000001,2
LC_dv14_Tlc4p0_TTC03_CP3_S5p667_E15p667.mp4,CP3,0.0,21024.505011415284,-3.525684730429327,0.4440384435791709,True,True,True,-6.642299289182522,0.0,2
LC_dv14_Tlc4p0_TTC03_CP4_S5p967_E15p967.mp4,CP4,1032421.924652704,1070656.9241684768,4.515462231736481,0.23557569207107698,True,False,False,-0.5910956999066642,,2
LC_dv14_Tlc4p0_TTC03_CP5_S6p267_E16p267.mp4,CP5,0.0,1935.4990414083973,0.3044647933373325,0.3083090458350637,True,False,True,-1.8779577826667473,1.0,2
LC_dv14_Tlc4p0_TTC04_CP1_S5p067_E15p067.mp4,CP1,0.0,3362.735147856175,-3.218354172943071,0.20008440491480642,True,True,True,-3.218354172943071,0.0,2
LC_dv14_Tlc4p0_TTC04_CP2_S5p367_E15p367.mp4,CP2,0.0,2127.9337557452154,0.3044647933373328,0.3083090458350637,True,False,True,-1.8779577826667473,1.0,2
LC_dv14_Tlc4p0_TTC04_CP3_S5p667_E15p667.mp4,CP3,0.0,22470.24743627525,-3.0044450369018714,0.25577401828889185,True,True,True,-5.105727345250216,0.0,2
LC_dv14_Tlc4p0_TTC04_CP4_S5p967_E15p967.mp4,CP4,0.0,2412.1450994607876,-3.0979136874850655,0.23788432394202624,True,True,True,-3.758794280858539,0.0,2
LC_dv14_Tlc4p0_TTC04_CP5_S6p267_E16p267.mp4,CP5,0.0,4287.824140186282,0.3044647933373328,0.3083090458350635,True,False,True,-1.8779577826667473,1.0,2
LC_dv14_Tlc4p0_TTC05_CP1_S5p033_E15p033.mp4,CP1,0.0,9407.506112483537,-1.2987895596767145,0.19688784250592023,True,True,True,-2.928027265970911,0.0,2
LC_dv14_Tlc4p0_TTC05_CP2_S5p333_E15p333.mp4,CP2,0.0,6662.494892018485,-2.1046347377577317,0.3192295851450391,True,True,True,-3.9324478690378695,0.0,2
LC_dv14_Tlc4p0_TTC05_CP4_S5p933_E15p933.mp4,CP4,0.0,3329.4346865712278,1.2589363464634047,0.32558192014172793,True,False,True,-5.9201984346789045,0.8,2
LC_dv14_Tlc4p0_TTC07_CP1_S5p067_E15p067.mp4,CP1,0.0,2740.8155646442965,0.3044647933373328,0.3083090458350637,True,False,True,-1.8779577826667473,1.0,2
LC_dv14_Tlc4p0_TTC07_CP3_S5p667_E15p667.mp4,CP3,0.0,8600.454264154356,0.717443038385643,0.12727849671667316,True,False,True,-4.774595019120335,0.8,2
LC_dv14_Tlc4p0_TTC07_CP5_S6p267_E16p267.mp4,CP5,0.0,7836.1033486470005,-1.2987895596767145,0.1968878425059202,True,True,True,-2.928027265970911,0.0,2
LC_dv21_Tlc2p0_TTC02_CP1_S5p067_E15p067.mp4,CP1,0.0,1934.7230470164363,0.948549795926153,0.275587551918815,True,False,True,-4.512056442957993,1.0,2
LC_dv21_Tlc2p0_TTC02_CP2_S5p367_E15p367.mp4,CP2,0.0,6375.573552856578,-0.8968139485378296,0.3043034054709979,True,True,True,-3.7955785816620455,0.0,2
LC_dv21_Tlc2p0_TTC02_CP3_S5p667_E15p667.mp4,CP3,45303.48565228226,82918.99924233006,-5.372883805030468,0.22332913524884176,True,True,True,-5.577107103037558,0.0,2
LC_dv21_Tlc2p0_TTC02_CP4_S5p967_E15p967.mp4,CP4,0.0,1934.8741669887768,-0.030267177366276266,0.19313167547895765,True,False,True,-3.1612852687814117,0.8,2
LC_dv21_Tlc2p0_TTC02_CP5_S6p267_E16p267.mp4,CP5,0.0,2932.6381698769273,1.4613820942772577,0.20972304758367855,True,False,True,-3.736372019295814,0.6000000000000001,2
LC_dv21_Tlc2p0_TTC03_CP1_S5p067_E15p067.mp4,CP1,0.0,7751.71069248763,-0.8968139485378298,0.3043034054709979,True,True,True,-3.7955785816620455,0.0,2
LC_dv21_Tlc2p0_TTC03_CP2_S5p367_E15p367.mp4,CP2,0.0,2413.2441140365295,-0.03026717736627621,0.19313167547895765,True,False,True,-3.1612852687814117,0.8,2
LC_dv21_Tlc2p0_TTC03_CP3_S5p667_E15p667.mp4,CP3,0.0,7842.796985803836,-0.8968139485378298,0.3043034054709979,True,True,True,-3.7955785816620455,0.0,2
LC_dv21_Tlc2p0_TTC03_CP4_S5p967_E15p967.mp4,CP4,0.0,1934.7230470159648,-3.9157913436703473,0.2254359808944244,True,True,True,-4.155412487413981,0.0,2
LC_dv21_Tlc2p0_TTC03_CP5_S6p267_E16p267.mp4,CP5,0.0,8443.370102739642,1.4613820942772573,0.2097230475836786,True,False,True,-3.7363720192958145,0.6000000000000001,2
LC_dv21_Tlc2p0_TTC04_CP1_S5p067_E15p067.mp4,CP1,0.0,4930.608709779626,0.948549795926153,0.275587551918815,True,False,True,-4.512056442957993,1.0,2
LC_dv21_Tlc2p0_TTC04_CP2_S5p367_E15p367.mp4,CP2,0.0,6810.376707905764,-0.03026717736627621,0.19313167547895765,True,False,True,-3.1612852687814117,0.8,2
LC_dv21_Tlc2p0_TTC04_CP3_S5p667_E15p667.mp4,CP3,0.0,4117.409795746633,-0.030267177366276266,0.19313167547895765,True,False,True,-3.1612852687814117,0.8,2
LC_dv21_Tlc2p0_TTC04_CP4_S5p967_E15p967.mp4,CP4,0.0,6235.616183382715,0.948549795926153,0.27558755191881495,True,False,True,-4.512056442957993,1.0,2
LC_dv21_Tlc2p0_TTC04_CP5_S6p267_E16p267.mp4,CP5,0.0,10861.850497977475,-0.03026717736627621,0.19313167547895765,True,False,True,-3.1612852687814117,0.8,2
LC_dv21_Tlc2p0_TTC05_CP1_S5p067_E15p067.mp4,CP1,251970.07002749105,284572.6294093028,0.19071275738457302,0.22754718332912438,True,False,True,-4.032157897452149,4.4,2
LC_dv21_Tlc2p0_TTC05_CP2_S5p367_E15p367.mp4,CP2,0.0,2962.1150534935846,-0.03026717736627621,0.19313167547895765,True,False,True,-3.1612852687814117,0.8,2
LC_dv21_Tlc2p0_TTC05_CP4_S5p967_E15p967.mp4,CP4,0.0,10008.21144117222,-1.9412182663617894,0.1266699722148263,True,True,True,-2.7240446219030554,0.0,2
LC_dv21_Tlc2p0_TTC07_CP1_S5p033_E15p033.mp4,CP1,0.0,8114.178344391978,-0.42256841782873045,0.15875653701430054,True,False,True,-7.587335994473413,0.4,2
LC_dv21_Tlc2p0_TTC07_CP3_S5p633_E15p633.mp4,CP3,138189.72063943403,170420.4038462291,-2.848158631172404,0.19476534197880596,True,True,True,-5.959489249447612,0.0,2
LC_dv21_Tlc2p0_TTC07_CP5_S6p233_E16p233.mp4,CP5,198705.660145694,249241.84705579135,-3.5076105614882063,0.2130853557447256,True,True,True,-7.353442031267823,0.0,2
LC_dv21_Tlc3p0_TTC02_CP1_S5p067_E15p067.mp4,CP1,0.0,1934.7230470164363,0.948549795926153,0.275587551918815,True,False,True,-4.512056442957993,1.0,2
LC_dv21_Tlc3p0_TTC02_CP2_S5p367_E15p367.mp4,CP2,0.0,6403.932266330742,-0.8968139485378296,0.3043034054709979,True,True,True,-3.7955785816620455,0.0,2
LC_dv21_Tlc3p0_TTC02_CP3_S5p667_E15p667.mp4,CP3,0.0,1931.8857154265959,-0.030267177366276266,0.19313167547895765,True,False,True,-3.1612852687814117,0.8,2
LC_dv21_Tlc3p0_TTC02_CP4_S5p967_E15p967.mp4,CP4,0.0,1934.7230470159648,0.948549795926153,0.275587551918815,True,False,True,-4.512056442957993,1.0,2
LC_dv21_Tlc3p0_TTC02_CP5_S6p267_E16p267.mp4,CP5,0.0,2413.394687773771,-0.03026717736627621,0.19313167547895765,True,False,True,-3.1612852687814117,0.8,2
LC_dv21_Tlc3p0_TTC03_CP1_S5p067_E15p067.mp4,CP1,0.0,6419.945503639522,0.948549795926153,0.275587551918815,True,False,True,-4.512056442957993,1.0,2
LC_dv21_Tlc3p0_TTC03_CP2_S5p367_E15p367.mp4,CP2,0.0,2437.6916092276806,-0.030267177366276266,0.19313167547895765,True,False,True,-3.1612852687814117,0.8,2
LC_dv21_Tlc3p0_TTC03_CP3_S5p667_E15p667.mp4,CP3,0.0,6838.9795760455645,-0.03026717736627621,0.19313167547895765,True,False,True,-3.1612852687814117,0.8,2
LC_dv21_Tlc3p0_TTC03_CP4_S5p967_E15p967.mp4,CP4,0.0,11010.627875328364,-0.030267177366276266,0.19313167547895765,True,False,True,-3.1612852687814117,0.8,2
LC_dv21_Tlc3p0_TTC03_CP5_S6p267_E16p267.mp4,CP5,8119.866787739571,40149.919510195534,-6.010356629470108,0.19475445618685233,True,True,True,-6.801249328628009,0.0,2
LC_dv21_Tlc3p0_TTC04_CP1_S5p067_E15p067.mp4,CP1,0.0,4901.768460800815,-0.030267177366276266,0.19313167547895765,True,False,True,-3.1612852687814117,0.8,2
LC_dv21_Tlc3p0_TTC04_CP2_S5p367_E15p367.mp4,CP2,0.0,6628.566951204935,-0.03026717736627621,0.19313167547895765,True,False,True,-3.1612852687814117,0.8,2
LC_dv21_Tlc3p0_TTC04_CP3_S5p667_E15p667.mp4,CP3,0.0,11699.70421859673,-1.010459024390823,0.3170561006279083,True,True,True,-3.337075328440933,0.0,2
LC_dv21_Tlc3p0_TTC04_CP4_S5p967_E15p967.mp4,CP4,0.0,3731.7164884154495,-0.030267177366276266,0.19313167547895765,True,False,True,-3.1612852687814117,0.8,2
LC_dv21_Tlc3p0_TTC04_CP5_S6p267_E16p267.mp4,CP5,0.0,9183.119003611499,-0.030267177366275932,0.19313167547895765,True,False,True,-3.1612852687814117,0.8,2
LC_dv21_Tlc3p0_TTC05_CP1_S5p067_E15p067.mp4,CP1,252139.70136318536,284798.6849827174,0.19071275738457302,0.22754718332912438,True,False,True,-4.032157897452149,4.4,2
LC_dv21_Tlc3p0_TTC05_CP3_S5p667_E15p667.mp4,CP3,0.0,7308.194747411832,-1.1731213928090691,0.2659071303265858,True,True,True,-5.463997696313261,0.0,2
LC_dv21_Tlc3p0_TTC05_CP5_S6p267_E16p267.mp4,CP5,0.0,8800.325580052837,-0.8968139485378298,0.3043034054709979,True,True,True,-3.7955785816620455,0.0,2
LC_dv21_Tlc3p0_TTC06_CP1_S5p067_E15p067.mp4,CP1,0.0,7093.565604095998,0.5274079044622697,0.21892112350672271,True,False,True,-2.1344099104226584,0.6000000000000001,2
LC_dv21_Tlc3p0_TTC06_CP2_S5p367_E15p367.mp4,CP2,384905.515346074,417296.7119148282,1.3073803011177876,0.19955545601032534,True,False,True,-5.038658186044102,0.4,2
LC_dv21_Tlc3p0_TTC06_CP4_S5p967_E15p967.mp4,CP4,288136.39505474997,368272.73843555234,1.3403119371377457,0.39082457929533354,True,False,True,-2.5905112684738554,1.0,2
LC_dv21_Tlc4p0_TTC02_CP1_S5p067_E15p067.mp4,CP1,0.0,1934.7230470164363,0.948549795926153,0.275587551918815,True,False,True,-4.512056442957993,1.0,2
LC_dv21_Tlc4p0_TTC02_CP2_S5p367_E15p367.mp4,CP2,0.0,6350.024972902503,-0.8968139485378296,0.3043034054709979,True,True,True,-3.7955785816620455,0.0,2
LC_dv21_Tlc4p0_TTC02_CP3_S5p667_E15p667.mp4,CP3,0.0,1934.8741669892208,-0.030267177366276266,0.19313167547895765,True,False,True,-3.1612852687814117,0.8,2
LC_dv21_Tlc4p0_TTC02_CP4_S5p967_E15p967.mp4,CP4,0.0,1931.8857154261727,-0.030267177366276266,0.19313167547895765,True,False,True,-3.1612852687814117,0.8,2
LC_dv21_Tlc4p0_TTC02_CP5_S6p267_E16p267.mp4,CP5,0.0,6147.20254539346,-0.030267177366276266,0.19313167547895765,True,False,True,-3.1612852687814117,0.8,2
LC_dv21_Tlc4p0_TTC03_CP1_S5p067_E15p067.mp4,CP1,0.0,7767.857718447562,-0.8968139485378298,0.3043034054709979,True,True,True,-3.7955785816620455,0.0,2
LC_dv21_Tlc4p0_TTC03_CP2_S5p367_E15p367.mp4,CP2,0.0,2413.3946877733306,-0.03026717736627621,0.19313167547895765,True,False,True,-3.1612852687814117,0.8,2
LC_dv21_Tlc4p0_TTC03_CP3_S5p667_E15p667.mp4,CP3,0.0,10058.036115879566,1.4613820942772573,0.2097230475836786,True,False,True,-3.736372019295816,0.6000000000000001,2
LC_dv21_Tlc4p0_TTC03_CP4_S5p967_E15p967.mp4,CP4,0.0,1934.8741669887768,-3.9157913436703473,0.2254359808944244,True,True,True,-4.155412487413981,0.0,2
LC_dv21_Tlc4p0_TTC03_CP5_S6p267_E16p267.mp4,CP5,0.0,5117.355389101622,-0.03026717736627621,0.19313167547895765,True,False,True,-3.1612852687814117,0.8,2
LC_dv21_Tlc4p0_TTC04_CP1_S5p067_E15p067.mp4,CP1,0.0,3975.1446767916855,-0.030267177366276266,0.19313167547895765,True,False,True,-3.1612852687814117,0.8,2
LC_dv21_Tlc4p0_TTC04_CP2_S5p367_E15p367.mp4,CP2,0.0,6305.874813453532,-0.03026717736627621,0.19313167547895765,True,False,True,-3.1612852687814117,0.8,2
LC_dv21_Tlc4p0_TTC04_CP3_S5p667_E15p667.mp4,CP3,0.0,6188.834558876942,0.948549795926153,0.275587551918815,True,False,True,-4.512056442957993,1.0,2
LC_dv21_Tlc4p0_TTC04_CP4_S5p967_E15p967.mp4,CP4,0.0,8886.286716608065,-0.8968139485378298,0.3043034054709979,True,True,True,-3.7955785816620455,0.0,2
LC_dv21_Tlc4p0_TTC04_CP5_S6p267_E16p267.mp4,CP5,0.0,7806.3530026366725,-0.03026717736627621,0.19313167547895765,True,False,True,-3.1612852687814117,0.8,2
LC_dv21_Tlc4p0_TTC06_CP1_S5p067_E15p067.mp4,CP1,0.0,7084.359108602208,0.5274079044622697,0.21892112350672271,True,False,True,-2.1344099104226584,0.6000000000000001,2
LC_dv21_Tlc4p0_TTC06_CP3_S5p667_E15p667.mp4,CP3,7644.88443627187,26505.283925027317,-5.383849090915517,0.16554048977649763,True,True,True,-5.383849090915517,0.0,2
LC_dv21_Tlc4p0_TTC06_CP5_S6p267_E16p267.mp4,CP5,0.0,3556.3080431248713,0.5274079044622697,0.21892112350672271,True,False,True,-2.1344099104226584,0.6000000000000001,2
LC_dv21_Tlc4p0_TTC07_CP1_S5p033_E15p033.mp4,CP1,0.0,8169.771364743132,-0.8968139485378296,0.3043034054709979,True,True,True,-3.7955785816620464,0.0,2
LC_dv21_Tlc4p0_TTC07_CP2_S5p333_E15p333.mp4,CP2,0.0,3537.1097960933025,-0.47994483021473444,0.15542540311195482,True,False,True,-8.0,0.4,2
LC_dv21_Tlc4p0_TTC07_CP4_S5p933_E15p933.mp4,CP4,0.0,4207.337486903955,-0.03026717736627621,0.19313167547895765,True,False,True,-3.1612852687814117,0.8,2
LC_dv28_Tlc2p0_TTC02_CP1_S5p067_E15p067.mp4,CP1,0.0,7562.366826223683,-4.560912318502442,0.20753682000832452,True,True,True,-4.560912318502442,0.0,2
LC_dv28_Tlc2p0_TTC02_CP2_S5p367_E15p367.mp4,CP2,0.0,9239.284735099101,-0.33592993399974214,0.1786026945582973,True,False,True,-5.196198412023669,0.2,2
LC_dv28_Tlc2p0_TTC02_CP3_S5p667_E15p667.mp4,CP3,0.0,8077.275112439108,-2.0517927495684702,0.1798598835707549,True,True,True,-5.755427855342138,0.0,2
LC_dv28_Tlc2p0_TTC02_CP4_S5p967_E15p967.mp4,CP4,0.0,2414.328338642976,-2.4281999353467865,0.16157631700435185,True,True,True,-4.630737368740432,0.0,2
LC_dv28_Tlc2p0_TTC02_CP5_S6p267_E16p267.mp4,CP5,0.0,24309.24364752497,-2.218173132487144,0.20257769796393651,True,True,True,-3.1289998190031314,0.0,2
LC_dv28_Tlc2p0_TTC03_CP1_S5p067_E15p067.mp4,CP1,0.0,4857.0512924102095,-4.560912318502442,0.20753682000832452,True,True,True,-4.560912318502442,0.0,2
LC_dv28_Tlc2p0_TTC03_CP2_S5p367_E15p367.mp4,CP2,0.0,9835.579433255252,-6.208777334889081,0.3236313950957862,True,True,True,-6.208777334889081,0.0,2
LC_dv28_Tlc2p0_TTC03_CP3_S5p667_E15p667.mp4,CP3,0.0,10528.546934946495,0.5132886919184507,0.2527108609455835,True,False,True,-6.735031906810005,0.6000000000000001,2
LC_dv28_Tlc2p0_TTC03_CP4_S5p967_E15p967.mp4,CP4,0.0,8767.299207466647,-2.857681863482674,0.14554666098130947,True,True,True,-3.8966620447616225,0.0,2
LC_dv28_Tlc2p0_TTC03_CP5_S6p267_E16p267.mp4,CP5,0.0,15698.728822695542,-1.6822775414846896,0.30120744666391164,True,True,True,-2.9900421136014854,0.0,2
LC_dv28_Tlc2p0_TTC04_CP1_S5p067_E15p067.mp4,CP1,280222.96558765805,305910.2834139997,-4.776529756350843,0.2397305164150666,True,True,True,-4.776529756350843,0.0,2
LC_dv28_Tlc2p0_TTC04_CP2_S5p367_E15p367.mp4,CP2,10103.91397846587,37488.839826741525,-1.1289775707265903,0.12061397645348113,True,True,True,-6.559473633590113,0.0,2
LC_dv28_Tlc2p0_TTC04_CP3_S5p667_E15p667.mp4,CP3,211117.29525821572,263618.7680349488,-4.474213432931374,0.17057981094402905,True,True,True,-7.3630371143172,0.0,2
LC_dv28_Tlc2p0_TTC04_CP4_S5p967_E15p967.mp4,CP4,0.0,15487.399733662234,-2.681201999342422,0.3930469693021914,True,True,True,-3.576750653684196,0.0,2
LC_dv28_Tlc2p0_TTC04_CP5_S6p267_E16p267.mp4,CP5,0.0,22072.084011386494,-1.6822775414846896,0.30120744666391147,True,True,True,-2.9900421136014854,0.0,2
LC_dv28_Tlc2p0_TTC05_CP1_S5p067_E15p067.mp4,CP1,0.0,25914.62257651488,-3.9662861240451224,0.21265409056235585,True,True,True,-4.453764305244306,0.0,2
LC_dv28_Tlc2p0_TTC05_CP3_S5p667_E15p667.mp4,CP3,0.0,17345.170745197465,-2.087504596396136,0.4440169941259664,True,True,True,-5.099391142234543,0.0,2
LC_dv28_Tlc2p0_TTC05_CP5_S6p267_E16p267.mp4,CP5,0.0,13039.246932562426,-2.246414464941759,0.12936596638968897,True,True,True,-3.767253649207259,0.0,2
LC_dv28_Tlc2p0_TTC06_CP1_S5p033_E15p033.mp4,CP1,0.0,3897.444394622355,0.09176580302459503,0.18533249433583363,True,False,True,-2.2305117653530835,0.4,2
LC_dv28_Tlc2p0_TTC06_CP2_S5p333_E15p333.mp4,CP2,38891.1563768282,64310.606963960185,-4.2648015899434855,0.360645942556132,True,True,True,-7.188131748651232,0.0,2
LC_dv28_Tlc2p0_TTC06_CP4_S5p933_E15p933.mp4,CP4,170153.17225298777,208710.46976221245,-3.092592936537924,0.4375721040777426,True,True,True,-8.0,0.0,2
LC_dv28_Tlc3p0_TTC02_CP1_S5p033_E15p033.mp4,CP1,0.0,4619.072630267481,0.5132886919184507,0.2527108609455835,True,False,True,-6.735031906810005,0.6000000000000001,2
LC_dv28_Tlc3p0_TTC02_CP2_S5p333_E15p333.mp4,CP2,0.0,6839.076202813329,-2.0517927495684702,0.1798598835707549,True,True,True,-5.755427855342138,0.0,2
LC_dv28_Tlc3p0_TTC02_CP3_S5p633_E15p633.mp4,CP3,0.0,5229.802977638405,-2.421072105542314,0.15761986366243608,True,True,True,-2.621717134058689,0.0,2
LC_dv28_Tlc3p0_TTC02_CP4_S5p933_E15p933.mp4,CP4,0.0,2414.3283386425646,-1.0562584057911355,0.1633670315366556,True,True,True,-4.486093021033115,0.0,2
LC_dv28_Tlc3p0_TTC02_CP5_S6p233_E16p233.mp4,CP5,0.0,12510.03970196727,-2.9873578914022887,0.13901566781249183,True,True,True,-3.743143666635515,0.0,2
LC_dv28_Tlc3p0_TTC03_CP1_S5p067_E15p067.mp4,CP1,0.0,4926.227696585437,-4.560912318502442,0.20753682000832452,True,True,True,-4.560912318502442,0.0,2
LC_dv28_Tlc3p0_TTC03_CP2_S5p367_E15p367.mp4,CP2,0.0,7144.139831037198,-2.9873578914022882,0.1390156678124919,True,True,True,-3.743143666635515,0.0,2
LC_dv28_Tlc3p0_TTC03_CP3_S5p667_E15p667.mp4,CP3,0.0,6553.759270717747,-4.560912318502442,0.20753682000832452,True,True,True,-4.560912318502442,0.0,2
LC_dv28_Tlc3p0_TTC03_CP4_S5p967_E15p967.mp4,CP4,0.0,3372.123453653068,-2.421072105542314,0.15761986366243605,True,True,True,-2.621717134058689,0.0,2
LC_dv28_Tlc3p0_TTC03_CP5_S6p267_E16p267.mp4,CP5,0.0,4921.343672467121,-2.421072105542314,0.15761986366243605,True,True,True,-2.621717134058689,0.0,2
LC_dv28_Tlc3p0_TTC04_CP1_S5p067_E15p067.mp4,CP1,280096.39286755683,305876.1242078243,-4.776529756350843,0.2397305164150666,True,True,True,-4.776529756350843,0.0,2
LC_dv28_Tlc3p0_TTC04_CP2_S5p367_E15p367.mp4,CP2,0.0,10119.208657359166,-2.313145711684787,0.13921822986670088,True,True,True,-5.655669753831876,0.0,2
LC_dv28_Tlc3p0_TTC04_CP3_S5p667_E15p667.mp4,CP3,0.0,3883.9263618854657,-2.421072105542314,0.15761986366243605,True,True,True,-2.621717134058689,0.0,2
LC_dv28_Tlc3p0_TTC04_CP4_S5p967_E15p967.mp4,CP4,0.0,10714.69197693706,-6.208777334889081,0.3236313950957862,True,True,True,-6.208777334889081,0.0,2
LC_dv28_Tlc3p0_TTC04_CP5_S6p267_E16p267.mp4,CP5,0.0,7187.264850606225,0.5132886919184507,0.2527108609455835,True,False,True,-6.735031906810005,0.6000000000000001,2
LC_dv28_Tlc3p0_TTC06_CP1_S5p033_E15p033.mp4,CP1,0.0,4444.547122139978,-1.0562584057911355,0.1633670315366556,True,True,True,-4.486093021033115,0.0,2
LC_dv28_Tlc3p0_TTC06_CP3_S5p633_E15p633.mp4,CP3,0.0,7014.318140686595,0.4726625817427186,0.263302222632239,True,False,True,-3.9260915481470584,0.4,2
LC_dv28_Tlc3p0_TTC06_CP5_S6p233_E16p233.mp4,CP5,0.0,6892.447447919583,-2.63537993598914,0.16084125250788361,True,True,True,-5.1689188472378325,0.0,2
LC_dv28_Tlc3p0_TTC07_CP1_S5p067_E15p067.mp4,CP1,135280.84797673058,173684.98487085162,-3.7878796182391627,0.16239870259243158,True,True,True,-6.5886150789459865,0.0,2
LC_dv28_Tlc3p0_TTC07_CP2_S5p367_E15p367.mp4,CP2,0.0,6243.9979706193735,-4.560912318502442,0.20753682000832452,True,True,True,-4.560912318502442,0.0,2
LC_dv28_Tlc3p0_TTC07_CP4_S5p967_E15p967.mp4,CP4,0.0,6057.531001646785,-2.881108238460653,0.291512570117448,True,True,True,-3.5358016398221412,0.0,2
LC_dv28_Tlc4p0_TTC02_CP1_S5p067_E15p067.mp4,CP1,0.0,7634.020709435008,-4.560912318502442,0.20753682000832452,True,True,True,-4.560912318502442,0.0,2
LC_dv28_Tlc4p0_TTC02_CP2_S5p367_E15p367.mp4,CP2,0.0,7479.383229643813,-2.857681863482674,0.14554666098130947,True,True,True,-3.8966620447616225,0.0,2
LC_dv28_Tlc4p0_TTC02_CP3_S5p667_E15p667.mp4,CP3,0.0,36802.00637377684,-2.86404091460916,0.21119888223861996,True,True,True,-5.2522858846670655,0.0,2
LC_dv28_Tlc4p0_TTC02_CP4_S5p967_E15p967.mp4,CP4,0.0,2415.1217687172016,-2.4281999353467865,0.16157631700435185,True,True,True,-4.630737368740432,0.0,2
LC_dv28_Tlc4p0_TTC02_CP5_S6p267_E16p267.mp4,CP5,0.0,10276.968177494302,-2.9873578914022882,0.1390156678124919,True,True,True,-3.743143666635515,0.0,2
LC_dv28_Tlc4p0_TTC03_CP1_S5p033_E15p033.mp4,CP1,22662.20225749268,51148.98459632291,-2.130371803530785,0.1583326798261907,True,True,True,-6.059861754290253,0.0,2
LC_dv28_Tlc4p0_TTC03_CP2_S5p333_E15p333.mp4,CP2,0.0,7113.179606716031,-4.560912318502442,0.20753682000832452,True,True,True,-4.560912318502442,0.0,2
LC_dv28_Tlc4p0_TTC03_CP3_S5p633_E15p633.mp4,CP3,0.0,7934.981479248815,0.5132886919184507,0.2527108609455835,True,False,True,-6.735031906810005,0.6000000000000001,2
LC_dv28_Tlc4p0_TTC03_CP4_S5p933_E15p933.mp4,CP4,0.0,3848.101550256224,-2.421072105542314,0.15761986366243605,True,True,True,-2.621717134058689,0.0,2
LC_dv28_Tlc4p0_TTC03_CP5_S6p233_E16p233.mp4,CP5,0.0,3245.843007955892,-1.4278314210427132,0.15203802744335895,True,True,True,-3.6075453810710307,0.0,2
LC_dv28_Tlc4p0_TTC04_CP1_S5p067_E15p067.mp4,CP1,280151.4186846383,305916.588452156,-4.776529756350843,0.2397305164150666,True,True,True,-4.776529756350843,0.0,2
LC_dv28_Tlc4p0_TTC04_CP2_S5p367_E15p367.mp4,CP2,0.0,10052.866997165795,-2.313145711684787,0.13921822986670088,True,True,True,-5.655669753831876,0.0,2
LC_dv28_Tlc4p0_TTC04_CP3_S5p667_E15p667.mp4,CP3,0.0,10338.605172556454,-1.2586926938645109,0.2842429105389259,True,True,True,-4.590361759788586,0.0,2
LC_dv28_Tlc4p0_TTC04_CP4_S5p967_E15p967.mp4,CP4,0.0,7983.220094060289,0.5132886919184507,0.2527108609455835,True,False,True,-6.735031906810005,0.6000000000000001,2
LC_dv28_Tlc4p0_TTC04_CP5_S6p267_E16p267.mp4,CP5,0.0,4325.137463392769,-2.421072105542314,0.15761986366243605,True,True,True,-2.621717134058689,0.0,2
LC_dv28_Tlc4p0_TTC05_CP1_S5p067_E15p067.mp4,CP1,0.0,26278.281805610186,-3.9662861240451224,0.21265409056235585,True,True,True,-4.453764305244306,0.0,2
LC_dv28_Tlc4p0_TTC05_CP2_S5p367_E15p367.mp4,CP2,0.0,5115.291961717134,-2.9081354413007303,0.21184628881901174,True,True,True,-2.9081354413007303,0.0,2
LC_dv28_Tlc4p0_TTC05_CP4_S5p967_E15p967.mp4,CP4,0.0,6801.493986342939,-2.9873578914022882,0.1390156678124919,True,True,True,-3.743143666635515,0.0,2
LC_dv28_Tlc4p0_TTC07_CP1_S5p067_E15p067.mp4,CP1,80039.66983928178,121676.03965656902,-3.817429639633286,0.12240519315017978,True,True,True,-5.456933879505836,0.0,2
LC_dv28_Tlc4p0_TTC07_CP3_S5p667_E15p667.mp4,CP3,0.0,3370.3555732942773,-3.699985934617904,0.14309369223952073,True,True,True,-3.699985934617904,0.0,2
LC_dv28_Tlc4p0_TTC07_CP5_S6p267_E16p267.mp4,CP5,0.0,4920.162283684489,-4.122134985636596,0.27929835927759944,True,True,True,-4.2568140073511875,0.0,2
LC_dv35_Tlc2p0_TTC02_CP1_S5p033_E15p033.mp4,CP1,0.0,12976.236626733033,-1.090088019178471,0.19010960060811632,True,True,True,-3.426639893333819,0.0,2
LC_dv35_Tlc2p0_TTC02_CP2_S5p333_E15p333.mp4,CP2,0.0,12133.33079331281,-1.0900880191784716,0.19010960060811627,True,True,True,-3.426639893333819,0.0,2
LC_dv35_Tlc2p0_TTC02_CP3_S5p633_E15p633.mp4,CP3,44506.226325938405,115864.72645998315,1.0831369674456894,0.1413147250512732,True,False,True,-4.301411072662644,0.4,2
LC_dv35_Tlc2p0_TTC02_CP4_S5p933_E15p933.mp4,CP4,0.0,2415.9393945390457,-0.6326060067179495,0.16930482709430994,True,True,True,-2.962391584366143,0.0,2
LC_dv35_Tlc2p0_TTC02_CP5_S6p233_E16p233.mp4,CP5,0.0,23132.171385343383,-2.0652087872909677,0.22030113689245537,True,True,True,-3.553531734477292,0.0,2
LC_dv35_Tlc2p0_TTC03_CP1_S5p067_E15p067.mp4,CP1,0.0,6791.8890421644455,-1.0900880191784712,0.19010960060811627,True,True,True,-3.426639893333821,0.0,2
LC_dv35_Tlc2p0_TTC03_CP2_S5p367_E15p367.mp4,CP2,0.0,11608.48583197372,-1.0283180651117465,0.14841977151383273,True,True,True,-5.242605673391347,0.0,2
LC_dv35_Tlc2p0_TTC03_CP3_S5p667_E15p667.mp4,CP3,0.0,10352.185744716327,-2.816583770085515,0.1510058364320478,True,True,True,-5.131431876614704,0.0,2
LC_dv35_Tlc2p0_TTC03_CP4_S5p967_E15p967.mp4,CP4,0.0,13420.62806139294,-2.591870372496852,0.16824124467533488,True,True,True,-2.591870372496852,0.0,2
LC_dv35_Tlc2p0_TTC03_CP5_S6p267_E16p267.mp4,CP5,0.0,37513.41656381656,-2.5918703724968513,0.16824124467533494,True,True,True,-2.5918703724968513,0.0,2
LC_dv35_Tlc2p0_TTC04_CP1_S5p067_E15p067.mp4,CP1,31397.1465216765,67903.27600814993,-2.9261244770173764,0.16113899941469095,True,True,True,-4.392638559475767,0.0,2
LC_dv35_Tlc2p0_TTC04_CP2_S5p367_E15p367.mp4,CP2,0.0,3797.1147956518676,0.45718604414045216,0.19028620609854174,True,False,True,-4.122668698563538,1.2000000000000002,2
LC_dv35_Tlc2p0_TTC04_CP3_S5p667_E15p667.mp4,CP3,123343.72972954772,177949.33737733375,-1.6204980748165196,0.16864892815575191,True,True,True,-4.1406067562607785,0.0,2
LC_dv35_Tlc2p0_TTC04_CP4_S5p967_E15p967.mp4,CP4,0.0,4723.34553756476,-3.656470405199507,0.20431844647828173,True,True,True,-3.656470405199507,0.0,2
LC_dv35_Tlc2p0_TTC04_CP5_S6p267_E16p267.mp4,CP5,0.0,22877.85273272945,-2.6130324056221372,0.1489601965723512,True,True,True,-2.6130324056221372,0.0,2
LC_dv35_Tlc2p0_TTC05_CP1_S5p033_E15p033.mp4,CP1,1582.0632156397405,17918.053976092695,-2.5450833061976894,0.36023436760257654,True,True,True,-3.309192790485715,0.0,2
LC_dv35_Tlc2p0_TTC05_CP2_S5p333_E15p333.mp4,CP2,0.0,7632.649089548675,-0.6326060067179495,0.16930482709430994,True,True,True,-2.962391584366143,0.0,2
LC_dv35_Tlc2p0_TTC05_CP4_S5p933_E15p933.mp4,CP4,0.0,5317.197382394302,-1.0900880191784714,0.19010960060811627,True,True,True,-3.426639893333819,0.0,2
LC_dv35_Tlc2p0_TTC07_CP1_S5p067_E15p067.mp4,CP1,66074.68177813922,96373.10132983759,-1.193319282809951,0.414809004270468,True,True,True,-5.78703823471564,0.0,2
LC_dv35_Tlc2p0_TTC07_CP3_S5p667_E15p667.mp4,CP3,0.0,8322.865836508037,-0.8775819228325035,0.217985928299819,True,True,True,-3.3495824801468284,0.0,2
LC_dv35_Tlc2p0_TTC07_CP5_S6p267_E16p267.mp4,CP5,0.0,6539.376335971939,-2.5918703724968517,0.16824124467533494,True,True,True,-2.5918703724968517,0.0,2
LC_dv35_Tlc3p0_TTC02_CP1_S5p067_E15p067.mp4,CP1,0.0,12385.14822554388,-1.0283180651117465,0.14841977151383273,True,True,True,-5.242605673391347,0.0,2
LC_dv35_Tlc3p0_TTC02_CP2_S5p367_E15p367.mp4,CP2,4445.036677503114,23424.20578869166,-1.7028628253955786,0.1349897532300659,True,True,True,-5.2640846159719,0.0,2
LC_dv35_Tlc3p0_TTC02_CP3_S5p667_E15p667.mp4,CP3,0.0,12309.391712458148,-3.2964100906107685,0.20741751177816461,True,True,True,-3.652575417224712,0.0,2
LC_dv35_Tlc3p0_TTC02_CP4_S5p967_E15p967.mp4,CP4,0.0,12772.626346529649,-1.0283180651117465,0.14841977151383273,True,True,True,-5.242605673391347,0.0,2
LC_dv35_Tlc3p0_TTC02_CP5_S6p267_E16p267.mp4,CP5,0.0,30405.057030325228,-0.6630376935017096,0.22261198166506405,True,True,True,-6.108969899856404,0.0,2
LC_dv35_Tlc3p0_TTC03_CP1_S5p033_E15p033.mp4,CP1,0.0,2960.3211387581864,-0.8909719836700345,0.1819834184325157,True,True,True,-0.8909719836700345,0.0,2
LC_dv35_Tlc3p0_TTC03_CP2_S5p333_E15p333.mp4,CP2,0.0,10281.756775385347,-1.0900880191784714,0.19010960060811627,True,True,True,-3.426639893333821,0.0,2
LC_dv35_Tlc3p0_TTC03_CP3_S5p633_E15p633.mp4,CP3,49698.12576906182,77718.41155315455,-5.847260259880885,0.14376783516887118,True,True,True,-5.847260259880885,0.0,2
LC_dv35_Tlc3p0_TTC03_CP4_S5p933_E15p933.mp4,CP4,0.0,10528.799269074048,-2.591870372496852,0.16824124467533488,True,True,True,-2.591870372496852,0.0,2
LC_dv35_Tlc3p0_TTC03_CP5_S6p233_E16p233.mp4,CP5,0.0,5751.445281008971,-0.12478559953694968,0.19375540726483856,True,False,True,-5.4616507917858215,0.4,2
LC_dv35_Tlc3p0_TTC04_CP1_S5p067_E15p067.mp4,CP1,0.0,5307.039965921035,-1.0372848125440999,0.1358889367007379,True,True,True,-1.8058440456124343,0.0,2
LC_dv35_Tlc3p0_TTC04_CP2_S5p367_E15p367.mp4,CP2,150759.64234463972,180908.95681788758,0.5434929971466842,0.1806842392156504,True,False,True,-2.2078783818432384,1.0,2
LC_dv35_Tlc3p0_TTC04_CP3_S5p667_E15p667.mp4,CP3,49794.71679109789,86380.36027874981,2.8629677689165014,0.174178035227168,True,False,True,-0.6033579179700707,4.4,2
LC_dv35_Tlc3p0_TTC04_CP4_S5p967_E15p967.mp4,CP4,0.0,7904.797978604937,-1.0900880191784714,0.19010960060811627,True,True,True,-3.426639893333819,0.0,2
LC_dv35_Tlc3p0_TTC04_CP5_S6p267_E16p267.mp4,CP5,0.0,11709.967092555307,-1.2640899066249205,0.17669707587882694,True,True,True,-4.1212840266201844,0.0,2
LC_dv35_Tlc3p0_TTC05_CP1_S5p067_E15p067.mp4,CP1,0.0,8692.3049226855,0.6739770133223745,0.15147209679880244,True,False,True,-2.3882628643238553,1.0,2
LC_dv35_Tlc3p0_TTC05_CP3_S5p667_E15p667.mp4,CP3,85996.61651584718,177268.9515759653,-3.643502016860662,0.1731685347974719,True,True,True,-6.369040257895949,0.0,2
LC_dv35_Tlc3p0_TTC05_CP5_S6p267_E16p267.mp4,CP5,0.0,6548.408954578999,-0.7213006393966488,0.23367151030607688,True,True,True,-2.402033923109894,0.0,2
LC_dv35_Tlc3p0_TTC06_CP1_S5p067_E15p067.mp4,CP1,47650.18839335154,78860.65715676929,-2.6205863823762807,0.15329889594524554,True,True,True,-5.257944326968164,0.0,2
LC_dv35_Tlc3p0_TTC06_CP2_S5p367_E15p367.mp4,CP2,0.0,6393.85954486904,-2.731388248967287,0.21439629746812194,True,True,True,-4.117439545432432,0.0,2
LC_dv35_Tlc3p0_TTC06_CP4_S5p967_E15p967.mp4,CP4,0.0,13417.729477196533,0.25491463666917724,0.23699094315885533,True,False,True,-3.4205343135950828,0.4,2
LC_dv35_Tlc4p0_TTC02_CP1_S5p067_E15p067.mp4,CP1,0.0,12321.406893182191,-1.0283180651117465,0.14841977151383273,True,True,True,-5.242605673391347,0.0,2
LC_dv35_Tlc4p0_TTC02_CP2_S5p367_E15p367.mp4,CP2,5070.126421121939,23890.299128414943,-1.7028628253955786,0.1349897532300659,True,True,True,-5.2640846159719,0.0,2
LC_dv35_Tlc4p0_TTC02_CP3_S5p667_E15p667.mp4,CP3,114510.34028181678,148646.22213660288,-2.6144124887856552,0.21940269357133027,True,True,True,-2.6826375351469536,0.0,2
LC_dv35_Tlc4p0_TTC02_CP4_S5p967_E15p967.mp4,CP4,0.0,12670.952092755133,-1.0283180651117465,0.14841977151383273,True,True,True,-5.242605673391347,0.0,2
LC_dv35_Tlc4p0_TTC02_CP5_S6p267_E16p267.mp4,CP5,0.0,67715.29488758634,-2.4093837867666736,0.30310536547523637,True,True,True,-3.5804516251955274,0.0,2
LC_dv35_Tlc4p0_TTC03_CP1_S5p067_E15p067.mp4,CP1,0.0,8768.410561586243,-3.8176310560808,0.20119575544500054,True,True,True,-4.534106553644638,0.0,2
LC_dv35_Tlc4p0_TTC03_CP2_S5p367_E15p367.mp4,CP2,0.0,11391.03936429708,-1.0283180651117465,0.14841977151383273,True,True,True,-5.242605673391347,0.0,2
LC_dv35_Tlc4p0_TTC03_CP3_S5p667_E15p667.mp4,CP3,0.0,13744.727362573105,-3.8159502450553844,0.26333131625873923,True,True,True,-3.8159502450553844,0.0,2
LC_dv35_Tlc4p0_TTC03_CP4_S5p967_E15p967.mp4,CP4,0.0,9327.0098191679,-1.0900880191784716,0.19010960060811627,True,True,True,-3.426639893333819,0.0,2
LC_dv35_Tlc4p0_TTC03_CP5_S6p267_E16p267.mp4,CP5,0.0,28671.151223993736,-5.5309377168676725,0.18665296369221915,True,True,True,-5.598970424182598,0.0,2
LC_dv35_Tlc4p0_TTC04_CP1_S5p067_E15p067.mp4,CP1,0.0,7739.293266494031,2.650941934716452,0.22506314400894964,True,False,True,-7.578019935141887,0.6000000000000001,2
LC_dv35_Tlc4p0_TTC04_CP2_S5p367_E15p367.mp4,CP2,0.0,4125.991546412176,0.45718604414045216,0.19028620609854174,True,False,True,-4.122668698563538,1.2000000000000002,2
LC_dv35_Tlc4p0_TTC04_CP3_S5p667_E15p667.mp4,CP3,0.0,10383.550319063135,-2.5871619849036245,0.23351032973673685,True,True,True,-4.946998530196188,0.0,2
LC_dv35_Tlc4p0_TTC04_CP4_S5p967_E15p967.mp4,CP4,0.0,8830.50521765277,-2.6343167367006197,0.24390071708765573,True,True,True,-2.6343167367006197,0.0,2
LC_dv35_Tlc4p0_TTC04_CP5_S6p267_E16p267.mp4,CP5,0.0,8606.191008640766,-1.2640899066249205,0.17669707587882696,True,True,True,-4.1212840266201844,0.0,2
LC_dv35_Tlc4p0_TTC06_CP1_S5p067_E15p067.mp4,CP1,47648.57110698153,78843.61912545122,-2.6205863823762807,0.15329889594524554,True,True,True,-5.257944326968164,0.0,2
LC_dv35_Tlc4p0_TTC06_CP3_S5p667_E15p667.mp4,CP3,280829.1458568423,310350.09280943125,-3.722450194937619,0.33381231984617427,True,True,True,-6.064465848839244,0.0,2
LC_dv35_Tlc4p0_TTC06_CP5_S6p267_E16p267.mp4,CP5,0.0,12117.283739788989,-2.6343167367006197,0.24390071708765576,True,True,True,-2.6343167367006197,0.0,2
LC_dv35_Tlc4p0_TTC07_CP1_S5p067_E15p067.mp4,CP1,32303.051978186137,55890.346340178476,-0.6792543073839805,0.48652709748951806,True,True,True,-4.175441147182534,0.0,2
LC_dv35_Tlc4p0_TTC07_CP2_S5p367_E15p367.mp4,CP2,0.0,4300.343230197576,0.8183531069274995,0.23416472678108033,True,False,True,-3.813445990054897,0.4,2
LC_dv35_Tlc4p0_TTC07_CP4_S5p967_E15p967.mp4,CP4,0.0,7977.545693641,-1.2753657643524086,0.1515065494705111,True,True,True,-3.9930360444846924,0.0,2
LC_dv42_Tlc2p0_TTC02_CP1_S5p033_E15p033.mp4,CP1,0.0,3565.455497664806,-0.5552440905148719,0.2570904952235996,True,False,True,-4.468756977049115,0.4,2
LC_dv42_Tlc2p0_TTC02_CP2_S5p333_E15p333.mp4,CP2,0.0,7537.306134543429,-1.0286720079682583,0.19891279614249716,True,True,True,-3.542313612067105,0.0,2
LC_dv42_Tlc2p0_TTC02_CP3_S5p633_E15p633.mp4,CP3,0.0,17211.461438205875,-1.2794557758095335,0.23894458915445244,True,True,True,-3.346817431340212,0.0,2
LC_dv42_Tlc2p0_TTC02_CP4_S5p933_E15p933.mp4,CP4,0.0,14143.725211084598,-1.0286720079682583,0.19891279614249716,True,True,True,-3.542313612067105,0.0,2
LC_dv42_Tlc2p0_TTC02_CP5_S6p233_E16p233.mp4,CP5,0.0,2416.5641390125165,-1.0286720079682583,0.19891279614249716,True,True,True,-3.542313612067105,0.0,2
LC_dv42_Tlc2p0_TTC03_CP1_S5p067_E15p067.mp4,CP1,178486.1851857249,247119.84894115542,-2.325406726707269,0.2547975335974405,True,True,True,-4.2730291552774755,0.0,2
LC_dv42_Tlc2p0_TTC03_CP2_S5p367_E15p367.mp4,CP2,41712.74206910029,123027.925769167,-1.175998331483764,0.23927602477523296,True,True,True,-8.0,0.0,2
LC_dv42_Tlc2p0_TTC03_CP3_S5p667_E15p667.mp4,CP3,0.0,28554.19716425426,-3.415312628523258,0.16781799842603426,True,True,True,-7.291272993169303,0.0,2
LC_dv42_Tlc2p0_TTC03_CP4_S5p967_E15p967.mp4,CP4,0.0,13699.579180273373,-1.2831273918407462,0.17848430845818053,True,True,True,-3.6481982978678107,0.0,2
LC_dv42_Tlc2p0_TTC03_CP5_S6p267_E16p267.mp4,CP5,0.0,15108.048919265046,-4.984918286749726,0.1861090327810689,True,True,True,-4.984918286749726,0.0,2
LC_dv42_Tlc2p0_TTC04_CP1_S5p067_E15p067.mp4,CP1,93659.64837986958,125971.28312968911,2.856144344664115,0.22146630586678898,True,False,True,-4.778489694351774,0.4,2
LC_dv42_Tlc2p0_TTC04_CP2_S5p367_E15p367.mp4,CP2,0.0,5089.001318194051,-2.944254782939579,0.2004586499676963,True,True,True,-2.944254782939579,0.0,2
LC_dv42_Tlc2p0_TTC04_CP3_S5p667_E15p667.mp4,CP3,0.0,11330.903833622886,0.4079630830278693,0.18053076360303436,True,False,True,-4.559125675510169,0.4,2
LC_dv42_Tlc2p0_TTC04_CP4_S5p967_E15p967.mp4,CP4,0.0,8162.830563281709,-1.0286720079682588,0.19891279614249716,True,True,True,-3.542313612067105,0.0,2
LC_dv42_Tlc2p0_TTC04_CP5_S6p267_E16p267.mp4,CP5,0.0,9686.68824373206,-0.5552440905148708,0.2570904952235996,True,False,True,-4.468756977049115,0.4,2
LC_dv42_Tlc2p0_TTC05_CP1_S5p067_E15p067.mp4,CP1,146883.0937280478,215454.14013478885,-3.883059803288794,0.2338558225724509,True,True,True,-4.212500430530694,0.0,2
LC_dv42_Tlc2p0_TTC05_CP3_S5p667_E15p667.mp4,CP3,114963.29523195807,196466.81960900035,-2.4393118106047496,0.19638522317202106,True,True,True,-6.130800751505854,0.0,2
LC_dv42_Tlc2p0_TTC05_CP5_S6p267_E16p267.mp4,CP5,0.0,13788.876827736263,-4.984918286749726,0.1861090327810689,True,True,True,-4.984918286749726,0.0,2
LC_dv42_Tlc2p0_TTC06_CP1_S5p067_E15p067.mp4,CP1,0.0,5700.905716118707,-2.2593938960248288,0.19433008792128625,True,True,True,-4.589069582935806,0.0,2
LC_dv42_Tlc2p0_TTC06_CP2_S5p367_E15p367.mp4,CP2,0.0,24517.295260907318,-2.3211020328505287,0.2205482101319114,True,True,True,-6.151864447578827,0.0,2
LC_dv42_Tlc2p0_TTC06_CP4_S5p967_E15p967.mp4,CP4,0.0,13423.67793807802,0.23093656525237938,0.16810394479225862,True,False,True,-3.194798992878952,0.4,2
LC_dv42_Tlc3p0_TTC02_CP1_S5p067_E15p067.mp4,CP1,0.0,10897.292271992423,-1.0286720079682583,0.19891279614249716,True,True,True,-3.542313612067105,0.0,2
LC_dv42_Tlc3p0_TTC02_CP2_S5p367_E15p367.mp4,CP2,0.0,13777.886475610496,-1.5251348559780176,0.24555413869088402,True,True,True,-4.244474026099882,0.0,2
LC_dv42_Tlc3p0_TTC02_CP3_S5p667_E15p667.mp4,CP3,0.0,11619.765896234047,-0.5552440905148719,0.2570904952235996,True,False,True,-4.468756977049115,0.4,2
LC_dv42_Tlc3p0_TTC02_CP4_S5p967_E15p967.mp4,CP4,0.0,13361.350375592385,-4.139633350352661,0.2597972102854172,True,True,True,-4.139633350352661,0.0,2
LC_dv42_Tlc3p0_TTC02_CP5_S6p267_E16p267.mp4,CP5,0.0,37626.26462737352,-4.656050758188754,0.1670489648509594,True,True,True,-5.561752158715413,0.0,2
LC_dv42_Tlc3p0_TTC03_CP1_S5p067_E15p067.mp4,CP1,201067.16653859732,246724.37792089596,-2.3021851380525904,0.2464560137241475,True,True,True,-2.3021851380525904,0.0,2
LC_dv42_Tlc3p0_TTC03_CP2_S5p367_E15p367.mp4,CP2,24383.091909217845,60737.486603257814,-3.557848256670936,0.24201989779388966,True,True,True,-3.573325939762684,0.0,2
LC_dv42_Tlc3p0_TTC03_CP3_S5p667_E15p667.mp4,CP3,0.0,13028.394690126224,-1.8951050253629989,0.18756152058887404,True,True,True,-3.3020748521526087,0.0,2
LC_dv42_Tlc3p0_TTC03_CP4_S5p967_E15p967.mp4,CP4,0.0,11317.736498904911,-1.0286720079682583,0.19891279614249716,True,True,True,-3.542313612067105,0.0,2
LC_dv42_Tlc3p0_TTC03_CP5_S6p267_E16p267.mp4,CP5,0.0,11291.079811196318,-2.7901871865318384,0.17818167796974183,True,True,True,-4.632463434136137,0.0,2
LC_dv42_Tlc3p0_TTC04_CP1_S5p067_E15p067.mp4,CP1,93662.58909475015,125959.67197559003,2.856144344664115,0.22146630586678898,True,False,True,-4.778489694351774,0.4,2
LC_dv42_Tlc3p0_TTC04_CP2_S5p367_E15p367.mp4,CP2,0.0,7153.913612296784,-2.369251260779174,0.18294211028201968,True,True,True,-2.369251260779174,0.0,2
LC_dv42_Tlc3p0_TTC04_CP3_S5p667_E15p667.mp4,CP3,177381.4872064353,228116.77206557835,-3.2132017822291585,0.2968675458716945,True,True,True,-4.597873839735059,0.0,2
LC_dv42_Tlc3p0_TTC04_CP4_S5p967_E15p967.mp4,CP4,0.0,11160.910104372928,-0.8718787205535616,0.3323593815763145,True,True,True,-2.614690070461034,0.0,2
LC_dv42_Tlc3p0_TTC04_CP5_S6p267_E16p267.mp4,CP5,0.0,9950.305657095347,-4.984918286749726,0.18610903278106888,True,True,True,-4.984918286749726,0.0,2
LC_dv42_Tlc3p0_TTC06_CP1_S5p067_E15p067.mp4,CP1,0.0,10472.849313313078,-0.8166684408376423,0.15457993755691624,True,True,True,-4.50830910968747,0.0,2
LC_dv42_Tlc3p0_TTC06_CP3_S5p667_E15p667.mp4,CP3,0.0,10873.785337762622,0.5984164696499115,0.4710910330177832,True,False,True,-4.3011187306780005,1.0,2
LC_dv42_Tlc3p0_TTC06_CP5_S6p267_E16p267.mp4,CP5,0.0,6431.34946643258,0.36535795012947214,0.13787256554617314,True,False,True,-4.54419342346174,0.4,2
LC_dv42_Tlc3p0_TTC07_CP1_S5p033_E15p033.mp4,CP1,0.0,22870.254513712094,-0.27402504766063696,0.1486193924772814,True,False,True,-5.121649630942037,0.4,2
LC_dv42_Tlc3p0_TTC07_CP2_S5p333_E15p333.mp4,CP2,0.0,15410.638728495644,-0.6841132292927918,0.2524052830463811,True,True,True,-6.136376541676697,0.0,2
LC_dv42_Tlc3p0_TTC07_CP4_S5p933_E15p933.mp4,CP4,0.0,5548.362354382646,1.6338532372514745,0.2214193504643691,True,False,True,-5.808862646562676,0.6000000000000001,2
LC_dv42_Tlc4p0_TTC02_CP1_S5p067_E15p067.mp4,CP1,0.0,12746.101129907385,-1.0286720079682583,0.19891279614249716,True,True,True,-3.542313612067105,0.0,2
LC_dv42_Tlc4p0_TTC02_CP2_S5p367_E15p367.mp4,CP2,0.0,12442.467834220735,-1.0286720079682583,0.19891279614249716,True,True,True,-3.542313612067105,0.0,2
LC_dv42_Tlc4p0_TTC02_CP3_S5p667_E15p667.mp4,CP3,0.0,7952.161178752602,-1.3628655136389636,0.1689283716059291,True,True,True,-3.467652561047501,0.0,2
LC_dv42_Tlc4p0_TTC02_CP4_S5p967_E15p967.mp4,CP4,110050.04726994962,146370.54096693327,-3.2010506325171044,0.12187448469721919,True,True,True,-6.4794266387454655,0.0,2
LC_dv42_Tlc4p0_TTC02_CP5_S6p267_E16p267.mp4,CP5,0.0,7451.96426416526,-1.5416125778713812,0.34666324415061067,True,True,True,-5.416951193488445,0.0,2
LC_dv42_Tlc4p0_TTC03_CP1_S5p067_E15p067.mp4,CP1,180327.6086761065,246884.0049792552,-1.6764755842447254,0.15638758815408665,True,True,True,-2.4838423726978514,0.0,2
LC_dv42_Tlc4p0_TTC03_CP2_S5p367_E15p367.mp4,CP2,38792.67337270132,71671.33467085178,-0.9889460226456643,0.11802458073417915,True,True,True,-3.5154877139760394,0.0,2
LC_dv42_Tlc4p0_TTC03_CP3_S5p667_E15p667.mp4,CP3,0.0,9820.789244859116,-0.5552440905148708,0.2570904952235996,True,False,True,-4.468756977049115,0.4,2
LC_dv42_Tlc4p0_TTC03_CP4_S5p967_E15p967.mp4,CP4,0.0,10006.303153535308,-2.322288313385037,0.45864076614335786,True,True,True,-3.948760285585229,0.0,2
LC_dv42_Tlc4p0_TTC03_CP5_S6p267_E16p267.mp4,CP5,0.0,6773.593362138485,-4.984918286749726,0.18610903278106888,True,True,True,-4.984918286749726,0.0,2
LC_dv42_Tlc4p0_TTC04_CP1_S5p067_E15p067.mp4,CP1,93662.8334688248,125958.50442877093,2.856144344664115,0.22146630586678898,True,False,True,-4.778489694351774,0.4,2
LC_dv42_Tlc4p0_TTC04_CP2_S5p367_E15p367.mp4,CP2,0.0,6932.316051803152,-2.369251260779174,0.18294211028201968,True,True,True,-2.369251260779174,0.0,2
LC_dv42_Tlc4p0_TTC04_CP3_S5p667_E15p667.mp4,CP3,94214.8797653609,140369.80799909664,-3.1313640649475247,0.1743486280897679,True,True,True,-3.7905310657184086,0.0,2
LC_dv42_Tlc4p0_TTC04_CP4_S5p967_E15p967.mp4,CP4,0.0,11085.918554348851,2.206666818653635,0.20399713170559516,True,False,True,-4.49675621884011,1.4000000000000001,2
LC_dv42_Tlc4p0_TTC04_CP5_S6p267_E16p267.mp4,CP5,0.0,6788.725920643708,-1.0286720079682583,0.19891279614249716,True,True,True,-3.542313612067105,0.0,2
LC_dv42_Tlc4p0_TTC05_CP1_S5p067_E15p067.mp4,CP1,0.0,4521.0167905192775,-2.397747182704978,0.2650602011275832,True,True,True,-5.600473521195966,0.0,2
LC_dv42_Tlc4p0_TTC05_CP2_S5p367_E15p367.mp4,CP2,0.0,12546.493952451201,-1.5640221295309527,0.22207299885718673,True,True,True,-4.717475680795017,0.0,2
LC_dv42_Tlc4p0_TTC05_CP4_S5p967_E15p967.mp4,CP4,0.0,10138.80453683952,2.629698290933986,0.21504469125474932,True,False,True,-5.908410435201677,0.6000000000000001,2
LC_dv42_Tlc4p0_TTC07_CP1_S5p067_E15p067.mp4,CP1,73395.2447578252,150624.67261789512,-6.995067434360105,0.11832467651999762,True,True,True,-6.995067434360105,0.0,2
LC_dv42_Tlc4p0_TTC07_CP3_S5p667_E15p667.mp4,CP3,0.0,17074.297764829193,-1.0621336867395126,0.14472781034661286,True,True,True,-3.3747029040543115,0.0,2
LC_dv42_Tlc4p0_TTC07_CP5_S6p267_E16p267.mp4,CP5,0.0,8465.227026378798,-1.19441311201026,0.16660477315699246,True,True,True,-5.1636434610894355,0.0,2
