video,trace,h,c_inst,c_pers,c_P_inst
LC_dv07_Tlc2p0_TTC02_CP1_S5p033_E15p033.mp4,LC_dv07_Tlc2p0_TTC02,3.0,1.6181026764824444,1.6103891594318263,1.6181422398681213
LC_dv07_Tlc2p0_TTC02_CP1_S5p033_E15p033.mp4,LC_dv07_Tlc2p0_TTC02,4.0,1.6181026764824444,1.6084131914709014,1.6181422398681213
LC_dv07_Tlc2p0_TTC02_CP1_S5p033_E15p033.mp4,LC_dv07_Tlc2p0_TTC02,5.0,1.6181026764824444,1.606437223509976,1.6181422398681213
LC_dv07_Tlc2p0_TTC02_CP1_S5p033_E15p033.mp4,LC_dv07_Tlc2p0_TTC02,6.0,1.6181026764824444,1.604461255549052,1.6181422398681213
LC_dv07_Tlc2p0_TTC02_CP2_S5p333_E15p333.mp4,LC_dv07_Tlc2p0_TTC02,3.0,0.0,0.0,0.0
LC_dv07_Tlc2p0_TTC02_CP2_S5p333_E15p333.mp4,LC_dv07_Tlc2p0_TTC02,4.0,0.0,0.0,0.0
LC_dv07_Tlc2p0_TTC02_CP2_S5p333_E15p333.mp4,LC_dv07_Tlc2p0_TTC02,5.0,0.0,0.0,0.0
LC_dv07_Tlc2p0_TTC02_CP2_S5p333_E15p333.mp4,LC_dv07_Tlc2p0_TTC02,6.0,0.0,0.0,0.0
LC_dv07_Tlc2p0_TTC02_CP3_S5p633_E15p633.mp4,LC_dv07_Tlc2p0_TTC02,3.0,0.0,0.0,0.0
LC_dv07_Tlc2p0_TTC02_CP3_S5p633_E15p633.mp4,LC_dv07_Tlc2p0_TTC02,4.0,0.0,0.0,0.0
LC_dv07_Tlc2p0_TTC02_CP3_S5p633_E15p633.mp4,LC_dv07_Tlc2p0_TTC02,5.0,0.0,0.0,0.0
LC_dv07_Tlc2p0_TTC02_CP3_S5p633_E15p633.mp4,LC_dv07_Tlc2p0_TTC02,6.0,0.0,0.0,0.0
LC_dv07_Tlc2p0_TTC02_CP4_S5p933_E15p933.mp4,LC_dv07_Tlc2p0_TTC02,3.0,0.0,0.0,0.0
LC_dv07_Tlc2p0_TTC02_CP4_S5p933_E15p933.mp4,LC_dv07_Tlc2p0_TTC02,4.0,0.0,0.0,0.0
LC_dv07_Tlc2p0_TTC02_CP4_S5p933_E15p933.mp4,LC_dv07_Tlc2p0_TTC02,5.0,0.0,0.0,0.0
LC_dv07_Tlc2p0_TTC02_CP4_S5p933_E15p933.mp4,LC_dv07_Tlc2p0_TTC02,6.0,0.0,0.0,0.0
LC_dv07_Tlc2p0_TTC02_CP5_S6p233_E16p233.mp4,LC_dv07_Tlc2p0_TTC02,3.0,0.0,0.0,0.0
LC_dv07_Tlc2p0_TTC02_CP5_S6p233_E16p233.mp4,LC_dv07_Tlc2p0_TTC02,4.0,0.0,0.0,0.0
LC_dv07_Tlc2p0_TTC02_CP5_S6p233_E16p233.mp4,LC_dv07_Tlc2p0_TTC02,5.0,0.0,0.0,0.0
LC_dv07_Tlc2p0_TTC02_CP5_S6p233_E16p233.mp4,LC_dv07_Tlc2p0_TTC02,6.0,0.0,0.0,0.0
LC_dv07_Tlc2p0_TTC03_CP1_S5p033_E15p033.mp4,LC_dv07_Tlc2p0_TTC03,3.0,1.6117050844063274,1.610467569222118,1.6169360034902305
LC_dv07_Tlc2p0_TTC03_CP1_S5p033_E15p033.mp4,LC_dv07_Tlc2p0_TTC03,4.0,1.609743180189376,1.6085056650051675,1.6167848335464383
LC_dv07_Tlc2p0_TTC03_CP1_S5p033_E15p033.mp4,LC_dv07_Tlc2p0_TTC03,5.0,1.6077812759724266,1.6065437607882171,1.616744012319369
LC_dv07_Tlc2p0_TTC03_CP1_S5p033_E15p033.mp4,LC_dv07_Tlc2p0_TTC03,6.0,1.6058193717554754,1.6045818565712668,1.6154976431160117
LC_dv07_Tlc2p0_TTC03_CP2_S5p333_E15p333.mp4,LC_dv07_Tlc2p0_TTC03,3.0,0.0,0.0,0.0
LC_dv07_Tlc2p0_TTC03_CP2_S5p333_E15p333.mp4,LC_dv07_Tlc2p0_TTC03,4.0,0.0,0.0,0.0
LC_dv07_Tlc2p0_TTC03_CP2_S5p333_E15p333.mp4,LC_dv07_Tlc2p0_TTC03,5.0,0.0,0.0,0.0
LC_dv07_Tlc2p0_TTC03_CP2_S5p333_E15p333.mp4,LC_dv07_Tlc2p0_TTC03,6.0,0.0,0.0,0.0
LC_dv07_Tlc2p0_TTC03_CP3_S5p633_E15p633.mp4,LC_dv07_Tlc2p0_TTC03,3.0,0.0,0.0,0.0
LC_dv07_Tlc2p0_TTC03_CP3_S5p633_E15p633.mp4,LC_dv07_Tlc2p0_TTC03,4.0,0.0,0.0,0.0
LC_dv07_Tlc2p0_TTC03_CP3_S5p633_E15p633.mp4,LC_dv07_Tlc2p0_TTC03,5.0,0.0,0.0,0.0
LC_dv07_Tlc2p0_TTC03_CP3_S5p633_E15p633.mp4,LC_dv07_Tlc2p0_TTC03,6.0,0.0,0.0,0.0
LC_dv07_Tlc2p0_TTC03_CP4_S5p933_E15p933.mp4,LC_dv07_Tlc2p0_TTC03,3.0,0.0,0.0,0.0
LC_dv07_Tlc2p0_TTC03_CP4_S5p933_E15p933.mp4,LC_dv07_Tlc2p0_TTC03,4.0,0.0,0.0,0.0
LC_dv07_Tlc2p0_TTC03_CP4_S5p933_E15p933.mp4,LC_dv07_Tlc2p0_TTC03,5.0,0.0,0.0,0.0
LC_dv07_Tlc2p0_TTC03_CP4_S5p933_E15p933.mp4,LC_dv07_Tlc2p0_TTC03,6.0,0.0,0.0,0.0
LC_dv07_Tlc2p0_TTC03_CP5_S6p233_E16p233.mp4,LC_dv07_Tlc2p0_TTC03,3.0,0.0,0.0,0.0
LC_dv07_Tlc2p0_TTC03_CP5_S6p233_E16p233.mp4,LC_dv07_Tlc2p0_TTC03,4.0,0.0,0.0,0.0
LC_dv07_Tlc2p0_TTC03_CP5_S6p233_E16p233.mp4,LC_dv07_Tlc2p0_TTC03,5.0,0.0,0.0,0.0
LC_dv07_Tlc2p0_TTC03_CP5_S6p233_E16p233.mp4,LC_dv07_Tlc2p0_TTC03,6.0,0.0,0.0,0.0
LC_dv07_Tlc2p0_TTC04_CP1_S5p067_E15p067.mp4,LC_dv07_Tlc2p0_TTC04,3.0,1.6173576799686662,1.6105444178206045,1.6184962271388401
LC_dv07_Tlc2p0_TTC04_CP1_S5p067_E15p067.mp4,LC_dv07_Tlc2p0_TTC04,4.0,1.6173576799686662,1.6085940769588185,1.6184962271388401
LC_dv07_Tlc2p0_TTC04_CP1_S5p067_E15p067.mp4,LC_dv07_Tlc2p0_TTC04,5.0,1.6173576799686662,1.6066437360970323,1.6184962271388401
LC_dv07_Tlc2p0_TTC04_CP1_S5p067_E15p067.mp4,LC_dv07_Tlc2p0_TTC04,6.0,1.6173576799686662,1.6046933952352473,1.6184962271388401
LC_dv07_Tlc2p0_TTC04_CP2_S5p367_E15p367.mp4,LC_dv07_Tlc2p0_TTC04,3.0,0.0,0.0,0.0
LC_dv07_Tlc2p0_TTC04_CP2_S5p367_E15p367.mp4,LC_dv07_Tlc2p0_TTC04,4.0,0.0,0.0,0.0
LC_dv07_Tlc2p0_TTC04_CP2_S5p367_E15p367.mp4,LC_dv07_Tlc2p0_TTC04,5.0,0.0,0.0,0.0
LC_dv07_Tlc2p0_TTC04_CP2_S5p367_E15p367.mp4,LC_dv07_Tlc2p0_TTC04,6.0,0.0,0.0,0.0
LC_dv07_Tlc2p0_TTC04_CP3_S5p667_E15p667.mp4,LC_dv07_Tlc2p0_TTC04,3.0,0.0,0.0,0.0
LC_dv07_Tlc2p0_TTC04_CP3_S5p667_E15p667.mp4,LC_dv07_Tlc2p0_TTC04,4.0,0.0,0.0,0.0
LC_dv07_Tlc2p0_TTC04_CP3_S5p667_E15p667.mp4,LC_dv07_Tlc2p0_TTC04,5.0,0.0,0.0,0.0
LC_dv07_Tlc2p0_TTC04_CP3_S5p667_E15p667.mp4,LC_dv07_Tlc2p0_TTC04,6.0,0.0,0.0,0.0
LC_dv07_Tlc2p0_TTC04_CP4_S5p967_E15p967.mp4,LC_dv07_Tlc2p0_TTC04,3.0,0.0,0.0,0.0
LC_dv07_Tlc2p0_TTC04_CP4_S5p967_E15p967.mp4,LC_dv07_Tlc2p0_TTC04,4.0,0.0,0.0,0.0
LC_dv07_Tlc2p0_TTC04_CP4_S5p967_E15p967.mp4,LC_dv07_Tlc2p0_TTC04,5.0,0.0,0.0,0.0
LC_dv07_Tlc2p0_TTC04_CP4_S5p967_E15p967.mp4,LC_dv07_Tlc2p0_TTC04,6.0,0.0,0.0,0.0
LC_dv07_Tlc2p0_TTC04_CP5_S6p267_E16p267.mp4,LC_dv07_Tlc2p0_TTC04,3.0,0.0,0.0,0.0
LC_dv07_Tlc2p0_TTC04_CP5_S6p267_E16p267.mp4,LC_dv07_Tlc2p0_TTC04,4.0,0.0,0.0,0.0
LC_dv07_Tlc2p0_TTC04_CP5_S6p267_E16p267.mp4,LC_dv07_Tlc2p0_TTC04,5.0,0.0,0.0,0.0
LC_dv07_Tlc2p0_TTC04_CP5_S6p267_E16p267.mp4,LC_dv07_Tlc2p0_TTC04,6.0,0.0,0.0,0.0
LC_dv07_Tlc2p0_TTC05_CP1_S5p067_E15p067.mp4,LC_dv07_Tlc2p0_TTC05,3.0,1.610956335769637,1.6105348841760214,1.6129717307878186
LC_dv07_Tlc2p0_TTC05_CP1_S5p067_E15p067.mp4,LC_dv07_Tlc2p0_TTC05,4.0,1.6090059949078492,1.6085820603850678,1.6121119293965993
LC_dv07_Tlc2p0_TTC05_CP1_S5p067_E15p067.mp4,LC_dv07_Tlc2p0_TTC05,5.0,1.6070556540460597,1.6066262452373246,1.61081250810371
LC_dv07_Tlc2p0_TTC05_CP1_S5p067_E15p067.mp4,LC_dv07_Tlc2p0_TTC05,6.0,1.6051053131842716,1.6046643410203698,1.6088436589761743
LC_dv07_Tlc2p0_TTC05_CP2_S5p367_E15p367.mp4,LC_dv07_Tlc2p0_TTC05,3.0,0.0,0.0,0.0
LC_dv07_Tlc2p0_TTC05_CP2_S5p367_E15p367.mp4,LC_dv07_Tlc2p0_TTC05,4.0,0.0,0.0,0.0
LC_dv07_Tlc2p0_TTC05_CP2_S5p367_E15p367.mp4,LC_dv07_Tlc2p0_TTC05,5.0,0.0,0.0,0.0
LC_dv07_Tlc2p0_TTC05_CP2_S5p367_E15p367.mp4,LC_dv07_Tlc2p0_TTC05,6.0,0.0,0.0,0.0
LC_dv07_Tlc2p0_TTC05_CP4_S5p967_E15p967.mp4,LC_dv07_Tlc2p0_TTC05,3.0,0.0,0.0,0.0
LC_dv07_Tlc2p0_TTC05_CP4_S5p967_E15p967.mp4,LC_dv07_Tlc2p0_TTC05,4.0,0.0,0.0,0.0
LC_dv07_Tlc2p0_TTC05_CP4_S5p967_E15p967.mp4,LC_dv07_Tlc2p0_TTC05,5.0,0.0,0.0,0.0
LC_dv07_Tlc2p0_TTC05_CP4_S5p967_E15p967.mp4,LC_dv07_Tlc2p0_TTC05,6.0,0.0,0.0,0.0
LC_dv07_Tlc2p0_TTC07_CP1_S5p067_E15p067.mp4,LC_dv07_Tlc2p0_TTC07,3.0,1.6110766336878648,1.6104011430980776,1.6181091806003978
LC_dv07_Tlc2p0_TTC07_CP1_S5p067_E15p067.mp4,LC_dv07_Tlc2p0_TTC07,4.0,1.6091262928260823,1.6084415527011704,1.6181091806003978
LC_dv07_Tlc2p0_TTC07_CP1_S5p067_E15p067.mp4,LC_dv07_Tlc2p0_TTC07,5.0,1.6071759519642999,1.6064819623042619,1.6181091806003978
LC_dv07_Tlc2p0_TTC07_CP1_S5p067_E15p067.mp4,LC_dv07_Tlc2p0_TTC07,6.0,1.6052256111025172,1.6045223719073536,1.6181091806003978
LC_dv07_Tlc2p0_TTC07_CP3_S5p667_E15p667.mp4,LC_dv07_Tlc2p0_TTC07,3.0,0.0,0.0,0.0
LC_dv07_Tlc2p0_TTC07_CP3_S5p667_E15p667.mp4,LC_dv07_Tlc2p0_TTC07,4.0,0.0,0.0,0.0
LC_dv07_Tlc2p0_TTC07_CP3_S5p667_E15p667.mp4,LC_dv07_Tlc2p0_TTC07,5.0,0.0,0.0,0.0
LC_dv07_Tlc2p0_TTC07_CP3_S5p667_E15p667.mp4,LC_dv07_Tlc2p0_TTC07,6.0,0.0,0.0,0.0
LC_dv07_Tlc2p0_TTC07_CP5_S6p267_E16p267.mp4,LC_dv07_Tlc2p0_TTC07,3.0,0.0,0.0,0.0
LC_dv07_Tlc2p0_TTC07_CP5_S6p267_E16p267.mp4,LC_dv07_Tlc2p0_TTC07,4.0,0.0,0.0,0.0
LC_dv07_Tlc2p0_TTC07_CP5_S6p267_E16p267.mp4,LC_dv07_Tlc2p0_TTC07,5.0,0.0,0.0,0.0
LC_dv07_Tlc2p0_TTC07_CP5_S6p267_E16p267.mp4,LC_dv07_Tlc2p0_TTC07,6.0,0.0,0.0,0.0
LC_dv07_Tlc3p0_TTC02_CP1_S5p067_E15p067.mp4,LC_dv07_Tlc3p0_TTC02,3.0,1.617224860379589,1.6106904140557066,1.6183595418881191
LC_dv07_Tlc3p0_TTC02_CP1_S5p067_E15p067.mp4,LC_dv07_Tlc3p0_TTC02,4.0,1.617224860379589,1.6087400731939208,1.6183595418881191
LC_dv07_Tlc3p0_TTC02_CP1_S5p067_E15p067.mp4,LC_dv07_Tlc3p0_TTC02,5.0,1.617224860379589,1.6067897323321356,1.6183595418881191
LC_dv07_Tlc3p0_TTC02_CP1_S5p067_E15p067.mp4,LC_dv07_Tlc3p0_TTC02,6.0,1.617224860379589,1.6048393914703496,1.6183595418881191
LC_dv07_Tlc3p0_TTC02_CP2_S5p367_E15p367.mp4,LC_dv07_Tlc3p0_TTC02,3.0,0.0,0.0,0.0
LC_dv07_Tlc3p0_TTC02_CP2_S5p367_E15p367.mp4,LC_dv07_Tlc3p0_TTC02,4.0,0.0,0.0,0.0
LC_dv07_Tlc3p0_TTC02_CP2_S5p367_E15p367.mp4,LC_dv07_Tlc3p0_TTC02,5.0,0.0,0.0,0.0
LC_dv07_Tlc3p0_TTC02_CP2_S5p367_E15p367.mp4,LC_dv07_Tlc3p0_TTC02,6.0,0.0,0.0,0.0
LC_dv07_Tlc3p0_TTC02_CP3_S5p667_E15p667.mp4,LC_dv07_Tlc3p0_TTC02,3.0,0.0,0.0,0.0
LC_dv07_Tlc3p0_TTC02_CP3_S5p667_E15p667.mp4,LC_dv07_Tlc3p0_TTC02,4.0,0.0,0.0,0.0
LC_dv07_Tlc3p0_TTC02_CP3_S5p667_E15p667.mp4,LC_dv07_Tlc3p0_TTC02,5.0,0.0,0.0,0.0
LC_dv07_Tlc3p0_TTC02_CP3_S5p667_E15p667.mp4,LC_dv07_Tlc3p0_TTC02,6.0,0.0,0.0,0.0
LC_dv07_Tlc3p0_TTC02_CP4_S5p967_E15p967.mp4,LC_dv07_Tlc3p0_TTC02,3.0,0.0,0.0,0.0
LC_dv07_Tlc3p0_TTC02_CP4_S5p967_E15p967.mp4,LC_dv07_Tlc3p0_TTC02,4.0,0.0,0.0,0.0
LC_dv07_Tlc3p0_TTC02_CP4_S5p967_E15p967.mp4,LC_dv07_Tlc3p0_TTC02,5.0,0.0,0.0,0.0
LC_dv07_Tlc3p0_TTC02_CP4_S5p967_E15p967.mp4,LC_dv07_Tlc3p0_TTC02,6.0,0.0,0.0,0.0
LC_dv07_Tlc3p0_TTC02_CP5_S6p267_E16p267.mp4,LC_dv07_Tlc3p0_TTC02,3.0,0.0,0.0,0.0
LC_dv07_Tlc3p0_TTC02_CP5_S6p267_E16p267.mp4,LC_dv07_Tlc3p0_TTC02,4.0,0.0,0.0,0.0
LC_dv07_Tlc3p0_TTC02_CP5_S6p267_E16p267.mp4,LC_dv07_Tlc3p0_TTC02,5.0,0.0,0.0,0.0
LC_dv07_Tlc3p0_TTC02_CP5_S6p267_E16p267.mp4,LC_dv07_Tlc3p0_TTC02,6.0,0.0,0.0,0.0
LC_dv07_Tlc3p0_TTC03_CP1_S5p067_E15p067.mp4,LC_dv07_Tlc3p0_TTC03,3.0,1.6193022356488436,1.6104509232639896,1.6125309053150543
LC_dv07_Tlc3p0_TTC03_CP1_S5p067_E15p067.mp4,LC_dv07_Tlc3p0_TTC03,4.0,1.6193022356488436,1.6084890190470331,1.611640474994842
LC_dv07_Tlc3p0_TTC03_CP1_S5p067_E15p067.mp4,LC_dv07_Tlc3p0_TTC03,5.0,1.6193022356488436,1.6065271148300757,1.6097282111925924
LC_dv07_Tlc3p0_TTC03_CP1_S5p067_E15p067.mp4,LC_dv07_Tlc3p0_TTC03,6.0,1.6193022356488436,1.60456521061312,1.607149498746964
LC_dv07_Tlc3p0_TTC03_CP2_S5p367_E15p367.mp4,LC_dv07_Tlc3p0_TTC03,3.0,0.0,0.0,0.0
LC_dv07_Tlc3p0_TTC03_CP2_S5p367_E15p367.mp4,LC_dv07_Tlc3p0_TTC03,4.0,0.0,0.0,0.0
LC_dv07_Tlc3p0_TTC03_CP2_S5p367_E15p367.mp4,LC_dv07_Tlc3p0_TTC03,5.0,0.0,0.0,0.0
LC_dv07_Tlc3p0_TTC03_CP2_S5p367_E15p367.mp4,LC_dv07_Tlc3p0_TTC03,6.0,0.0,0.0,0.0
LC_dv07_Tlc3p0_TTC03_CP3_S5p667_E15p667.mp4,LC_dv07_Tlc3p0_TTC03,3.0,0.0,0.0,0.0
LC_dv07_Tlc3p0_TTC03_CP3_S5p667_E15p667.mp4,LC_dv07_Tlc3p0_TTC03,4.0,0.0,0.0,0.0
LC_dv07_Tlc3p0_TTC03_CP3_S5p667_E15p667.mp4,LC_dv07_Tlc3p0_TTC03,5.0,0.0,0.0,0.0
LC_dv07_Tlc3p0_TTC03_CP3_S5p667_E15p667.mp4,LC_dv07_Tlc3p0_TTC03,6.0,0.0,0.0,0.0
LC_dv07_Tlc3p0_TTC03_CP4_S5p967_E15p967.mp4,LC_dv07_Tlc3p0_TTC03,3.0,0.0,0.0,0.0
LC_dv07_Tlc3p0_TTC03_CP4_S5p967_E15p967.mp4,LC_dv07_Tlc3p0_TTC03,4.0,0.0,0.0,0.0
LC_dv07_Tlc3p0_TTC03_CP4_S5p967_E15p967.mp4,LC_dv07_Tlc3p0_TTC03,5.0,0.0,0.0,0.0
LC_dv07_Tlc3p0_TTC03_CP4_S5p967_E15p967.mp4,LC_dv07_Tlc3p0_TTC03,6.0,0.0,0.0,0.0
LC_dv07_Tlc3p0_TTC03_CP5_S6p267_E16p267.mp4,LC_dv07_Tlc3p0_TTC03,3.0,0.0,0.0,0.0
LC_dv07_Tlc3p0_TTC03_CP5_S6p267_E16p267.mp4,LC_dv07_Tlc3p0_TTC03,4.0,0.0,0.0,0.0
LC_dv07_Tlc3p0_TTC03_CP5_S6p267_E16p267.mp4,LC_dv07_Tlc3p0_TTC03,5.0,0.0,0.0,0.0
LC_dv07_Tlc3p0_TTC03_CP5_S6p267_E16p267.mp4,LC_dv07_Tlc3p0_TTC03,6.0,0.0,0.0,0.0
LC_dv07_Tlc3p0_TTC04_CP1_S5p033_E15p033.mp4,LC_dv07_Tlc3p0_TTC04,3.0,1.6182310503036539,1.6105021033739975,1.6165043064387838
LC_dv07_Tlc3p0_TTC04_CP1_S5p033_E15p033.mp4,LC_dv07_Tlc3p0_TTC04,4.0,1.6182310503036539,1.6085401991570418,1.6165043064387838
LC_dv07_Tlc3p0_TTC04_CP1_S5p033_E15p033.mp4,LC_dv07_Tlc3p0_TTC04,5.0,1.6182310503036539,1.6065782949400842,1.6163255338568387
LC_dv07_Tlc3p0_TTC04_CP1_S5p033_E15p033.mp4,LC_dv07_Tlc3p0_TTC04,6.0,1.6182310503036539,1.6046163907231294,1.6163255338568387
LC_dv07_Tlc3p0_TTC04_CP2_S5p333_E15p333.mp4,LC_dv07_Tlc3p0_TTC04,3.0,0.0,0.0,0.0
LC_dv07_Tlc3p0_TTC04_CP2_S5p333_E15p333.mp4,LC_dv07_Tlc3p0_TTC04,4.0,0.0,0.0,0.0
LC_dv07_Tlc3p0_TTC04_CP2_S5p333_E15p333.mp4,LC_dv07_Tlc3p0_TTC04,5.0,0.0,0.0,0.0
LC_dv07_Tlc3p0_TTC04_CP2_S5p333_E15p333.mp4,LC_dv07_Tlc3p0_TTC04,6.0,0.0,0.0,0.0
LC_dv07_Tlc3p0_TTC04_CP3_S5p633_E15p633.mp4,LC_dv07_Tlc3p0_TTC04,3.0,0.0,0.0,0.0
LC_dv07_Tlc3p0_TTC04_CP3_S5p633_E15p633.mp4,LC_dv07_Tlc3p0_TTC04,4.0,0.0,0.0,0.0
LC_dv07_Tlc3p0_TTC04_CP3_S5p633_E15p633.mp4,LC_dv07_Tlc3p0_TTC04,5.0,0.0,0.0,0.0
LC_dv07_Tlc3p0_TTC04_CP3_S5p633_E15p633.mp4,LC_dv07_Tlc3p0_TTC04,6.0,0.0,0.0,0.0
LC_dv07_Tlc3p0_TTC04_CP4_S5p933_E15p933.mp4,LC_dv07_Tlc3p0_TTC04,3.0,0.0,0.0,0.0
LC_dv07_Tlc3p0_TTC04_CP4_S5p933_E15p933.mp4,LC_dv07_Tlc3p0_TTC04,4.0,0.0,0.0,0.0
LC_dv07_Tlc3p0_TTC04_CP4_S5p933_E15p933.mp4,LC_dv07_Tlc3p0_TTC04,5.0,0.0,0.0,0.0
LC_dv07_Tlc3p0_TTC04_CP4_S5p933_E15p933.mp4,LC_dv07_Tlc3p0_TTC04,6.0,0.0,0.0,0.0
LC_dv07_Tlc3p0_TTC04_CP5_S6p233_E16p233.mp4,LC_dv07_Tlc3p0_TTC04,3.0,0.0,0.0,0.0
LC_dv07_Tlc3p0_TTC04_CP5_S6p233_E16p233.mp4,LC_dv07_Tlc3p0_TTC04,4.0,0.0,0.0,0.0
LC_dv07_Tlc3p0_TTC04_CP5_S6p233_E16p233.mp4,LC_dv07_Tlc3p0_TTC04,5.0,0.0,0.0,0.0
LC_dv07_Tlc3p0_TTC04_CP5_S6p233_E16p233.mp4,LC_dv07_Tlc3p0_TTC04,6.0,0.0,0.0,0.0
LC_dv07_Tlc3p0_TTC05_CP1_S5p067_E15p067.mp4,LC_dv07_Tlc3p0_TTC05,3.0,1.610933904496304,1.6105190235662328,1.612985704488782
LC_dv07_Tlc3p0_TTC05_CP1_S5p067_E15p067.mp4,LC_dv07_Tlc3p0_TTC05,4.0,1.6089720002793502,1.6085546348779232,1.6121281931420954
LC_dv07_Tlc3p0_TTC05_CP1_S5p067_E15p067.mp4,LC_dv07_Tlc3p0_TTC05,5.0,1.6070100960623954,1.6065902461896129,1.610880766811147
LC_dv07_Tlc3p0_TTC05_CP1_S5p067_E15p067.mp4,LC_dv07_Tlc3p0_TTC05,6.0,1.6050481918454425,1.6046258575013028,1.610880766811147
LC_dv07_Tlc3p0_TTC05_CP3_S5p667_E15p667.mp4,LC_dv07_Tlc3p0_TTC05,3.0,0.0,0.0,0.0
LC_dv07_Tlc3p0_TTC05_CP3_S5p667_E15p667.mp4,LC_dv07_Tlc3p0_TTC05,4.0,0.0,0.0,0.0
LC_dv07_Tlc3p0_TTC05_CP3_S5p667_E15p667.mp4,LC_dv07_Tlc3p0_TTC05,5.0,0.0,0.0,0.0
LC_dv07_Tlc3p0_TTC05_CP3_S5p667_E15p667.mp4,LC_dv07_Tlc3p0_TTC05,6.0,0.0,0.0,0.0
LC_dv07_Tlc3p0_TTC05_CP5_S6p267_E16p267.mp4,LC_dv07_Tlc3p0_TTC05,3.0,0.0,0.0,0.0
LC_dv07_Tlc3p0_TTC05_CP5_S6p267_E16p267.mp4,LC_dv07_Tlc3p0_TTC05,4.0,0.0,0.0,0.0
LC_dv07_Tlc3p0_TTC05_CP5_S6p267_E16p267.mp4,LC_dv07_Tlc3p0_TTC05,5.0,0.0,0.0,0.0
LC_dv07_Tlc3p0_TTC05_CP5_S6p267_E16p267.mp4,LC_dv07_Tlc3p0_TTC05,6.0,0.0,0.0,0.0
LC_dv07_Tlc3p0_TTC06_CP1_S5p067_E15p067.mp4,LC_dv07_Tlc3p0_TTC06,3.0,1.617774039475992,1.6102762649274296,1.6129774774629535
LC_dv07_Tlc3p0_TTC06_CP1_S5p067_E15p067.mp4,LC_dv07_Tlc3p0_TTC06,4.0,1.617774039475992,1.6083143607104793,1.6116199039344774
LC_dv07_Tlc3p0_TTC06_CP1_S5p067_E15p067.mp4,LC_dv07_Tlc3p0_TTC06,5.0,1.617774039475992,1.606352456493529,1.6097151884787297
LC_dv07_Tlc3p0_TTC06_CP1_S5p067_E15p067.mp4,LC_dv07_Tlc3p0_TTC06,6.0,1.617774039475992,1.6043905522765787,1.6077532842617785
LC_dv07_Tlc3p0_TTC06_CP2_S5p367_E15p367.mp4,LC_dv07_Tlc3p0_TTC06,3.0,0.0,0.0,0.0
LC_dv07_Tlc3p0_TTC06_CP2_S5p367_E15p367.mp4,LC_dv07_Tlc3p0_TTC06,4.0,0.0,0.0,0.0
LC_dv07_Tlc3p0_TTC06_CP2_S5p367_E15p367.mp4,LC_dv07_Tlc3p0_TTC06,5.0,0.0,0.0,0.0
LC_dv07_Tlc3p0_TTC06_CP2_S5p367_E15p367.mp4,LC_dv07_Tlc3p0_TTC06,6.0,0.0,0.0,0.0
LC_dv07_Tlc3p0_TTC06_CP4_S5p967_E15p967.mp4,LC_dv07_Tlc3p0_TTC06,3.0,0.0,0.0,0.0
LC_dv07_Tlc3p0_TTC06_CP4_S5p967_E15p967.mp4,LC_dv07_Tlc3p0_TTC06,4.0,0.0,0.0,0.0
LC_dv07_Tlc3p0_TTC06_CP4_S5p967_E15p967.mp4,LC_dv07_Tlc3p0_TTC06,5.0,0.0,0.0,0.0
LC_dv07_Tlc3p0_TTC06_CP4_S5p967_E15p967.mp4,LC_dv07_Tlc3p0_TTC06,6.0,0.0,0.0,0.0
LC_dv07_Tlc4p0_TTC02_CP1_S5p067_E15p067.mp4,LC_dv07_Tlc4p0_TTC02,3.0,1.6172430157679072,1.6106715694267417,1.6113562200274216
LC_dv07_Tlc4p0_TTC02_CP1_S5p067_E15p067.mp4,LC_dv07_Tlc4p0_TTC02,4.0,1.6172430157679072,1.608718745635788,1.6113562200274216
LC_dv07_Tlc4p0_TTC02_CP1_S5p067_E15p067.mp4,LC_dv07_Tlc4p0_TTC02,5.0,1.6172430157679072,1.6067659218448342,1.6113562200274216
LC_dv07_Tlc4p0_TTC02_CP1_S5p067_E15p067.mp4,LC_dv07_Tlc4p0_TTC02,6.0,1.6172430157679072,1.6048106017328498,1.6113562200274216
LC_dv07_Tlc4p0_TTC02_CP2_S5p367_E15p367.mp4,LC_dv07_Tlc4p0_TTC02,3.0,0.0,0.0,0.0
LC_dv07_Tlc4p0_TTC02_CP2_S5p367_E15p367.mp4,LC_dv07_Tlc4p0_TTC02,4.0,0.0,0.0,0.0
LC_dv07_Tlc4p0_TTC02_CP2_S5p367_E15p367.mp4,LC_dv07_Tlc4p0_TTC02,5.0,0.0,0.0,0.0
LC_dv07_Tlc4p0_TTC02_CP2_S5p367_E15p367.mp4,LC_dv07_Tlc4p0_TTC02,6.0,0.0,0.0,0.0
LC_dv07_Tlc4p0_TTC02_CP3_S5p667_E15p667.mp4,LC_dv07_Tlc4p0_TTC02,3.0,0.0,0.0,0.0
LC_dv07_Tlc4p0_TTC02_CP3_S5p667_E15p667.mp4,LC_dv07_Tlc4p0_TTC02,4.0,0.0,0.0,0.0
LC_dv07_Tlc4p0_TTC02_CP3_S5p667_E15p667.mp4,LC_dv07_Tlc4p0_TTC02,5.0,0.0,0.0,0.0
LC_dv07_Tlc4p0_TTC02_CP3_S5p667_E15p667.mp4,LC_dv07_Tlc4p0_TTC02,6.0,0.0,0.0,0.0
LC_dv07_Tlc4p0_TTC02_CP4_S5p967_E15p967.mp4,LC_dv07_Tlc4p0_TTC02,3.0,0.0,0.0,0.0
LC_dv07_Tlc4p0_TTC02_CP4_S5p967_E15p967.mp4,LC_dv07_Tlc4p0_TTC02,4.0,0.0,0.0,0.0
LC_dv07_Tlc4p0_TTC02_CP4_S5p967_E15p967.mp4,LC_dv07_Tlc4p0_TTC02,5.0,0.0,0.0,0.0
LC_dv07_Tlc4p0_TTC02_CP4_S5p967_E15p967.mp4,LC_dv07_Tlc4p0_TTC02,6.0,0.0,0.0,0.0
LC_dv07_Tlc4p0_TTC02_CP5_S6p267_E16p267.mp4,LC_dv07_Tlc4p0_TTC02,3.0,0.0,0.0,0.0
LC_dv07_Tlc4p0_TTC02_CP5_S6p267_E16p267.mp4,LC_dv07_Tlc4p0_TTC02,4.0,0.0,0.0,0.0
LC_dv07_Tlc4p0_TTC02_CP5_S6p267_E16p267.mp4,LC_dv07_Tlc4p0_TTC02,5.0,0.0,0.0,0.0
LC_dv07_Tlc4p0_TTC02_CP5_S6p267_E16p267.mp4,LC_dv07_Tlc4p0_TTC02,6.0,0.0,0.0,0.0
LC_dv07_Tlc4p0_TTC03_CP1_S5p067_E15p067.mp4,LC_dv07_Tlc4p0_TTC03,3.0,1.6108747715464538,1.6105015872924315,1.612556075442544
LC_dv07_Tlc4p0_TTC03_CP1_S5p067_E15p067.mp4,LC_dv07_Tlc4p0_TTC03,4.0,1.6089244306846668,1.608551246430641,1.607989884174207
LC_dv07_Tlc4p0_TTC03_CP1_S5p067_E15p067.mp4,LC_dv07_Tlc4p0_TTC03,5.0,1.6069740898228764,1.606600905568848,1.607989884174207
LC_dv07_Tlc4p0_TTC03_CP1_S5p067_E15p067.mp4,LC_dv07_Tlc4p0_TTC03,6.0,1.6050237489610886,1.6046505647070572,1.607989884174207
LC_dv07_Tlc4p0_TTC03_CP2_S5p367_E15p367.mp4,LC_dv07_Tlc4p0_TTC03,3.0,0.0,0.0,0.0
LC_dv07_Tlc4p0_TTC03_CP2_S5p367_E15p367.mp4,LC_dv07_Tlc4p0_TTC03,4.0,0.0,0.0,0.0
LC_dv07_Tlc4p0_TTC03_CP2_S5p367_E15p367.mp4,LC_dv07_Tlc4p0_TTC03,5.0,0.0,0.0,0.0
LC_dv07_Tlc4p0_TTC03_CP2_S5p367_E15p367.mp4,LC_dv07_Tlc4p0_TTC03,6.0,0.0,0.0,0.0
LC_dv07_Tlc4p0_TTC03_CP3_S5p667_E15p667.mp4,LC_dv07_Tlc4p0_TTC03,3.0,0.0,0.0,0.0
LC_dv07_Tlc4p0_TTC03_CP3_S5p667_E15p667.mp4,LC_dv07_Tlc4p0_TTC03,4.0,0.0,0.0,0.0
LC_dv07_Tlc4p0_TTC03_CP3_S5p667_E15p667.mp4,LC_dv07_Tlc4p0_TTC03,5.0,0.0,0.0,0.0
LC_dv07_Tlc4p0_TTC03_CP3_S5p667_E15p667.mp4,LC_dv07_Tlc4p0_TTC03,6.0,0.0,0.0,0.0
LC_dv07_Tlc4p0_TTC03_CP4_S5p967_E15p967.mp4,LC_dv07_Tlc4p0_TTC03,3.0,0.0,0.0,0.0
LC_dv07_Tlc4p0_TTC03_CP4_S5p967_E15p967.mp4,LC_dv07_Tlc4p0_TTC03,4.0,0.0,0.0,0.0
LC_dv07_Tlc4p0_TTC03_CP4_S5p967_E15p967.mp4,LC_dv07_Tlc4p0_TTC03,5.0,0.0,0.0,0.0
LC_dv07_Tlc4p0_TTC03_CP4_S5p967_E15p967.mp4,LC_dv07_Tlc4p0_TTC03,6.0,0.0,0.0,0.0
LC_dv07_Tlc4p0_TTC03_CP5_S6p267_E16p267.mp4,LC_dv07_Tlc4p0_TTC03,3.0,0.0,0.0,0.0
LC_dv07_Tlc4p0_TTC03_CP5_S6p267_E16p267.mp4,LC_dv07_Tlc4p0_TTC03,4.0,0.0,0.0,0.0
LC_dv07_Tlc4p0_TTC03_CP5_S6p267_E16p267.mp4,LC_dv07_Tlc4p0_TTC03,5.0,0.0,0.0,0.0
LC_dv07_Tlc4p0_TTC03_CP5_S6p267_E16p267.mp4,LC_dv07_Tlc4p0_TTC03,6.0,0.0,0.0,0.0
LC_dv07_Tlc4p0_TTC04_CP1_S5p033_E15p033.mp4,LC_dv07_Tlc4p0_TTC04,3.0,1.6181866247731025,1.6104967455805534,1.6165044407770346
LC_dv07_Tlc4p0_TTC04_CP1_S5p033_E15p033.mp4,LC_dv07_Tlc4p0_TTC04,4.0,1.6181866247731025,1.608546404718762,1.6165044407770346
LC_dv07_Tlc4p0_TTC04_CP1_S5p033_E15p033.mp4,LC_dv07_Tlc4p0_TTC04,5.0,1.6181866247731025,1.6065960638569698,1.6163413782891733
LC_dv07_Tlc4p0_TTC04_CP1_S5p033_E15p033.mp4,LC_dv07_Tlc4p0_TTC04,6.0,1.6181866247731025,1.6046457229951794,1.6163413782891733
LC_dv07_Tlc4p0_TTC04_CP2_S5p333_E15p333.mp4,LC_dv07_Tlc4p0_TTC04,3.0,0.0,0.0,0.0
LC_dv07_Tlc4p0_TTC04_CP2_S5p333_E15p333.mp4,LC_dv07_Tlc4p0_TTC04,4.0,0.0,0.0,0.0
LC_dv07_Tlc4p0_TTC04_CP2_S5p333_E15p333.mp4,LC_dv07_Tlc4p0_TTC04,5.0,0.0,0.0,0.0
LC_dv07_Tlc4p0_TTC04_CP2_S5p333_E15p333.mp4,LC_dv07_Tlc4p0_TTC04,6.0,0.0,0.0,0.0
LC_dv07_Tlc4p0_TTC04_CP3_S5p633_E15p633.mp4,LC_dv07_Tlc4p0_TTC04,3.0,0.0,0.0,0.0
LC_dv07_Tlc4p0_TTC04_CP3_S5p633_E15p633.mp4,LC_dv07_Tlc4p0_TTC04,4.0,0.0,0.0,0.0
LC_dv07_Tlc4p0_TTC04_CP3_S5p633_E15p633.mp4,LC_dv07_Tlc4p0_TTC04,5.0,0.0,0.0,0.0
LC_dv07_Tlc4p0_TTC04_CP3_S5p633_E15p633.mp4,LC_dv07_Tlc4p0_TTC04,6.0,0.0,0.0,0.0
LC_dv07_Tlc4p0_TTC04_CP4_S5p933_E15p933.mp4,LC_dv07_Tlc4p0_TTC04,3.0,0.0,0.0,0.0
LC_dv07_Tlc4p0_TTC04_CP4_S5p933_E15p933.mp4,LC_dv07_Tlc4p0_TTC04,4.0,0.0,0.0,0.0
LC_dv07_Tlc4p0_TTC04_CP4_S5p933_E15p933.mp4,LC_dv07_Tlc4p0_TTC04,5.0,0.0,0.0,0.0
LC_dv07_Tlc4p0_TTC04_CP4_S5p933_E15p933.mp4,LC_dv07_Tlc4p0_TTC04,6.0,0.0,0.0,0.0
LC_dv07_Tlc4p0_TTC04_CP5_S6p233_E16p233.mp4,LC_dv07_Tlc4p0_TTC04,3.0,0.0,0.0,0.0
LC_dv07_Tlc4p0_TTC04_CP5_S6p233_E16p233.mp4,LC_dv07_Tlc4p0_TTC04,4.0,0.0,0.0,0.0
LC_dv07_Tlc4p0_TTC04_CP5_S6p233_E16p233.mp4,LC_dv07_Tlc4p0_TTC04,5.0,0.0,0.0,0.0
LC_dv07_Tlc4p0_TTC04_CP5_S6p233_E16p233.mp4,LC_dv07_Tlc4p0_TTC04,6.0,0.0,0.0,0.0
LC_dv07_Tlc4p0_TTC06_CP1_S5p067_E15p067.mp4,LC_dv07_Tlc4p0_TTC06,3.0,1.6203618383797325,1.6105562648496354,1.6126767188502098
LC_dv07_Tlc4p0_TTC06_CP1_S5p067_E15p067.mp4,LC_dv07_Tlc4p0_TTC06,4.0,1.6203618383797325,1.6085943606326798,1.6116637222897303
LC_dv07_Tlc4p0_TTC06_CP1_S5p067_E15p067.mp4,LC_dv07_Tlc4p0_TTC06,5.0,1.6203618383797325,1.6066324564157215,1.6105700989194882
LC_dv07_Tlc4p0_TTC06_CP1_S5p067_E15p067.mp4,LC_dv07_Tlc4p0_TTC06,6.0,1.6203618383797325,1.6046705521987668,1.6105700989194882
LC_dv07_Tlc4p0_TTC06_CP3_S5p667_E15p667.mp4,LC_dv07_Tlc4p0_TTC06,3.0,0.0,0.0,0.0
LC_dv07_Tlc4p0_TTC06_CP3_S5p667_E15p667.mp4,LC_dv07_Tlc4p0_TTC06,4.0,0.0,0.0,0.0
LC_dv07_Tlc4p0_TTC06_CP3_S5p667_E15p667.mp4,LC_dv07_Tlc4p0_TTC06,5.0,0.0,0.0,0.0
LC_dv07_Tlc4p0_TTC06_CP3_S5p667_E15p667.mp4,LC_dv07_Tlc4p0_TTC06,6.0,0.0,0.0,0.0
LC_dv07_Tlc4p0_TTC06_CP5_S6p267_E16p267.mp4,LC_dv07_Tlc4p0_TTC06,3.0,0.0,0.0,0.0
LC_dv07_Tlc4p0_TTC06_CP5_S6p267_E16p267.mp4,LC_dv07_Tlc4p0_TTC06,4.0,0.0,0.0,0.0
LC_dv07_Tlc4p0_TTC06_CP5_S6p267_E16p267.mp4,LC_dv07_Tlc4p0_TTC06,5.0,0.0,0.0,0.0
LC_dv07_Tlc4p0_TTC06_CP5_S6p267_E16p267.mp4,LC_dv07_Tlc4p0_TTC06,6.0,0.0,0.0,0.0
LC_dv07_Tlc4p0_TTC07_CP1_S5p067_E15p067.mp4,LC_dv07_Tlc4p0_TTC07,3.0,1.6110751439303632,1.610431046530761,1.6181212858615772
LC_dv07_Tlc4p0_TTC07_CP1_S5p067_E15p067.mp4,LC_dv07_Tlc4p0_TTC07,4.0,1.6091248030685807,1.6084831885981443,1.6181212858615772
LC_dv07_Tlc4p0_TTC07_CP1_S5p067_E15p067.mp4,LC_dv07_Tlc4p0_TTC07,5.0,1.607174462206798,1.6065353306655277,1.6181212858615772
LC_dv07_Tlc4p0_TTC07_CP1_S5p067_E15p067.mp4,LC_dv07_Tlc4p0_TTC07,6.0,1.605224121345015,1.604587472732911,1.6181212858615772
LC_dv07_Tlc4p0_TTC07_CP2_S5p367_E15p367.mp4,LC_dv07_Tlc4p0_TTC07,3.0,0.0,0.0,0.0
LC_dv07_Tlc4p0_TTC07_CP2_S5p367_E15p367.mp4,LC_dv07_Tlc4p0_TTC07,4.0,0.0,0.0,0.0
LC_dv07_Tlc4p0_TTC07_CP2_S5p367_E15p367.mp4,LC_dv07_Tlc4p0_TTC07,5.0,0.0,0.0,0.0
LC_dv07_Tlc4p0_TTC07_CP2_S5p367_E15p367.mp4,LC_dv07_Tlc4p0_TTC07,6.0,0.0,0.0,0.0
LC_dv07_Tlc4p0_TTC07_CP4_S5p967_E15p967.mp4,LC_dv07_Tlc4p0_TTC07,3.0,0.0,0.0,0.0
LC_dv07_Tlc4p0_TTC07_CP4_S5p967_E15p967.mp4,LC_dv07_Tlc4p0_TTC07,4.0,0.0,0.0,0.0
LC_dv07_Tlc4p0_TTC07_CP4_S5p967_E15p967.mp4,LC_dv07_Tlc4p0_TTC07,5.0,0.0,0.0,0.0
LC_dv07_Tlc4p0_TTC07_CP4_S5p967_E15p967.mp4,LC_dv07_Tlc4p0_TTC07,6.0,0.0,0.0,0.0
LC_dv14_Tlc2p0_TTC02_CP1_S5p067_E15p067.mp4,LC_dv14_Tlc2p0_TTC02,3.0,1.6158231672194552,1.602000897237781,1.6182267168710034
LC_dv14_Tlc2p0_TTC02_CP1_S5p067_E15p067.mp4,LC_dv14_Tlc2p0_TTC02,4.0,1.6155715949749963,1.5984136482805997,1.6182267168710034
LC_dv14_Tlc2p0_TTC02_CP1_S5p067_E15p067.mp4,LC_dv14_Tlc2p0_TTC02,5.0,1.6153200227305382,1.5948263993234193,1.6182267168710034
LC_dv14_Tlc2p0_TTC02_CP1_S5p067_E15p067.mp4,LC_dv14_Tlc2p0_TTC02,6.0,1.6150684504860826,1.5912391503662378,1.6182267168710034
LC_dv14_Tlc2p0_TTC02_CP2_S5p367_E15p367.mp4,LC_dv14_Tlc2p0_TTC02,3.0,0.0,0.0,0.0
LC_dv14_Tlc2p0_TTC02_CP2_S5p367_E15p367.mp4,LC_dv14_Tlc2p0_TTC02,4.0,0.0,0.0,0.0
LC_dv14_Tlc2p0_TTC02_CP2_S5p367_E15p367.mp4,LC_dv14_Tlc2p0_TTC02,5.0,0.0,0.0,0.0
LC_dv14_Tlc2p0_TTC02_CP2_S5p367_E15p367.mp4,LC_dv14_Tlc2p0_TTC02,6.0,0.0,0.0,0.0
LC_dv14_Tlc2p0_TTC02_CP3_S5p667_E15p667.mp4,LC_dv14_Tlc2p0_TTC02,3.0,0.0,0.0,0.0
LC_dv14_Tlc2p0_TTC02_CP3_S5p667_E15p667.mp4,LC_dv14_Tlc2p0_TTC02,4.0,0.0,0.0,0.0
LC_dv14_Tlc2p0_TTC02_CP3_S5p667_E15p667.mp4,LC_dv14_Tlc2p0_TTC02,5.0,0.0,0.0,0.0
LC_dv14_Tlc2p0_TTC02_CP3_S5p667_E15p667.mp4,LC_dv14_Tlc2p0_TTC02,6.0,0.0,0.0,0.0
LC_dv14_Tlc2p0_TTC02_CP4_S5p967_E15p967.mp4,LC_dv14_Tlc2p0_TTC02,3.0,0.0,0.0,0.0
LC_dv14_Tlc2p0_TTC02_CP4_S5p967_E15p967.mp4,LC_dv14_Tlc2p0_TTC02,4.0,0.0,0.0,0.0
LC_dv14_Tlc2p0_TTC02_CP4_S5p967_E15p967.mp4,LC_dv14_Tlc2p0_TTC02,5.0,0.0,0.0,0.0
LC_dv14_Tlc2p0_TTC02_CP4_S5p967_E15p967.mp4,LC_dv14_Tlc2p0_TTC02,6.0,0.0,0.0,0.0
LC_dv14_Tlc2p0_TTC02_CP5_S6p267_E16p267.mp4,LC_dv14_Tlc2p0_TTC02,3.0,0.0,0.0,0.0
LC_dv14_Tlc2p0_TTC02_CP5_S6p267_E16p267.mp4,LC_dv14_Tlc2p0_TTC02,4.0,0.0,0.0,0.0
LC_dv14_Tlc2p0_TTC02_CP5_S6p267_E16p267.mp4,LC_dv14_Tlc2p0_TTC02,5.0,0.0,0.0,0.0
LC_dv14_Tlc2p0_TTC02_CP5_S6p267_E16p267.mp4,LC_dv14_Tlc2p0_TTC02,6.0,0.0,0.0,0.0
LC_dv14_Tlc2p0_TTC03_CP1_S5p067_E15p067.mp4,LC_dv14_Tlc2p0_TTC03,3.0,1.6156077045026034,1.6020703574687956,1.612266418543756
LC_dv14_Tlc2p0_TTC03_CP1_S5p067_E15p067.mp4,LC_dv14_Tlc2p0_TTC03,4.0,1.61534205726764,1.5984713779962743,1.603281066868709
LC_dv14_Tlc2p0_TTC03_CP1_S5p067_E15p067.mp4,LC_dv14_Tlc2p0_TTC03,5.0,1.6150764100326775,1.5948723985237523,1.603281066868709
LC_dv14_Tlc2p0_TTC03_CP1_S5p067_E15p067.mp4,LC_dv14_Tlc2p0_TTC03,6.0,1.6148107627977177,1.5912734190512303,1.603281066868709
LC_dv14_Tlc2p0_TTC03_CP2_S5p367_E15p367.mp4,LC_dv14_Tlc2p0_TTC03,3.0,0.0,0.0,0.0
LC_dv14_Tlc2p0_TTC03_CP2_S5p367_E15p367.mp4,LC_dv14_Tlc2p0_TTC03,4.0,0.0,0.0,0.0
LC_dv14_Tlc2p0_TTC03_CP2_S5p367_E15p367.mp4,LC_dv14_Tlc2p0_TTC03,5.0,0.0,0.0,0.0
LC_dv14_Tlc2p0_TTC03_CP2_S5p367_E15p367.mp4,LC_dv14_Tlc2p0_TTC03,6.0,0.0,0.0,0.0
LC_dv14_Tlc2p0_TTC03_CP3_S5p667_E15p667.mp4,LC_dv14_Tlc2p0_TTC03,3.0,0.0,0.0,0.0
LC_dv14_Tlc2p0_TTC03_CP3_S5p667_E15p667.mp4,LC_dv14_Tlc2p0_TTC03,4.0,0.0,0.0,0.0
LC_dv14_Tlc2p0_TTC03_CP3_S5p667_E15p667.mp4,LC_dv14_Tlc2p0_TTC03,5.0,0.0,0.0,0.0
LC_dv14_Tlc2p0_TTC03_CP3_S5p667_E15p667.mp4,LC_dv14_Tlc2p0_TTC03,6.0,0.0,0.0,0.0
LC_dv14_Tlc2p0_TTC03_CP4_S5p967_E15p967.mp4,LC_dv14_Tlc2p0_TTC03,3.0,0.0,0.0,0.0
LC_dv14_Tlc2p0_TTC03_CP4_S5p967_E15p967.mp4,LC_dv14_Tlc2p0_TTC03,4.0,0.0,0.0,0.0
LC_dv14_Tlc2p0_TTC03_CP4_S5p967_E15p967.mp4,LC_dv14_Tlc2p0_TTC03,5.0,0.0,0.0,0.0
LC_dv14_Tlc2p0_TTC03_CP4_S5p967_E15p967.mp4,LC_dv14_Tlc2p0_TTC03,6.0,0.0,0.0,0.0
LC_dv14_Tlc2p0_TTC03_CP5_S6p267_E16p267.mp4,LC_dv14_Tlc2p0_TTC03,3.0,0.0,0.0,0.0
LC_dv14_Tlc2p0_TTC03_CP5_S6p267_E16p267.mp4,LC_dv14_Tlc2p0_TTC03,4.0,0.0,0.0,0.0
LC_dv14_Tlc2p0_TTC03_CP5_S6p267_E16p267.mp4,LC_dv14_Tlc2p0_TTC03,5.0,0.0,0.0,0.0
LC_dv14_Tlc2p0_TTC03_CP5_S6p267_E16p267.mp4,LC_dv14_Tlc2p0_TTC03,6.0,0.0,0.0,0.0
LC_dv14_Tlc2p0_TTC04_CP1_S5p067_E15p067.mp4,LC_dv14_Tlc2p0_TTC04,3.0,1.6154908371977499,1.6011642378861388,1.6124909844115758
LC_dv14_Tlc2p0_TTC04_CP1_S5p067_E15p067.mp4,LC_dv14_Tlc2p0_TTC04,4.0,1.6152392649532918,1.5975535143024193,1.6121688510458232
LC_dv14_Tlc2p0_TTC04_CP1_S5p067_E15p067.mp4,LC_dv14_Tlc2p0_TTC04,5.0,1.614987692708833,1.5939427907187018,1.6116286712459973
LC_dv14_Tlc2p0_TTC04_CP1_S5p067_E15p067.mp4,LC_dv14_Tlc2p0_TTC04,6.0,1.6147361204643775,1.5903320671349832,1.6116286712459973
LC_dv14_Tlc2p0_TTC04_CP2_S5p367_E15p367.mp4,LC_dv14_Tlc2p0_TTC04,3.0,0.0,0.0,0.0
LC_dv14_Tlc2p0_TTC04_CP2_S5p367_E15p367.mp4,LC_dv14_Tlc2p0_TTC04,4.0,0.0,0.0,0.0
LC_dv14_Tlc2p0_TTC04_CP2_S5p367_E15p367.mp4,LC_dv14_Tlc2p0_TTC04,5.0,0.0,0.0,0.0
LC_dv14_Tlc2p0_TTC04_CP2_S5p367_E15p367.mp4,LC_dv14_Tlc2p0_TTC04,6.0,0.0,0.0,0.0
LC_dv14_Tlc2p0_TTC04_CP3_S5p667_E15p667.mp4,LC_dv14_Tlc2p0_TTC04,3.0,0.0,0.0,0.0
LC_dv14_Tlc2p0_TTC04_CP3_S5p667_E15p667.mp4,LC_dv14_Tlc2p0_TTC04,4.0,0.0,0.0,0.0
LC_dv14_Tlc2p0_TTC04_CP3_S5p667_E15p667.mp4,LC_dv14_Tlc2p0_TTC04,5.0,0.0,0.0,0.0
LC_dv14_Tlc2p0_TTC04_CP3_S5p667_E15p667.mp4,LC_dv14_Tlc2p0_TTC04,6.0,0.0,0.0,0.0
LC_dv14_Tlc2p0_TTC04_CP4_S5p967_E15p967.mp4,LC_dv14_Tlc2p0_TTC04,3.0,0.0,0.0,0.0
LC_dv14_Tlc2p0_TTC04_CP4_S5p967_E15p967.mp4,LC_dv14_Tlc2p0_TTC04,4.0,0.0,0.0,0.0
LC_dv14_Tlc2p0_TTC04_CP4_S5p967_E15p967.mp4,LC_dv14_Tlc2p0_TTC04,5.0,0.0,0.0,0.0
LC_dv14_Tlc2p0_TTC04_CP4_S5p967_E15p967.mp4,LC_dv14_Tlc2p0_TTC04,6.0,0.0,0.0,0.0
LC_dv14_Tlc2p0_TTC04_CP5_S6p267_E16p267.mp4,LC_dv14_Tlc2p0_TTC04,3.0,0.0,0.0,0.0
LC_dv14_Tlc2p0_TTC04_CP5_S6p267_E16p267.mp4,LC_dv14_Tlc2p0_TTC04,4.0,0.0,0.0,0.0
LC_dv14_Tlc2p0_TTC04_CP5_S6p267_E16p267.mp4,LC_dv14_Tlc2p0_TTC04,5.0,0.0,0.0,0.0
LC_dv14_Tlc2p0_TTC04_CP5_S6p267_E16p267.mp4,LC_dv14_Tlc2p0_TTC04,6.0,0.0,0.0,0.0
LC_dv14_Tlc2p0_TTC05_CP1_S5p067_E15p067.mp4,LC_dv14_Tlc2p0_TTC05,3.0,1.604013862541177,1.6011240108839795,1.612912743663252
LC_dv14_Tlc2p0_TTC05_CP1_S5p067_E15p067.mp4,LC_dv14_Tlc2p0_TTC05,4.0,1.6004266135839993,1.5975344169102683,1.6117860202949932
LC_dv14_Tlc2p0_TTC05_CP1_S5p067_E15p067.mp4,LC_dv14_Tlc2p0_TTC05,5.0,1.5968393646268204,1.5939448229365574,1.6091938288147778
LC_dv14_Tlc2p0_TTC05_CP1_S5p067_E15p067.mp4,LC_dv14_Tlc2p0_TTC05,6.0,1.5932521156696426,1.5903552289628466,1.605583105231054
LC_dv14_Tlc2p0_TTC05_CP3_S5p667_E15p667.mp4,LC_dv14_Tlc2p0_TTC05,3.0,0.0,0.0,0.0
LC_dv14_Tlc2p0_TTC05_CP3_S5p667_E15p667.mp4,LC_dv14_Tlc2p0_TTC05,4.0,0.0,0.0,0.0
LC_dv14_Tlc2p0_TTC05_CP3_S5p667_E15p667.mp4,LC_dv14_Tlc2p0_TTC05,5.0,0.0,0.0,0.0
LC_dv14_Tlc2p0_TTC05_CP3_S5p667_E15p667.mp4,LC_dv14_Tlc2p0_TTC05,6.0,0.0,0.0,0.0
LC_dv14_Tlc2p0_TTC05_CP5_S6p267_E16p267.mp4,LC_dv14_Tlc2p0_TTC05,3.0,0.0,0.0,0.0
LC_dv14_Tlc2p0_TTC05_CP5_S6p267_E16p267.mp4,LC_dv14_Tlc2p0_TTC05,4.0,0.0,0.0,0.0
LC_dv14_Tlc2p0_TTC05_CP5_S6p267_E16p267.mp4,LC_dv14_Tlc2p0_TTC05,5.0,0.0,0.0,0.0
LC_dv14_Tlc2p0_TTC05_CP5_S6p267_E16p267.mp4,LC_dv14_Tlc2p0_TTC05,6.0,0.0,0.0,0.0
LC_dv14_Tlc2p0_TTC06_CP1_S5p067_E15p067.mp4,LC_dv14_Tlc2p0_TTC06,3.0,1.6038229165946833,1.6002990155281969,1.61332634310097
LC_dv14_Tlc2p0_TTC06_CP1_S5p067_E15p067.mp4,LC_dv14_Tlc2p0_TTC06,4.0,1.600226284312146,1.5967000360556696,1.611447686640366
LC_dv14_Tlc2p0_TTC06_CP1_S5p067_E15p067.mp4,LC_dv14_Tlc2p0_TTC06,5.0,1.5966296520296068,1.5931010565831414,1.6090808516931667
LC_dv14_Tlc2p0_TTC06_CP1_S5p067_E15p067.mp4,LC_dv14_Tlc2p0_TTC06,6.0,1.5930330197470686,1.5895020771106148,1.6054936027359827
LC_dv14_Tlc2p0_TTC06_CP2_S5p367_E15p367.mp4,LC_dv14_Tlc2p0_TTC06,3.0,0.0,0.0,0.0
LC_dv14_Tlc2p0_TTC06_CP2_S5p367_E15p367.mp4,LC_dv14_Tlc2p0_TTC06,4.0,0.0,0.0,0.0
LC_dv14_Tlc2p0_TTC06_CP2_S5p367_E15p367.mp4,LC_dv14_Tlc2p0_TTC06,5.0,0.0,0.0,0.0
LC_dv14_Tlc2p0_TTC06_CP2_S5p367_E15p367.mp4,LC_dv14_Tlc2p0_TTC06,6.0,0.0,0.0,0.0
LC_dv14_Tlc2p0_TTC06_CP4_S5p967_E15p967.mp4,LC_dv14_Tlc2p0_TTC06,3.0,0.0,0.0,0.0
LC_dv14_Tlc2p0_TTC06_CP4_S5p967_E15p967.mp4,LC_dv14_Tlc2p0_TTC06,4.0,0.0,0.0,0.0
LC_dv14_Tlc2p0_TTC06_CP4_S5p967_E15p967.mp4,LC_dv14_Tlc2p0_TTC06,5.0,0.0,0.0,0.0
LC_dv14_Tlc2p0_TTC06_CP4_S5p967_E15p967.mp4,LC_dv14_Tlc2p0_TTC06,6.0,0.0,0.0,0.0
LC_dv14_Tlc3p0_TTC02_CP1_S5p033_E15p033.mp4,LC_dv14_Tlc3p0_TTC02,3.0,1.6187480316504317,1.6022721954946413,1.5987867173113546
LC_dv14_Tlc3p0_TTC02_CP1_S5p033_E15p033.mp4,LC_dv14_Tlc3p0_TTC02,4.0,1.6187480316504317,1.5986845900821007,1.5987867173113546
LC_dv14_Tlc3p0_TTC02_CP1_S5p033_E15p033.mp4,LC_dv14_Tlc3p0_TTC02,5.0,1.6187480316504317,1.5950969846695593,1.5987867173113546
LC_dv14_Tlc3p0_TTC02_CP1_S5p033_E15p033.mp4,LC_dv14_Tlc3p0_TTC02,6.0,1.6187480316504317,1.5915093792570187,1.5987867173113546
LC_dv14_Tlc3p0_TTC02_CP2_S5p333_E15p333.mp4,LC_dv14_Tlc3p0_TTC02,3.0,0.0,0.0,0.0
LC_dv14_Tlc3p0_TTC02_CP2_S5p333_E15p333.mp4,LC_dv14_Tlc3p0_TTC02,4.0,0.0,0.0,0.0
LC_dv14_Tlc3p0_TTC02_CP2_S5p333_E15p333.mp4,LC_dv14_Tlc3p0_TTC02,5.0,0.0,0.0,0.0
LC_dv14_Tlc3p0_TTC02_CP2_S5p333_E15p333.mp4,LC_dv14_Tlc3p0_TTC02,6.0,0.0,0.0,0.0
LC_dv14_Tlc3p0_TTC02_CP3_S5p633_E15p633.mp4,LC_dv14_Tlc3p0_TTC02,3.0,0.0,0.0,0.0
LC_dv14_Tlc3p0_TTC02_CP3_S5p633_E15p633.mp4,LC_dv14_Tlc3p0_TTC02,4.0,0.0,0.0,0.0
LC_dv14_Tlc3p0_TTC02_CP3_S5p633_E15p633.mp4,LC_dv14_Tlc3p0_TTC02,5.0,0.0,0.0,0.0
LC_dv14_Tlc3p0_TTC02_CP3_S5p633_E15p633.mp4,LC_dv14_Tlc3p0_TTC02,6.0,0.0,0.0,0.0
LC_dv14_Tlc3p0_TTC02_CP4_S5p933_E15p933.mp4,LC_dv14_Tlc3p0_TTC02,3.0,0.0,0.0,0.0
LC_dv14_Tlc3p0_TTC02_CP4_S5p933_E15p933.mp4,LC_dv14_Tlc3p0_TTC02,4.0,0.0,0.0,0.0
LC_dv14_Tlc3p0_TTC02_CP4_S5p933_E15p933.mp4,LC_dv14_Tlc3p0_TTC02,5.0,0.0,0.0,0.0
LC_dv14_Tlc3p0_TTC02_CP4_S5p933_E15p933.mp4,LC_dv14_Tlc3p0_TTC02,6.0,0.0,0.0,0.0
LC_dv14_Tlc3p0_TTC02_CP5_S6p233_E16p233.mp4,LC_dv14_Tlc3p0_TTC02,3.0,0.0,0.0,0.0
LC_dv14_Tlc3p0_TTC02_CP5_S6p233_E16p233.mp4,LC_dv14_Tlc3p0_TTC02,4.0,0.0,0.0,0.0
LC_dv14_Tlc3p0_TTC02_CP5_S6p233_E16p233.mp4,LC_dv14_Tlc3p0_TTC02,5.0,0.0,0.0,0.0
LC_dv14_Tlc3p0_TTC02_CP5_S6p233_E16p233.mp4,LC_dv14_Tlc3p0_TTC02,6.0,0.0,0.0,0.0
LC_dv14_Tlc3p0_TTC03_CP1_S5p067_E15p067.mp4,LC_dv14_Tlc3p0_TTC03,3.0,1.6156468322799955,1.6020092770145915,1.6122510175713791
LC_dv14_Tlc3p0_TTC03_CP1_S5p067_E15p067.mp4,LC_dv14_Tlc3p0_TTC03,4.0,1.6153929155616413,1.5983985534308702,1.6118208400375447
LC_dv14_Tlc3p0_TTC03_CP1_S5p067_E15p067.mp4,LC_dv14_Tlc3p0_TTC03,5.0,1.6151389988432872,1.5947878298471492,1.6118208400375447
LC_dv14_Tlc3p0_TTC03_CP1_S5p067_E15p067.mp4,LC_dv14_Tlc3p0_TTC03,6.0,1.6148850821249363,1.591177106263428,1.6118208400375447
LC_dv14_Tlc3p0_TTC03_CP2_S5p367_E15p367.mp4,LC_dv14_Tlc3p0_TTC03,3.0,0.0,0.0,0.0
LC_dv14_Tlc3p0_TTC03_CP2_S5p367_E15p367.mp4,LC_dv14_Tlc3p0_TTC03,4.0,0.0,0.0,0.0
LC_dv14_Tlc3p0_TTC03_CP2_S5p367_E15p367.mp4,LC_dv14_Tlc3p0_TTC03,5.0,0.0,0.0,0.0
LC_dv14_Tlc3p0_TTC03_CP2_S5p367_E15p367.mp4,LC_dv14_Tlc3p0_TTC03,6.0,0.0,0.0,0.0
LC_dv14_Tlc3p0_TTC03_CP3_S5p667_E15p667.mp4,LC_dv14_Tlc3p0_TTC03,3.0,0.0,0.0,0.0
LC_dv14_Tlc3p0_TTC03_CP3_S5p667_E15p667.mp4,LC_dv14_Tlc3p0_TTC03,4.0,0.0,0.0,0.0
LC_dv14_Tlc3p0_TTC03_CP3_S5p667_E15p667.mp4,LC_dv14_Tlc3p0_TTC03,5.0,0.0,0.0,0.0
LC_dv14_Tlc3p0_TTC03_CP3_S5p667_E15p667.mp4,LC_dv14_Tlc3p0_TTC03,6.0,0.0,0.0,0.0
LC_dv14_Tlc3p0_TTC03_CP4_S5p967_E15p967.mp4,LC_dv14_Tlc3p0_TTC03,3.0,0.0,0.0,0.0
LC_dv14_Tlc3p0_TTC03_CP4_S5p967_E15p967.mp4,LC_dv14_Tlc3p0_TTC03,4.0,0.0,0.0,0.0
LC_dv14_Tlc3p0_TTC03_CP4_S5p967_E15p967.mp4,LC_dv14_Tlc3p0_TTC03,5.0,0.0,0.0,0.0
LC_dv14_Tlc3p0_TTC03_CP4_S5p967_E15p967.mp4,LC_dv14_Tlc3p0_TTC03,6.0,0.0,0.0,0.0
LC_dv14_Tlc3p0_TTC03_CP5_S6p267_E16p267.mp4,LC_dv14_Tlc3p0_TTC03,3.0,0.0,0.0,0.0
LC_dv14_Tlc3p0_TTC03_CP5_S6p267_E16p267.mp4,LC_dv14_Tlc3p0_TTC03,4.0,0.0,0.0,0.0
LC_dv14_Tlc3p0_TTC03_CP5_S6p267_E16p267.mp4,LC_dv14_Tlc3p0_TTC03,5.0,0.0,0.0,0.0
LC_dv14_Tlc3p0_TTC03_CP5_S6p267_E16p267.mp4,LC_dv14_Tlc3p0_TTC03,6.0,0.0,0.0,0.0
LC_dv14_Tlc3p0_TTC04_CP1_S5p067_E15p067.mp4,LC_dv14_Tlc3p0_TTC04,3.0,1.615442176930469,1.6012658893754101,1.612518105180731
LC_dv14_Tlc3p0_TTC04_CP1_S5p067_E15p067.mp4,LC_dv14_Tlc3p0_TTC04,4.0,1.6151765296955065,1.5976786404182315,1.61174734428015
LC_dv14_Tlc3p0_TTC04_CP1_S5p067_E15p067.mp4,LC_dv14_Tlc3p0_TTC04,5.0,1.6149108824605432,1.5940913914610537,1.6112846032955435
LC_dv14_Tlc3p0_TTC04_CP1_S5p067_E15p067.mp4,LC_dv14_Tlc3p0_TTC04,6.0,1.6146452352255822,1.590504142503875,1.6112846032955435
LC_dv14_Tlc3p0_TTC04_CP2_S5p367_E15p367.mp4,LC_dv14_Tlc3p0_TTC04,3.0,0.0,0.0,0.0
LC_dv14_Tlc3p0_TTC04_CP2_S5p367_E15p367.mp4,LC_dv14_Tlc3p0_TTC04,4.0,0.0,0.0,0.0
LC_dv14_Tlc3p0_TTC04_CP2_S5p367_E15p367.mp4,LC_dv14_Tlc3p0_TTC04,5.0,0.0,0.0,0.0
LC_dv14_Tlc3p0_TTC04_CP2_S5p367_E15p367.mp4,LC_dv14_Tlc3p0_TTC04,6.0,0.0,0.0,0.0
LC_dv14_Tlc3p0_TTC04_CP3_S5p667_E15p667.mp4,LC_dv14_Tlc3p0_TTC04,3.0,0.0,0.0,0.0
LC_dv14_Tlc3p0_TTC04_CP3_S5p667_E15p667.mp4,LC_dv14_Tlc3p0_TTC04,4.0,0.0,0.0,0.0
LC_dv14_Tlc3p0_TTC04_CP3_S5p667_E15p667.mp4,LC_dv14_Tlc3p0_TTC04,5.0,0.0,0.0,0.0
LC_dv14_Tlc3p0_TTC04_CP3_S5p667_E15p667.mp4,LC_dv14_Tlc3p0_TTC04,6.0,0.0,0.0,0.0
LC_dv14_Tlc3p0_TTC04_CP4_S5p967_E15p967.mp4,LC_dv14_Tlc3p0_TTC04,3.0,0.0,0.0,0.0
LC_dv14_Tlc3p0_TTC04_CP4_S5p967_E15p967.mp4,LC_dv14_Tlc3p0_TTC04,4.0,0.0,0.0,0.0
LC_dv14_Tlc3p0_TTC04_CP4_S5p967_E15p967.mp4,LC_dv14_Tlc3p0_TTC04,5.0,0.0,0.0,0.0
LC_dv14_Tlc3p0_TTC04_CP4_S5p967_E15p967.mp4,LC_dv14_Tlc3p0_TTC04,6.0,0.0,0.0,0.0
LC_dv14_Tlc3p0_TTC04_CP5_S6p267_E16p267.mp4,LC_dv14_Tlc3p0_TTC04,3.0,0.0,0.0,0.0
LC_dv14_Tlc3p0_TTC04_CP5_S6p267_E16p267.mp4,LC_dv14_Tlc3p0_TTC04,4.0,0.0,0.0,0.0
LC_dv14_Tlc3p0_TTC04_CP5_S6p267_E16p267.mp4,LC_dv14_Tlc3p0_TTC04,5.0,0.0,0.0,0.0
LC_dv14_Tlc3p0_TTC04_CP5_S6p267_E16p267.mp4,LC_dv14_Tlc3p0_TTC04,6.0,0.0,0.0,0.0
LC_dv14_Tlc3p0_TTC06_CP1_S5p067_E15p067.mp4,LC_dv14_Tlc3p0_TTC06,3.0,1.6038582710201437,1.6002982046863472,1.61331749637801
LC_dv14_Tlc3p0_TTC06_CP1_S5p067_E15p067.mp4,LC_dv14_Tlc3p0_TTC06,4.0,1.600271022062966,1.5966992252138206,1.6114057632261822
LC_dv14_Tlc3p0_TTC06_CP1_S5p067_E15p067.mp4,LC_dv14_Tlc3p0_TTC06,5.0,1.5966837731057864,1.5931002457412924,1.6090496207831808
LC_dv14_Tlc3p0_TTC06_CP1_S5p067_E15p067.mp4,LC_dv14_Tlc3p0_TTC06,6.0,1.5930965241486086,1.5895012662687658,1.6054506413106562
LC_dv14_Tlc3p0_TTC06_CP3_S5p667_E15p667.mp4,LC_dv14_Tlc3p0_TTC06,3.0,0.0,0.0,0.0
LC_dv14_Tlc3p0_TTC06_CP3_S5p667_E15p667.mp4,LC_dv14_Tlc3p0_TTC06,4.0,0.0,0.0,0.0
LC_dv14_Tlc3p0_TTC06_CP3_S5p667_E15p667.mp4,LC_dv14_Tlc3p0_TTC06,5.0,0.0,0.0,0.0
LC_dv14_Tlc3p0_TTC06_CP3_S5p667_E15p667.mp4,LC_dv14_Tlc3p0_TTC06,6.0,0.0,0.0,0.0
LC_dv14_Tlc3p0_TTC06_CP5_S6p267_E16p267.mp4,LC_dv14_Tlc3p0_TTC06,3.0,0.0,0.0,0.0
LC_dv14_Tlc3p0_TTC06_CP5_S6p267_E16p267.mp4,LC_dv14_Tlc3p0_TTC06,4.0,0.0,0.0,0.0
LC_dv14_Tlc3p0_TTC06_CP5_S6p267_E16p267.mp4,LC_dv14_Tlc3p0_TTC06,5.0,0.0,0.0,0.0
LC_dv14_Tlc3p0_TTC06_CP5_S6p267_E16p267.mp4,LC_dv14_Tlc3p0_TTC06,6.0,0.0,0.0,0.0
LC_dv14_Tlc3p0_TTC07_CP1_S5p067_E15p067.mp4,LC_dv14_Tlc3p0_TTC07,3.0,1.603686719928625,1.6002399577835529,1.61772923478923
LC_dv14_Tlc3p0_TTC07_CP1_S5p067_E15p067.mp4,LC_dv14_Tlc3p0_TTC07,4.0,1.600087385152959,1.5966527088263671,1.61772923478923
LC_dv14_Tlc3p0_TTC07_CP1_S5p067_E15p067.mp4,LC_dv14_Tlc3p0_TTC07,5.0,1.5964880503772934,1.5930654598691785,1.61772923478923
LC_dv14_Tlc3p0_TTC07_CP1_S5p067_E15p067.mp4,LC_dv14_Tlc3p0_TTC07,6.0,1.5928887156016271,1.5894782109119918,1.61772923478923
LC_dv14_Tlc3p0_TTC07_CP2_S5p367_E15p367.mp4,LC_dv14_Tlc3p0_TTC07,3.0,0.0,0.0,0.0
LC_dv14_Tlc3p0_TTC07_CP2_S5p367_E15p367.mp4,LC_dv14_Tlc3p0_TTC07,4.0,0.0,0.0,0.0
LC_dv14_Tlc3p0_TTC07_CP2_S5p367_E15p367.mp4,LC_dv14_Tlc3p0_TTC07,5.0,0.0,0.0,0.0
LC_dv14_Tlc3p0_TTC07_CP2_S5p367_E15p367.mp4,LC_dv14_Tlc3p0_TTC07,6.0,0.0,0.0,0.0
LC_dv14_Tlc3p0_TTC07_CP4_S5p967_E15p967.mp4,LC_dv14_Tlc3p0_TTC07,3.0,0.0,0.0,0.0
LC_dv14_Tlc3p0_TTC07_CP4_S5p967_E15p967.mp4,LC_dv14_Tlc3p0_TTC07,4.0,0.0,0.0,0.0
LC_dv14_Tlc3p0_TTC07_CP4_S5p967_E15p967.mp4,LC_dv14_Tlc3p0_TTC07,5.0,0.0,0.0,0.0
LC_dv14_Tlc3p0_TTC07_CP4_S5p967_E15p967.mp4,LC_dv14_Tlc3p0_TTC07,6.0,0.0,0.0,0.0
LC_dv14_Tlc4p0_TTC02_CP1_S5p067_E15p067.mp4,LC_dv14_Tlc4p0_TTC02,3.0,1.6157996691371121,1.6019246376047342,1.6066337816053187
LC_dv14_Tlc4p0_TTC02_CP1_S5p067_E15p067.mp4,LC_dv14_Tlc4p0_TTC02,4.0,1.615548096892654,1.5983256581322123,1.6066337816053187
LC_dv14_Tlc4p0_TTC02_CP1_S5p067_E15p067.mp4,LC_dv14_Tlc4p0_TTC02,5.0,1.6152965246481952,1.5947266786596912,1.6066337816053187
LC_dv14_Tlc4p0_TTC02_CP1_S5p067_E15p067.mp4,LC_dv14_Tlc4p0_TTC02,6.0,1.6150449524037398,1.5911276991871688,1.6066337816053187
LC_dv14_Tlc4p0_TTC02_CP2_S5p367_E15p367.mp4,LC_dv14_Tlc4p0_TTC02,3.0,0.0,0.0,0.0
LC_dv14_Tlc4p0_TTC02_CP2_S5p367_E15p367.mp4,LC_dv14_Tlc4p0_TTC02,4.0,0.0,0.0,0.0
LC_dv14_Tlc4p0_TTC02_CP2_S5p367_E15p367.mp4,LC_dv14_Tlc4p0_TTC02,5.0,0.0,0.0,0.0
LC_dv14_Tlc4p0_TTC02_CP2_S5p367_E15p367.mp4,LC_dv14_Tlc4p0_TTC02,6.0,0.0,0.0,0.0
LC_dv14_Tlc4p0_TTC02_CP3_S5p667_E15p667.mp4,LC_dv14_Tlc4p0_TTC02,3.0,0.0,0.0,0.0
LC_dv14_Tlc4p0_TTC02_CP3_S5p667_E15p667.mp4,LC_dv14_Tlc4p0_TTC02,4.0,0.0,0.0,0.0
LC_dv14_Tlc4p0_TTC02_CP3_S5p667_E15p667.mp4,LC_dv14_Tlc4p0_TTC02,5.0,0.0,0.0,0.0
LC_dv14_Tlc4p0_TTC02_CP3_S5p667_E15p667.mp4,LC_dv14_Tlc4p0_TTC02,6.0,0.0,0.0,0.0
LC_dv14_Tlc4p0_TTC02_CP4_S5p967_E15p967.mp4,LC_dv14_Tlc4p0_TTC02,3.0,0.0,0.0,0.0
LC_dv14_Tlc4p0_TTC02_CP4_S5p967_E15p967.mp4,LC_dv14_Tlc4p0_TTC02,4.0,0.0,0.0,0.0
LC_dv14_Tlc4p0_TTC02_CP4_S5p967_E15p967.mp4,LC_dv14_Tlc4p0_TTC02,5.0,0.0,0.0,0.0
LC_dv14_Tlc4p0_TTC02_CP4_S5p967_E15p967.mp4,LC_dv14_Tlc4p0_TTC02,6.0,0.0,0.0,0.0
LC_dv14_Tlc4p0_TTC02_CP5_S6p267_E16p267.mp4,LC_dv14_Tlc4p0_TTC02,3.0,0.0,0.0,0.0
LC_dv14_Tlc4p0_TTC02_CP5_S6p267_E16p267.mp4,LC_dv14_Tlc4p0_TTC02,4.0,0.0,0.0,0.0
LC_dv14_Tlc4p0_TTC02_CP5_S6p267_E16p267.mp4,LC_dv14_Tlc4p0_TTC02,5.0,0.0,0.0,0.0
LC_dv14_Tlc4p0_TTC02_CP5_S6p267_E16p267.mp4,LC_dv14_Tlc4p0_TTC02,6.0,0.0,0.0,0.0
LC_dv14_Tlc4p0_TTC03_CP1_S5p067_E15p067.mp4,LC_dv14_Tlc4p0_TTC03,3.0,1.6156671306923702,1.602020363063475,1.61745286267166
LC_dv14_Tlc4p0_TTC03_CP1_S5p067_E15p067.mp4,LC_dv14_Tlc4p0_TTC03,4.0,1.6154155584479122,1.5984119893907969,1.61745286267166
LC_dv14_Tlc4p0_TTC03_CP1_S5p067_E15p067.mp4,LC_dv14_Tlc4p0_TTC03,5.0,1.6151639862034541,1.594803615718119,1.61745286267166
LC_dv14_Tlc4p0_TTC03_CP1_S5p067_E15p067.mp4,LC_dv14_Tlc4p0_TTC03,6.0,1.6149124139589996,1.5911952420454412,1.61745286267166
LC_dv14_Tlc4p0_TTC03_CP2_S5p367_E15p367.mp4,LC_dv14_Tlc4p0_TTC03,3.0,0.0,0.0,0.0
LC_dv14_Tlc4p0_TTC03_CP2_S5p367_E15p367.mp4,LC_dv14_Tlc4p0_TTC03,4.0,0.0,0.0,0.0
LC_dv14_Tlc4p0_TTC03_CP2_S5p367_E15p367.mp4,LC_dv14_Tlc4p0_TTC03,5.0,0.0,0.0,0.0
LC_dv14_Tlc4p0_TTC03_CP2_S5p367_E15p367.mp4,LC_dv14_Tlc4p0_TTC03,6.0,0.0,0.0,0.0
LC_dv14_Tlc4p0_TTC03_CP3_S5p667_E15p667.mp4,LC_dv14_Tlc4p0_TTC03,3.0,0.0,0.0,0.0
LC_dv14_Tlc4p0_TTC03_CP3_S5p667_E15p667.mp4,LC_dv14_Tlc4p0_TTC03,4.0,0.0,0.0,0.0
LC_dv14_Tlc4p0_TTC03_CP3_S5p667_E15p667.mp4,LC_dv14_Tlc4p0_TTC03,5.0,0.0,0.0,0.0
LC_dv14_Tlc4p0_TTC03_CP3_S5p667_E15p667.mp4,LC_dv14_Tlc4p0_TTC03,6.0,0.0,0.0,0.0
LC_dv14_Tlc4p0_TTC03_CP4_S5p967_E15p967.mp4,LC_dv14_Tlc4p0_TTC03,3.0,0.0,0.0,0.0
LC_dv14_Tlc4p0_TTC03_CP4_S5p967_E15p967.mp4,LC_dv14_Tlc4p0_TTC03,4.0,0.0,0.0,0.0
LC_dv14_Tlc4p0_TTC03_CP4_S5p967_E15p967.mp4,LC_dv14_Tlc4p0_TTC03,5.0,0.0,0.0,0.0
LC_dv14_Tlc4p0_TTC03_CP4_S5p967_E15p967.mp4,LC_dv14_Tlc4p0_TTC03,6.0,0.0,0.0,0.0
LC_dv14_Tlc4p0_TTC03_CP5_S6p267_E16p267.mp4,LC_dv14_Tlc4p0_TTC03,3.0,0.0,0.0,0.0
LC_dv14_Tlc4p0_TTC03_CP5_S6p267_E16p267.mp4,LC_dv14_Tlc4p0_TTC03,4.0,0.0,0.0,0.0
LC_dv14_Tlc4p0_TTC03_CP5_S6p267_E16p267.mp4,LC_dv14_Tlc4p0_TTC03,5.0,0.0,0.0,0.0
LC_dv14_Tlc4p0_TTC03_CP5_S6p267_E16p267.mp4,LC_dv14_Tlc4p0_TTC03,6.0,0.0,0.0,0.0
LC_dv14_Tlc4p0_TTC04_CP1_S5p067_E15p067.mp4,LC_dv14_Tlc4p0_TTC04,3.0,1.6155272997393162,1.601247932162893,1.6125314420676027
LC_dv14_Tlc4p0_TTC04_CP1_S5p067_E15p067.mp4,LC_dv14_Tlc4p0_TTC04,4.0,1.6152757274948581,1.5976413677737127,1.6114328787952674
LC_dv14_Tlc4p0_TTC04_CP1_S5p067_E15p067.mp4,LC_dv14_Tlc4p0_TTC04,5.0,1.6150241552503992,1.594030644189987,1.6114328787952674
LC_dv14_Tlc4p0_TTC04_CP1_S5p067_E15p067.mp4,LC_dv14_Tlc4p0_TTC04,6.0,1.6147725830059445,1.5904199206062632,1.6114328787952674
LC_dv14_Tlc4p0_TTC04_CP2_S5p367_E15p367.mp4,LC_dv14_Tlc4p0_TTC04,3.0,0.0,0.0,0.0
LC_dv14_Tlc4p0_TTC04_CP2_S5p367_E15p367.mp4,LC_dv14_Tlc4p0_TTC04,4.0,0.0,0.0,0.0
LC_dv14_Tlc4p0_TTC04_CP2_S5p367_E15p367.mp4,LC_dv14_Tlc4p0_TTC04,5.0,0.0,0.0,0.0
LC_dv14_Tlc4p0_TTC04_CP2_S5p367_E15p367.mp4,LC_dv14_Tlc4p0_TTC04,6.0,0.0,0.0,0.0
LC_dv14_Tlc4p0_TTC04_CP3_S5p667_E15p667.mp4,LC_dv14_Tlc4p0_TTC04,3.0,0.0,0.0,0.0
LC_dv14_Tlc4p0_TTC04_CP3_S5p667_E15p667.mp4,LC_dv14_Tlc4p0_TTC04,4.0,0.0,0.0,0.0
LC_dv14_Tlc4p0_TTC04_CP3_S5p667_E15p667.mp4,LC_dv14_Tlc4p0_TTC04,5.0,0.0,0.0,0.0
LC_dv14_Tlc4p0_TTC04_CP3_S5p667_E15p667.mp4,LC_dv14_Tlc4p0_TTC04,6.0,0.0,0.0,0.0
LC_dv14_Tlc4p0_TTC04_CP4_S5p967_E15p967.mp4,LC_dv14_Tlc4p0_TTC04,3.0,0.0,0.0,0.0
LC_dv14_Tlc4p0_TTC04_CP4_S5p967_E15p967.mp4,LC_dv14_Tlc4p0_TTC04,4.0,0.0,0.0,0.0
LC_dv14_Tlc4p0_TTC04_CP4_S5p967_E15p967.mp4,LC_dv14_Tlc4p0_TTC04,5.0,0.0,0.0,0.0
LC_dv14_Tlc4p0_TTC04_CP4_S5p967_E15p967.mp4,LC_dv14_Tlc4p0_TTC04,6.0,0.0,0.0,0.0
LC_dv14_Tlc4p0_TTC04_CP5_S6p267_E16p267.mp4,LC_dv14_Tlc4p0_TTC04,3.0,0.0,0.0,0.0
LC_dv14_Tlc4p0_TTC04_CP5_S6p267_E16p267.mp4,LC_dv14_Tlc4p0_TTC04,4.0,0.0,0.0,0.0
LC_dv14_Tlc4p0_TTC04_CP5_S6p267_E16p267.mp4,LC_dv14_Tlc4p0_TTC04,5.0,0.0,0.0,0.0
LC_dv14_Tlc4p0_TTC04_CP5_S6p267_E16p267.mp4,LC_dv14_Tlc4p0_TTC04,6.0,0.0,0.0,0.0
LC_dv14_Tlc4p0_TTC05_CP1_S5p033_E15p033.mp4,LC_dv14_Tlc4p0_TTC05,3.0,1.6167800717835599,1.6011654031847415,1.6170631410887715
LC_dv14_Tlc4p0_TTC05_CP1_S5p033_E15p033.mp4,LC_dv14_Tlc4p0_TTC05,4.0,1.6160862385018397,1.5975781542275627,1.6169453881484785
LC_dv14_Tlc4p0_TTC05_CP1_S5p033_E15p033.mp4,LC_dv14_Tlc4p0_TTC05,5.0,1.6153924052201207,1.593990905270385,1.6163572245762874
LC_dv14_Tlc4p0_TTC05_CP1_S5p033_E15p033.mp4,LC_dv14_Tlc4p0_TTC05,6.0,1.6146985719384013,1.5904036563132062,1.614094279107857
LC_dv14_Tlc4p0_TTC05_CP2_S5p333_E15p333.mp4,LC_dv14_Tlc4p0_TTC05,3.0,0.0,0.0,0.0
LC_dv14_Tlc4p0_TTC05_CP2_S5p333_E15p333.mp4,LC_dv14_Tlc4p0_TTC05,4.0,0.0,0.0,0.0
LC_dv14_Tlc4p0_TTC05_CP2_S5p333_E15p333.mp4,LC_dv14_Tlc4p0_TTC05,5.0,0.0,0.0,0.0
LC_dv14_Tlc4p0_TTC05_CP2_S5p333_E15p333.mp4,LC_dv14_Tlc4p0_TTC05,6.0,0.0,0.0,0.0
LC_dv14_Tlc4p0_TTC05_CP4_S5p933_E15p933.mp4,LC_dv14_Tlc4p0_TTC05,3.0,0.0,0.0,0.0
LC_dv14_Tlc4p0_TTC05_CP4_S5p933_E15p933.mp4,LC_dv14_Tlc4p0_TTC05,4.0,0.0,0.0,0.0
LC_dv14_Tlc4p0_TTC05_CP4_S5p933_E15p933.mp4,LC_dv14_Tlc4p0_TTC05,5.0,0.0,0.0,0.0
LC_dv14_Tlc4p0_TTC05_CP4_S5p933_E15p933.mp4,LC_dv14_Tlc4p0_TTC05,6.0,0.0,0.0,0.0
LC_dv14_Tlc4p0_TTC07_CP1_S5p067_E15p067.mp4,LC_dv14_Tlc4p0_TTC07,3.0,1.603594348352001,1.6001772734160098,1.6177003302544921
LC_dv14_Tlc4p0_TTC07_CP1_S5p067_E15p067.mp4,LC_dv14_Tlc4p0_TTC07,4.0,1.5999836247682833,1.5965782939434825,1.6177003302544921
LC_dv14_Tlc4p0_TTC07_CP1_S5p067_E15p067.mp4,LC_dv14_Tlc4p0_TTC07,5.0,1.5963729011845649,1.5929793144709534,1.6177003302544921
LC_dv14_Tlc4p0_TTC07_CP1_S5p067_E15p067.mp4,LC_dv14_Tlc4p0_TTC07,6.0,1.5927621776008463,1.589380334998426,1.6177003302544921
LC_dv14_Tlc4p0_TTC07_CP3_S5p667_E15p667.mp4,LC_dv14_Tlc4p0_TTC07,3.0,0.0,0.0,0.0
LC_dv14_Tlc4p0_TTC07_CP3_S5p667_E15p667.mp4,LC_dv14_Tlc4p0_TTC07,4.0,0.0,0.0,0.0
LC_dv14_Tlc4p0_TTC07_CP3_S5p667_E15p667.mp4,LC_dv14_Tlc4p0_TTC07,5.0,0.0,0.0,0.0
LC_dv14_Tlc4p0_TTC07_CP3_S5p667_E15p667.mp4,LC_dv14_Tlc4p0_TTC07,6.0,0.0,0.0,0.0
LC_dv14_Tlc4p0_TTC07_CP5_S6p267_E16p267.mp4,LC_dv14_Tlc4p0_TTC07,3.0,0.0,0.0,0.0
LC_dv14_Tlc4p0_TTC07_CP5_S6p267_E16p267.mp4,LC_dv14_Tlc4p0_TTC07,4.0,0.0,0.0,0.0
LC_dv14_Tlc4p0_TTC07_CP5_S6p267_E16p267.mp4,LC_dv14_Tlc4p0_TTC07,5.0,0.0,0.0,0.0
LC_dv14_Tlc4p0_TTC07_CP5_S6p267_E16p267.mp4,LC_dv14_Tlc4p0_TTC07,6.0,0.0,0.0,0.0
LC_dv21_Tlc2p0_TTC02_CP1_S5p067_E15p067.mp4,LC_dv21_Tlc2p0_TTC02,3.0,1.6172804584526363,1.607928807636757,1.6183014685239208
LC_dv21_Tlc2p0_TTC02_CP1_S5p067_E15p067.mp4,LC_dv21_Tlc2p0_TTC02,4.0,1.6172804584526363,1.6056241744540827,1.6183014685239208
LC_dv21_Tlc2p0_TTC02_CP1_S5p067_E15p067.mp4,LC_dv21_Tlc2p0_TTC02,5.0,1.6172804584526363,1.6033195412714076,1.6183014685239208
LC_dv21_Tlc2p0_TTC02_CP1_S5p067_E15p067.mp4,LC_dv21_Tlc2p0_TTC02,6.0,1.6172804584526363,1.6010149080887326,1.6183014685239208
LC_dv21_Tlc2p0_TTC02_CP2_S5p367_E15p367.mp4,LC_dv21_Tlc2p0_TTC02,3.0,0.0,0.0,0.0
LC_dv21_Tlc2p0_TTC02_CP2_S5p367_E15p367.mp4,LC_dv21_Tlc2p0_TTC02,4.0,0.0,0.0,0.0
LC_dv21_Tlc2p0_TTC02_CP2_S5p367_E15p367.mp4,LC_dv21_Tlc2p0_TTC02,5.0,0.0,0.0,0.0
LC_dv21_Tlc2p0_TTC02_CP2_S5p367_E15p367.mp4,LC_dv21_Tlc2p0_TTC02,6.0,0.0,0.0,0.0
LC_dv21_Tlc2p0_TTC02_CP3_S5p667_E15p667.mp4,LC_dv21_Tlc2p0_TTC02,3.0,0.0,0.0,0.0
LC_dv21_Tlc2p0_TTC02_CP3_S5p667_E15p667.mp4,LC_dv21_Tlc2p0_TTC02,4.0,0.0,0.0,0.0
LC_dv21_Tlc2p0_TTC02_CP3_S5p667_E15p667.mp4,LC_dv21_Tlc2p0_TTC02,5.0,0.0,0.0,0.0
LC_dv21_Tlc2p0_TTC02_CP3_S5p667_E15p667.mp4,LC_dv21_Tlc2p0_TTC02,6.0,0.0,0.0,0.0
LC_dv21_Tlc2p0_TTC02_CP4_S5p967_E15p967.mp4,LC_dv21_Tlc2p0_TTC02,3.0,0.0,0.0,0.0
LC_dv21_Tlc2p0_TTC02_CP4_S5p967_E15p967.mp4,LC_dv21_Tlc2p0_TTC02,4.0,0.0,0.0,0.0
LC_dv21_Tlc2p0_TTC02_CP4_S5p967_E15p967.mp4,LC_dv21_Tlc2p0_TTC02,5.0,0.0,0.0,0.0
LC_dv21_Tlc2p0_TTC02_CP4_S5p967_E15p967.mp4,LC_dv21_Tlc2p0_TTC02,6.0,0.0,0.0,0.0
LC_dv21_Tlc2p0_TTC02_CP5_S6p267_E16p267.mp4,LC_dv21_Tlc2p0_TTC02,3.0,0.0,0.0,0.0
LC_dv21_Tlc2p0_TTC02_CP5_S6p267_E16p267.mp4,LC_dv21_Tlc2p0_TTC02,4.0,0.0,0.0,0.0
LC_dv21_Tlc2p0_TTC02_CP5_S6p267_E16p267.mp4,LC_dv21_Tlc2p0_TTC02,5.0,0.0,0.0,0.0
LC_dv21_Tlc2p0_TTC02_CP5_S6p267_E16p267.mp4,LC_dv21_Tlc2p0_TTC02,6.0,0.0,0.0,0.0
LC_dv21_Tlc2p0_TTC03_CP1_S5p067_E15p067.mp4,LC_dv21_Tlc2p0_TTC03,3.0,1.6098540058767108,1.607616801453415,1.6176642321315216
LC_dv21_Tlc2p0_TTC03_CP1_S5p067_E15p067.mp4,LC_dv21_Tlc2p0_TTC03,4.0,1.6075473152931339,1.6052993452485829,1.6176642321315216
LC_dv21_Tlc2p0_TTC03_CP1_S5p067_E15p067.mp4,LC_dv21_Tlc2p0_TTC03,5.0,1.605240624709557,1.6029818890437488,1.6176642321315216
LC_dv21_Tlc2p0_TTC03_CP1_S5p067_E15p067.mp4,LC_dv21_Tlc2p0_TTC03,6.0,1.60293393412598,1.6006644328389168,1.6176642321315216
LC_dv21_Tlc2p0_TTC03_CP2_S5p367_E15p367.mp4,LC_dv21_Tlc2p0_TTC03,3.0,0.0,0.0,0.0
LC_dv21_Tlc2p0_TTC03_CP2_S5p367_E15p367.mp4,LC_dv21_Tlc2p0_TTC03,4.0,0.0,0.0,0.0
LC_dv21_Tlc2p0_TTC03_CP2_S5p367_E15p367.mp4,LC_dv21_Tlc2p0_TTC03,5.0,0.0,0.0,0.0
LC_dv21_Tlc2p0_TTC03_CP2_S5p367_E15p367.mp4,LC_dv21_Tlc2p0_TTC03,6.0,0.0,0.0,0.0
LC_dv21_Tlc2p0_TTC03_CP3_S5p667_E15p667.mp4,LC_dv21_Tlc2p0_TTC03,3.0,0.0,0.0,0.0
LC_dv21_Tlc2p0_TTC03_CP3_S5p667_E15p667.mp4,LC_dv21_Tlc2p0_TTC03,4.0,0.0,0.0,0.0
LC_dv21_Tlc2p0_TTC03_CP3_S5p667_E15p667.mp4,LC_dv21_Tlc2p0_TTC03,5.0,0.0,0.0,0.0
LC_dv21_Tlc2p0_TTC03_CP3_S5p667_E15p667.mp4,LC_dv21_Tlc2p0_TTC03,6.0,0.0,0.0,0.0
LC_dv21_Tlc2p0_TTC03_CP4_S5p967_E15p967.mp4,LC_dv21_Tlc2p0_TTC03,3.0,0.0,0.0,0.0
LC_dv21_Tlc2p0_TTC03_CP4_S5p967_E15p967.mp4,LC_dv21_Tlc2p0_TTC03,4.0,0.0,0.0,0.0
LC_dv21_Tlc2p0_TTC03_CP4_S5p967_E15p967.mp4,LC_dv21_Tlc2p0_TTC03,5.0,0.0,0.0,0.0
LC_dv21_Tlc2p0_TTC03_CP4_S5p967_E15p967.mp4,LC_dv21_Tlc2p0_TTC03,6.0,0.0,0.0,0.0
LC_dv21_Tlc2p0_TTC03_CP5_S6p267_E16p267.mp4,LC_dv21_Tlc2p0_TTC03,3.0,0.0,0.0,0.0
LC_dv21_Tlc2p0_TTC03_CP5_S6p267_E16p267.mp4,LC_dv21_Tlc2p0_TTC03,4.0,0.0,0.0,0.0
LC_dv21_Tlc2p0_TTC03_CP5_S6p267_E16p267.mp4,LC_dv21_Tlc2p0_TTC03,5.0,0.0,0.0,0.0
LC_dv21_Tlc2p0_TTC03_CP5_S6p267_E16p267.mp4,LC_dv21_Tlc2p0_TTC03,6.0,0.0,0.0,0.0
LC_dv21_Tlc2p0_TTC04_CP1_S5p067_E15p067.mp4,LC_dv21_Tlc2p0_TTC04,3.0,1.609404409033378,1.6071338209851025,1.6130361289293151
LC_dv21_Tlc2p0_TTC04_CP1_S5p067_E15p067.mp4,LC_dv21_Tlc2p0_TTC04,4.0,1.6070997758506982,1.6048085936928824,1.6121625247579485
LC_dv21_Tlc2p0_TTC04_CP1_S5p067_E15p067.mp4,LC_dv21_Tlc2p0_TTC04,5.0,1.6047951426680158,1.6024833664006615,1.6109990841404132
LC_dv21_Tlc2p0_TTC04_CP1_S5p067_E15p067.mp4,LC_dv21_Tlc2p0_TTC04,6.0,1.6024905094853361,1.6001581391084423,1.6109990841404132
LC_dv21_Tlc2p0_TTC04_CP2_S5p367_E15p367.mp4,LC_dv21_Tlc2p0_TTC04,3.0,0.0,0.0,0.0
LC_dv21_Tlc2p0_TTC04_CP2_S5p367_E15p367.mp4,LC_dv21_Tlc2p0_TTC04,4.0,0.0,0.0,0.0
LC_dv21_Tlc2p0_TTC04_CP2_S5p367_E15p367.mp4,LC_dv21_Tlc2p0_TTC04,5.0,0.0,0.0,0.0
LC_dv21_Tlc2p0_TTC04_CP2_S5p367_E15p367.mp4,LC_dv21_Tlc2p0_TTC04,6.0,0.0,0.0,0.0
LC_dv21_Tlc2p0_TTC04_CP3_S5p667_E15p667.mp4,LC_dv21_Tlc2p0_TTC04,3.0,0.0,0.0,0.0
LC_dv21_Tlc2p0_TTC04_CP3_S5p667_E15p667.mp4,LC_dv21_Tlc2p0_TTC04,4.0,0.0,0.0,0.0
LC_dv21_Tlc2p0_TTC04_CP3_S5p667_E15p667.mp4,LC_dv21_Tlc2p0_TTC04,5.0,0.0,0.0,0.0
LC_dv21_Tlc2p0_TTC04_CP3_S5p667_E15p667.mp4,LC_dv21_Tlc2p0_TTC04,6.0,0.0,0.0,0.0
LC_dv21_Tlc2p0_TTC04_CP4_S5p967_E15p967.mp4,LC_dv21_Tlc2p0_TTC04,3.0,0.0,0.0,0.0
LC_dv21_Tlc2p0_TTC04_CP4_S5p967_E15p967.mp4,LC_dv21_Tlc2p0_TTC04,4.0,0.0,0.0,0.0
LC_dv21_Tlc2p0_TTC04_CP4_S5p967_E15p967.mp4,LC_dv21_Tlc2p0_TTC04,5.0,0.0,0.0,0.0
LC_dv21_Tlc2p0_TTC04_CP4_S5p967_E15p967.mp4,LC_dv21_Tlc2p0_TTC04,6.0,0.0,0.0,0.0
LC_dv21_Tlc2p0_TTC04_CP5_S6p267_E16p267.mp4,LC_dv21_Tlc2p0_TTC04,3.0,0.0,0.0,0.0
LC_dv21_Tlc2p0_TTC04_CP5_S6p267_E16p267.mp4,LC_dv21_Tlc2p0_TTC04,4.0,0.0,0.0,0.0
LC_dv21_Tlc2p0_TTC04_CP5_S6p267_E16p267.mp4,LC_dv21_Tlc2p0_TTC04,5.0,0.0,0.0,0.0
LC_dv21_Tlc2p0_TTC04_CP5_S6p267_E16p267.mp4,LC_dv21_Tlc2p0_TTC04,6.0,0.0,0.0,0.0
LC_dv21_Tlc2p0_TTC05_CP1_S5p067_E15p067.mp4,LC_dv21_Tlc2p0_TTC05,3.0,1.6089880479872003,1.6070736788438664,1.6130420959950742
LC_dv21_Tlc2p0_TTC05_CP1_S5p067_E15p067.mp4,LC_dv21_Tlc2p0_TTC05,4.0,1.6066813574036234,1.604769045661195,1.6114793478878509
LC_dv21_Tlc2p0_TTC05_CP1_S5p067_E15p067.mp4,LC_dv21_Tlc2p0_TTC05,5.0,1.6043746668200465,1.6024644124785223,1.60988834627138
LC_dv21_Tlc2p0_TTC05_CP1_S5p067_E15p067.mp4,LC_dv21_Tlc2p0_TTC05,6.0,1.6020679762364696,1.6001597792958497,1.60757548080677
LC_dv21_Tlc2p0_TTC05_CP2_S5p367_E15p367.mp4,LC_dv21_Tlc2p0_TTC05,3.0,0.0,0.0,0.0
LC_dv21_Tlc2p0_TTC05_CP2_S5p367_E15p367.mp4,LC_dv21_Tlc2p0_TTC05,4.0,0.0,0.0,0.0
LC_dv21_Tlc2p0_TTC05_CP2_S5p367_E15p367.mp4,LC_dv21_Tlc2p0_TTC05,5.0,0.0,0.0,0.0
LC_dv21_Tlc2p0_TTC05_CP2_S5p367_E15p367.mp4,LC_dv21_Tlc2p0_TTC05,6.0,0.0,0.0,0.0
LC_dv21_Tlc2p0_TTC05_CP4_S5p967_E15p967.mp4,LC_dv21_Tlc2p0_TTC05,3.0,0.0,0.0,0.0
LC_dv21_Tlc2p0_TTC05_CP4_S5p967_E15p967.mp4,LC_dv21_Tlc2p0_TTC05,4.0,0.0,0.0,0.0
LC_dv21_Tlc2p0_TTC05_CP4_S5p967_E15p967.mp4,LC_dv21_Tlc2p0_TTC05,5.0,0.0,0.0,0.0
LC_dv21_Tlc2p0_TTC05_CP4_S5p967_E15p967.mp4,LC_dv21_Tlc2p0_TTC05,6.0,0.0,0.0,0.0
LC_dv21_Tlc2p0_TTC07_CP1_S5p033_E15p033.mp4,LC_dv21_Tlc2p0_TTC07,3.0,1.6216274630597207,1.6066202792550284,1.6172028492907933
LC_dv21_Tlc2p0_TTC07_CP1_S5p033_E15p033.mp4,LC_dv21_Tlc2p0_TTC07,4.0,1.6216274630597207,1.6043053546034813,1.6169702530394536
LC_dv21_Tlc2p0_TTC07_CP1_S5p033_E15p033.mp4,LC_dv21_Tlc2p0_TTC07,5.0,1.6216274630597207,1.601990429951933,1.6167073867817203
LC_dv21_Tlc2p0_TTC07_CP1_S5p033_E15p033.mp4,LC_dv21_Tlc2p0_TTC07,6.0,1.6216274630597207,1.599675505300385,1.6157333081141285
LC_dv21_Tlc2p0_TTC07_CP3_S5p633_E15p633.mp4,LC_dv21_Tlc2p0_TTC07,3.0,0.0,0.0,0.0
LC_dv21_Tlc2p0_TTC07_CP3_S5p633_E15p633.mp4,LC_dv21_Tlc2p0_TTC07,4.0,0.0,0.0,0.0
LC_dv21_Tlc2p0_TTC07_CP3_S5p633_E15p633.mp4,LC_dv21_Tlc2p0_TTC07,5.0,0.0,0.0,0.0
LC_dv21_Tlc2p0_TTC07_CP3_S5p633_E15p633.mp4,LC_dv21_Tlc2p0_TTC07,6.0,0.0,0.0,0.0
LC_dv21_Tlc2p0_TTC07_CP5_S6p233_E16p233.mp4,LC_dv21_Tlc2p0_TTC07,3.0,0.0,0.0,0.0
LC_dv21_Tlc2p0_TTC07_CP5_S6p233_E16p233.mp4,LC_dv21_Tlc2p0_TTC07,4.0,0.0,0.0,0.0
LC_dv21_Tlc2p0_TTC07_CP5_S6p233_E16p233.mp4,LC_dv21_Tlc2p0_TTC07,5.0,0.0,0.0,0.0
LC_dv21_Tlc2p0_TTC07_CP5_S6p233_E16p233.mp4,LC_dv21_Tlc2p0_TTC07,6.0,0.0,0.0,0.0
LC_dv21_Tlc3p0_TTC02_CP1_S5p067_E15p067.mp4,LC_dv21_Tlc3p0_TTC02,3.0,1.6173141748181157,1.6078908897345454,1.5941230806595161
LC_dv21_Tlc3p0_TTC02_CP1_S5p067_E15p067.mp4,LC_dv21_Tlc3p0_TTC02,4.0,1.6173141748181157,1.6055739054491929,1.5941230806595161
LC_dv21_Tlc3p0_TTC02_CP1_S5p067_E15p067.mp4,LC_dv21_Tlc3p0_TTC02,5.0,1.6173141748181157,1.603256921163841,1.5941230806595161
LC_dv21_Tlc3p0_TTC02_CP1_S5p067_E15p067.mp4,LC_dv21_Tlc3p0_TTC02,6.0,1.6173141748181157,1.6009399368784891,1.5941230806595161
LC_dv21_Tlc3p0_TTC02_CP2_S5p367_E15p367.mp4,LC_dv21_Tlc3p0_TTC02,3.0,0.0,0.0,0.0
LC_dv21_Tlc3p0_TTC02_CP2_S5p367_E15p367.mp4,LC_dv21_Tlc3p0_TTC02,4.0,0.0,0.0,0.0
LC_dv21_Tlc3p0_TTC02_CP2_S5p367_E15p367.mp4,LC_dv21_Tlc3p0_TTC02,5.0,0.0,0.0,0.0
LC_dv21_Tlc3p0_TTC02_CP2_S5p367_E15p367.mp4,LC_dv21_Tlc3p0_TTC02,6.0,0.0,0.0,0.0
LC_dv21_Tlc3p0_TTC02_CP3_S5p667_E15p667.mp4,LC_dv21_Tlc3p0_TTC02,3.0,0.0,0.0,0.0
LC_dv21_Tlc3p0_TTC02_CP3_S5p667_E15p667.mp4,LC_dv21_Tlc3p0_TTC02,4.0,0.0,0.0,0.0
LC_dv21_Tlc3p0_TTC02_CP3_S5p667_E15p667.mp4,LC_dv21_Tlc3p0_TTC02,5.0,0.0,0.0,0.0
LC_dv21_Tlc3p0_TTC02_CP3_S5p667_E15p667.mp4,LC_dv21_Tlc3p0_TTC02,6.0,0.0,0.0,0.0
LC_dv21_Tlc3p0_TTC02_CP4_S5p967_E15p967.mp4,LC_dv21_Tlc3p0_TTC02,3.0,0.0,0.0,0.0
LC_dv21_Tlc3p0_TTC02_CP4_S5p967_E15p967.mp4,LC_dv21_Tlc3p0_TTC02,4.0,0.0,0.0,0.0
LC_dv21_Tlc3p0_TTC02_CP4_S5p967_E15p967.mp4,LC_dv21_Tlc3p0_TTC02,5.0,0.0,0.0,0.0
LC_dv21_Tlc3p0_TTC02_CP4_S5p967_E15p967.mp4,LC_dv21_Tlc3p0_TTC02,6.0,0.0,0.0,0.0
LC_dv21_Tlc3p0_TTC02_CP5_S6p267_E16p267.mp4,LC_dv21_Tlc3p0_TTC02,3.0,0.0,0.0,0.0
LC_dv21_Tlc3p0_TTC02_CP5_S6p267_E16p267.mp4,LC_dv21_Tlc3p0_TTC02,4.0,0.0,0.0,0.0
LC_dv21_Tlc3p0_TTC02_CP5_S6p267_E16p267.mp4,LC_dv21_Tlc3p0_TTC02,5.0,0.0,0.0,0.0
LC_dv21_Tlc3p0_TTC02_CP5_S6p267_E16p267.mp4,LC_dv21_Tlc3p0_TTC02,6.0,0.0,0.0,0.0
LC_dv21_Tlc3p0_TTC03_CP1_S5p067_E15p067.mp4,LC_dv21_Tlc3p0_TTC03,3.0,1.6100485617256604,1.6076412377221718,1.6178764528291123
LC_dv21_Tlc3p0_TTC03_CP1_S5p067_E15p067.mp4,LC_dv21_Tlc3p0_TTC03,4.0,1.6077418711420852,1.6053386614942482,1.6178764528291123
LC_dv21_Tlc3p0_TTC03_CP1_S5p067_E15p067.mp4,LC_dv21_Tlc3p0_TTC03,5.0,1.605435180558511,1.6030360852663226,1.6178764528291123
LC_dv21_Tlc3p0_TTC03_CP1_S5p067_E15p067.mp4,LC_dv21_Tlc3p0_TTC03,6.0,1.6031284899749358,1.6007335090383998,1.6178764528291123
LC_dv21_Tlc3p0_TTC03_CP2_S5p367_E15p367.mp4,LC_dv21_Tlc3p0_TTC03,3.0,0.0,0.0,0.0
LC_dv21_Tlc3p0_TTC03_CP2_S5p367_E15p367.mp4,LC_dv21_Tlc3p0_TTC03,4.0,0.0,0.0,0.0
LC_dv21_Tlc3p0_TTC03_CP2_S5p367_E15p367.mp4,LC_dv21_Tlc3p0_TTC03,5.0,0.0,0.0,0.0
LC_dv21_Tlc3p0_TTC03_CP2_S5p367_E15p367.mp4,LC_dv21_Tlc3p0_TTC03,6.0,0.0,0.0,0.0
LC_dv21_Tlc3p0_TTC03_CP3_S5p667_E15p667.mp4,LC_dv21_Tlc3p0_TTC03,3.0,0.0,0.0,0.0
LC_dv21_Tlc3p0_TTC03_CP3_S5p667_E15p667.mp4,LC_dv21_Tlc3p0_TTC03,4.0,0.0,0.0,0.0
LC_dv21_Tlc3p0_TTC03_CP3_S5p667_E15p667.mp4,LC_dv21_Tlc3p0_TTC03,5.0,0.0,0.0,0.0
LC_dv21_Tlc3p0_TTC03_CP3_S5p667_E15p667.mp4,LC_dv21_Tlc3p0_TTC03,6.0,0.0,0.0,0.0
LC_dv21_Tlc3p0_TTC03_CP4_S5p967_E15p967.mp4,LC_dv21_Tlc3p0_TTC03,3.0,0.0,0.0,0.0
LC_dv21_Tlc3p0_TTC03_CP4_S5p967_E15p967.mp4,LC_dv21_Tlc3p0_TTC03,4.0,0.0,0.0,0.0
LC_dv21_Tlc3p0_TTC03_CP4_S5p967_E15p967.mp4,LC_dv21_Tlc3p0_TTC03,5.0,0.0,0.0,0.0
LC_dv21_Tlc3p0_TTC03_CP4_S5p967_E15p967.mp4,LC_dv21_Tlc3p0_TTC03,6.0,0.0,0.0,0.0
LC_dv21_Tlc3p0_TTC03_CP5_S6p267_E16p267.mp4,LC_dv21_Tlc3p0_TTC03,3.0,0.0,0.0,0.0
LC_dv21_Tlc3p0_TTC03_CP5_S6p267_E16p267.mp4,LC_dv21_Tlc3p0_TTC03,4.0,0.0,0.0,0.0
LC_dv21_Tlc3p0_TTC03_CP5_S6p267_E16p267.mp4,LC_dv21_Tlc3p0_TTC03,5.0,0.0,0.0,0.0
LC_dv21_Tlc3p0_TTC03_CP5_S6p267_E16p267.mp4,LC_dv21_Tlc3p0_TTC03,6.0,0.0,0.0,0.0
LC_dv21_Tlc3p0_TTC04_CP1_S5p067_E15p067.mp4,LC_dv21_Tlc3p0_TTC04,3.0,1.6094211082261392,1.6071163437865001,1.6129084528612023
LC_dv21_Tlc3p0_TTC04_CP1_S5p067_E15p067.mp4,LC_dv21_Tlc3p0_TTC04,4.0,1.6071164750434586,1.6047911164942812,1.612157190003201
LC_dv21_Tlc3p0_TTC04_CP1_S5p067_E15p067.mp4,LC_dv21_Tlc3p0_TTC04,5.0,1.6048118418607773,1.6024658892020602,1.610635017136516
LC_dv21_Tlc3p0_TTC04_CP1_S5p067_E15p067.mp4,LC_dv21_Tlc3p0_TTC04,6.0,1.6025072086780967,1.6001406619098402,1.610635017136516
LC_dv21_Tlc3p0_TTC04_CP2_S5p367_E15p367.mp4,LC_dv21_Tlc3p0_TTC04,3.0,0.0,0.0,0.0
LC_dv21_Tlc3p0_TTC04_CP2_S5p367_E15p367.mp4,LC_dv21_Tlc3p0_TTC04,4.0,0.0,0.0,0.0
LC_dv21_Tlc3p0_TTC04_CP2_S5p367_E15p367.mp4,LC_dv21_Tlc3p0_TTC04,5.0,0.0,0.0,0.0
LC_dv21_Tlc3p0_TTC04_CP2_S5p367_E15p367.mp4,LC_dv21_Tlc3p0_TTC04,6.0,0.0,0.0,0.0
LC_dv21_Tlc3p0_TTC04_CP3_S5p667_E15p667.mp4,LC_dv21_Tlc3p0_TTC04,3.0,0.0,0.0,0.0
LC_dv21_Tlc3p0_TTC04_CP3_S5p667_E15p667.mp4,LC_dv21_Tlc3p0_TTC04,4.0,0.0,0.0,0.0
LC_dv21_Tlc3p0_TTC04_CP3_S5p667_E15p667.mp4,LC_dv21_Tlc3p0_TTC04,5.0,0.0,0.0,0.0
LC_dv21_Tlc3p0_TTC04_CP3_S5p667_E15p667.mp4,LC_dv21_Tlc3p0_TTC04,6.0,0.0,0.0,0.0
LC_dv21_Tlc3p0_TTC04_CP4_S5p967_E15p967.mp4,LC_dv21_Tlc3p0_TTC04,3.0,0.0,0.0,0.0
LC_dv21_Tlc3p0_TTC04_CP4_S5p967_E15p967.mp4,LC_dv21_Tlc3p0_TTC04,4.0,0.0,0.0,0.0
LC_dv21_Tlc3p0_TTC04_CP4_S5p967_E15p967.mp4,LC_dv21_Tlc3p0_TTC04,5.0,0.0,0.0,0.0
LC_dv21_Tlc3p0_TTC04_CP4_S5p967_E15p967.mp4,LC_dv21_Tlc3p0_TTC04,6.0,0.0,0.0,0.0
LC_dv21_Tlc3p0_TTC04_CP5_S6p267_E16p267.mp4,LC_dv21_Tlc3p0_TTC04,3.0,0.0,0.0,0.0
LC_dv21_Tlc3p0_TTC04_CP5_S6p267_E16p267.mp4,LC_dv21_Tlc3p0_TTC04,4.0,0.0,0.0,0.0
LC_dv21_Tlc3p0_TTC04_CP5_S6p267_E16p267.mp4,LC_dv21_Tlc3p0_TTC04,5.0,0.0,0.0,0.0
LC_dv21_Tlc3p0_TTC04_CP5_S6p267_E16p267.mp4,LC_dv21_Tlc3p0_TTC04,6.0,0.0,0.0,0.0
LC_dv21_Tlc3p0_TTC05_CP1_S5p067_E15p067.mp4,LC_dv21_Tlc3p0_TTC05,3.0,1.6090003753176512,1.6069180155763176,1.613046089533705
LC_dv21_Tlc3p0_TTC05_CP1_S5p067_E15p067.mp4,LC_dv21_Tlc3p0_TTC05,4.0,1.606695742134976,1.6045927882841056,1.6114873553869853
LC_dv21_Tlc3p0_TTC05_CP1_S5p067_E15p067.mp4,LC_dv21_Tlc3p0_TTC05,5.0,1.6043911089523017,1.6022675609918937,1.6098837899698082
LC_dv21_Tlc3p0_TTC05_CP1_S5p067_E15p067.mp4,LC_dv21_Tlc3p0_TTC05,6.0,1.6020864757696265,1.5999423336996816,1.6075709245051983
LC_dv21_Tlc3p0_TTC05_CP3_S5p667_E15p667.mp4,LC_dv21_Tlc3p0_TTC05,3.0,0.0,0.0,0.0
LC_dv21_Tlc3p0_TTC05_CP3_S5p667_E15p667.mp4,LC_dv21_Tlc3p0_TTC05,4.0,0.0,0.0,0.0
LC_dv21_Tlc3p0_TTC05_CP3_S5p667_E15p667.mp4,LC_dv21_Tlc3p0_TTC05,5.0,0.0,0.0,0.0
LC_dv21_Tlc3p0_TTC05_CP3_S5p667_E15p667.mp4,LC_dv21_Tlc3p0_TTC05,6.0,0.0,0.0,0.0
LC_dv21_Tlc3p0_TTC05_CP5_S6p267_E16p267.mp4,LC_dv21_Tlc3p0_TTC05,3.0,0.0,0.0,0.0
LC_dv21_Tlc3p0_TTC05_CP5_S6p267_E16p267.mp4,LC_dv21_Tlc3p0_TTC05,4.0,0.0,0.0,0.0
LC_dv21_Tlc3p0_TTC05_CP5_S6p267_E16p267.mp4,LC_dv21_Tlc3p0_TTC05,5.0,0.0,0.0,0.0
LC_dv21_Tlc3p0_TTC05_CP5_S6p267_E16p267.mp4,LC_dv21_Tlc3p0_TTC05,6.0,0.0,0.0,0.0
LC_dv21_Tlc3p0_TTC06_CP1_S5p067_E15p067.mp4,LC_dv21_Tlc3p0_TTC06,3.0,1.616609074682413,1.6071997518013759,1.6181757393312615
LC_dv21_Tlc3p0_TTC06_CP1_S5p067_E15p067.mp4,LC_dv21_Tlc3p0_TTC06,4.0,1.616609074682413,1.604884827149829,1.6181757393312615
LC_dv21_Tlc3p0_TTC06_CP1_S5p067_E15p067.mp4,LC_dv21_Tlc3p0_TTC06,5.0,1.616609074682413,1.6025699024982805,1.6181757393312615
LC_dv21_Tlc3p0_TTC06_CP1_S5p067_E15p067.mp4,LC_dv21_Tlc3p0_TTC06,6.0,1.616609074682413,1.6002549778467325,1.6181757393312615
LC_dv21_Tlc3p0_TTC06_CP2_S5p367_E15p367.mp4,LC_dv21_Tlc3p0_TTC06,3.0,0.0,0.0,0.0
LC_dv21_Tlc3p0_TTC06_CP2_S5p367_E15p367.mp4,LC_dv21_Tlc3p0_TTC06,4.0,0.0,0.0,0.0
LC_dv21_Tlc3p0_TTC06_CP2_S5p367_E15p367.mp4,LC_dv21_Tlc3p0_TTC06,5.0,0.0,0.0,0.0
LC_dv21_Tlc3p0_TTC06_CP2_S5p367_E15p367.mp4,LC_dv21_Tlc3p0_TTC06,6.0,0.0,0.0,0.0
LC_dv21_Tlc3p0_TTC06_CP4_S5p967_E15p967.mp4,LC_dv21_Tlc3p0_TTC06,3.0,0.0,0.0,0.0
LC_dv21_Tlc3p0_TTC06_CP4_S5p967_E15p967.mp4,LC_dv21_Tlc3p0_TTC06,4.0,0.0,0.0,0.0
LC_dv21_Tlc3p0_TTC06_CP4_S5p967_E15p967.mp4,LC_dv21_Tlc3p0_TTC06,5.0,0.0,0.0,0.0
LC_dv21_Tlc3p0_TTC06_CP4_S5p967_E15p967.mp4,LC_dv21_Tlc3p0_TTC06,6.0,0.0,0.0,0.0
LC_dv21_Tlc4p0_TTC02_CP1_S5p067_E15p067.mp4,LC_dv21_Tlc4p0_TTC02,3.0,1.617282769516794,1.6079076882507821,1.5987827456989996
LC_dv21_Tlc4p0_TTC02_CP1_S5p067_E15p067.mp4,LC_dv21_Tlc4p0_TTC02,4.0,1.617282769516794,1.6056009976672052,1.5987827456989996
LC_dv21_Tlc4p0_TTC02_CP1_S5p067_E15p067.mp4,LC_dv21_Tlc4p0_TTC02,5.0,1.617282769516794,1.603294307083628,1.5987827456989996
LC_dv21_Tlc4p0_TTC02_CP1_S5p067_E15p067.mp4,LC_dv21_Tlc4p0_TTC02,6.0,1.617282769516794,1.6009876165000512,1.5987827456989996
LC_dv21_Tlc4p0_TTC02_CP2_S5p367_E15p367.mp4,LC_dv21_Tlc4p0_TTC02,3.0,0.0,0.0,0.0
LC_dv21_Tlc4p0_TTC02_CP2_S5p367_E15p367.mp4,LC_dv21_Tlc4p0_TTC02,4.0,0.0,0.0,0.0
LC_dv21_Tlc4p0_TTC02_CP2_S5p367_E15p367.mp4,LC_dv21_Tlc4p0_TTC02,5.0,0.0,0.0,0.0
LC_dv21_Tlc4p0_TTC02_CP2_S5p367_E15p367.mp4,LC_dv21_Tlc4p0_TTC02,6.0,0.0,0.0,0.0
LC_dv21_Tlc4p0_TTC02_CP3_S5p667_E15p667.mp4,LC_dv21_Tlc4p0_TTC02,3.0,0.0,0.0,0.0
LC_dv21_Tlc4p0_TTC02_CP3_S5p667_E15p667.mp4,LC_dv21_Tlc4p0_TTC02,4.0,0.0,0.0,0.0
LC_dv21_Tlc4p0_TTC02_CP3_S5p667_E15p667.mp4,LC_dv21_Tlc4p0_TTC02,5.0,0.0,0.0,0.0
LC_dv21_Tlc4p0_TTC02_CP3_S5p667_E15p667.mp4,LC_dv21_Tlc4p0_TTC02,6.0,0.0,0.0,0.0
LC_dv21_Tlc4p0_TTC02_CP4_S5p967_E15p967.mp4,LC_dv21_Tlc4p0_TTC02,3.0,0.0,0.0,0.0
LC_dv21_Tlc4p0_TTC02_CP4_S5p967_E15p967.mp4,LC_dv21_Tlc4p0_TTC02,4.0,0.0,0.0,0.0
LC_dv21_Tlc4p0_TTC02_CP4_S5p967_E15p967.mp4,LC_dv21_Tlc4p0_TTC02,5.0,0.0,0.0,0.0
LC_dv21_Tlc4p0_TTC02_CP4_S5p967_E15p967.mp4,LC_dv21_Tlc4p0_TTC02,6.0,0.0,0.0,0.0
LC_dv21_Tlc4p0_TTC02_CP5_S6p267_E16p267.mp4,LC_dv21_Tlc4p0_TTC02,3.0,0.0,0.0,0.0
LC_dv21_Tlc4p0_TTC02_CP5_S6p267_E16p267.mp4,LC_dv21_Tlc4p0_TTC02,4.0,0.0,0.0,0.0
LC_dv21_Tlc4p0_TTC02_CP5_S6p267_E16p267.mp4,LC_dv21_Tlc4p0_TTC02,5.0,0.0,0.0,0.0
LC_dv21_Tlc4p0_TTC02_CP5_S6p267_E16p267.mp4,LC_dv21_Tlc4p0_TTC02,6.0,0.0,0.0,0.0
LC_dv21_Tlc4p0_TTC03_CP1_S5p067_E15p067.mp4,LC_dv21_Tlc4p0_TTC03,3.0,1.6098266600503353,1.6075934806668717,1.6023093891081277
LC_dv21_Tlc4p0_TTC03_CP1_S5p067_E15p067.mp4,LC_dv21_Tlc4p0_TTC03,4.0,1.6075220268676609,1.6052785560153222,1.6023093891081277
LC_dv21_Tlc4p0_TTC03_CP1_S5p067_E15p067.mp4,LC_dv21_Tlc4p0_TTC03,5.0,1.6052173936849858,1.602963631363771,1.6023093891081277
LC_dv21_Tlc4p0_TTC03_CP1_S5p067_E15p067.mp4,LC_dv21_Tlc4p0_TTC03,6.0,1.6029127605023115,1.6006487067122213,1.6023093891081277
LC_dv21_Tlc4p0_TTC03_CP2_S5p367_E15p367.mp4,LC_dv21_Tlc4p0_TTC03,3.0,0.0,0.0,0.0
LC_dv21_Tlc4p0_TTC03_CP2_S5p367_E15p367.mp4,LC_dv21_Tlc4p0_TTC03,4.0,0.0,0.0,0.0
LC_dv21_Tlc4p0_TTC03_CP2_S5p367_E15p367.mp4,LC_dv21_Tlc4p0_TTC03,5.0,0.0,0.0,0.0
LC_dv21_Tlc4p0_TTC03_CP2_S5p367_E15p367.mp4,LC_dv21_Tlc4p0_TTC03,6.0,0.0,0.0,0.0
LC_dv21_Tlc4p0_TTC03_CP3_S5p667_E15p667.mp4,LC_dv21_Tlc4p0_TTC03,3.0,0.0,0.0,0.0
LC_dv21_Tlc4p0_TTC03_CP3_S5p667_E15p667.mp4,LC_dv21_Tlc4p0_TTC03,4.0,0.0,0.0,0.0
LC_dv21_Tlc4p0_TTC03_CP3_S5p667_E15p667.mp4,LC_dv21_Tlc4p0_TTC03,5.0,0.0,0.0,0.0
LC_dv21_Tlc4p0_TTC03_CP3_S5p667_E15p667.mp4,LC_dv21_Tlc4p0_TTC03,6.0,0.0,0.0,0.0
LC_dv21_Tlc4p0_TTC03_CP4_S5p967_E15p967.mp4,LC_dv21_Tlc4p0_TTC03,3.0,0.0,0.0,0.0
LC_dv21_Tlc4p0_TTC03_CP4_S5p967_E15p967.mp4,LC_dv21_Tlc4p0_TTC03,4.0,0.0,0.0,0.0
LC_dv21_Tlc4p0_TTC03_CP4_S5p967_E15p967.mp4,LC_dv21_Tlc4p0_TTC03,5.0,0.0,0.0,0.0
LC_dv21_Tlc4p0_TTC03_CP4_S5p967_E15p967.mp4,LC_dv21_Tlc4p0_TTC03,6.0,0.0,0.0,0.0
LC_dv21_Tlc4p0_TTC03_CP5_S6p267_E16p267.mp4,LC_dv21_Tlc4p0_TTC03,3.0,0.0,0.0,0.0
LC_dv21_Tlc4p0_TTC03_CP5_S6p267_E16p267.mp4,LC_dv21_Tlc4p0_TTC03,4.0,0.0,0.0,0.0
LC_dv21_Tlc4p0_TTC03_CP5_S6p267_E16p267.mp4,LC_dv21_Tlc4p0_TTC03,5.0,0.0,0.0,0.0
LC_dv21_Tlc4p0_TTC03_CP5_S6p267_E16p267.mp4,LC_dv21_Tlc4p0_TTC03,6.0,0.0,0.0,0.0
LC_dv21_Tlc4p0_TTC04_CP1_S5p067_E15p067.mp4,LC_dv21_Tlc4p0_TTC04,3.0,1.6092631684669052,1.6071231826903027,1.612912118353644
LC_dv21_Tlc4p0_TTC04_CP1_S5p067_E15p067.mp4,LC_dv21_Tlc4p0_TTC04,4.0,1.6069255632334751,1.6047979553980836,1.6115727183517996
LC_dv21_Tlc4p0_TTC04_CP1_S5p067_E15p067.mp4,LC_dv21_Tlc4p0_TTC04,5.0,1.6045879580000442,1.6024727281058626,1.6115727183517996
LC_dv21_Tlc4p0_TTC04_CP1_S5p067_E15p067.mp4,LC_dv21_Tlc4p0_TTC04,6.0,1.602250352766614,1.6001475008136434,1.6115727183517996
LC_dv21_Tlc4p0_TTC04_CP2_S5p367_E15p367.mp4,LC_dv21_Tlc4p0_TTC04,3.0,0.0,0.0,0.0
LC_dv21_Tlc4p0_TTC04_CP2_S5p367_E15p367.mp4,LC_dv21_Tlc4p0_TTC04,4.0,0.0,0.0,0.0
LC_dv21_Tlc4p0_TTC04_CP2_S5p367_E15p367.mp4,LC_dv21_Tlc4p0_TTC04,5.0,0.0,0.0,0.0
LC_dv21_Tlc4p0_TTC04_CP2_S5p367_E15p367.mp4,LC_dv21_Tlc4p0_TTC04,6.0,0.0,0.0,0.0
LC_dv21_Tlc4p0_TTC04_CP3_S5p667_E15p667.mp4,LC_dv21_Tlc4p0_TTC04,3.0,0.0,0.0,0.0
LC_dv21_Tlc4p0_TTC04_CP3_S5p667_E15p667.mp4,LC_dv21_Tlc4p0_TTC04,4.0,0.0,0.0,0.0
LC_dv21_Tlc4p0_TTC04_CP3_S5p667_E15p667.mp4,LC_dv21_Tlc4p0_TTC04,5.0,0.0,0.0,0.0
LC_dv21_Tlc4p0_TTC04_CP3_S5p667_E15p667.mp4,LC_dv21_Tlc4p0_TTC04,6.0,0.0,0.0,0.0
LC_dv21_Tlc4p0_TTC04_CP4_S5p967_E15p967.mp4,LC_dv21_Tlc4p0_TTC04,3.0,0.0,0.0,0.0
LC_dv21_Tlc4p0_TTC04_CP4_S5p967_E15p967.mp4,LC_dv21_Tlc4p0_TTC04,4.0,0.0,0.0,0.0
LC_dv21_Tlc4p0_TTC04_CP4_S5p967_E15p967.mp4,LC_dv21_Tlc4p0_TTC04,5.0,0.0,0.0,0.0
LC_dv21_Tlc4p0_TTC04_CP4_S5p967_E15p967.mp4,LC_dv21_Tlc4p0_TTC04,6.0,0.0,0.0,0.0
LC_dv21_Tlc4p0_TTC04_CP5_S6p267_E16p267.mp4,LC_dv21_Tlc4p0_TTC04,3.0,0.0,0.0,0.0
LC_dv21_Tlc4p0_TTC04_CP5_S6p267_E16p267.mp4,LC_dv21_Tlc4p0_TTC04,4.0,0.0,0.0,0.0
LC_dv21_Tlc4p0_TTC04_CP5_S6p267_E16p267.mp4,LC_dv21_Tlc4p0_TTC04,5.0,0.0,0.0,0.0
LC_dv21_Tlc4p0_TTC04_CP5_S6p267_E16p267.mp4,LC_dv21_Tlc4p0_TTC04,6.0,0.0,0.0,0.0
LC_dv21_Tlc4p0_TTC06_CP1_S5p067_E15p067.mp4,LC_dv21_Tlc4p0_TTC06,3.0,1.6165832564225697,1.607198232869408,1.6181552281847071
LC_dv21_Tlc4p0_TTC06_CP1_S5p067_E15p067.mp4,LC_dv21_Tlc4p0_TTC06,4.0,1.6165832564225697,1.604883308217862,1.6181552281847071
LC_dv21_Tlc4p0_TTC06_CP1_S5p067_E15p067.mp4,LC_dv21_Tlc4p0_TTC06,5.0,1.6165832564225697,1.6025683835663134,1.6181552281847071
LC_dv21_Tlc4p0_TTC06_CP1_S5p067_E15p067.mp4,LC_dv21_Tlc4p0_TTC06,6.0,1.6165832564225697,1.6002534589147657,1.6181552281847071
LC_dv21_Tlc4p0_TTC06_CP3_S5p667_E15p667.mp4,LC_dv21_Tlc4p0_TTC06,3.0,0.0,0.0,0.0
LC_dv21_Tlc4p0_TTC06_CP3_S5p667_E15p667.mp4,LC_dv21_Tlc4p0_TTC06,4.0,0.0,0.0,0.0
LC_dv21_Tlc4p0_TTC06_CP3_S5p667_E15p667.mp4,LC_dv21_Tlc4p0_TTC06,5.0,0.0,0.0,0.0
LC_dv21_Tlc4p0_TTC06_CP3_S5p667_E15p667.mp4,LC_dv21_Tlc4p0_TTC06,6.0,0.0,0.0,0.0
LC_dv21_Tlc4p0_TTC06_CP5_S6p267_E16p267.mp4,LC_dv21_Tlc4p0_TTC06,3.0,0.0,0.0,0.0
LC_dv21_Tlc4p0_TTC06_CP5_S6p267_E16p267.mp4,LC_dv21_Tlc4p0_TTC06,4.0,0.0,0.0,0.0
LC_dv21_Tlc4p0_TTC06_CP5_S6p267_E16p267.mp4,LC_dv21_Tlc4p0_TTC06,5.0,0.0,0.0,0.0
LC_dv21_Tlc4p0_TTC06_CP5_S6p267_E16p267.mp4,LC_dv21_Tlc4p0_TTC06,6.0,0.0,0.0,0.0
LC_dv21_Tlc4p0_TTC07_CP1_S5p033_E15p033.mp4,LC_dv21_Tlc4p0_TTC07,3.0,1.6217009937349651,1.606538979366551,1.6179921110322375
LC_dv21_Tlc4p0_TTC07_CP1_S5p033_E15p033.mp4,LC_dv21_Tlc4p0_TTC07,4.0,1.6217009937349651,1.6042343461838704,1.6179921110322375
LC_dv21_Tlc4p0_TTC07_CP1_S5p033_E15p033.mp4,LC_dv21_Tlc4p0_TTC07,5.0,1.6217009937349651,1.6019297130011891,1.6179921110322375
LC_dv21_Tlc4p0_TTC07_CP1_S5p033_E15p033.mp4,LC_dv21_Tlc4p0_TTC07,6.0,1.6217009937349651,1.5996250798185085,1.6179921110322375
LC_dv21_Tlc4p0_TTC07_CP2_S5p333_E15p333.mp4,LC_dv21_Tlc4p0_TTC07,3.0,0.0,0.0,0.0
LC_dv21_Tlc4p0_TTC07_CP2_S5p333_E15p333.mp4,LC_dv21_Tlc4p0_TTC07,4.0,0.0,0.0,0.0
LC_dv21_Tlc4p0_TTC07_CP2_S5p333_E15p333.mp4,LC_dv21_Tlc4p0_TTC07,5.0,0.0,0.0,0.0
LC_dv21_Tlc4p0_TTC07_CP2_S5p333_E15p333.mp4,LC_dv21_Tlc4p0_TTC07,6.0,0.0,0.0,0.0
LC_dv21_Tlc4p0_TTC07_CP4_S5p933_E15p933.mp4,LC_dv21_Tlc4p0_TTC07,3.0,0.0,0.0,0.0
LC_dv21_Tlc4p0_TTC07_CP4_S5p933_E15p933.mp4,LC_dv21_Tlc4p0_TTC07,4.0,0.0,0.0,0.0
LC_dv21_Tlc4p0_TTC07_CP4_S5p933_E15p933.mp4,LC_dv21_Tlc4p0_TTC07,5.0,0.0,0.0,0.0
LC_dv21_Tlc4p0_TTC07_CP4_S5p933_E15p933.mp4,LC_dv21_Tlc4p0_TTC07,6.0,0.0,0.0,0.0
LC_dv28_Tlc2p0_TTC02_CP1_S5p067_E15p067.mp4,LC_dv28_Tlc2p0_TTC02,3.0,1.6182290896873062,1.601329205962999,1.6150600299737832
LC_dv28_Tlc2p0_TTC02_CP1_S5p067_E15p067.mp4,LC_dv28_Tlc2p0_TTC02,4.0,1.6182290896873062,1.5975910706642364,1.6150600299737832
LC_dv28_Tlc2p0_TTC02_CP1_S5p067_E15p067.mp4,LC_dv28_Tlc2p0_TTC02,5.0,1.6182290896873062,1.5938529353654733,1.6150600299737832
LC_dv28_Tlc2p0_TTC02_CP1_S5p067_E15p067.mp4,LC_dv28_Tlc2p0_TTC02,6.0,1.6182290896873062,1.5901148000667114,1.5096804815199667
LC_dv28_Tlc2p0_TTC02_CP2_S5p367_E15p367.mp4,LC_dv28_Tlc2p0_TTC02,3.0,0.0,0.0,0.0
LC_dv28_Tlc2p0_TTC02_CP2_S5p367_E15p367.mp4,LC_dv28_Tlc2p0_TTC02,4.0,0.0,0.0,0.0
LC_dv28_Tlc2p0_TTC02_CP2_S5p367_E15p367.mp4,LC_dv28_Tlc2p0_TTC02,5.0,0.0,0.0,0.0
LC_dv28_Tlc2p0_TTC02_CP2_S5p367_E15p367.mp4,LC_dv28_Tlc2p0_TTC02,6.0,0.0,0.0,0.0
LC_dv28_Tlc2p0_TTC02_CP3_S5p667_E15p667.mp4,LC_dv28_Tlc2p0_TTC02,3.0,0.0,0.0,0.0
LC_dv28_Tlc2p0_TTC02_CP3_S5p667_E15p667.mp4,LC_dv28_Tlc2p0_TTC02,4.0,0.0,0.0,0.0
LC_dv28_Tlc2p0_TTC02_CP3_S5p667_E15p667.mp4,LC_dv28_Tlc2p0_TTC02,5.0,0.0,0.0,0.0
LC_dv28_Tlc2p0_TTC02_CP3_S5p667_E15p667.mp4,LC_dv28_Tlc2p0_TTC02,6.0,0.0,0.0,0.0
LC_dv28_Tlc2p0_TTC02_CP4_S5p967_E15p967.mp4,LC_dv28_Tlc2p0_TTC02,3.0,0.0,0.0,0.0
LC_dv28_Tlc2p0_TTC02_CP4_S5p967_E15p967.mp4,LC_dv28_Tlc2p0_TTC02,4.0,0.0,0.0,0.0
LC_dv28_Tlc2p0_TTC02_CP4_S5p967_E15p967.mp4,LC_dv28_Tlc2p0_TTC02,5.0,0.0,0.0,0.0
LC_dv28_Tlc2p0_TTC02_CP4_S5p967_E15p967.mp4,LC_dv28_Tlc2p0_TTC02,6.0,0.0,0.0,0.0
LC_dv28_Tlc2p0_TTC02_CP5_S6p267_E16p267.mp4,LC_dv28_Tlc2p0_TTC02,3.0,0.0,0.0,0.0
LC_dv28_Tlc2p0_TTC02_CP5_S6p267_E16p267.mp4,LC_dv28_Tlc2p0_TTC02,4.0,0.0,0.0,0.0
LC_dv28_Tlc2p0_TTC02_CP5_S6p267_E16p267.mp4,LC_dv28_Tlc2p0_TTC02,5.0,0.0,0.0,0.0
LC_dv28_Tlc2p0_TTC02_CP5_S6p267_E16p267.mp4,LC_dv28_Tlc2p0_TTC02,6.0,0.0,0.0,0.0
LC_dv28_Tlc2p0_TTC03_CP1_S5p067_E15p067.mp4,LC_dv28_Tlc2p0_TTC03,3.0,1.6142125145241033,1.5963826824558618,1.613462347001383
LC_dv28_Tlc2p0_TTC03_CP1_S5p067_E15p067.mp4,LC_dv28_Tlc2p0_TTC03,4.0,1.613024978683966,1.592644547157098,1.613462347001383
LC_dv28_Tlc2p0_TTC03_CP1_S5p067_E15p067.mp4,LC_dv28_Tlc2p0_TTC03,5.0,1.611837442843828,1.588906411858336,1.613462347001383
LC_dv28_Tlc2p0_TTC03_CP1_S5p067_E15p067.mp4,LC_dv28_Tlc2p0_TTC03,6.0,1.61064990700369,1.5851682765595732,1.613462347001383
LC_dv28_Tlc2p0_TTC03_CP2_S5p367_E15p367.mp4,LC_dv28_Tlc2p0_TTC03,3.0,0.0,0.0,0.0
LC_dv28_Tlc2p0_TTC03_CP2_S5p367_E15p367.mp4,LC_dv28_Tlc2p0_TTC03,4.0,0.0,0.0,0.0
LC_dv28_Tlc2p0_TTC03_CP2_S5p367_E15p367.mp4,LC_dv28_Tlc2p0_TTC03,5.0,0.0,0.0,0.0
LC_dv28_Tlc2p0_TTC03_CP2_S5p367_E15p367.mp4,LC_dv28_Tlc2p0_TTC03,6.0,0.0,0.0,0.0
LC_dv28_Tlc2p0_TTC03_CP3_S5p667_E15p667.mp4,LC_dv28_Tlc2p0_TTC03,3.0,0.0,0.0,0.0
LC_dv28_Tlc2p0_TTC03_CP3_S5p667_E15p667.mp4,LC_dv28_Tlc2p0_TTC03,4.0,0.0,0.0,0.0
LC_dv28_Tlc2p0_TTC03_CP3_S5p667_E15p667.mp4,LC_dv28_Tlc2p0_TTC03,5.0,0.0,0.0,0.0
LC_dv28_Tlc2p0_TTC03_CP3_S5p667_E15p667.mp4,LC_dv28_Tlc2p0_TTC03,6.0,0.0,0.0,0.0
LC_dv28_Tlc2p0_TTC03_CP4_S5p967_E15p967.mp4,LC_dv28_Tlc2p0_TTC03,3.0,0.0,0.0,0.0
LC_dv28_Tlc2p0_TTC03_CP4_S5p967_E15p967.mp4,LC_dv28_Tlc2p0_TTC03,4.0,0.0,0.0,0.0
LC_dv28_Tlc2p0_TTC03_CP4_S5p967_E15p967.mp4,LC_dv28_Tlc2p0_TTC03,5.0,0.0,0.0,0.0
LC_dv28_Tlc2p0_TTC03_CP4_S5p967_E15p967.mp4,LC_dv28_Tlc2p0_TTC03,6.0,0.0,0.0,0.0
LC_dv28_Tlc2p0_TTC03_CP5_S6p267_E16p267.mp4,LC_dv28_Tlc2p0_TTC03,3.0,0.0,0.0,0.0
LC_dv28_Tlc2p0_TTC03_CP5_S6p267_E16p267.mp4,LC_dv28_Tlc2p0_TTC03,4.0,0.0,0.0,0.0
LC_dv28_Tlc2p0_TTC03_CP5_S6p267_E16p267.mp4,LC_dv28_Tlc2p0_TTC03,5.0,0.0,0.0,0.0
LC_dv28_Tlc2p0_TTC03_CP5_S6p267_E16p267.mp4,LC_dv28_Tlc2p0_TTC03,6.0,0.0,0.0,0.0
LC_dv28_Tlc2p0_TTC04_CP1_S5p067_E15p067.mp4,LC_dv28_Tlc2p0_TTC04,3.0,1.6146888876806251,1.5960845909131987,1.6180608444860325
LC_dv28_Tlc2p0_TTC04_CP1_S5p067_E15p067.mp4,LC_dv28_Tlc2p0_TTC04,4.0,1.6135031736973893,1.5923464556144367,1.6180608444860325
LC_dv28_Tlc2p0_TTC04_CP1_S5p067_E15p067.mp4,LC_dv28_Tlc2p0_TTC04,5.0,1.612317459714155,1.588608320315673,1.6180608444860325
LC_dv28_Tlc2p0_TTC04_CP1_S5p067_E15p067.mp4,LC_dv28_Tlc2p0_TTC04,6.0,1.6111317457309193,1.584870185016911,1.6180608444860325
LC_dv28_Tlc2p0_TTC04_CP2_S5p367_E15p367.mp4,LC_dv28_Tlc2p0_TTC04,3.0,0.0,0.0,0.0
LC_dv28_Tlc2p0_TTC04_CP2_S5p367_E15p367.mp4,LC_dv28_Tlc2p0_TTC04,4.0,0.0,0.0,0.0
LC_dv28_Tlc2p0_TTC04_CP2_S5p367_E15p367.mp4,LC_dv28_Tlc2p0_TTC04,5.0,0.0,0.0,0.0
LC_dv28_Tlc2p0_TTC04_CP2_S5p367_E15p367.mp4,LC_dv28_Tlc2p0_TTC04,6.0,0.0,0.0,0.0
LC_dv28_Tlc2p0_TTC04_CP3_S5p667_E15p667.mp4,LC_dv28_Tlc2p0_TTC04,3.0,0.0,0.0,0.0
LC_dv28_Tlc2p0_TTC04_CP3_S5p667_E15p667.mp4,LC_dv28_Tlc2p0_TTC04,4.0,0.0,0.0,0.0
LC_dv28_Tlc2p0_TTC04_CP3_S5p667_E15p667.mp4,LC_dv28_Tlc2p0_TTC04,5.0,0.0,0.0,0.0
LC_dv28_Tlc2p0_TTC04_CP3_S5p667_E15p667.mp4,LC_dv28_Tlc2p0_TTC04,6.0,0.0,0.0,0.0
LC_dv28_Tlc2p0_TTC04_CP4_S5p967_E15p967.mp4,LC_dv28_Tlc2p0_TTC04,3.0,0.0,0.0,0.0
LC_dv28_Tlc2p0_TTC04_CP4_S5p967_E15p967.mp4,LC_dv28_Tlc2p0_TTC04,4.0,0.0,0.0,0.0
LC_dv28_Tlc2p0_TTC04_CP4_S5p967_E15p967.mp4,LC_dv28_Tlc2p0_TTC04,5.0,0.0,0.0,0.0
LC_dv28_Tlc2p0_TTC04_CP4_S5p967_E15p967.mp4,LC_dv28_Tlc2p0_TTC04,6.0,0.0,0.0,0.0
LC_dv28_Tlc2p0_TTC04_CP5_S6p267_E16p267.mp4,LC_dv28_Tlc2p0_TTC04,3.0,0.0,0.0,0.0
LC_dv28_Tlc2p0_TTC04_CP5_S6p267_E16p267.mp4,LC_dv28_Tlc2p0_TTC04,4.0,0.0,0.0,0.0
LC_dv28_Tlc2p0_TTC04_CP5_S6p267_E16p267.mp4,LC_dv28_Tlc2p0_TTC04,5.0,0.0,0.0,0.0
LC_dv28_Tlc2p0_TTC04_CP5_S6p267_E16p267.mp4,LC_dv28_Tlc2p0_TTC04,6.0,0.0,0.0,0.0
LC_dv28_Tlc2p0_TTC05_CP1_S5p067_E15p067.mp4,LC_dv28_Tlc2p0_TTC05,3.0,1.6185674600317572,1.5946997561874299,1.612642498611445
LC_dv28_Tlc2p0_TTC05_CP1_S5p067_E15p067.mp4,LC_dv28_Tlc2p0_TTC05,4.0,1.6185674600317572,1.5909616208886626,1.6110704797558513
LC_dv28_Tlc2p0_TTC05_CP1_S5p067_E15p067.mp4,LC_dv28_Tlc2p0_TTC05,5.0,1.6185674600317572,1.5872234855898923,1.6104376335624586
LC_dv28_Tlc2p0_TTC05_CP1_S5p067_E15p067.mp4,LC_dv28_Tlc2p0_TTC05,6.0,1.6185674600317572,1.5834853502911233,1.6092573829197705
LC_dv28_Tlc2p0_TTC05_CP3_S5p667_E15p667.mp4,LC_dv28_Tlc2p0_TTC05,3.0,0.0,0.0,0.0
LC_dv28_Tlc2p0_TTC05_CP3_S5p667_E15p667.mp4,LC_dv28_Tlc2p0_TTC05,4.0,0.0,0.0,0.0
LC_dv28_Tlc2p0_TTC05_CP3_S5p667_E15p667.mp4,LC_dv28_Tlc2p0_TTC05,5.0,0.0,0.0,0.0
LC_dv28_Tlc2p0_TTC05_CP3_S5p667_E15p667.mp4,LC_dv28_Tlc2p0_TTC05,6.0,0.0,0.0,0.0
LC_dv28_Tlc2p0_TTC05_CP5_S6p267_E16p267.mp4,LC_dv28_Tlc2p0_TTC05,3.0,0.0,0.0,0.0
LC_dv28_Tlc2p0_TTC05_CP5_S6p267_E16p267.mp4,LC_dv28_Tlc2p0_TTC05,4.0,0.0,0.0,0.0
LC_dv28_Tlc2p0_TTC05_CP5_S6p267_E16p267.mp4,LC_dv28_Tlc2p0_TTC05,5.0,0.0,0.0,0.0
LC_dv28_Tlc2p0_TTC05_CP5_S6p267_E16p267.mp4,LC_dv28_Tlc2p0_TTC05,6.0,0.0,0.0,0.0
LC_dv28_Tlc2p0_TTC06_CP1_S5p033_E15p033.mp4,LC_dv28_Tlc2p0_TTC06,3.0,1.615200387348236,1.595116862911301,1.617313505785684
LC_dv28_Tlc2p0_TTC06_CP1_S5p033_E15p033.mp4,LC_dv28_Tlc2p0_TTC06,4.0,1.6140195770957046,1.5913683106256524,1.617137317641251
LC_dv28_Tlc2p0_TTC06_CP1_S5p033_E15p033.mp4,LC_dv28_Tlc2p0_TTC06,5.0,1.6128387668431743,1.5876197583400038,1.617137317641251
LC_dv28_Tlc2p0_TTC06_CP1_S5p033_E15p033.mp4,LC_dv28_Tlc2p0_TTC06,6.0,1.611657956590644,1.5838712060543554,1.617137317641251
LC_dv28_Tlc2p0_TTC06_CP2_S5p333_E15p333.mp4,LC_dv28_Tlc2p0_TTC06,3.0,0.0,0.0,0.0
LC_dv28_Tlc2p0_TTC06_CP2_S5p333_E15p333.mp4,LC_dv28_Tlc2p0_TTC06,4.0,0.0,0.0,0.0
LC_dv28_Tlc2p0_TTC06_CP2_S5p333_E15p333.mp4,LC_dv28_Tlc2p0_TTC06,5.0,0.0,0.0,0.0
LC_dv28_Tlc2p0_TTC06_CP2_S5p333_E15p333.mp4,LC_dv28_Tlc2p0_TTC06,6.0,0.0,0.0,0.0
LC_dv28_Tlc2p0_TTC06_CP4_S5p933_E15p933.mp4,LC_dv28_Tlc2p0_TTC06,3.0,0.0,0.0,0.0
LC_dv28_Tlc2p0_TTC06_CP4_S5p933_E15p933.mp4,LC_dv28_Tlc2p0_TTC06,4.0,0.0,0.0,0.0
LC_dv28_Tlc2p0_TTC06_CP4_S5p933_E15p933.mp4,LC_dv28_Tlc2p0_TTC06,5.0,0.0,0.0,0.0
LC_dv28_Tlc2p0_TTC06_CP4_S5p933_E15p933.mp4,LC_dv28_Tlc2p0_TTC06,6.0,0.0,0.0,0.0
LC_dv28_Tlc3p0_TTC02_CP1_S5p033_E15p033.mp4,LC_dv28_Tlc3p0_TTC02,3.0,1.6189077861737127,1.5986339318331506,1.5850799118496002
LC_dv28_Tlc3p0_TTC02_CP1_S5p033_E15p033.mp4,LC_dv28_Tlc3p0_TTC02,4.0,1.6189077861737127,1.594895796534383,1.5850799118496002
LC_dv28_Tlc3p0_TTC02_CP1_S5p033_E15p033.mp4,LC_dv28_Tlc3p0_TTC02,5.0,1.6189077861737127,1.591157661235614,1.5850799118496002
LC_dv28_Tlc3p0_TTC02_CP1_S5p033_E15p033.mp4,LC_dv28_Tlc3p0_TTC02,6.0,1.6189077861737127,1.587419525936846,1.38660461724931
LC_dv28_Tlc3p0_TTC02_CP2_S5p333_E15p333.mp4,LC_dv28_Tlc3p0_TTC02,3.0,0.0,0.0,0.0
LC_dv28_Tlc3p0_TTC02_CP2_S5p333_E15p333.mp4,LC_dv28_Tlc3p0_TTC02,4.0,0.0,0.0,0.0
LC_dv28_Tlc3p0_TTC02_CP2_S5p333_E15p333.mp4,LC_dv28_Tlc3p0_TTC02,5.0,0.0,0.0,0.0
LC_dv28_Tlc3p0_TTC02_CP2_S5p333_E15p333.mp4,LC_dv28_Tlc3p0_TTC02,6.0,0.0,0.0,0.0
LC_dv28_Tlc3p0_TTC02_CP3_S5p633_E15p633.mp4,LC_dv28_Tlc3p0_TTC02,3.0,0.0,0.0,0.0
LC_dv28_Tlc3p0_TTC02_CP3_S5p633_E15p633.mp4,LC_dv28_Tlc3p0_TTC02,4.0,0.0,0.0,0.0
LC_dv28_Tlc3p0_TTC02_CP3_S5p633_E15p633.mp4,LC_dv28_Tlc3p0_TTC02,5.0,0.0,0.0,0.0
LC_dv28_Tlc3p0_TTC02_CP3_S5p633_E15p633.mp4,LC_dv28_Tlc3p0_TTC02,6.0,0.0,0.0,0.0
LC_dv28_Tlc3p0_TTC02_CP4_S5p933_E15p933.mp4,LC_dv28_Tlc3p0_TTC02,3.0,0.0,0.0,0.0
LC_dv28_Tlc3p0_TTC02_CP4_S5p933_E15p933.mp4,LC_dv28_Tlc3p0_TTC02,4.0,0.0,0.0,0.0
LC_dv28_Tlc3p0_TTC02_CP4_S5p933_E15p933.mp4,LC_dv28_Tlc3p0_TTC02,5.0,0.0,0.0,0.0
LC_dv28_Tlc3p0_TTC02_CP4_S5p933_E15p933.mp4,LC_dv28_Tlc3p0_TTC02,6.0,0.0,0.0,0.0
LC_dv28_Tlc3p0_TTC02_CP5_S6p233_E16p233.mp4,LC_dv28_Tlc3p0_TTC02,3.0,0.0,0.0,0.0
LC_dv28_Tlc3p0_TTC02_CP5_S6p233_E16p233.mp4,LC_dv28_Tlc3p0_TTC02,4.0,0.0,0.0,0.0
LC_dv28_Tlc3p0_TTC02_CP5_S6p233_E16p233.mp4,LC_dv28_Tlc3p0_TTC02,5.0,0.0,0.0,0.0
LC_dv28_Tlc3p0_TTC02_CP5_S6p233_E16p233.mp4,LC_dv28_Tlc3p0_TTC02,6.0,0.0,0.0,0.0
LC_dv28_Tlc3p0_TTC03_CP1_S5p067_E15p067.mp4,LC_dv28_Tlc3p0_TTC03,3.0,1.614219602086055,1.596454024817965,1.609623504862746
LC_dv28_Tlc3p0_TTC03_CP1_S5p067_E15p067.mp4,LC_dv28_Tlc3p0_TTC03,4.0,1.6130338881028197,1.5927262958808537,1.609623504862746
LC_dv28_Tlc3p0_TTC03_CP1_S5p067_E15p067.mp4,LC_dv28_Tlc3p0_TTC03,5.0,1.611848174119585,1.5889985669437443,1.5866480225499817
LC_dv28_Tlc3p0_TTC03_CP1_S5p067_E15p067.mp4,LC_dv28_Tlc3p0_TTC03,6.0,1.6106624601363495,1.5852708380066327,1.515725807972948
LC_dv28_Tlc3p0_TTC03_CP2_S5p367_E15p367.mp4,LC_dv28_Tlc3p0_TTC03,3.0,0.0,0.0,0.0
LC_dv28_Tlc3p0_TTC03_CP2_S5p367_E15p367.mp4,LC_dv28_Tlc3p0_TTC03,4.0,0.0,0.0,0.0
LC_dv28_Tlc3p0_TTC03_CP2_S5p367_E15p367.mp4,LC_dv28_Tlc3p0_TTC03,5.0,0.0,0.0,0.0
LC_dv28_Tlc3p0_TTC03_CP2_S5p367_E15p367.mp4,LC_dv28_Tlc3p0_TTC03,6.0,0.0,0.0,0.0
LC_dv28_Tlc3p0_TTC03_CP3_S5p667_E15p667.mp4,LC_dv28_Tlc3p0_TTC03,3.0,0.0,0.0,0.0
LC_dv28_Tlc3p0_TTC03_CP3_S5p667_E15p667.mp4,LC_dv28_Tlc3p0_TTC03,4.0,0.0,0.0,0.0
LC_dv28_Tlc3p0_TTC03_CP3_S5p667_E15p667.mp4,LC_dv28_Tlc3p0_TTC03,5.0,0.0,0.0,0.0
LC_dv28_Tlc3p0_TTC03_CP3_S5p667_E15p667.mp4,LC_dv28_Tlc3p0_TTC03,6.0,0.0,0.0,0.0
LC_dv28_Tlc3p0_TTC03_CP4_S5p967_E15p967.mp4,LC_dv28_Tlc3p0_TTC03,3.0,0.0,0.0,0.0
LC_dv28_Tlc3p0_TTC03_CP4_S5p967_E15p967.mp4,LC_dv28_Tlc3p0_TTC03,4.0,0.0,0.0,0.0
LC_dv28_Tlc3p0_TTC03_CP4_S5p967_E15p967.mp4,LC_dv28_Tlc3p0_TTC03,5.0,0.0,0.0,0.0
LC_dv28_Tlc3p0_TTC03_CP4_S5p967_E15p967.mp4,LC_dv28_Tlc3p0_TTC03,6.0,0.0,0.0,0.0
LC_dv28_Tlc3p0_TTC03_CP5_S6p267_E16p267.mp4,LC_dv28_Tlc3p0_TTC03,3.0,0.0,0.0,0.0
LC_dv28_Tlc3p0_TTC03_CP5_S6p267_E16p267.mp4,LC_dv28_Tlc3p0_TTC03,4.0,0.0,0.0,0.0
LC_dv28_Tlc3p0_TTC03_CP5_S6p267_E16p267.mp4,LC_dv28_Tlc3p0_TTC03,5.0,0.0,0.0,0.0
LC_dv28_Tlc3p0_TTC03_CP5_S6p267_E16p267.mp4,LC_dv28_Tlc3p0_TTC03,6.0,0.0,0.0,0.0
LC_dv28_Tlc3p0_TTC04_CP1_S5p067_E15p067.mp4,LC_dv28_Tlc3p0_TTC04,3.0,1.6146653162580662,1.5961370114596158,1.618032722314346
LC_dv28_Tlc3p0_TTC04_CP1_S5p067_E15p067.mp4,LC_dv28_Tlc3p0_TTC04,4.0,1.6134796022748317,1.592409282522506,1.618032722314346
LC_dv28_Tlc3p0_TTC04_CP1_S5p067_E15p067.mp4,LC_dv28_Tlc3p0_TTC04,5.0,1.612293888291596,1.5886815535853946,1.6074738031239002
LC_dv28_Tlc3p0_TTC04_CP1_S5p067_E15p067.mp4,LC_dv28_Tlc3p0_TTC04,6.0,1.6111081743083613,1.584953824648285,1.5891488723791787
LC_dv28_Tlc3p0_TTC04_CP2_S5p367_E15p367.mp4,LC_dv28_Tlc3p0_TTC04,3.0,0.0,0.0,0.0
LC_dv28_Tlc3p0_TTC04_CP2_S5p367_E15p367.mp4,LC_dv28_Tlc3p0_TTC04,4.0,0.0,0.0,0.0
LC_dv28_Tlc3p0_TTC04_CP2_S5p367_E15p367.mp4,LC_dv28_Tlc3p0_TTC04,5.0,0.0,0.0,0.0
LC_dv28_Tlc3p0_TTC04_CP2_S5p367_E15p367.mp4,LC_dv28_Tlc3p0_TTC04,6.0,0.0,0.0,0.0
LC_dv28_Tlc3p0_TTC04_CP3_S5p667_E15p667.mp4,LC_dv28_Tlc3p0_TTC04,3.0,0.0,0.0,0.0
LC_dv28_Tlc3p0_TTC04_CP3_S5p667_E15p667.mp4,LC_dv28_Tlc3p0_TTC04,4.0,0.0,0.0,0.0
LC_dv28_Tlc3p0_TTC04_CP3_S5p667_E15p667.mp4,LC_dv28_Tlc3p0_TTC04,5.0,0.0,0.0,0.0
LC_dv28_Tlc3p0_TTC04_CP3_S5p667_E15p667.mp4,LC_dv28_Tlc3p0_TTC04,6.0,0.0,0.0,0.0
LC_dv28_Tlc3p0_TTC04_CP4_S5p967_E15p967.mp4,LC_dv28_Tlc3p0_TTC04,3.0,0.0,0.0,0.0
LC_dv28_Tlc3p0_TTC04_CP4_S5p967_E15p967.mp4,LC_dv28_Tlc3p0_TTC04,4.0,0.0,0.0,0.0
LC_dv28_Tlc3p0_TTC04_CP4_S5p967_E15p967.mp4,LC_dv28_Tlc3p0_TTC04,5.0,0.0,0.0,0.0
LC_dv28_Tlc3p0_TTC04_CP4_S5p967_E15p967.mp4,LC_dv28_Tlc3p0_TTC04,6.0,0.0,0.0,0.0
LC_dv28_Tlc3p0_TTC04_CP5_S6p267_E16p267.mp4,LC_dv28_Tlc3p0_TTC04,3.0,0.0,0.0,0.0
LC_dv28_Tlc3p0_TTC04_CP5_S6p267_E16p267.mp4,LC_dv28_Tlc3p0_TTC04,4.0,0.0,0.0,0.0
LC_dv28_Tlc3p0_TTC04_CP5_S6p267_E16p267.mp4,LC_dv28_Tlc3p0_TTC04,5.0,0.0,0.0,0.0
LC_dv28_Tlc3p0_TTC04_CP5_S6p267_E16p267.mp4,LC_dv28_Tlc3p0_TTC04,6.0,0.0,0.0,0.0
LC_dv28_Tlc3p0_TTC06_CP1_S5p033_E15p033.mp4,LC_dv28_Tlc3p0_TTC06,3.0,1.6152163178813568,1.5951981742272847,1.6172649469019516
LC_dv28_Tlc3p0_TTC06_CP1_S5p033_E15p033.mp4,LC_dv28_Tlc3p0_TTC06,4.0,1.6140378876091788,1.5914600389285218,1.6171378979684785
LC_dv28_Tlc3p0_TTC06_CP1_S5p033_E15p033.mp4,LC_dv28_Tlc3p0_TTC06,5.0,1.6128594573370025,1.5877219036297598,1.6171378979684785
LC_dv28_Tlc3p0_TTC06_CP1_S5p033_E15p033.mp4,LC_dv28_Tlc3p0_TTC06,6.0,1.6116810270648245,1.583983768330997,1.6171378979684785
LC_dv28_Tlc3p0_TTC06_CP3_S5p633_E15p633.mp4,LC_dv28_Tlc3p0_TTC06,3.0,0.0,0.0,0.0
LC_dv28_Tlc3p0_TTC06_CP3_S5p633_E15p633.mp4,LC_dv28_Tlc3p0_TTC06,4.0,0.0,0.0,0.0
LC_dv28_Tlc3p0_TTC06_CP3_S5p633_E15p633.mp4,LC_dv28_Tlc3p0_TTC06,5.0,0.0,0.0,0.0
LC_dv28_Tlc3p0_TTC06_CP3_S5p633_E15p633.mp4,LC_dv28_Tlc3p0_TTC06,6.0,0.0,0.0,0.0
LC_dv28_Tlc3p0_TTC06_CP5_S6p233_E16p233.mp4,LC_dv28_Tlc3p0_TTC06,3.0,0.0,0.0,0.0
LC_dv28_Tlc3p0_TTC06_CP5_S6p233_E16p233.mp4,LC_dv28_Tlc3p0_TTC06,4.0,0.0,0.0,0.0
LC_dv28_Tlc3p0_TTC06_CP5_S6p233_E16p233.mp4,LC_dv28_Tlc3p0_TTC06,5.0,0.0,0.0,0.0
LC_dv28_Tlc3p0_TTC06_CP5_S6p233_E16p233.mp4,LC_dv28_Tlc3p0_TTC06,6.0,0.0,0.0,0.0
LC_dv28_Tlc3p0_TTC07_CP1_S5p067_E15p067.mp4,LC_dv28_Tlc3p0_TTC07,3.0,1.6184284534068387,1.5957884077700373,1.617577975815819
LC_dv28_Tlc3p0_TTC07_CP1_S5p067_E15p067.mp4,LC_dv28_Tlc3p0_TTC07,4.0,1.6184284534068387,1.5920496335055758,1.617577975815819
LC_dv28_Tlc3p0_TTC07_CP1_S5p067_E15p067.mp4,LC_dv28_Tlc3p0_TTC07,5.0,1.6184284534068387,1.5883108592411126,1.617577975815819
LC_dv28_Tlc3p0_TTC07_CP1_S5p067_E15p067.mp4,LC_dv28_Tlc3p0_TTC07,6.0,1.6184284534068387,1.5845720849766503,1.617577975815819
LC_dv28_Tlc3p0_TTC07_CP2_S5p367_E15p367.mp4,LC_dv28_Tlc3p0_TTC07,3.0,0.0,0.0,0.0
LC_dv28_Tlc3p0_TTC07_CP2_S5p367_E15p367.mp4,LC_dv28_Tlc3p0_TTC07,4.0,0.0,0.0,0.0
LC_dv28_Tlc3p0_TTC07_CP2_S5p367_E15p367.mp4,LC_dv28_Tlc3p0_TTC07,5.0,0.0,0.0,0.0
LC_dv28_Tlc3p0_TTC07_CP2_S5p367_E15p367.mp4,LC_dv28_Tlc3p0_TTC07,6.0,0.0,0.0,0.0
LC_dv28_Tlc3p0_TTC07_CP4_S5p967_E15p967.mp4,LC_dv28_Tlc3p0_TTC07,3.0,0.0,0.0,0.0
LC_dv28_Tlc3p0_TTC07_CP4_S5p967_E15p967.mp4,LC_dv28_Tlc3p0_TTC07,4.0,0.0,0.0,0.0
LC_dv28_Tlc3p0_TTC07_CP4_S5p967_E15p967.mp4,LC_dv28_Tlc3p0_TTC07,5.0,0.0,0.0,0.0
LC_dv28_Tlc3p0_TTC07_CP4_S5p967_E15p967.mp4,LC_dv28_Tlc3p0_TTC07,6.0,0.0,0.0,0.0
LC_dv28_Tlc4p0_TTC02_CP1_S5p067_E15p067.mp4,LC_dv28_Tlc4p0_TTC02,3.0,1.6182153763017244,1.6012987761548532,1.601656248827864
LC_dv28_Tlc4p0_TTC02_CP1_S5p067_E15p067.mp4,LC_dv28_Tlc4p0_TTC02,4.0,1.6182153763017244,1.5975579194908724,1.601656248827864
LC_dv28_Tlc4p0_TTC02_CP1_S5p067_E15p067.mp4,LC_dv28_Tlc4p0_TTC02,5.0,1.6182153763017244,1.59381706282689,1.5746903579449298
LC_dv28_Tlc4p0_TTC02_CP1_S5p067_E15p067.mp4,LC_dv28_Tlc4p0_TTC02,6.0,1.6182153763017244,1.5900762061629086,1.5746903579449298
LC_dv28_Tlc4p0_TTC02_CP2_S5p367_E15p367.mp4,LC_dv28_Tlc4p0_TTC02,3.0,0.0,0.0,0.0
LC_dv28_Tlc4p0_TTC02_CP2_S5p367_E15p367.mp4,LC_dv28_Tlc4p0_TTC02,4.0,0.0,0.0,0.0
LC_dv28_Tlc4p0_TTC02_CP2_S5p367_E15p367.mp4,LC_dv28_Tlc4p0_TTC02,5.0,0.0,0.0,0.0
LC_dv28_Tlc4p0_TTC02_CP2_S5p367_E15p367.mp4,LC_dv28_Tlc4p0_TTC02,6.0,0.0,0.0,0.0
LC_dv28_Tlc4p0_TTC02_CP3_S5p667_E15p667.mp4,LC_dv28_Tlc4p0_TTC02,3.0,0.0,0.0,0.0
LC_dv28_Tlc4p0_TTC02_CP3_S5p667_E15p667.mp4,LC_dv28_Tlc4p0_TTC02,4.0,0.0,0.0,0.0
LC_dv28_Tlc4p0_TTC02_CP3_S5p667_E15p667.mp4,LC_dv28_Tlc4p0_TTC02,5.0,0.0,0.0,0.0
LC_dv28_Tlc4p0_TTC02_CP3_S5p667_E15p667.mp4,LC_dv28_Tlc4p0_TTC02,6.0,0.0,0.0,0.0
LC_dv28_Tlc4p0_TTC02_CP4_S5p967_E15p967.mp4,LC_dv28_Tlc4p0_TTC02,3.0,0.0,0.0,0.0
LC_dv28_Tlc4p0_TTC02_CP4_S5p967_E15p967.mp4,LC_dv28_Tlc4p0_TTC02,4.0,0.0,0.0,0.0
LC_dv28_Tlc4p0_TTC02_CP4_S5p967_E15p967.mp4,LC_dv28_Tlc4p0_TTC02,5.0,0.0,0.0,0.0
LC_dv28_Tlc4p0_TTC02_CP4_S5p967_E15p967.mp4,LC_dv28_Tlc4p0_TTC02,6.0,0.0,0.0,0.0
LC_dv28_Tlc4p0_TTC02_CP5_S6p267_E16p267.mp4,LC_dv28_Tlc4p0_TTC02,3.0,0.0,0.0,0.0
LC_dv28_Tlc4p0_TTC02_CP5_S6p267_E16p267.mp4,LC_dv28_Tlc4p0_TTC02,4.0,0.0,0.0,0.0
LC_dv28_Tlc4p0_TTC02_CP5_S6p267_E16p267.mp4,LC_dv28_Tlc4p0_TTC02,5.0,0.0,0.0,0.0
LC_dv28_Tlc4p0_TTC02_CP5_S6p267_E16p267.mp4,LC_dv28_Tlc4p0_TTC02,6.0,0.0,0.0,0.0
LC_dv28_Tlc4p0_TTC03_CP1_S5p033_E15p033.mp4,LC_dv28_Tlc4p0_TTC03,3.0,1.6149173583492356,1.5982814470031754,1.5940424705706417
LC_dv28_Tlc4p0_TTC03_CP1_S5p033_E15p033.mp4,LC_dv28_Tlc4p0_TTC03,4.0,1.6137389280770593,1.5945433117044072,1.5940424705706417
LC_dv28_Tlc4p0_TTC03_CP1_S5p033_E15p033.mp4,LC_dv28_Tlc4p0_TTC03,5.0,1.6125604978048813,1.5908051764056372,1.5940424705706417
LC_dv28_Tlc4p0_TTC03_CP1_S5p033_E15p033.mp4,LC_dv28_Tlc4p0_TTC03,6.0,1.6113820675327042,1.587067041106869,1.0135868127139618
LC_dv28_Tlc4p0_TTC03_CP2_S5p333_E15p333.mp4,LC_dv28_Tlc4p0_TTC03,3.0,0.0,0.0,0.16455080688185056
LC_dv28_Tlc4p0_TTC03_CP2_S5p333_E15p333.mp4,LC_dv28_Tlc4p0_TTC03,4.0,0.0,0.0,0.16455080688185056
LC_dv28_Tlc4p0_TTC03_CP2_S5p333_E15p333.mp4,LC_dv28_Tlc4p0_TTC03,5.0,0.0,0.0,0.0
LC_dv28_Tlc4p0_TTC03_CP2_S5p333_E15p333.mp4,LC_dv28_Tlc4p0_TTC03,6.0,0.0,0.0,0.0
LC_dv28_Tlc4p0_TTC03_CP3_S5p633_E15p633.mp4,LC_dv28_Tlc4p0_TTC03,3.0,0.0,0.0,0.0
LC_dv28_Tlc4p0_TTC03_CP3_S5p633_E15p633.mp4,LC_dv28_Tlc4p0_TTC03,4.0,0.0,0.0,0.0
LC_dv28_Tlc4p0_TTC03_CP3_S5p633_E15p633.mp4,LC_dv28_Tlc4p0_TTC03,5.0,0.0,0.0,0.0
LC_dv28_Tlc4p0_TTC03_CP3_S5p633_E15p633.mp4,LC_dv28_Tlc4p0_TTC03,6.0,0.0,0.0,0.0
LC_dv28_Tlc4p0_TTC03_CP4_S5p933_E15p933.mp4,LC_dv28_Tlc4p0_TTC03,3.0,0.0,0.0,0.0
LC_dv28_Tlc4p0_TTC03_CP4_S5p933_E15p933.mp4,LC_dv28_Tlc4p0_TTC03,4.0,0.0,0.0,0.0
LC_dv28_Tlc4p0_TTC03_CP4_S5p933_E15p933.mp4,LC_dv28_Tlc4p0_TTC03,5.0,0.0,0.0,0.0
LC_dv28_Tlc4p0_TTC03_CP4_S5p933_E15p933.mp4,LC_dv28_Tlc4p0_TTC03,6.0,0.0,0.0,0.0
LC_dv28_Tlc4p0_TTC03_CP5_S6p233_E16p233.mp4,LC_dv28_Tlc4p0_TTC03,3.0,0.0,0.0,0.0
LC_dv28_Tlc4p0_TTC03_CP5_S6p233_E16p233.mp4,LC_dv28_Tlc4p0_TTC03,4.0,0.0,0.0,0.0
LC_dv28_Tlc4p0_TTC03_CP5_S6p233_E16p233.mp4,LC_dv28_Tlc4p0_TTC03,5.0,0.0,0.0,0.0
LC_dv28_Tlc4p0_TTC03_CP5_S6p233_E16p233.mp4,LC_dv28_Tlc4p0_TTC03,6.0,0.0,0.0,0.0
LC_dv28_Tlc4p0_TTC04_CP1_S5p067_E15p067.mp4,LC_dv28_Tlc4p0_TTC04,3.0,1.6146898080037075,1.5979428044120776,1.6180695119256248
LC_dv28_Tlc4p0_TTC04_CP1_S5p067_E15p067.mp4,LC_dv28_Tlc4p0_TTC04,4.0,1.6135022721635692,1.5942150754749669,1.6180695119256248
LC_dv28_Tlc4p0_TTC04_CP1_S5p067_E15p067.mp4,LC_dv28_Tlc4p0_TTC04,5.0,1.6123147363234303,1.5904873465378555,1.6180695119256248
LC_dv28_Tlc4p0_TTC04_CP1_S5p067_E15p067.mp4,LC_dv28_Tlc4p0_TTC04,6.0,1.6111272004832922,1.586759617600745,1.6180695119256248
LC_dv28_Tlc4p0_TTC04_CP2_S5p367_E15p367.mp4,LC_dv28_Tlc4p0_TTC04,3.0,0.0,0.0,0.0
LC_dv28_Tlc4p0_TTC04_CP2_S5p367_E15p367.mp4,LC_dv28_Tlc4p0_TTC04,4.0,0.0,0.0,0.0
LC_dv28_Tlc4p0_TTC04_CP2_S5p367_E15p367.mp4,LC_dv28_Tlc4p0_TTC04,5.0,0.0,0.0,0.0
LC_dv28_Tlc4p0_TTC04_CP2_S5p367_E15p367.mp4,LC_dv28_Tlc4p0_TTC04,6.0,0.0,0.0,0.0
LC_dv28_Tlc4p0_TTC04_CP3_S5p667_E15p667.mp4,LC_dv28_Tlc4p0_TTC04,3.0,0.0,0.0,0.0
LC_dv28_Tlc4p0_TTC04_CP3_S5p667_E15p667.mp4,LC_dv28_Tlc4p0_TTC04,4.0,0.0,0.0,0.0
LC_dv28_Tlc4p0_TTC04_CP3_S5p667_E15p667.mp4,LC_dv28_Tlc4p0_TTC04,5.0,0.0,0.0,0.0
LC_dv28_Tlc4p0_TTC04_CP3_S5p667_E15p667.mp4,LC_dv28_Tlc4p0_TTC04,6.0,0.0,0.0,0.0
LC_dv28_Tlc4p0_TTC04_CP4_S5p967_E15p967.mp4,LC_dv28_Tlc4p0_TTC04,3.0,0.0,0.0,0.0
LC_dv28_Tlc4p0_TTC04_CP4_S5p967_E15p967.mp4,LC_dv28_Tlc4p0_TTC04,4.0,0.0,0.0,0.0
LC_dv28_Tlc4p0_TTC04_CP4_S5p967_E15p967.mp4,LC_dv28_Tlc4p0_TTC04,5.0,0.0,0.0,0.0
LC_dv28_Tlc4p0_TTC04_CP4_S5p967_E15p967.mp4,LC_dv28_Tlc4p0_TTC04,6.0,0.0,0.0,0.0
LC_dv28_Tlc4p0_TTC04_CP5_S6p267_E16p267.mp4,LC_dv28_Tlc4p0_TTC04,3.0,0.0,0.0,0.0
LC_dv28_Tlc4p0_TTC04_CP5_S6p267_E16p267.mp4,LC_dv28_Tlc4p0_TTC04,4.0,0.0,0.0,0.0
LC_dv28_Tlc4p0_TTC04_CP5_S6p267_E16p267.mp4,LC_dv28_Tlc4p0_TTC04,5.0,0.0,0.0,0.0
LC_dv28_Tlc4p0_TTC04_CP5_S6p267_E16p267.mp4,LC_dv28_Tlc4p0_TTC04,6.0,0.0,0.0,0.0
LC_dv28_Tlc4p0_TTC05_CP1_S5p067_E15p067.mp4,LC_dv28_Tlc4p0_TTC05,3.0,1.6185975821228509,1.594777566787747,1.6126218264367929
LC_dv28_Tlc4p0_TTC05_CP1_S5p067_E15p067.mp4,LC_dv28_Tlc4p0_TTC05,4.0,1.6185975821228509,1.5910498378506313,1.6114950563605688
LC_dv28_Tlc4p0_TTC05_CP1_S5p067_E15p067.mp4,LC_dv28_Tlc4p0_TTC05,5.0,1.6185975821228509,1.5873221089135134,1.6104147233114368
LC_dv28_Tlc4p0_TTC05_CP1_S5p067_E15p067.mp4,LC_dv28_Tlc4p0_TTC05,6.0,1.6185975821228509,1.5835943799763967,1.6092326519268132
LC_dv28_Tlc4p0_TTC05_CP2_S5p367_E15p367.mp4,LC_dv28_Tlc4p0_TTC05,3.0,0.0,0.0,0.0
LC_dv28_Tlc4p0_TTC05_CP2_S5p367_E15p367.mp4,LC_dv28_Tlc4p0_TTC05,4.0,0.0,0.0,0.0
LC_dv28_Tlc4p0_TTC05_CP2_S5p367_E15p367.mp4,LC_dv28_Tlc4p0_TTC05,5.0,0.0,0.0,0.0
LC_dv28_Tlc4p0_TTC05_CP2_S5p367_E15p367.mp4,LC_dv28_Tlc4p0_TTC05,6.0,0.0,0.0,0.0
LC_dv28_Tlc4p0_TTC05_CP4_S5p967_E15p967.mp4,LC_dv28_Tlc4p0_TTC05,3.0,0.0,0.0,0.0
LC_dv28_Tlc4p0_TTC05_CP4_S5p967_E15p967.mp4,LC_dv28_Tlc4p0_TTC05,4.0,0.0,0.0,0.0
LC_dv28_Tlc4p0_TTC05_CP4_S5p967_E15p967.mp4,LC_dv28_Tlc4p0_TTC05,5.0,0.0,0.0,0.0
LC_dv28_Tlc4p0_TTC05_CP4_S5p967_E15p967.mp4,LC_dv28_Tlc4p0_TTC05,6.0,0.0,0.0,0.0
LC_dv28_Tlc4p0_TTC07_CP1_S5p067_E15p067.mp4,LC_dv28_Tlc4p0_TTC07,3.0,1.6184670720004206,1.5940941724824198,1.6175815335875985
LC_dv28_Tlc4p0_TTC07_CP1_S5p067_E15p067.mp4,LC_dv28_Tlc4p0_TTC07,4.0,1.6184670720004206,1.5903664435453049,1.6175815335875985
LC_dv28_Tlc4p0_TTC07_CP1_S5p067_E15p067.mp4,LC_dv28_Tlc4p0_TTC07,5.0,1.6184670720004206,1.5866387146081862,1.6175815335875985
LC_dv28_Tlc4p0_TTC07_CP1_S5p067_E15p067.mp4,LC_dv28_Tlc4p0_TTC07,6.0,1.6184670720004206,1.5829109856710704,1.6175815335875985
LC_dv28_Tlc4p0_TTC07_CP3_S5p667_E15p667.mp4,LC_dv28_Tlc4p0_TTC07,3.0,0.0,0.0,0.0
LC_dv28_Tlc4p0_TTC07_CP3_S5p667_E15p667.mp4,LC_dv28_Tlc4p0_TTC07,4.0,0.0,0.0,0.0
LC_dv28_Tlc4p0_TTC07_CP3_S5p667_E15p667.mp4,LC_dv28_Tlc4p0_TTC07,5.0,0.0,0.0,0.0
LC_dv28_Tlc4p0_TTC07_CP3_S5p667_E15p667.mp4,LC_dv28_Tlc4p0_TTC07,6.0,0.0,0.0,0.0
LC_dv28_Tlc4p0_TTC07_CP5_S6p267_E16p267.mp4,LC_dv28_Tlc4p0_TTC07,3.0,0.0,0.0,0.0
LC_dv28_Tlc4p0_TTC07_CP5_S6p267_E16p267.mp4,LC_dv28_Tlc4p0_TTC07,4.0,0.0,0.0,0.0
LC_dv28_Tlc4p0_TTC07_CP5_S6p267_E16p267.mp4,LC_dv28_Tlc4p0_TTC07,5.0,0.0,0.0,0.0
LC_dv28_Tlc4p0_TTC07_CP5_S6p267_E16p267.mp4,LC_dv28_Tlc4p0_TTC07,6.0,0.0,0.0,0.0
LC_dv35_Tlc2p0_TTC02_CP1_S5p033_E15p033.mp4,LC_dv35_Tlc2p0_TTC02,3.0,1.6078112208913273,1.6041189709713395,1.6118968284293385
LC_dv35_Tlc2p0_TTC02_CP1_S5p033_E15p033.mp4,LC_dv35_Tlc2p0_TTC02,4.0,1.6052300382399907,1.6015340818222468,1.6118968284293385
LC_dv35_Tlc2p0_TTC02_CP1_S5p033_E15p033.mp4,LC_dv35_Tlc2p0_TTC02,5.0,1.6026488555886522,1.5989491926731534,1.6118968284293385
LC_dv35_Tlc2p0_TTC02_CP1_S5p033_E15p033.mp4,LC_dv35_Tlc2p0_TTC02,6.0,1.6000676729373144,1.5963643035240618,1.6078621396914043
LC_dv35_Tlc2p0_TTC02_CP2_S5p333_E15p333.mp4,LC_dv35_Tlc2p0_TTC02,3.0,0.0,0.0,0.0
LC_dv35_Tlc2p0_TTC02_CP2_S5p333_E15p333.mp4,LC_dv35_Tlc2p0_TTC02,4.0,0.0,0.0,0.0
LC_dv35_Tlc2p0_TTC02_CP2_S5p333_E15p333.mp4,LC_dv35_Tlc2p0_TTC02,5.0,0.0,0.0,0.0
LC_dv35_Tlc2p0_TTC02_CP2_S5p333_E15p333.mp4,LC_dv35_Tlc2p0_TTC02,6.0,0.0,0.0,0.0
LC_dv35_Tlc2p0_TTC02_CP3_S5p633_E15p633.mp4,LC_dv35_Tlc2p0_TTC02,3.0,0.0,0.0,0.0
LC_dv35_Tlc2p0_TTC02_CP3_S5p633_E15p633.mp4,LC_dv35_Tlc2p0_TTC02,4.0,0.0,0.0,0.0
LC_dv35_Tlc2p0_TTC02_CP3_S5p633_E15p633.mp4,LC_dv35_Tlc2p0_TTC02,5.0,0.0,0.0,0.0
LC_dv35_Tlc2p0_TTC02_CP3_S5p633_E15p633.mp4,LC_dv35_Tlc2p0_TTC02,6.0,0.0,0.0,0.0
LC_dv35_Tlc2p0_TTC02_CP4_S5p933_E15p933.mp4,LC_dv35_Tlc2p0_TTC02,3.0,0.0,0.0,0.0
LC_dv35_Tlc2p0_TTC02_CP4_S5p933_E15p933.mp4,LC_dv35_Tlc2p0_TTC02,4.0,0.0,0.0,0.0
LC_dv35_Tlc2p0_TTC02_CP4_S5p933_E15p933.mp4,LC_dv35_Tlc2p0_TTC02,5.0,0.0,0.0,0.0
LC_dv35_Tlc2p0_TTC02_CP4_S5p933_E15p933.mp4,LC_dv35_Tlc2p0_TTC02,6.0,0.0,0.0,0.0
LC_dv35_Tlc2p0_TTC02_CP5_S6p233_E16p233.mp4,LC_dv35_Tlc2p0_TTC02,3.0,0.0,0.0,0.0
LC_dv35_Tlc2p0_TTC02_CP5_S6p233_E16p233.mp4,LC_dv35_Tlc2p0_TTC02,4.0,0.0,0.0,0.0
LC_dv35_Tlc2p0_TTC02_CP5_S6p233_E16p233.mp4,LC_dv35_Tlc2p0_TTC02,5.0,0.0,0.0,0.0
LC_dv35_Tlc2p0_TTC02_CP5_S6p233_E16p233.mp4,LC_dv35_Tlc2p0_TTC02,6.0,0.0,0.0,0.0
LC_dv35_Tlc2p0_TTC03_CP1_S5p067_E15p067.mp4,LC_dv35_Tlc2p0_TTC03,3.0,1.6198543596503656,1.6035269789179338,1.6179895399626376
LC_dv35_Tlc2p0_TTC03_CP1_S5p067_E15p067.mp4,LC_dv35_Tlc2p0_TTC03,4.0,1.6198543596503656,1.6009365273448843,1.600335695712429
LC_dv35_Tlc2p0_TTC03_CP1_S5p067_E15p067.mp4,LC_dv35_Tlc2p0_TTC03,5.0,1.6198543596503656,1.5983460757718349,1.567418983297553
LC_dv35_Tlc2p0_TTC03_CP1_S5p067_E15p067.mp4,LC_dv35_Tlc2p0_TTC03,6.0,1.6198543596503656,1.5957556241987862,1.567418983297553
LC_dv35_Tlc2p0_TTC03_CP2_S5p367_E15p367.mp4,LC_dv35_Tlc2p0_TTC03,3.0,0.0,0.0,0.0
LC_dv35_Tlc2p0_TTC03_CP2_S5p367_E15p367.mp4,LC_dv35_Tlc2p0_TTC03,4.0,0.0,0.0,0.0
LC_dv35_Tlc2p0_TTC03_CP2_S5p367_E15p367.mp4,LC_dv35_Tlc2p0_TTC03,5.0,0.0,0.0,0.0
LC_dv35_Tlc2p0_TTC03_CP2_S5p367_E15p367.mp4,LC_dv35_Tlc2p0_TTC03,6.0,0.0,0.0,0.0
LC_dv35_Tlc2p0_TTC03_CP3_S5p667_E15p667.mp4,LC_dv35_Tlc2p0_TTC03,3.0,0.0,0.0,0.0
LC_dv35_Tlc2p0_TTC03_CP3_S5p667_E15p667.mp4,LC_dv35_Tlc2p0_TTC03,4.0,0.0,0.0,0.0
LC_dv35_Tlc2p0_TTC03_CP3_S5p667_E15p667.mp4,LC_dv35_Tlc2p0_TTC03,5.0,0.0,0.0,0.0
LC_dv35_Tlc2p0_TTC03_CP3_S5p667_E15p667.mp4,LC_dv35_Tlc2p0_TTC03,6.0,0.0,0.0,0.0
LC_dv35_Tlc2p0_TTC03_CP4_S5p967_E15p967.mp4,LC_dv35_Tlc2p0_TTC03,3.0,0.0,0.0,0.0
LC_dv35_Tlc2p0_TTC03_CP4_S5p967_E15p967.mp4,LC_dv35_Tlc2p0_TTC03,4.0,0.0,0.0,0.0
LC_dv35_Tlc2p0_TTC03_CP4_S5p967_E15p967.mp4,LC_dv35_Tlc2p0_TTC03,5.0,0.0,0.0,0.0
LC_dv35_Tlc2p0_TTC03_CP4_S5p967_E15p967.mp4,LC_dv35_Tlc2p0_TTC03,6.0,0.0,0.0,0.0
LC_dv35_Tlc2p0_TTC03_CP5_S6p267_E16p267.mp4,LC_dv35_Tlc2p0_TTC03,3.0,0.0,0.0,0.0
LC_dv35_Tlc2p0_TTC03_CP5_S6p267_E16p267.mp4,LC_dv35_Tlc2p0_TTC03,4.0,0.0,0.0,0.0
LC_dv35_Tlc2p0_TTC03_CP5_S6p267_E16p267.mp4,LC_dv35_Tlc2p0_TTC03,5.0,0.0,0.0,0.0
LC_dv35_Tlc2p0_TTC03_CP5_S6p267_E16p267.mp4,LC_dv35_Tlc2p0_TTC03,6.0,0.0,0.0,0.0
LC_dv35_Tlc2p0_TTC04_CP1_S5p067_E15p067.mp4,LC_dv35_Tlc2p0_TTC04,3.0,1.6205239764486536,1.6031486683300256,1.6181325403894993
LC_dv35_Tlc2p0_TTC04_CP1_S5p067_E15p067.mp4,LC_dv35_Tlc2p0_TTC04,4.0,1.6205239764486536,1.6005582167569707,1.6181325403894993
LC_dv35_Tlc2p0_TTC04_CP1_S5p067_E15p067.mp4,LC_dv35_Tlc2p0_TTC04,5.0,1.6205239764486536,1.597967765183914,1.6181325403894993
LC_dv35_Tlc2p0_TTC04_CP1_S5p067_E15p067.mp4,LC_dv35_Tlc2p0_TTC04,6.0,1.6205239764486536,1.595377313610859,1.6181325403894993
LC_dv35_Tlc2p0_TTC04_CP2_S5p367_E15p367.mp4,LC_dv35_Tlc2p0_TTC04,3.0,0.0,0.0,0.0
LC_dv35_Tlc2p0_TTC04_CP2_S5p367_E15p367.mp4,LC_dv35_Tlc2p0_TTC04,4.0,0.0,0.0,0.0
LC_dv35_Tlc2p0_TTC04_CP2_S5p367_E15p367.mp4,LC_dv35_Tlc2p0_TTC04,5.0,0.0,0.0,0.0
LC_dv35_Tlc2p0_TTC04_CP2_S5p367_E15p367.mp4,LC_dv35_Tlc2p0_TTC04,6.0,0.0,0.0,0.0
LC_dv35_Tlc2p0_TTC04_CP3_S5p667_E15p667.mp4,LC_dv35_Tlc2p0_TTC04,3.0,0.0,0.0,0.0
LC_dv35_Tlc2p0_TTC04_CP3_S5p667_E15p667.mp4,LC_dv35_Tlc2p0_TTC04,4.0,0.0,0.0,0.0
LC_dv35_Tlc2p0_TTC04_CP3_S5p667_E15p667.mp4,LC_dv35_Tlc2p0_TTC04,5.0,0.0,0.0,0.0
LC_dv35_Tlc2p0_TTC04_CP3_S5p667_E15p667.mp4,LC_dv35_Tlc2p0_TTC04,6.0,0.0,0.0,0.0
LC_dv35_Tlc2p0_TTC04_CP4_S5p967_E15p967.mp4,LC_dv35_Tlc2p0_TTC04,3.0,0.0,0.0,0.0
LC_dv35_Tlc2p0_TTC04_CP4_S5p967_E15p967.mp4,LC_dv35_Tlc2p0_TTC04,4.0,0.0,0.0,0.0
LC_dv35_Tlc2p0_TTC04_CP4_S5p967_E15p967.mp4,LC_dv35_Tlc2p0_TTC04,5.0,0.0,0.0,0.0
LC_dv35_Tlc2p0_TTC04_CP4_S5p967_E15p967.mp4,LC_dv35_Tlc2p0_TTC04,6.0,0.0,0.0,0.0
LC_dv35_Tlc2p0_TTC04_CP5_S6p267_E16p267.mp4,LC_dv35_Tlc2p0_TTC04,3.0,0.0,0.0,0.0
LC_dv35_Tlc2p0_TTC04_CP5_S6p267_E16p267.mp4,LC_dv35_Tlc2p0_TTC04,4.0,0.0,0.0,0.0
LC_dv35_Tlc2p0_TTC04_CP5_S6p267_E16p267.mp4,LC_dv35_Tlc2p0_TTC04,5.0,0.0,0.0,0.0
LC_dv35_Tlc2p0_TTC04_CP5_S6p267_E16p267.mp4,LC_dv35_Tlc2p0_TTC04,6.0,0.0,0.0,0.0
LC_dv35_Tlc2p0_TTC05_CP1_S5p033_E15p033.mp4,LC_dv35_Tlc2p0_TTC05,3.0,1.6212970275844822,1.6025728045044232,1.6170394462508053
LC_dv35_Tlc2p0_TTC05_CP1_S5p033_E15p033.mp4,LC_dv35_Tlc2p0_TTC05,4.0,1.6212970275844822,1.5999786428626412,1.6169848156064865
LC_dv35_Tlc2p0_TTC05_CP1_S5p033_E15p033.mp4,LC_dv35_Tlc2p0_TTC05,5.0,1.6212970275844822,1.5973844812208606,1.6169568308376294
LC_dv35_Tlc2p0_TTC05_CP1_S5p033_E15p033.mp4,LC_dv35_Tlc2p0_TTC05,6.0,1.6212970275844822,1.5947903195790798,1.6169568308376294
LC_dv35_Tlc2p0_TTC05_CP2_S5p333_E15p333.mp4,LC_dv35_Tlc2p0_TTC05,3.0,0.0,0.0,0.0
LC_dv35_Tlc2p0_TTC05_CP2_S5p333_E15p333.mp4,LC_dv35_Tlc2p0_TTC05,4.0,0.0,0.0,0.0
LC_dv35_Tlc2p0_TTC05_CP2_S5p333_E15p333.mp4,LC_dv35_Tlc2p0_TTC05,5.0,0.0,0.0,0.0
LC_dv35_Tlc2p0_TTC05_CP2_S5p333_E15p333.mp4,LC_dv35_Tlc2p0_TTC05,6.0,0.0,0.0,0.0
LC_dv35_Tlc2p0_TTC05_CP4_S5p933_E15p933.mp4,LC_dv35_Tlc2p0_TTC05,3.0,0.0,0.0,0.0
LC_dv35_Tlc2p0_TTC05_CP4_S5p933_E15p933.mp4,LC_dv35_Tlc2p0_TTC05,4.0,0.0,0.0,0.0
LC_dv35_Tlc2p0_TTC05_CP4_S5p933_E15p933.mp4,LC_dv35_Tlc2p0_TTC05,5.0,0.0,0.0,0.0
LC_dv35_Tlc2p0_TTC05_CP4_S5p933_E15p933.mp4,LC_dv35_Tlc2p0_TTC05,6.0,0.0,0.0,0.0
LC_dv35_Tlc2p0_TTC07_CP1_S5p067_E15p067.mp4,LC_dv35_Tlc2p0_TTC07,3.0,1.621647001061328,1.6016821325462847,1.6178962074306782
LC_dv35_Tlc2p0_TTC07_CP1_S5p067_E15p067.mp4,LC_dv35_Tlc2p0_TTC07,4.0,1.621647001061328,1.5990990968244954,1.6178962074306782
LC_dv35_Tlc2p0_TTC07_CP1_S5p067_E15p067.mp4,LC_dv35_Tlc2p0_TTC07,5.0,1.621647001061328,1.5965160611027072,1.6178962074306782
LC_dv35_Tlc2p0_TTC07_CP1_S5p067_E15p067.mp4,LC_dv35_Tlc2p0_TTC07,6.0,1.621647001061328,1.593933025380917,1.6178962074306782
LC_dv35_Tlc2p0_TTC07_CP3_S5p667_E15p667.mp4,LC_dv35_Tlc2p0_TTC07,3.0,0.0,0.0,0.0
LC_dv35_Tlc2p0_TTC07_CP3_S5p667_E15p667.mp4,LC_dv35_Tlc2p0_TTC07,4.0,0.0,0.0,0.0
LC_dv35_Tlc2p0_TTC07_CP3_S5p667_E15p667.mp4,LC_dv35_Tlc2p0_TTC07,5.0,0.0,0.0,0.0
LC_dv35_Tlc2p0_TTC07_CP3_S5p667_E15p667.mp4,LC_dv35_Tlc2p0_TTC07,6.0,0.0,0.0,0.0
LC_dv35_Tlc2p0_TTC07_CP5_S6p267_E16p267.mp4,LC_dv35_Tlc2p0_TTC07,3.0,0.0,0.0,0.0
LC_dv35_Tlc2p0_TTC07_CP5_S6p267_E16p267.mp4,LC_dv35_Tlc2p0_TTC07,4.0,0.0,0.0,0.0
LC_dv35_Tlc2p0_TTC07_CP5_S6p267_E16p267.mp4,LC_dv35_Tlc2p0_TTC07,5.0,0.0,0.0,0.0
LC_dv35_Tlc2p0_TTC07_CP5_S6p267_E16p267.mp4,LC_dv35_Tlc2p0_TTC07,6.0,0.0,0.0,0.0
LC_dv35_Tlc3p0_TTC02_CP1_S5p067_E15p067.mp4,LC_dv35_Tlc3p0_TTC02,3.0,1.619394822382717,1.604019996203934,1.5929576427602434
LC_dv35_Tlc3p0_TTC02_CP1_S5p067_E15p067.mp4,LC_dv35_Tlc3p0_TTC02,4.0,1.619394822382717,1.6014295446308846,1.5929576427602434
LC_dv35_Tlc3p0_TTC02_CP1_S5p067_E15p067.mp4,LC_dv35_Tlc3p0_TTC02,5.0,1.619394822382717,1.5988390930578351,1.5929576427602434
LC_dv35_Tlc3p0_TTC02_CP1_S5p067_E15p067.mp4,LC_dv35_Tlc3p0_TTC02,6.0,1.619394822382717,1.5962486414847854,1.4768949506374234
LC_dv35_Tlc3p0_TTC02_CP2_S5p367_E15p367.mp4,LC_dv35_Tlc3p0_TTC02,3.0,0.0,0.0,0.0
LC_dv35_Tlc3p0_TTC02_CP2_S5p367_E15p367.mp4,LC_dv35_Tlc3p0_TTC02,4.0,0.0,0.0,0.0
LC_dv35_Tlc3p0_TTC02_CP2_S5p367_E15p367.mp4,LC_dv35_Tlc3p0_TTC02,5.0,0.0,0.0,0.0
LC_dv35_Tlc3p0_TTC02_CP2_S5p367_E15p367.mp4,LC_dv35_Tlc3p0_TTC02,6.0,0.0,0.0,0.0
LC_dv35_Tlc3p0_TTC02_CP3_S5p667_E15p667.mp4,LC_dv35_Tlc3p0_TTC02,3.0,0.0,0.0,0.0
LC_dv35_Tlc3p0_TTC02_CP3_S5p667_E15p667.mp4,LC_dv35_Tlc3p0_TTC02,4.0,0.0,0.0,0.0
LC_dv35_Tlc3p0_TTC02_CP3_S5p667_E15p667.mp4,LC_dv35_Tlc3p0_TTC02,5.0,0.0,0.0,0.0
LC_dv35_Tlc3p0_TTC02_CP3_S5p667_E15p667.mp4,LC_dv35_Tlc3p0_TTC02,6.0,0.0,0.0,0.0
LC_dv35_Tlc3p0_TTC02_CP4_S5p967_E15p967.mp4,LC_dv35_Tlc3p0_TTC02,3.0,0.0,0.0,0.0
LC_dv35_Tlc3p0_TTC02_CP4_S5p967_E15p967.mp4,LC_dv35_Tlc3p0_TTC02,4.0,0.0,0.0,0.0
LC_dv35_Tlc3p0_TTC02_CP4_S5p967_E15p967.mp4,LC_dv35_Tlc3p0_TTC02,5.0,0.0,0.0,0.0
LC_dv35_Tlc3p0_TTC02_CP4_S5p967_E15p967.mp4,LC_dv35_Tlc3p0_TTC02,6.0,0.0,0.0,0.0
LC_dv35_Tlc3p0_TTC02_CP5_S6p267_E16p267.mp4,LC_dv35_Tlc3p0_TTC02,3.0,0.0,0.0,0.0
LC_dv35_Tlc3p0_TTC02_CP5_S6p267_E16p267.mp4,LC_dv35_Tlc3p0_TTC02,4.0,0.0,0.0,0.0
LC_dv35_Tlc3p0_TTC02_CP5_S6p267_E16p267.mp4,LC_dv35_Tlc3p0_TTC02,5.0,0.0,0.0,0.0
LC_dv35_Tlc3p0_TTC02_CP5_S6p267_E16p267.mp4,LC_dv35_Tlc3p0_TTC02,6.0,0.0,0.0,0.0
LC_dv35_Tlc3p0_TTC03_CP1_S5p033_E15p033.mp4,LC_dv35_Tlc3p0_TTC03,3.0,1.6204199210929464,1.6035619489973743,1.6117067320892595
LC_dv35_Tlc3p0_TTC03_CP1_S5p033_E15p033.mp4,LC_dv35_Tlc3p0_TTC03,4.0,1.6204199210929464,1.6009703561503799,1.6117067320892595
LC_dv35_Tlc3p0_TTC03_CP1_S5p033_E15p033.mp4,LC_dv35_Tlc3p0_TTC03,5.0,1.6204199210929464,1.5983787633033857,1.6117067320892595
LC_dv35_Tlc3p0_TTC03_CP1_S5p033_E15p033.mp4,LC_dv35_Tlc3p0_TTC03,6.0,1.6204199210929464,1.5957871704563928,1.6117067320892595
LC_dv35_Tlc3p0_TTC03_CP2_S5p333_E15p333.mp4,LC_dv35_Tlc3p0_TTC03,3.0,0.0,0.0,0.0
LC_dv35_Tlc3p0_TTC03_CP2_S5p333_E15p333.mp4,LC_dv35_Tlc3p0_TTC03,4.0,0.0,0.0,0.0
LC_dv35_Tlc3p0_TTC03_CP2_S5p333_E15p333.mp4,LC_dv35_Tlc3p0_TTC03,5.0,0.0,0.0,0.0
LC_dv35_Tlc3p0_TTC03_CP2_S5p333_E15p333.mp4,LC_dv35_Tlc3p0_TTC03,6.0,0.0,0.0,0.0
LC_dv35_Tlc3p0_TTC03_CP3_S5p633_E15p633.mp4,LC_dv35_Tlc3p0_TTC03,3.0,0.0,0.0,0.0
LC_dv35_Tlc3p0_TTC03_CP3_S5p633_E15p633.mp4,LC_dv35_Tlc3p0_TTC03,4.0,0.0,0.0,0.0
LC_dv35_Tlc3p0_TTC03_CP3_S5p633_E15p633.mp4,LC_dv35_Tlc3p0_TTC03,5.0,0.0,0.0,0.0
LC_dv35_Tlc3p0_TTC03_CP3_S5p633_E15p633.mp4,LC_dv35_Tlc3p0_TTC03,6.0,0.0,0.0,0.0
LC_dv35_Tlc3p0_TTC03_CP4_S5p933_E15p933.mp4,LC_dv35_Tlc3p0_TTC03,3.0,0.0,0.0,0.0
LC_dv35_Tlc3p0_TTC03_CP4_S5p933_E15p933.mp4,LC_dv35_Tlc3p0_TTC03,4.0,0.0,0.0,0.0
LC_dv35_Tlc3p0_TTC03_CP4_S5p933_E15p933.mp4,LC_dv35_Tlc3p0_TTC03,5.0,0.0,0.0,0.0
LC_dv35_Tlc3p0_TTC03_CP4_S5p933_E15p933.mp4,LC_dv35_Tlc3p0_TTC03,6.0,0.0,0.0,0.0
LC_dv35_Tlc3p0_TTC03_CP5_S6p233_E16p233.mp4,LC_dv35_Tlc3p0_TTC03,3.0,0.0,0.0,0.0
LC_dv35_Tlc3p0_TTC03_CP5_S6p233_E16p233.mp4,LC_dv35_Tlc3p0_TTC03,4.0,0.0,0.0,0.0
LC_dv35_Tlc3p0_TTC03_CP5_S6p233_E16p233.mp4,LC_dv35_Tlc3p0_TTC03,5.0,0.0,0.0,0.0
LC_dv35_Tlc3p0_TTC03_CP5_S6p233_E16p233.mp4,LC_dv35_Tlc3p0_TTC03,6.0,0.0,0.0,0.0
LC_dv35_Tlc3p0_TTC04_CP1_S5p067_E15p067.mp4,LC_dv35_Tlc3p0_TTC04,3.0,1.6203114528721156,1.6030768201379455,1.6179679194937806
LC_dv35_Tlc3p0_TTC04_CP1_S5p067_E15p067.mp4,LC_dv35_Tlc3p0_TTC04,4.0,1.6203114528721156,1.6004863685648962,1.6179679194937806
LC_dv35_Tlc3p0_TTC04_CP1_S5p067_E15p067.mp4,LC_dv35_Tlc3p0_TTC04,5.0,1.6203114528721156,1.5978959169918476,1.5854541996969682
LC_dv35_Tlc3p0_TTC04_CP1_S5p067_E15p067.mp4,LC_dv35_Tlc3p0_TTC04,6.0,1.6203114528721156,1.595305465418798,1.5200379360551355
LC_dv35_Tlc3p0_TTC04_CP2_S5p367_E15p367.mp4,LC_dv35_Tlc3p0_TTC04,3.0,0.0,0.0,0.0
LC_dv35_Tlc3p0_TTC04_CP2_S5p367_E15p367.mp4,LC_dv35_Tlc3p0_TTC04,4.0,0.0,0.0,0.0
LC_dv35_Tlc3p0_TTC04_CP2_S5p367_E15p367.mp4,LC_dv35_Tlc3p0_TTC04,5.0,0.0,0.0,0.0
LC_dv35_Tlc3p0_TTC04_CP2_S5p367_E15p367.mp4,LC_dv35_Tlc3p0_TTC04,6.0,0.0,0.0,0.0
LC_dv35_Tlc3p0_TTC04_CP3_S5p667_E15p667.mp4,LC_dv35_Tlc3p0_TTC04,3.0,0.0,0.0,0.0
LC_dv35_Tlc3p0_TTC04_CP3_S5p667_E15p667.mp4,LC_dv35_Tlc3p0_TTC04,4.0,0.0,0.0,0.0
LC_dv35_Tlc3p0_TTC04_CP3_S5p667_E15p667.mp4,LC_dv35_Tlc3p0_TTC04,5.0,0.0,0.0,0.0
LC_dv35_Tlc3p0_TTC04_CP3_S5p667_E15p667.mp4,LC_dv35_Tlc3p0_TTC04,6.0,0.0,0.0,0.0
LC_dv35_Tlc3p0_TTC04_CP4_S5p967_E15p967.mp4,LC_dv35_Tlc3p0_TTC04,3.0,0.0,0.0,0.0
LC_dv35_Tlc3p0_TTC04_CP4_S5p967_E15p967.mp4,LC_dv35_Tlc3p0_TTC04,4.0,0.0,0.0,0.0
LC_dv35_Tlc3p0_TTC04_CP4_S5p967_E15p967.mp4,LC_dv35_Tlc3p0_TTC04,5.0,0.0,0.0,0.0
LC_dv35_Tlc3p0_TTC04_CP4_S5p967_E15p967.mp4,LC_dv35_Tlc3p0_TTC04,6.0,0.0,0.0,0.0
LC_dv35_Tlc3p0_TTC04_CP5_S6p267_E16p267.mp4,LC_dv35_Tlc3p0_TTC04,3.0,0.0,0.0,0.0
LC_dv35_Tlc3p0_TTC04_CP5_S6p267_E16p267.mp4,LC_dv35_Tlc3p0_TTC04,4.0,0.0,0.0,0.0
LC_dv35_Tlc3p0_TTC04_CP5_S6p267_E16p267.mp4,LC_dv35_Tlc3p0_TTC04,5.0,0.0,0.0,0.0
LC_dv35_Tlc3p0_TTC04_CP5_S6p267_E16p267.mp4,LC_dv35_Tlc3p0_TTC04,6.0,0.0,0.0,0.0
LC_dv35_Tlc3p0_TTC05_CP1_S5p067_E15p067.mp4,LC_dv35_Tlc3p0_TTC05,3.0,1.6207171465462615,1.6029743449685165,1.618045021406596
LC_dv35_Tlc3p0_TTC05_CP1_S5p067_E15p067.mp4,LC_dv35_Tlc3p0_TTC05,4.0,1.6207171465462615,1.6003838933954677,1.618045021406596
LC_dv35_Tlc3p0_TTC05_CP1_S5p067_E15p067.mp4,LC_dv35_Tlc3p0_TTC05,5.0,1.6207171465462615,1.5977934418224184,1.618045021406596
LC_dv35_Tlc3p0_TTC05_CP1_S5p067_E15p067.mp4,LC_dv35_Tlc3p0_TTC05,6.0,1.6207171465462615,1.5952029902493687,1.618045021406596
LC_dv35_Tlc3p0_TTC05_CP3_S5p667_E15p667.mp4,LC_dv35_Tlc3p0_TTC05,3.0,0.0,0.0,0.0
LC_dv35_Tlc3p0_TTC05_CP3_S5p667_E15p667.mp4,LC_dv35_Tlc3p0_TTC05,4.0,0.0,0.0,0.0
LC_dv35_Tlc3p0_TTC05_CP3_S5p667_E15p667.mp4,LC_dv35_Tlc3p0_TTC05,5.0,0.0,0.0,0.0
LC_dv35_Tlc3p0_TTC05_CP3_S5p667_E15p667.mp4,LC_dv35_Tlc3p0_TTC05,6.0,0.0,0.0,0.0
LC_dv35_Tlc3p0_TTC05_CP5_S6p267_E16p267.mp4,LC_dv35_Tlc3p0_TTC05,3.0,0.0,0.0,0.0
LC_dv35_Tlc3p0_TTC05_CP5_S6p267_E16p267.mp4,LC_dv35_Tlc3p0_TTC05,4.0,0.0,0.0,0.0
LC_dv35_Tlc3p0_TTC05_CP5_S6p267_E16p267.mp4,LC_dv35_Tlc3p0_TTC05,5.0,0.0,0.0,0.0
LC_dv35_Tlc3p0_TTC05_CP5_S6p267_E16p267.mp4,LC_dv35_Tlc3p0_TTC05,6.0,0.0,0.0,0.0
LC_dv35_Tlc3p0_TTC06_CP1_S5p067_E15p067.mp4,LC_dv35_Tlc3p0_TTC06,3.0,1.6212414347822073,1.6021901212875225,1.6179313158028723
LC_dv35_Tlc3p0_TTC06_CP1_S5p067_E15p067.mp4,LC_dv35_Tlc3p0_TTC06,4.0,1.6212414347822073,1.5996089386361865,1.6179313158028723
LC_dv35_Tlc3p0_TTC06_CP1_S5p067_E15p067.mp4,LC_dv35_Tlc3p0_TTC06,5.0,1.6212414347822073,1.5970277559848478,1.6179313158028723
LC_dv35_Tlc3p0_TTC06_CP1_S5p067_E15p067.mp4,LC_dv35_Tlc3p0_TTC06,6.0,1.6212414347822073,1.5944465733335103,1.6179313158028723
LC_dv35_Tlc3p0_TTC06_CP2_S5p367_E15p367.mp4,LC_dv35_Tlc3p0_TTC06,3.0,0.0,0.0,0.0
LC_dv35_Tlc3p0_TTC06_CP2_S5p367_E15p367.mp4,LC_dv35_Tlc3p0_TTC06,4.0,0.0,0.0,0.0
LC_dv35_Tlc3p0_TTC06_CP2_S5p367_E15p367.mp4,LC_dv35_Tlc3p0_TTC06,5.0,0.0,0.0,0.0
LC_dv35_Tlc3p0_TTC06_CP2_S5p367_E15p367.mp4,LC_dv35_Tlc3p0_TTC06,6.0,0.0,0.0,0.0
LC_dv35_Tlc3p0_TTC06_CP4_S5p967_E15p967.mp4,LC_dv35_Tlc3p0_TTC06,3.0,0.0,0.0,0.0
LC_dv35_Tlc3p0_TTC06_CP4_S5p967_E15p967.mp4,LC_dv35_Tlc3p0_TTC06,4.0,0.0,0.0,0.0
LC_dv35_Tlc3p0_TTC06_CP4_S5p967_E15p967.mp4,LC_dv35_Tlc3p0_TTC06,5.0,0.0,0.0,0.0
LC_dv35_Tlc3p0_TTC06_CP4_S5p967_E15p967.mp4,LC_dv35_Tlc3p0_TTC06,6.0,0.0,0.0,0.0
LC_dv35_Tlc4p0_TTC02_CP1_S5p067_E15p067.mp4,LC_dv35_Tlc4p0_TTC02,3.0,1.6194449392332122,1.6039557012013326,1.616459592693825
LC_dv35_Tlc4p0_TTC02_CP1_S5p067_E15p067.mp4,LC_dv35_Tlc4p0_TTC02,4.0,1.6194449392332122,1.6013559717752532,1.616459592693825
LC_dv35_Tlc4p0_TTC02_CP1_S5p067_E15p067.mp4,LC_dv35_Tlc4p0_TTC02,5.0,1.6194449392332122,1.598756242349174,1.616459592693825
LC_dv35_Tlc4p0_TTC02_CP1_S5p067_E15p067.mp4,LC_dv35_Tlc4p0_TTC02,6.0,1.6194449392332122,1.5961565129230946,1.616459592693825
LC_dv35_Tlc4p0_TTC02_CP2_S5p367_E15p367.mp4,LC_dv35_Tlc4p0_TTC02,3.0,0.0,0.0,0.0
LC_dv35_Tlc4p0_TTC02_CP2_S5p367_E15p367.mp4,LC_dv35_Tlc4p0_TTC02,4.0,0.0,0.0,0.0
LC_dv35_Tlc4p0_TTC02_CP2_S5p367_E15p367.mp4,LC_dv35_Tlc4p0_TTC02,5.0,0.0,0.0,0.0
LC_dv35_Tlc4p0_TTC02_CP2_S5p367_E15p367.mp4,LC_dv35_Tlc4p0_TTC02,6.0,0.0,0.0,0.0
LC_dv35_Tlc4p0_TTC02_CP3_S5p667_E15p667.mp4,LC_dv35_Tlc4p0_TTC02,3.0,0.0,0.0,0.0
LC_dv35_Tlc4p0_TTC02_CP3_S5p667_E15p667.mp4,LC_dv35_Tlc4p0_TTC02,4.0,0.0,0.0,0.0
LC_dv35_Tlc4p0_TTC02_CP3_S5p667_E15p667.mp4,LC_dv35_Tlc4p0_TTC02,5.0,0.0,0.0,0.0
LC_dv35_Tlc4p0_TTC02_CP3_S5p667_E15p667.mp4,LC_dv35_Tlc4p0_TTC02,6.0,0.0,0.0,0.0
LC_dv35_Tlc4p0_TTC02_CP4_S5p967_E15p967.mp4,LC_dv35_Tlc4p0_TTC02,3.0,0.0,0.0,0.0
LC_dv35_Tlc4p0_TTC02_CP4_S5p967_E15p967.mp4,LC_dv35_Tlc4p0_TTC02,4.0,0.0,0.0,0.0
LC_dv35_Tlc4p0_TTC02_CP4_S5p967_E15p967.mp4,LC_dv35_Tlc4p0_TTC02,5.0,0.0,0.0,0.0
LC_dv35_Tlc4p0_TTC02_CP4_S5p967_E15p967.mp4,LC_dv35_Tlc4p0_TTC02,6.0,0.0,0.0,0.0
LC_dv35_Tlc4p0_TTC02_CP5_S6p267_E16p267.mp4,LC_dv35_Tlc4p0_TTC02,3.0,0.0,0.0,0.0
LC_dv35_Tlc4p0_TTC02_CP5_S6p267_E16p267.mp4,LC_dv35_Tlc4p0_TTC02,4.0,0.0,0.0,0.0
LC_dv35_Tlc4p0_TTC02_CP5_S6p267_E16p267.mp4,LC_dv35_Tlc4p0_TTC02,5.0,0.0,0.0,0.0
LC_dv35_Tlc4p0_TTC02_CP5_S6p267_E16p267.mp4,LC_dv35_Tlc4p0_TTC02,6.0,0.0,0.0,0.0
LC_dv35_Tlc4p0_TTC03_CP1_S5p067_E15p067.mp4,LC_dv35_Tlc4p0_TTC03,3.0,1.6198716211116062,1.6034482818107572,1.6114457341156998
LC_dv35_Tlc4p0_TTC03_CP1_S5p067_E15p067.mp4,LC_dv35_Tlc4p0_TTC03,4.0,1.6198716211116062,1.6008485523846778,1.6114457341156998
LC_dv35_Tlc4p0_TTC03_CP1_S5p067_E15p067.mp4,LC_dv35_Tlc4p0_TTC03,5.0,1.6198716211116062,1.5982488229585994,1.6114457341156998
LC_dv35_Tlc4p0_TTC03_CP1_S5p067_E15p067.mp4,LC_dv35_Tlc4p0_TTC03,6.0,1.6198716211116062,1.595649093532521,1.6114457341156998
LC_dv35_Tlc4p0_TTC03_CP2_S5p367_E15p367.mp4,LC_dv35_Tlc4p0_TTC03,3.0,0.0,0.0,0.0
LC_dv35_Tlc4p0_TTC03_CP2_S5p367_E15p367.mp4,LC_dv35_Tlc4p0_TTC03,4.0,0.0,0.0,0.0
LC_dv35_Tlc4p0_TTC03_CP2_S5p367_E15p367.mp4,LC_dv35_Tlc4p0_TTC03,5.0,0.0,0.0,0.0
LC_dv35_Tlc4p0_TTC03_CP2_S5p367_E15p367.mp4,LC_dv35_Tlc4p0_TTC03,6.0,0.0,0.0,0.0
LC_dv35_Tlc4p0_TTC03_CP3_S5p667_E15p667.mp4,LC_dv35_Tlc4p0_TTC03,3.0,0.0,0.0,0.0
LC_dv35_Tlc4p0_TTC03_CP3_S5p667_E15p667.mp4,LC_dv35_Tlc4p0_TTC03,4.0,0.0,0.0,0.0
LC_dv35_Tlc4p0_TTC03_CP3_S5p667_E15p667.mp4,LC_dv35_Tlc4p0_TTC03,5.0,0.0,0.0,0.0
LC_dv35_Tlc4p0_TTC03_CP3_S5p667_E15p667.mp4,LC_dv35_Tlc4p0_TTC03,6.0,0.0,0.0,0.0
LC_dv35_Tlc4p0_TTC03_CP4_S5p967_E15p967.mp4,LC_dv35_Tlc4p0_TTC03,3.0,0.0,0.0,0.0
LC_dv35_Tlc4p0_TTC03_CP4_S5p967_E15p967.mp4,LC_dv35_Tlc4p0_TTC03,4.0,0.0,0.0,0.0
LC_dv35_Tlc4p0_TTC03_CP4_S5p967_E15p967.mp4,LC_dv35_Tlc4p0_TTC03,5.0,0.0,0.0,0.0
LC_dv35_Tlc4p0_TTC03_CP4_S5p967_E15p967.mp4,LC_dv35_Tlc4p0_TTC03,6.0,0.0,0.0,0.0
LC_dv35_Tlc4p0_TTC03_CP5_S6p267_E16p267.mp4,LC_dv35_Tlc4p0_TTC03,3.0,0.0,0.0,0.0
LC_dv35_Tlc4p0_TTC03_CP5_S6p267_E16p267.mp4,LC_dv35_Tlc4p0_TTC03,4.0,0.0,0.0,0.0
LC_dv35_Tlc4p0_TTC03_CP5_S6p267_E16p267.mp4,LC_dv35_Tlc4p0_TTC03,5.0,0.0,0.0,0.0
LC_dv35_Tlc4p0_TTC03_CP5_S6p267_E16p267.mp4,LC_dv35_Tlc4p0_TTC03,6.0,0.0,0.0,0.0
LC_dv35_Tlc4p0_TTC04_CP1_S5p067_E15p067.mp4,LC_dv35_Tlc4p0_TTC04,3.0,1.6205395179267128,1.6030659346512606,1.6181412046471686
LC_dv35_Tlc4p0_TTC04_CP1_S5p067_E15p067.mp4,LC_dv35_Tlc4p0_TTC04,4.0,1.6205395179267128,1.600466205225176,1.6181412046471686
LC_dv35_Tlc4p0_TTC04_CP1_S5p067_E15p067.mp4,LC_dv35_Tlc4p0_TTC04,5.0,1.6205395179267128,1.5978664757990901,1.6181412046471686
LC_dv35_Tlc4p0_TTC04_CP1_S5p067_E15p067.mp4,LC_dv35_Tlc4p0_TTC04,6.0,1.6205395179267128,1.5952667463730055,1.6181412046471686
LC_dv35_Tlc4p0_TTC04_CP2_S5p367_E15p367.mp4,LC_dv35_Tlc4p0_TTC04,3.0,0.0,0.0,0.0
LC_dv35_Tlc4p0_TTC04_CP2_S5p367_E15p367.mp4,LC_dv35_Tlc4p0_TTC04,4.0,0.0,0.0,0.0
LC_dv35_Tlc4p0_TTC04_CP2_S5p367_E15p367.mp4,LC_dv35_Tlc4p0_TTC04,5.0,0.0,0.0,0.0
LC_dv35_Tlc4p0_TTC04_CP2_S5p367_E15p367.mp4,LC_dv35_Tlc4p0_TTC04,6.0,0.0,0.0,0.0
LC_dv35_Tlc4p0_TTC04_CP3_S5p667_E15p667.mp4,LC_dv35_Tlc4p0_TTC04,3.0,0.0,0.0,0.0
LC_dv35_Tlc4p0_TTC04_CP3_S5p667_E15p667.mp4,LC_dv35_Tlc4p0_TTC04,4.0,0.0,0.0,0.0
LC_dv35_Tlc4p0_TTC04_CP3_S5p667_E15p667.mp4,LC_dv35_Tlc4p0_TTC04,5.0,0.0,0.0,0.0
LC_dv35_Tlc4p0_TTC04_CP3_S5p667_E15p667.mp4,LC_dv35_Tlc4p0_TTC04,6.0,0.0,0.0,0.0
LC_dv35_Tlc4p0_TTC04_CP4_S5p967_E15p967.mp4,LC_dv35_Tlc4p0_TTC04,3.0,0.0,0.0,0.0
LC_dv35_Tlc4p0_TTC04_CP4_S5p967_E15p967.mp4,LC_dv35_Tlc4p0_TTC04,4.0,0.0,0.0,0.0
LC_dv35_Tlc4p0_TTC04_CP4_S5p967_E15p967.mp4,LC_dv35_Tlc4p0_TTC04,5.0,0.0,0.0,0.0
LC_dv35_Tlc4p0_TTC04_CP4_S5p967_E15p967.mp4,LC_dv35_Tlc4p0_TTC04,6.0,0.0,0.0,0.0
LC_dv35_Tlc4p0_TTC04_CP5_S6p267_E16p267.mp4,LC_dv35_Tlc4p0_TTC04,3.0,0.0,0.0,0.0
LC_dv35_Tlc4p0_TTC04_CP5_S6p267_E16p267.mp4,LC_dv35_Tlc4p0_TTC04,4.0,0.0,0.0,0.0
LC_dv35_Tlc4p0_TTC04_CP5_S6p267_E16p267.mp4,LC_dv35_Tlc4p0_TTC04,5.0,0.0,0.0,0.0
LC_dv35_Tlc4p0_TTC04_CP5_S6p267_E16p267.mp4,LC_dv35_Tlc4p0_TTC04,6.0,0.0,0.0,0.0
LC_dv35_Tlc4p0_TTC06_CP1_S5p067_E15p067.mp4,LC_dv35_Tlc4p0_TTC06,3.0,1.6212380655107355,1.6021661027502714,1.617941471891486
LC_dv35_Tlc4p0_TTC06_CP1_S5p067_E15p067.mp4,LC_dv35_Tlc4p0_TTC06,4.0,1.6212380655107355,1.5995830670284767,1.617941471891486
LC_dv35_Tlc4p0_TTC06_CP1_S5p067_E15p067.mp4,LC_dv35_Tlc4p0_TTC06,5.0,1.6212380655107355,1.5970000313066806,1.617941471891486
LC_dv35_Tlc4p0_TTC06_CP1_S5p067_E15p067.mp4,LC_dv35_Tlc4p0_TTC06,6.0,1.6212380655107355,1.594416995584886,1.617941471891486
LC_dv35_Tlc4p0_TTC06_CP3_S5p667_E15p667.mp4,LC_dv35_Tlc4p0_TTC06,3.0,0.0,0.0,0.0
LC_dv35_Tlc4p0_TTC06_CP3_S5p667_E15p667.mp4,LC_dv35_Tlc4p0_TTC06,4.0,0.0,0.0,0.0
LC_dv35_Tlc4p0_TTC06_CP3_S5p667_E15p667.mp4,LC_dv35_Tlc4p0_TTC06,5.0,0.0,0.0,0.0
LC_dv35_Tlc4p0_TTC06_CP3_S5p667_E15p667.mp4,LC_dv35_Tlc4p0_TTC06,6.0,0.0,0.0,0.0
LC_dv35_Tlc4p0_TTC06_CP5_S6p267_E16p267.mp4,LC_dv35_Tlc4p0_TTC06,3.0,0.0,0.0,0.0
LC_dv35_Tlc4p0_TTC06_CP5_S6p267_E16p267.mp4,LC_dv35_Tlc4p0_TTC06,4.0,0.0,0.0,0.0
LC_dv35_Tlc4p0_TTC06_CP5_S6p267_E16p267.mp4,LC_dv35_Tlc4p0_TTC06,5.0,0.0,0.0,0.0
LC_dv35_Tlc4p0_TTC06_CP5_S6p267_E16p267.mp4,LC_dv35_Tlc4p0_TTC06,6.0,0.0,0.0,0.0
LC_dv35_Tlc4p0_TTC07_CP1_S5p067_E15p067.mp4,LC_dv35_Tlc4p0_TTC07,3.0,1.6218977688650051,1.6017914153359987,1.6179703074365672
LC_dv35_Tlc4p0_TTC07_CP1_S5p067_E15p067.mp4,LC_dv35_Tlc4p0_TTC07,4.0,1.6218977688650051,1.5992065261869062,1.6179703074365672
LC_dv35_Tlc4p0_TTC07_CP1_S5p067_E15p067.mp4,LC_dv35_Tlc4p0_TTC07,5.0,1.6218977688650051,1.596621637037812,1.6179703074365672
LC_dv35_Tlc4p0_TTC07_CP1_S5p067_E15p067.mp4,LC_dv35_Tlc4p0_TTC07,6.0,1.6218977688650051,1.59403674788872,1.6179703074365672
LC_dv35_Tlc4p0_TTC07_CP2_S5p367_E15p367.mp4,LC_dv35_Tlc4p0_TTC07,3.0,0.0,0.0,0.0
LC_dv35_Tlc4p0_TTC07_CP2_S5p367_E15p367.mp4,LC_dv35_Tlc4p0_TTC07,4.0,0.0,0.0,0.0
LC_dv35_Tlc4p0_TTC07_CP2_S5p367_E15p367.mp4,LC_dv35_Tlc4p0_TTC07,5.0,0.0,0.0,0.0
LC_dv35_Tlc4p0_TTC07_CP2_S5p367_E15p367.mp4,LC_dv35_Tlc4p0_TTC07,6.0,0.0,0.0,0.0
LC_dv35_Tlc4p0_TTC07_CP4_S5p967_E15p967.mp4,LC_dv35_Tlc4p0_TTC07,3.0,0.0,0.0,0.0
LC_dv35_Tlc4p0_TTC07_CP4_S5p967_E15p967.mp4,LC_dv35_Tlc4p0_TTC07,4.0,0.0,0.0,0.0
LC_dv35_Tlc4p0_TTC07_CP4_S5p967_E15p967.mp4,LC_dv35_Tlc4p0_TTC07,5.0,0.0,0.0,0.0
LC_dv35_Tlc4p0_TTC07_CP4_S5p967_E15p967.mp4,LC_dv35_Tlc4p0_TTC07,6.0,0.0,0.0,0.0
LC_dv42_Tlc2p0_TTC02_CP1_S5p033_E15p033.mp4,LC_dv42_Tlc2p0_TTC02,3.0,1.6122770002291897,1.6117998009824939,1.6100020895825276
LC_dv42_Tlc2p0_TTC02_CP1_S5p033_E15p033.mp4,LC_dv42_Tlc2p0_TTC02,4.0,1.6107186498398665,1.610233140812122,1.6100020895825276
LC_dv42_Tlc2p0_TTC02_CP1_S5p033_E15p033.mp4,LC_dv42_Tlc2p0_TTC02,5.0,1.6091602994505427,1.608666480641752,1.6100020895825276
LC_dv42_Tlc2p0_TTC02_CP1_S5p033_E15p033.mp4,LC_dv42_Tlc2p0_TTC02,6.0,1.6076019490612192,1.6070998204713811,1.6100020895825276
LC_dv42_Tlc2p0_TTC02_CP2_S5p333_E15p333.mp4,LC_dv42_Tlc2p0_TTC02,3.0,0.0,0.0,0.0
LC_dv42_Tlc2p0_TTC02_CP2_S5p333_E15p333.mp4,LC_dv42_Tlc2p0_TTC02,4.0,0.0,0.0,0.0
LC_dv42_Tlc2p0_TTC02_CP2_S5p333_E15p333.mp4,LC_dv42_Tlc2p0_TTC02,5.0,0.0,0.0,0.0
LC_dv42_Tlc2p0_TTC02_CP2_S5p333_E15p333.mp4,LC_dv42_Tlc2p0_TTC02,6.0,0.0,0.0,0.0
LC_dv42_Tlc2p0_TTC02_CP3_S5p633_E15p633.mp4,LC_dv42_Tlc2p0_TTC02,3.0,0.0,0.0,0.0
LC_dv42_Tlc2p0_TTC02_CP3_S5p633_E15p633.mp4,LC_dv42_Tlc2p0_TTC02,4.0,0.0,0.0,0.0
LC_dv42_Tlc2p0_TTC02_CP3_S5p633_E15p633.mp4,LC_dv42_Tlc2p0_TTC02,5.0,0.0,0.0,0.0
LC_dv42_Tlc2p0_TTC02_CP3_S5p633_E15p633.mp4,LC_dv42_Tlc2p0_TTC02,6.0,0.0,0.0,0.0
LC_dv42_Tlc2p0_TTC02_CP4_S5p933_E15p933.mp4,LC_dv42_Tlc2p0_TTC02,3.0,0.0,0.0,0.0
LC_dv42_Tlc2p0_TTC02_CP4_S5p933_E15p933.mp4,LC_dv42_Tlc2p0_TTC02,4.0,0.0,0.0,0.0
LC_dv42_Tlc2p0_TTC02_CP4_S5p933_E15p933.mp4,LC_dv42_Tlc2p0_TTC02,5.0,0.0,0.0,0.0
LC_dv42_Tlc2p0_TTC02_CP4_S5p933_E15p933.mp4,LC_dv42_Tlc2p0_TTC02,6.0,0.0,0.0,0.0
LC_dv42_Tlc2p0_TTC02_CP5_S6p233_E16p233.mp4,LC_dv42_Tlc2p0_TTC02,3.0,0.0,0.0,0.0
LC_dv42_Tlc2p0_TTC02_CP5_S6p233_E16p233.mp4,LC_dv42_Tlc2p0_TTC02,4.0,0.0,0.0,0.0
LC_dv42_Tlc2p0_TTC02_CP5_S6p233_E16p233.mp4,LC_dv42_Tlc2p0_TTC02,5.0,0.0,0.0,0.0
LC_dv42_Tlc2p0_TTC02_CP5_S6p233_E16p233.mp4,LC_dv42_Tlc2p0_TTC02,6.0,0.0,0.0,0.0
LC_dv42_Tlc2p0_TTC03_CP1_S5p067_E15p067.mp4,LC_dv42_Tlc2p0_TTC03,3.0,1.6131437326231755,1.6116763766699456,1.6178437736939761
LC_dv42_Tlc2p0_TTC03_CP1_S5p067_E15p067.mp4,LC_dv42_Tlc2p0_TTC03,4.0,1.6115746406946831,1.6101155956307596,1.6178437736939761
LC_dv42_Tlc2p0_TTC03_CP1_S5p067_E15p067.mp4,LC_dv42_Tlc2p0_TTC03,5.0,1.6100055487661897,1.6085548145915713,1.6178437736939761
LC_dv42_Tlc2p0_TTC03_CP1_S5p067_E15p067.mp4,LC_dv42_Tlc2p0_TTC03,6.0,1.6084364568376974,1.6069940335523865,1.578256015393731
LC_dv42_Tlc2p0_TTC03_CP2_S5p367_E15p367.mp4,LC_dv42_Tlc2p0_TTC03,3.0,0.0,0.0,0.0
LC_dv42_Tlc2p0_TTC03_CP2_S5p367_E15p367.mp4,LC_dv42_Tlc2p0_TTC03,4.0,0.0,0.0,0.0
LC_dv42_Tlc2p0_TTC03_CP2_S5p367_E15p367.mp4,LC_dv42_Tlc2p0_TTC03,5.0,0.0,0.0,0.0
LC_dv42_Tlc2p0_TTC03_CP2_S5p367_E15p367.mp4,LC_dv42_Tlc2p0_TTC03,6.0,0.0,0.0,0.0
LC_dv42_Tlc2p0_TTC03_CP3_S5p667_E15p667.mp4,LC_dv42_Tlc2p0_TTC03,3.0,0.0,0.0,0.0
LC_dv42_Tlc2p0_TTC03_CP3_S5p667_E15p667.mp4,LC_dv42_Tlc2p0_TTC03,4.0,0.0,0.0,0.0
LC_dv42_Tlc2p0_TTC03_CP3_S5p667_E15p667.mp4,LC_dv42_Tlc2p0_TTC03,5.0,0.0,0.0,0.0
LC_dv42_Tlc2p0_TTC03_CP3_S5p667_E15p667.mp4,LC_dv42_Tlc2p0_TTC03,6.0,0.0,0.0,0.0
LC_dv42_Tlc2p0_TTC03_CP4_S5p967_E15p967.mp4,LC_dv42_Tlc2p0_TTC03,3.0,0.0,0.0,0.0
LC_dv42_Tlc2p0_TTC03_CP4_S5p967_E15p967.mp4,LC_dv42_Tlc2p0_TTC03,4.0,0.0,0.0,0.0
LC_dv42_Tlc2p0_TTC03_CP4_S5p967_E15p967.mp4,LC_dv42_Tlc2p0_TTC03,5.0,0.0,0.0,0.0
LC_dv42_Tlc2p0_TTC03_CP4_S5p967_E15p967.mp4,LC_dv42_Tlc2p0_TTC03,6.0,0.0,0.0,0.0
LC_dv42_Tlc2p0_TTC03_CP5_S6p267_E16p267.mp4,LC_dv42_Tlc2p0_TTC03,3.0,0.0,0.0,0.0
LC_dv42_Tlc2p0_TTC03_CP5_S6p267_E16p267.mp4,LC_dv42_Tlc2p0_TTC03,4.0,0.0,0.0,0.0
LC_dv42_Tlc2p0_TTC03_CP5_S6p267_E16p267.mp4,LC_dv42_Tlc2p0_TTC03,5.0,0.0,0.0,0.0
LC_dv42_Tlc2p0_TTC03_CP5_S6p267_E16p267.mp4,LC_dv42_Tlc2p0_TTC03,6.0,0.0,0.0,0.0
LC_dv42_Tlc2p0_TTC04_CP1_S5p067_E15p067.mp4,LC_dv42_Tlc2p0_TTC04,3.0,1.6183802613703266,1.611742109698661,1.6129243483884417
LC_dv42_Tlc2p0_TTC04_CP1_S5p067_E15p067.mp4,LC_dv42_Tlc2p0_TTC04,4.0,1.6183802613703266,1.610167132166022,1.6069571199022554
LC_dv42_Tlc2p0_TTC04_CP1_S5p067_E15p067.mp4,LC_dv42_Tlc2p0_TTC04,5.0,1.6183802613703266,1.6085921546333835,1.6069571199022537
LC_dv42_Tlc2p0_TTC04_CP1_S5p067_E15p067.mp4,LC_dv42_Tlc2p0_TTC04,6.0,1.6183802613703266,1.6070171771007449,1.6069571199022537
LC_dv42_Tlc2p0_TTC04_CP2_S5p367_E15p367.mp4,LC_dv42_Tlc2p0_TTC04,3.0,0.0,0.0,0.0
LC_dv42_Tlc2p0_TTC04_CP2_S5p367_E15p367.mp4,LC_dv42_Tlc2p0_TTC04,4.0,0.0,0.0,0.0
LC_dv42_Tlc2p0_TTC04_CP2_S5p367_E15p367.mp4,LC_dv42_Tlc2p0_TTC04,5.0,0.0,0.0,0.0
LC_dv42_Tlc2p0_TTC04_CP2_S5p367_E15p367.mp4,LC_dv42_Tlc2p0_TTC04,6.0,0.0,0.0,0.0
LC_dv42_Tlc2p0_TTC04_CP3_S5p667_E15p667.mp4,LC_dv42_Tlc2p0_TTC04,3.0,0.0,0.0,0.0
LC_dv42_Tlc2p0_TTC04_CP3_S5p667_E15p667.mp4,LC_dv42_Tlc2p0_TTC04,4.0,0.0,0.0,0.0
LC_dv42_Tlc2p0_TTC04_CP3_S5p667_E15p667.mp4,LC_dv42_Tlc2p0_TTC04,5.0,0.0,0.0,0.0
LC_dv42_Tlc2p0_TTC04_CP3_S5p667_E15p667.mp4,LC_dv42_Tlc2p0_TTC04,6.0,0.0,0.0,0.0
LC_dv42_Tlc2p0_TTC04_CP4_S5p967_E15p967.mp4,LC_dv42_Tlc2p0_TTC04,3.0,0.0,0.0,0.0
LC_dv42_Tlc2p0_TTC04_CP4_S5p967_E15p967.mp4,LC_dv42_Tlc2p0_TTC04,4.0,0.0,0.0,0.0
LC_dv42_Tlc2p0_TTC04_CP4_S5p967_E15p967.mp4,LC_dv42_Tlc2p0_TTC04,5.0,0.0,0.0,0.0
LC_dv42_Tlc2p0_TTC04_CP4_S5p967_E15p967.mp4,LC_dv42_Tlc2p0_TTC04,6.0,0.0,0.0,0.0
LC_dv42_Tlc2p0_TTC04_CP5_S6p267_E16p267.mp4,LC_dv42_Tlc2p0_TTC04,3.0,0.0,0.0,0.0
LC_dv42_Tlc2p0_TTC04_CP5_S6p267_E16p267.mp4,LC_dv42_Tlc2p0_TTC04,4.0,0.0,0.0,0.0
LC_dv42_Tlc2p0_TTC04_CP5_S6p267_E16p267.mp4,LC_dv42_Tlc2p0_TTC04,5.0,0.0,0.0,0.0
LC_dv42_Tlc2p0_TTC04_CP5_S6p267_E16p267.mp4,LC_dv42_Tlc2p0_TTC04,6.0,0.0,0.0,0.0
LC_dv42_Tlc2p0_TTC05_CP1_S5p067_E15p067.mp4,LC_dv42_Tlc2p0_TTC05,3.0,1.612723524819621,1.6117011629867584,1.6129479321118698
LC_dv42_Tlc2p0_TTC05_CP1_S5p067_E15p067.mp4,LC_dv42_Tlc2p0_TTC05,4.0,1.6111544328911276,1.6101161945975662,1.6119584691955942
LC_dv42_Tlc2p0_TTC05_CP1_S5p067_E15p067.mp4,LC_dv42_Tlc2p0_TTC05,5.0,1.609585340962635,1.608531226208371,1.609985459484465
LC_dv42_Tlc2p0_TTC05_CP1_S5p067_E15p067.mp4,LC_dv42_Tlc2p0_TTC05,6.0,1.6080162490341419,1.6069462578191782,1.6084121460312695
LC_dv42_Tlc2p0_TTC05_CP3_S5p667_E15p667.mp4,LC_dv42_Tlc2p0_TTC05,3.0,0.0,0.0,0.0
LC_dv42_Tlc2p0_TTC05_CP3_S5p667_E15p667.mp4,LC_dv42_Tlc2p0_TTC05,4.0,0.0,0.0,0.0
LC_dv42_Tlc2p0_TTC05_CP3_S5p667_E15p667.mp4,LC_dv42_Tlc2p0_TTC05,5.0,0.0,0.0,0.0
LC_dv42_Tlc2p0_TTC05_CP3_S5p667_E15p667.mp4,LC_dv42_Tlc2p0_TTC05,6.0,0.0,0.0,0.0
LC_dv42_Tlc2p0_TTC05_CP5_S6p267_E16p267.mp4,LC_dv42_Tlc2p0_TTC05,3.0,0.0,0.0,0.0
LC_dv42_Tlc2p0_TTC05_CP5_S6p267_E16p267.mp4,LC_dv42_Tlc2p0_TTC05,4.0,0.0,0.0,0.0
LC_dv42_Tlc2p0_TTC05_CP5_S6p267_E16p267.mp4,LC_dv42_Tlc2p0_TTC05,5.0,0.0,0.0,0.0
LC_dv42_Tlc2p0_TTC05_CP5_S6p267_E16p267.mp4,LC_dv42_Tlc2p0_TTC05,6.0,0.0,0.0,0.0
LC_dv42_Tlc2p0_TTC06_CP1_S5p067_E15p067.mp4,LC_dv42_Tlc2p0_TTC06,3.0,1.6126870812431258,1.6117960050056879,1.6129275844788677
LC_dv42_Tlc2p0_TTC06_CP1_S5p067_E15p067.mp4,LC_dv42_Tlc2p0_TTC06,4.0,1.6111287308538023,1.6102376546163644,1.6116818825632209
LC_dv42_Tlc2p0_TTC06_CP1_S5p067_E15p067.mp4,LC_dv42_Tlc2p0_TTC06,5.0,1.6095703804644779,1.6086793042270409,1.609895927433893
LC_dv42_Tlc2p0_TTC06_CP1_S5p067_E15p067.mp4,LC_dv42_Tlc2p0_TTC06,6.0,1.6080120300751537,1.6071209538377167,1.6083251724179959
LC_dv42_Tlc2p0_TTC06_CP2_S5p367_E15p367.mp4,LC_dv42_Tlc2p0_TTC06,3.0,0.0,0.0,0.0
LC_dv42_Tlc2p0_TTC06_CP2_S5p367_E15p367.mp4,LC_dv42_Tlc2p0_TTC06,4.0,0.0,0.0,0.0
LC_dv42_Tlc2p0_TTC06_CP2_S5p367_E15p367.mp4,LC_dv42_Tlc2p0_TTC06,5.0,0.0,0.0,0.0
LC_dv42_Tlc2p0_TTC06_CP2_S5p367_E15p367.mp4,LC_dv42_Tlc2p0_TTC06,6.0,0.0,0.0,0.0
LC_dv42_Tlc2p0_TTC06_CP4_S5p967_E15p967.mp4,LC_dv42_Tlc2p0_TTC06,3.0,0.0,0.0,0.0
LC_dv42_Tlc2p0_TTC06_CP4_S5p967_E15p967.mp4,LC_dv42_Tlc2p0_TTC06,4.0,0.0,0.0,0.0
LC_dv42_Tlc2p0_TTC06_CP4_S5p967_E15p967.mp4,LC_dv42_Tlc2p0_TTC06,5.0,0.0,0.0,0.0
LC_dv42_Tlc2p0_TTC06_CP4_S5p967_E15p967.mp4,LC_dv42_Tlc2p0_TTC06,6.0,0.0,0.0,0.0
LC_dv42_Tlc3p0_TTC02_CP1_S5p067_E15p067.mp4,LC_dv42_Tlc3p0_TTC02,3.0,1.6183384238096685,1.6117789868586043,1.5882420679046454
LC_dv42_Tlc3p0_TTC02_CP1_S5p067_E15p067.mp4,LC_dv42_Tlc3p0_TTC02,4.0,1.6183384238096685,1.610191584269544,1.5882420679046454
LC_dv42_Tlc3p0_TTC02_CP1_S5p067_E15p067.mp4,LC_dv42_Tlc3p0_TTC02,5.0,1.6183384238096685,1.608604181680479,1.5882420679046454
LC_dv42_Tlc3p0_TTC02_CP1_S5p067_E15p067.mp4,LC_dv42_Tlc3p0_TTC02,6.0,1.6183384238096685,1.6070167790914187,1.5882420679046454
LC_dv42_Tlc3p0_TTC02_CP2_S5p367_E15p367.mp4,LC_dv42_Tlc3p0_TTC02,3.0,0.0,0.0,0.0
LC_dv42_Tlc3p0_TTC02_CP2_S5p367_E15p367.mp4,LC_dv42_Tlc3p0_TTC02,4.0,0.0,0.0,0.0
LC_dv42_Tlc3p0_TTC02_CP2_S5p367_E15p367.mp4,LC_dv42_Tlc3p0_TTC02,5.0,0.0,0.0,0.0
LC_dv42_Tlc3p0_TTC02_CP2_S5p367_E15p367.mp4,LC_dv42_Tlc3p0_TTC02,6.0,0.0,0.0,0.0
LC_dv42_Tlc3p0_TTC02_CP3_S5p667_E15p667.mp4,LC_dv42_Tlc3p0_TTC02,3.0,0.0,0.0,0.0
LC_dv42_Tlc3p0_TTC02_CP3_S5p667_E15p667.mp4,LC_dv42_Tlc3p0_TTC02,4.0,0.0,0.0,0.0
LC_dv42_Tlc3p0_TTC02_CP3_S5p667_E15p667.mp4,LC_dv42_Tlc3p0_TTC02,5.0,0.0,0.0,0.0
LC_dv42_Tlc3p0_TTC02_CP3_S5p667_E15p667.mp4,LC_dv42_Tlc3p0_TTC02,6.0,0.0,0.0,0.0
LC_dv42_Tlc3p0_TTC02_CP4_S5p967_E15p967.mp4,LC_dv42_Tlc3p0_TTC02,3.0,0.0,0.0,0.0
LC_dv42_Tlc3p0_TTC02_CP4_S5p967_E15p967.mp4,LC_dv42_Tlc3p0_TTC02,4.0,0.0,0.0,0.0
LC_dv42_Tlc3p0_TTC02_CP4_S5p967_E15p967.mp4,LC_dv42_Tlc3p0_TTC02,5.0,0.0,0.0,0.0
LC_dv42_Tlc3p0_TTC02_CP4_S5p967_E15p967.mp4,LC_dv42_Tlc3p0_TTC02,6.0,0.0,0.0,0.0
LC_dv42_Tlc3p0_TTC02_CP5_S6p267_E16p267.mp4,LC_dv42_Tlc3p0_TTC02,3.0,0.0,0.0,0.0
LC_dv42_Tlc3p0_TTC02_CP5_S6p267_E16p267.mp4,LC_dv42_Tlc3p0_TTC02,4.0,0.0,0.0,0.0
LC_dv42_Tlc3p0_TTC02_CP5_S6p267_E16p267.mp4,LC_dv42_Tlc3p0_TTC02,5.0,0.0,0.0,0.0
LC_dv42_Tlc3p0_TTC02_CP5_S6p267_E16p267.mp4,LC_dv42_Tlc3p0_TTC02,6.0,0.0,0.0,0.0
LC_dv42_Tlc3p0_TTC03_CP1_S5p067_E15p067.mp4,LC_dv42_Tlc3p0_TTC03,3.0,1.613144684812101,1.6116838912810332,1.6173685672153197
LC_dv42_Tlc3p0_TTC03_CP1_S5p067_E15p067.mp4,LC_dv42_Tlc3p0_TTC03,4.0,1.61157802464173,1.6101255408917041,1.6173685672153197
LC_dv42_Tlc3p0_TTC03_CP1_S5p067_E15p067.mp4,LC_dv42_Tlc3p0_TTC03,5.0,1.61001136447136,1.6085671905023728,1.6173685672153197
LC_dv42_Tlc3p0_TTC03_CP1_S5p067_E15p067.mp4,LC_dv42_Tlc3p0_TTC03,6.0,1.6084447043009893,1.607008840113044,1.5635137636855205
LC_dv42_Tlc3p0_TTC03_CP2_S5p367_E15p367.mp4,LC_dv42_Tlc3p0_TTC03,3.0,0.0,0.0,0.0
LC_dv42_Tlc3p0_TTC03_CP2_S5p367_E15p367.mp4,LC_dv42_Tlc3p0_TTC03,4.0,0.0,0.0,0.0
LC_dv42_Tlc3p0_TTC03_CP2_S5p367_E15p367.mp4,LC_dv42_Tlc3p0_TTC03,5.0,0.0,0.0,0.0
LC_dv42_Tlc3p0_TTC03_CP2_S5p367_E15p367.mp4,LC_dv42_Tlc3p0_TTC03,6.0,0.0,0.0,0.0
LC_dv42_Tlc3p0_TTC03_CP3_S5p667_E15p667.mp4,LC_dv42_Tlc3p0_TTC03,3.0,0.0,0.0,0.0
LC_dv42_Tlc3p0_TTC03_CP3_S5p667_E15p667.mp4,LC_dv42_Tlc3p0_TTC03,4.0,0.0,0.0,0.0
LC_dv42_Tlc3p0_TTC03_CP3_S5p667_E15p667.mp4,LC_dv42_Tlc3p0_TTC03,5.0,0.0,0.0,0.0
LC_dv42_Tlc3p0_TTC03_CP3_S5p667_E15p667.mp4,LC_dv42_Tlc3p0_TTC03,6.0,0.0,0.0,0.0
LC_dv42_Tlc3p0_TTC03_CP4_S5p967_E15p967.mp4,LC_dv42_Tlc3p0_TTC03,3.0,0.0,0.0,0.0
LC_dv42_Tlc3p0_TTC03_CP4_S5p967_E15p967.mp4,LC_dv42_Tlc3p0_TTC03,4.0,0.0,0.0,0.0
LC_dv42_Tlc3p0_TTC03_CP4_S5p967_E15p967.mp4,LC_dv42_Tlc3p0_TTC03,5.0,0.0,0.0,0.0
LC_dv42_Tlc3p0_TTC03_CP4_S5p967_E15p967.mp4,LC_dv42_Tlc3p0_TTC03,6.0,0.0,0.0,0.0
LC_dv42_Tlc3p0_TTC03_CP5_S6p267_E16p267.mp4,LC_dv42_Tlc3p0_TTC03,3.0,0.0,0.0,0.0
LC_dv42_Tlc3p0_TTC03_CP5_S6p267_E16p267.mp4,LC_dv42_Tlc3p0_TTC03,4.0,0.0,0.0,0.0
LC_dv42_Tlc3p0_TTC03_CP5_S6p267_E16p267.mp4,LC_dv42_Tlc3p0_TTC03,5.0,0.0,0.0,0.0
LC_dv42_Tlc3p0_TTC03_CP5_S6p267_E16p267.mp4,LC_dv42_Tlc3p0_TTC03,6.0,0.0,0.0,0.0
LC_dv42_Tlc3p0_TTC04_CP1_S5p067_E15p067.mp4,LC_dv42_Tlc3p0_TTC04,3.0,1.6183353813078285,1.6117846736845725,1.6128916856474078
LC_dv42_Tlc3p0_TTC04_CP1_S5p067_E15p067.mp4,LC_dv42_Tlc3p0_TTC04,4.0,1.6183353813078285,1.6102163506485778,1.611505950667252
LC_dv42_Tlc3p0_TTC04_CP1_S5p067_E15p067.mp4,LC_dv42_Tlc3p0_TTC04,5.0,1.6183353813078285,1.6086480276125823,1.6067260370696617
LC_dv42_Tlc3p0_TTC04_CP1_S5p067_E15p067.mp4,LC_dv42_Tlc3p0_TTC04,6.0,1.6183353813078285,1.6070797045765886,1.6067260370696617
LC_dv42_Tlc3p0_TTC04_CP2_S5p367_E15p367.mp4,LC_dv42_Tlc3p0_TTC04,3.0,0.0,0.0,0.0
LC_dv42_Tlc3p0_TTC04_CP2_S5p367_E15p367.mp4,LC_dv42_Tlc3p0_TTC04,4.0,0.0,0.0,0.0
LC_dv42_Tlc3p0_TTC04_CP2_S5p367_E15p367.mp4,LC_dv42_Tlc3p0_TTC04,5.0,0.0,0.0,0.0
LC_dv42_Tlc3p0_TTC04_CP2_S5p367_E15p367.mp4,LC_dv42_Tlc3p0_TTC04,6.0,0.0,0.0,0.0
LC_dv42_Tlc3p0_TTC04_CP3_S5p667_E15p667.mp4,LC_dv42_Tlc3p0_TTC04,3.0,0.0,0.0,0.0
LC_dv42_Tlc3p0_TTC04_CP3_S5p667_E15p667.mp4,LC_dv42_Tlc3p0_TTC04,4.0,0.0,0.0,0.0
LC_dv42_Tlc3p0_TTC04_CP3_S5p667_E15p667.mp4,LC_dv42_Tlc3p0_TTC04,5.0,0.0,0.0,0.0
LC_dv42_Tlc3p0_TTC04_CP3_S5p667_E15p667.mp4,LC_dv42_Tlc3p0_TTC04,6.0,0.0,0.0,0.0
LC_dv42_Tlc3p0_TTC04_CP4_S5p967_E15p967.mp4,LC_dv42_Tlc3p0_TTC04,3.0,0.0,0.0,0.0
LC_dv42_Tlc3p0_TTC04_CP4_S5p967_E15p967.mp4,LC_dv42_Tlc3p0_TTC04,4.0,0.0,0.0,0.0
LC_dv42_Tlc3p0_TTC04_CP4_S5p967_E15p967.mp4,LC_dv42_Tlc3p0_TTC04,5.0,0.0,0.0,0.0
LC_dv42_Tlc3p0_TTC04_CP4_S5p967_E15p967.mp4,LC_dv42_Tlc3p0_TTC04,6.0,0.0,0.0,0.0
LC_dv42_Tlc3p0_TTC04_CP5_S6p267_E16p267.mp4,LC_dv42_Tlc3p0_TTC04,3.0,0.0,0.0,0.0
LC_dv42_Tlc3p0_TTC04_CP5_S6p267_E16p267.mp4,LC_dv42_Tlc3p0_TTC04,4.0,0.0,0.0,0.0
LC_dv42_Tlc3p0_TTC04_CP5_S6p267_E16p267.mp4,LC_dv42_Tlc3p0_TTC04,5.0,0.0,0.0,0.0
LC_dv42_Tlc3p0_TTC04_CP5_S6p267_E16p267.mp4,LC_dv42_Tlc3p0_TTC04,6.0,0.0,0.0,0.0
LC_dv42_Tlc3p0_TTC06_CP1_S5p067_E15p067.mp4,LC_dv42_Tlc3p0_TTC06,3.0,1.6126666637843294,1.6116162950827475,1.6129274222924874
LC_dv42_Tlc3p0_TTC06_CP1_S5p067_E15p067.mp4,LC_dv42_Tlc3p0_TTC06,4.0,1.611108313395006,1.6100396531669963,1.6116783702131592
LC_dv42_Tlc3p0_TTC06_CP1_S5p067_E15p067.mp4,LC_dv42_Tlc3p0_TTC06,5.0,1.6095499630056824,1.608463011251245,1.6098959372687889
LC_dv42_Tlc3p0_TTC06_CP1_S5p067_E15p067.mp4,LC_dv42_Tlc3p0_TTC06,6.0,1.6079916126163583,1.606886369335493,1.608326845340291
LC_dv42_Tlc3p0_TTC06_CP3_S5p667_E15p667.mp4,LC_dv42_Tlc3p0_TTC06,3.0,0.0,0.0,0.0
LC_dv42_Tlc3p0_TTC06_CP3_S5p667_E15p667.mp4,LC_dv42_Tlc3p0_TTC06,4.0,0.0,0.0,0.0
LC_dv42_Tlc3p0_TTC06_CP3_S5p667_E15p667.mp4,LC_dv42_Tlc3p0_TTC06,5.0,0.0,0.0,0.0
LC_dv42_Tlc3p0_TTC06_CP3_S5p667_E15p667.mp4,LC_dv42_Tlc3p0_TTC06,6.0,0.0,0.0,0.0
LC_dv42_Tlc3p0_TTC06_CP5_S6p267_E16p267.mp4,LC_dv42_Tlc3p0_TTC06,3.0,0.0,0.0,0.0
LC_dv42_Tlc3p0_TTC06_CP5_S6p267_E16p267.mp4,LC_dv42_Tlc3p0_TTC06,4.0,0.0,0.0,0.0
LC_dv42_Tlc3p0_TTC06_CP5_S6p267_E16p267.mp4,LC_dv42_Tlc3p0_TTC06,5.0,0.0,0.0,0.0
LC_dv42_Tlc3p0_TTC06_CP5_S6p267_E16p267.mp4,LC_dv42_Tlc3p0_TTC06,6.0,0.0,0.0,0.0
LC_dv42_Tlc3p0_TTC07_CP1_S5p033_E15p033.mp4,LC_dv42_Tlc3p0_TTC07,3.0,1.6172758044586002,1.6113319915136723,1.617926956687761
LC_dv42_Tlc3p0_TTC07_CP1_S5p033_E15p033.mp4,LC_dv42_Tlc3p0_TTC07,4.0,1.6172758044586002,1.609765331343297,1.617926956687761
LC_dv42_Tlc3p0_TTC07_CP1_S5p033_E15p033.mp4,LC_dv42_Tlc3p0_TTC07,5.0,1.6172758044586002,1.608198671172919,1.617926956687761
LC_dv42_Tlc3p0_TTC07_CP1_S5p033_E15p033.mp4,LC_dv42_Tlc3p0_TTC07,6.0,1.6172758044586002,1.6066320110025436,1.617926956687761
LC_dv42_Tlc3p0_TTC07_CP2_S5p333_E15p333.mp4,LC_dv42_Tlc3p0_TTC07,3.0,0.0,0.0,0.0
LC_dv42_Tlc3p0_TTC07_CP2_S5p333_E15p333.mp4,LC_dv42_Tlc3p0_TTC07,4.0,0.0,0.0,0.0
LC_dv42_Tlc3p0_TTC07_CP2_S5p333_E15p333.mp4,LC_dv42_Tlc3p0_TTC07,5.0,0.0,0.0,0.0
LC_dv42_Tlc3p0_TTC07_CP2_S5p333_E15p333.mp4,LC_dv42_Tlc3p0_TTC07,6.0,0.0,0.0,0.0
LC_dv42_Tlc3p0_TTC07_CP4_S5p933_E15p933.mp4,LC_dv42_Tlc3p0_TTC07,3.0,0.0,0.0,0.0
LC_dv42_Tlc3p0_TTC07_CP4_S5p933_E15p933.mp4,LC_dv42_Tlc3p0_TTC07,4.0,0.0,0.0,0.0
LC_dv42_Tlc3p0_TTC07_CP4_S5p933_E15p933.mp4,LC_dv42_Tlc3p0_TTC07,5.0,0.0,0.0,0.0
LC_dv42_Tlc3p0_TTC07_CP4_S5p933_E15p933.mp4,LC_dv42_Tlc3p0_TTC07,6.0,0.0,0.0,0.0
LC_dv42_Tlc4p0_TTC02_CP1_S5p067_E15p067.mp4,LC_dv42_Tlc4p0_TTC02,3.0,1.6183936586916845,1.6118979627617518,1.6075429874428628
LC_dv42_Tlc4p0_TTC02_CP1_S5p067_E15p067.mp4,LC_dv42_Tlc4p0_TTC02,4.0,1.6183936586916845,1.6103337343494981,1.5893491148231074
LC_dv42_Tlc4p0_TTC02_CP1_S5p067_E15p067.mp4,LC_dv42_Tlc4p0_TTC02,5.0,1.6183936586916845,1.6087695059372427,1.5893491148231074
LC_dv42_Tlc4p0_TTC02_CP1_S5p067_E15p067.mp4,LC_dv42_Tlc4p0_TTC02,6.0,1.6183936586916845,1.607205277524989,1.5893491148231074
LC_dv42_Tlc4p0_TTC02_CP2_S5p367_E15p367.mp4,LC_dv42_Tlc4p0_TTC02,3.0,0.0,0.0,0.0
LC_dv42_Tlc4p0_TTC02_CP2_S5p367_E15p367.mp4,LC_dv42_Tlc4p0_TTC02,4.0,0.0,0.0,0.0
LC_dv42_Tlc4p0_TTC02_CP2_S5p367_E15p367.mp4,LC_dv42_Tlc4p0_TTC02,5.0,0.0,0.0,0.0
LC_dv42_Tlc4p0_TTC02_CP2_S5p367_E15p367.mp4,LC_dv42_Tlc4p0_TTC02,6.0,0.0,0.0,0.0
LC_dv42_Tlc4p0_TTC02_CP3_S5p667_E15p667.mp4,LC_dv42_Tlc4p0_TTC02,3.0,0.0,0.0,0.0
LC_dv42_Tlc4p0_TTC02_CP3_S5p667_E15p667.mp4,LC_dv42_Tlc4p0_TTC02,4.0,0.0,0.0,0.0
LC_dv42_Tlc4p0_TTC02_CP3_S5p667_E15p667.mp4,LC_dv42_Tlc4p0_TTC02,5.0,0.0,0.0,0.0
LC_dv42_Tlc4p0_TTC02_CP3_S5p667_E15p667.mp4,LC_dv42_Tlc4p0_TTC02,6.0,0.0,0.0,0.0
LC_dv42_Tlc4p0_TTC02_CP4_S5p967_E15p967.mp4,LC_dv42_Tlc4p0_TTC02,3.0,0.0,0.0,0.0
LC_dv42_Tlc4p0_TTC02_CP4_S5p967_E15p967.mp4,LC_dv42_Tlc4p0_TTC02,4.0,0.0,0.0,0.0
LC_dv42_Tlc4p0_TTC02_CP4_S5p967_E15p967.mp4,LC_dv42_Tlc4p0_TTC02,5.0,0.0,0.0,0.0
LC_dv42_Tlc4p0_TTC02_CP4_S5p967_E15p967.mp4,LC_dv42_Tlc4p0_TTC02,6.0,0.0,0.0,0.0
LC_dv42_Tlc4p0_TTC02_CP5_S6p267_E16p267.mp4,LC_dv42_Tlc4p0_TTC02,3.0,0.0,0.0,0.0
LC_dv42_Tlc4p0_TTC02_CP5_S6p267_E16p267.mp4,LC_dv42_Tlc4p0_TTC02,4.0,0.0,0.0,0.0
LC_dv42_Tlc4p0_TTC02_CP5_S6p267_E16p267.mp4,LC_dv42_Tlc4p0_TTC02,5.0,0.0,0.0,0.0
LC_dv42_Tlc4p0_TTC02_CP5_S6p267_E16p267.mp4,LC_dv42_Tlc4p0_TTC02,6.0,0.0,0.0,0.0
LC_dv42_Tlc4p0_TTC03_CP1_S5p067_E15p067.mp4,LC_dv42_Tlc4p0_TTC03,3.0,1.6131796584883857,1.6116690847203752,1.5984277459406397
LC_dv42_Tlc4p0_TTC03_CP1_S5p067_E15p067.mp4,LC_dv42_Tlc4p0_TTC03,4.0,1.6116172158774242,1.6101083036811905,1.5984277459406397
LC_dv42_Tlc4p0_TTC03_CP1_S5p067_E15p067.mp4,LC_dv42_Tlc4p0_TTC03,5.0,1.6100547732664625,1.608547522642002,1.5984277459406397
LC_dv42_Tlc4p0_TTC03_CP1_S5p067_E15p067.mp4,LC_dv42_Tlc4p0_TTC03,6.0,1.6084923306555008,1.606986741602816,1.5984277459406397
LC_dv42_Tlc4p0_TTC03_CP2_S5p367_E15p367.mp4,LC_dv42_Tlc4p0_TTC03,3.0,0.0,0.0,0.0
LC_dv42_Tlc4p0_TTC03_CP2_S5p367_E15p367.mp4,LC_dv42_Tlc4p0_TTC03,4.0,0.0,0.0,0.0
LC_dv42_Tlc4p0_TTC03_CP2_S5p367_E15p367.mp4,LC_dv42_Tlc4p0_TTC03,5.0,0.0,0.0,0.0
LC_dv42_Tlc4p0_TTC03_CP2_S5p367_E15p367.mp4,LC_dv42_Tlc4p0_TTC03,6.0,0.0,0.0,0.0
LC_dv42_Tlc4p0_TTC03_CP3_S5p667_E15p667.mp4,LC_dv42_Tlc4p0_TTC03,3.0,0.0,0.0,0.0
LC_dv42_Tlc4p0_TTC03_CP3_S5p667_E15p667.mp4,LC_dv42_Tlc4p0_TTC03,4.0,0.0,0.0,0.0
LC_dv42_Tlc4p0_TTC03_CP3_S5p667_E15p667.mp4,LC_dv42_Tlc4p0_TTC03,5.0,0.0,0.0,0.0
LC_dv42_Tlc4p0_TTC03_CP3_S5p667_E15p667.mp4,LC_dv42_Tlc4p0_TTC03,6.0,0.0,0.0,0.0
LC_dv42_Tlc4p0_TTC03_CP4_S5p967_E15p967.mp4,LC_dv42_Tlc4p0_TTC03,3.0,0.0,0.0,0.0
LC_dv42_Tlc4p0_TTC03_CP4_S5p967_E15p967.mp4,LC_dv42_Tlc4p0_TTC03,4.0,0.0,0.0,0.0
LC_dv42_Tlc4p0_TTC03_CP4_S5p967_E15p967.mp4,LC_dv42_Tlc4p0_TTC03,5.0,0.0,0.0,0.0
LC_dv42_Tlc4p0_TTC03_CP4_S5p967_E15p967.mp4,LC_dv42_Tlc4p0_TTC03,6.0,0.0,0.0,0.0
LC_dv42_Tlc4p0_TTC03_CP5_S6p267_E16p267.mp4,LC_dv42_Tlc4p0_TTC03,3.0,0.0,0.0,0.0
LC_dv42_Tlc4p0_TTC03_CP5_S6p267_E16p267.mp4,LC_dv42_Tlc4p0_TTC03,4.0,0.0,0.0,0.0
LC_dv42_Tlc4p0_TTC03_CP5_S6p267_E16p267.mp4,LC_dv42_Tlc4p0_TTC03,5.0,0.0,0.0,0.0
LC_dv42_Tlc4p0_TTC03_CP5_S6p267_E16p267.mp4,LC_dv42_Tlc4p0_TTC03,6.0,0.0,0.0,0.0
LC_dv42_Tlc4p0_TTC04_CP1_S5p067_E15p067.mp4,LC_dv42_Tlc4p0_TTC04,3.0,1.6183489059871765,1.6117363218530254,1.6128812086776652
LC_dv42_Tlc4p0_TTC04_CP1_S5p067_E15p067.mp4,LC_dv42_Tlc4p0_TTC04,4.0,1.6183489059871765,1.6101589114529882,1.6100129001715104
LC_dv42_Tlc4p0_TTC04_CP1_S5p067_E15p067.mp4,LC_dv42_Tlc4p0_TTC04,5.0,1.6183489059871765,1.6085815010529498,1.6100129001715104
LC_dv42_Tlc4p0_TTC04_CP1_S5p067_E15p067.mp4,LC_dv42_Tlc4p0_TTC04,6.0,1.6183489059871765,1.6070040906529115,1.6100129001715104
LC_dv42_Tlc4p0_TTC04_CP2_S5p367_E15p367.mp4,LC_dv42_Tlc4p0_TTC04,3.0,0.0,0.0,0.0
LC_dv42_Tlc4p0_TTC04_CP2_S5p367_E15p367.mp4,LC_dv42_Tlc4p0_TTC04,4.0,0.0,0.0,0.0
LC_dv42_Tlc4p0_TTC04_CP2_S5p367_E15p367.mp4,LC_dv42_Tlc4p0_TTC04,5.0,0.0,0.0,0.0
LC_dv42_Tlc4p0_TTC04_CP2_S5p367_E15p367.mp4,LC_dv42_Tlc4p0_TTC04,6.0,0.0,0.0,0.0
LC_dv42_Tlc4p0_TTC04_CP3_S5p667_E15p667.mp4,LC_dv42_Tlc4p0_TTC04,3.0,0.0,0.0,0.0
LC_dv42_Tlc4p0_TTC04_CP3_S5p667_E15p667.mp4,LC_dv42_Tlc4p0_TTC04,4.0,0.0,0.0,0.0
LC_dv42_Tlc4p0_TTC04_CP3_S5p667_E15p667.mp4,LC_dv42_Tlc4p0_TTC04,5.0,0.0,0.0,0.0
LC_dv42_Tlc4p0_TTC04_CP3_S5p667_E15p667.mp4,LC_dv42_Tlc4p0_TTC04,6.0,0.0,0.0,0.0
LC_dv42_Tlc4p0_TTC04_CP4_S5p967_E15p967.mp4,LC_dv42_Tlc4p0_TTC04,3.0,0.0,0.0,0.0
LC_dv42_Tlc4p0_TTC04_CP4_S5p967_E15p967.mp4,LC_dv42_Tlc4p0_TTC04,4.0,0.0,0.0,0.0
LC_dv42_Tlc4p0_TTC04_CP4_S5p967_E15p967.mp4,LC_dv42_Tlc4p0_TTC04,5.0,0.0,0.0,0.0
LC_dv42_Tlc4p0_TTC04_CP4_S5p967_E15p967.mp4,LC_dv42_Tlc4p0_TTC04,6.0,0.0,0.0,0.0
LC_dv42_Tlc4p0_TTC04_CP5_S6p267_E16p267.mp4,LC_dv42_Tlc4p0_TTC04,3.0,0.0,0.0,0.0
LC_dv42_Tlc4p0_TTC04_CP5_S6p267_E16p267.mp4,LC_dv42_Tlc4p0_TTC04,4.0,0.0,0.0,0.0
LC_dv42_Tlc4p0_TTC04_CP5_S6p267_E16p267.mp4,LC_dv42_Tlc4p0_TTC04,5.0,0.0,0.0,0.0
LC_dv42_Tlc4p0_TTC04_CP5_S6p267_E16p267.mp4,LC_dv42_Tlc4p0_TTC04,6.0,0.0,0.0,0.0
LC_dv42_Tlc4p0_TTC05_CP1_S5p067_E15p067.mp4,LC_dv42_Tlc4p0_TTC05,3.0,1.6131953301281268,1.6115293286853263,1.6177418760136413
LC_dv42_Tlc4p0_TTC05_CP1_S5p067_E15p067.mp4,LC_dv42_Tlc4p0_TTC05,4.0,1.611636979738797,1.6099626685149562,1.6177418760136413
LC_dv42_Tlc4p0_TTC05_CP1_S5p067_E15p067.mp4,LC_dv42_Tlc4p0_TTC05,5.0,1.6100786293494667,1.6083960083445843,1.6177418760136413
LC_dv42_Tlc4p0_TTC05_CP1_S5p067_E15p067.mp4,LC_dv42_Tlc4p0_TTC05,6.0,1.6085202789601378,1.6068293481742144,1.6177418760136413
LC_dv42_Tlc4p0_TTC05_CP2_S5p367_E15p367.mp4,LC_dv42_Tlc4p0_TTC05,3.0,0.0,0.0,0.0
LC_dv42_Tlc4p0_TTC05_CP2_S5p367_E15p367.mp4,LC_dv42_Tlc4p0_TTC05,4.0,0.0,0.0,0.0
LC_dv42_Tlc4p0_TTC05_CP2_S5p367_E15p367.mp4,LC_dv42_Tlc4p0_TTC05,5.0,0.0,0.0,0.0
LC_dv42_Tlc4p0_TTC05_CP2_S5p367_E15p367.mp4,LC_dv42_Tlc4p0_TTC05,6.0,0.0,0.0,0.0
LC_dv42_Tlc4p0_TTC05_CP4_S5p967_E15p967.mp4,LC_dv42_Tlc4p0_TTC05,3.0,0.0,0.0,0.0
LC_dv42_Tlc4p0_TTC05_CP4_S5p967_E15p967.mp4,LC_dv42_Tlc4p0_TTC05,4.0,0.0,0.0,0.0
LC_dv42_Tlc4p0_TTC05_CP4_S5p967_E15p967.mp4,LC_dv42_Tlc4p0_TTC05,5.0,0.0,0.0,0.0
LC_dv42_Tlc4p0_TTC05_CP4_S5p967_E15p967.mp4,LC_dv42_Tlc4p0_TTC05,6.0,0.0,0.0,0.0
LC_dv42_Tlc4p0_TTC07_CP1_S5p067_E15p067.mp4,LC_dv42_Tlc4p0_TTC07,3.0,1.617748620401656,1.611494295284867,1.6179558043447246
LC_dv42_Tlc4p0_TTC07_CP1_S5p067_E15p067.mp4,LC_dv42_Tlc4p0_TTC07,4.0,1.617748620401656,1.609925972248868,1.6179558043447246
LC_dv42_Tlc4p0_TTC07_CP1_S5p067_E15p067.mp4,LC_dv42_Tlc4p0_TTC07,5.0,1.617748620401656,1.6083576492128653,1.6179558043447246
LC_dv42_Tlc4p0_TTC07_CP1_S5p067_E15p067.mp4,LC_dv42_Tlc4p0_TTC07,6.0,1.617748620401656,1.6067893261768653,1.6179558043447246
LC_dv42_Tlc4p0_TTC07_CP3_S5p667_E15p667.mp4,LC_dv42_Tlc4p0_TTC07,3.0,0.0,0.0,0.0
LC_dv42_Tlc4p0_TTC07_CP3_S5p667_E15p667.mp4,LC_dv42_Tlc4p0_TTC07,4.0,0.0,0.0,0.0
LC_dv42_Tlc4p0_TTC07_CP3_S5p667_E15p667.mp4,LC_dv42_Tlc4p0_TTC07,5.0,0.0,0.0,0.0
LC_dv42_Tlc4p0_TTC07_CP3_S5p667_E15p667.mp4,LC_dv42_Tlc4p0_TTC07,6.0,0.0,0.0,0.0
LC_dv42_Tlc4p0_TTC07_CP5_S6p267_E16p267.mp4,LC_dv42_Tlc4p0_TTC07,3.0,0.0,0.0,0.0
LC_dv42_Tlc4p0_TTC07_CP5_S6p267_E16p267.mp4,LC_dv42_Tlc4p0_TTC07,4.0,0.0,0.0,0.0
LC_dv42_Tlc4p0_TTC07_CP5_S6p267_E16p267.mp4,LC_dv42_Tlc4p0_TTC07,5.0,0.0,0.0,0.0
LC_dv42_Tlc4p0_TTC07_CP5_S6p267_E16p267.mp4,LC_dv42_Tlc4p0_TTC07,6.0,0.0,0.0,0.0
