exp,seed,rt_brake,rt_replan
0,0,1.0,0.4
0,1,0.6000000000000001,0.4
0,2,0.8,0.4
0,3,1.2000000000000002,0.4
0,4,1.0,0.4
0,5,0.6000000000000001,0.4
0,6,1.0,0.6000000000000001
0,7,1.8,0.4
0,8,0.6000000000000001,0.4
0,9,0.6000000000000001,0.4
0,10,2.4000000000000004,0.4
0,11,0.8,0.4
0,12,0.6000000000000001,0.4
0,13,0.6000000000000001,0.4
0,14,1.8,0.4
0,15,1.4000000000000001,0.4
0,16,0.8,0.4
0,17,0.6000000000000001,0.4
0,18,1.8,0.4
0,19,1.2000000000000002,0.4
0,20,0.8,0.4
0,21,0.6000000000000001,0.4
0,22,1.4000000000000001,0.4
0,23,2.6,0.4
0,24,0.6000000000000001,0.4
0,25,2.2,0.4
0,26,1.2000000000000002,0.4
0,27,0.6000000000000001,0.4
0,28,0.6000000000000001,0.4
0,29,2.6,0.4
0,30,1.0,0.4
0,31,0.6000000000000001,0.4
1,0,0.6000000000000001,0.4
1,1,0.6000000000000001,0.4
1,2,0.8,0.4
1,3,1.2000000000000002,0.4
1,4,0.6000000000000001,0.4
1,5,1.0,0.4
1,6,1.2000000000000002,0.4
1,7,0.6000000000000001,0.4
1,8,0.6000000000000001,0.4
1,9,0.6000000000000001,0.4
1,10,0.6000000000000001,0.4
1,11,0.6000000000000001,0.4
1,12,0.6000000000000001,0.4
1,13,0.8,0.4
1,14,0.6000000000000001,0.4
1,15,0.6000000000000001,0.4
1,16,1.6,0.4
1,17,0.6000000000000001,0.4
1,18,0.6000000000000001,0.4
1,19,0.6000000000000001,0.4
1,20,0.8,0.4
1,21,0.6000000000000001,0.4
1,22,0.6000000000000001,0.4
1,23,0.6000000000000001,0.4
1,24,0.6000000000000001,0.4
1,25,0.6000000000000001,0.4
1,26,0.6000000000000001,0.4
1,27,0.6000000000000001,0.4
1,28,1.2000000000000002,0.4
1,29,0.6000000000000001,0.4
1,30,1.0,0.4
1,31,0.6000000000000001,0.4
2,0,0.6000000000000001,0.4
2,1,0.6000000000000001,0.4
2,2,0.6000000000000001,0.4
2,3,0.8,0.4
2,4,0.6000000000000001,0.4
2,5,0.6000000000000001,0.4
2,6,0.6000000000000001,0.4
2,7,0.6000000000000001,0.4
2,8,0.6000000000000001,0.4
2,9,0.6000000000000001,0.4
2,10,0.6000000000000001,0.4
2,11,0.6000000000000001,0.4
2,12,0.6000000000000001,0.4
2,13,0.6000000000000001,0.4
2,14,0.6000000000000001,0.4
2,15,0.6000000000000001,0.4
2,16,0.6000000000000001,0.4
2,17,0.6000000000000001,0.4
2,18,0.6000000000000001,0.4
2,19,0.6000000000000001,0.4
2,20,0.6000000000000001,0.4
2,21,0.6000000000000001,0.4
2,22,0.6000000000000001,0.4
2,23,0.6000000000000001,0.4
2,24,0.8,0.4
2,25,0.8,0.4
2,26,0.6000000000000001,0.4
2,27,0.6000000000000001,0.4
2,28,0.6000000000000001,0.4
2,29,0.6000000000000001,0.4
2,30,0.6000000000000001,0.4
2,31,0.6000000000000001,0.4
3,0,0.8,0.6000000000000001
3,1,0.8,0.6000000000000001
3,2,0.8,0.6000000000000001
3,3,0.8,0.6000000000000001
3,4,0.8,0.6000000000000001
3,5,0.8,0.6000000000000001
3,6,0.8,0.6000000000000001
3,7,0.8,0.6000000000000001
3,8,0.8,0.6000000000000001
3,9,0.8,0.6000000000000001
3,10,0.8,0.6000000000000001
3,11,0.8,0.6000000000000001
3,12,0.8,0.6000000000000001
3,13,0.8,0.6000000000000001
3,14,0.8,0.6000000000000001
3,15,0.8,0.6000000000000001
3,16,0.8,0.6000000000000001
3,17,0.8,0.6000000000000001
3,18,0.8,0.6000000000000001
3,19,0.8,0.6000000000000001
3,20,0.8,0.6000000000000001
3,21,0.8,0.6000000000000001
3,22,0.8,0.6000000000000001
3,23,0.8,0.6000000000000001
3,24,0.8,0.6000000000000001
3,25,0.8,0.6000000000000001
3,26,0.8,0.6000000000000001
3,27,0.8,0.6000000000000001
3,28,0.8,0.6000000000000001
3,29,0.8,0.6000000000000001
3,30,0.8,0.6000000000000001
3,31,0.8,0.6000000000000001
4,0,1.0,0.6000000000000001
4,1,1.0,0.6000000000000001
4,2,2.0,0.6000000000000001
4,3,2.0,0.6000000000000001
4,4,1.0,0.6000000000000001
4,5,3.6,0.6000000000000001
4,6,1.4000000000000001,0.6000000000000001
4,7,0.8,0.6000000000000001
4,8,3.8000000000000003,0.6000000000000001
4,9,2.4000000000000004,0.6000000000000001
4,10,1.8,0.6000000000000001
4,11,1.8,0.6000000000000001
4,12,1.0,0.6000000000000001
4,13,0.8,0.6000000000000001
4,14,1.2000000000000002,0.6000000000000001
4,15,1.0,0.6000000000000001
4,16,1.4000000000000001,0.6000000000000001
4,17,1.4000000000000001,0.6000000000000001
4,18,1.0,0.6000000000000001
4,19,1.8,0.6000000000000001
4,20,2.0,0.6000000000000001
4,21,0.8,0.6000000000000001
4,22,1.6,0.6000000000000001
4,23,4.2,0.6000000000000001
4,24,2.6,0.6000000000000001
4,25,1.0,0.6000000000000001
4,26,0.8,0.6000000000000001
4,27,0.8,0.6000000000000001
4,28,2.4000000000000004,0.6000000000000001
4,29,0.8,0.6000000000000001
4,30,0.8,0.6000000000000001
4,31,1.6,0.6000000000000001
5,0,0.6000000000000001,0.4
5,1,0.6000000000000001,0.4
5,2,0.6000000000000001,0.4
5,3,0.8,0.4
5,4,1.2000000000000002,0.4
5,5,1.2000000000000002,0.4
5,6,0.6000000000000001,0.4
5,7,0.8,0.4
5,8,0.6000000000000001,0.4
5,9,1.0,0.4
5,10,1.0,0.4
5,11,0.6000000000000001,0.4
5,12,0.6000000000000001,0.4
5,13,0.6000000000000001,0.4
5,14,1.0,0.4
5,15,0.8,0.4
5,16,1.6,0.4
5,17,0.6000000000000001,0.4
5,18,0.8,0.4
5,19,0.6000000000000001,0.4
5,20,0.8,0.4
5,21,0.6000000000000001,0.4
5,22,0.6000000000000001,0.4
5,23,1.0,0.4
5,24,0.8,0.4
5,25,0.6000000000000001,0.4
5,26,0.6000000000000001,0.4
5,27,0.6000000000000001,0.4
5,28,0.6000000000000001,0.4
5,29,0.6000000000000001,0.4
5,30,1.4000000000000001,0.4
5,31,0.6000000000000001,0.4
6,0,0.6000000000000001,0.4
6,1,0.6000000000000001,0.4
6,2,0.6000000000000001,0.4
6,3,0.8,0.4
6,4,0.6000000000000001,0.4
6,5,1.0,0.4
6,6,1.2000000000000002,0.4
6,7,0.6000000000000001,0.4
6,8,0.6000000000000001,0.4
6,9,0.6000000000000001,0.4
6,10,0.6000000000000001,0.4
6,11,0.6000000000000001,0.4
6,12,0.6000000000000001,0.4
6,13,0.6000000000000001,0.4
6,14,1.0,0.4
6,15,0.6000000000000001,0.4
6,16,1.6,0.4
6,17,0.6000000000000001,0.4
6,18,0.6000000000000001,0.4
6,19,0.6000000000000001,0.4
6,20,0.6000000000000001,0.4
6,21,0.6000000000000001,0.4
6,22,0.6000000000000001,0.4
6,23,0.6000000000000001,0.4
6,24,0.6000000000000001,0.4
6,25,0.6000000000000001,0.4
6,26,0.6000000000000001,0.4
6,27,1.2000000000000002,0.4
6,28,0.6000000000000001,0.4
6,29,0.6000000000000001,0.4
6,30,0.6000000000000001,0.4
6,31,0.6000000000000001,0.4
7,0,0.8,0.6000000000000001
7,1,0.8,0.6000000000000001
7,2,0.8,0.6000000000000001
7,3,0.8,0.6000000000000001
7,4,0.8,0.6000000000000001
7,5,0.8,0.6000000000000001
7,6,0.8,0.6000000000000001
7,7,0.8,0.6000000000000001
7,8,0.8,0.6000000000000001
7,9,0.8,0.6000000000000001
7,10,0.8,0.6000000000000001
7,11,0.8,0.6000000000000001
7,12,0.8,0.6000000000000001
7,13,0.8,0.6000000000000001
7,14,0.8,0.6000000000000001
7,15,0.8,0.6000000000000001
7,16,0.8,0.6000000000000001
7,17,0.8,0.6000000000000001
7,18,0.8,0.6000000000000001
7,19,0.8,0.6000000000000001
7,20,0.8,0.6000000000000001
7,21,0.8,0.6000000000000001
7,22,0.8,0.6000000000000001
7,23,0.8,0.6000000000000001
7,24,0.8,0.6000000000000001
7,25,0.8,0.6000000000000001
7,26,0.8,0.6000000000000001
7,27,0.8,0.6000000000000001
7,28,0.8,0.6000000000000001
7,29,0.8,0.6000000000000001
7,30,0.8,0.6000000000000001
7,31,0.8,0.6000000000000001
8,0,1.4000000000000001,0.8
8,1,1.0,0.8
8,2,1.4000000000000001,0.8
8,3,1.0,0.8
8,4,2.8000000000000003,0.8
8,5,1.2000000000000002,0.8
8,6,1.8,0.8
8,7,1.2000000000000002,0.8
8,8,1.0,0.8
8,9,1.4000000000000001,0.8
8,10,2.0,0.8
8,11,2.2,0.8
8,12,1.0,0.8
8,13,1.0,0.8
8,14,1.0,0.8
8,15,1.6,0.8
8,16,1.0,0.8
8,17,1.0,0.8
8,18,1.6,0.8
8,19,1.4000000000000001,0.8
8,20,1.4000000000000001,0.8
8,21,3.2,0.8
8,22,2.6,0.8
8,23,1.0,0.8
8,24,2.8000000000000003,0.8
8,25,1.0,0.8
8,26,1.8,0.8
8,27,1.2000000000000002,0.8
8,28,1.4000000000000001,0.8
8,29,1.2000000000000002,0.8
8,30,1.2000000000000002,0.8
8,31,1.8,0.8
9,0,0.8,0.6000000000000001
9,1,1.0,0.6000000000000001
9,2,1.4000000000000001,0.6000000000000001
9,3,0.8,0.6000000000000001
9,4,1.2000000000000002,0.6000000000000001
9,5,0.8,0.6000000000000001
9,6,0.8,0.6000000000000001
9,7,0.8,0.6000000000000001
9,8,0.8,0.6000000000000001
9,9,1.4000000000000001,0.6000000000000001
9,10,1.2000000000000002,0.6000000000000001
9,11,1.0,0.6000000000000001
9,12,0.8,0.6000000000000001
9,13,0.8,0.6000000000000001
9,14,0.8,0.6000000000000001
9,15,0.8,0.6000000000000001
9,16,1.0,0.6000000000000001
9,17,1.6,0.6000000000000001
9,18,1.0,0.6000000000000001
9,19,2.0,0.6000000000000001
9,20,1.6,0.6000000000000001
9,21,0.8,0.6000000000000001
9,22,0.8,0.6000000000000001
9,23,0.8,0.6000000000000001
9,24,0.8,0.6000000000000001
9,25,0.8,0.6000000000000001
9,26,0.8,0.6000000000000001
9,27,0.8,0.6000000000000001
9,28,1.2000000000000002,0.6000000000000001
9,29,0.8,0.6000000000000001
9,30,0.8,0.6000000000000001
9,31,0.8,0.6000000000000001
10,0,0.8,0.6000000000000001
10,1,0.8,0.6000000000000001
10,2,0.8,0.6000000000000001
10,3,0.8,0.6000000000000001
10,4,1.0,0.6000000000000001
10,5,0.8,0.6000000000000001
10,6,0.8,0.6000000000000001
10,7,0.8,0.6000000000000001
10,8,0.8,0.6000000000000001
10,9,0.8,0.6000000000000001
10,10,0.8,0.6000000000000001
10,11,0.8,0.6000000000000001
10,12,0.8,0.6000000000000001
10,13,0.8,0.6000000000000001
10,14,0.8,0.6000000000000001
10,15,0.8,0.6000000000000001
10,16,0.8,0.6000000000000001
10,17,0.8,0.6000000000000001
10,18,0.8,0.6000000000000001
10,19,0.8,0.6000000000000001
10,20,0.8,0.6000000000000001
10,21,0.8,0.6000000000000001
10,22,0.8,0.6000000000000001
10,23,0.8,0.6000000000000001
10,24,0.8,0.6000000000000001
10,25,0.8,0.6000000000000001
10,26,0.8,0.6000000000000001
10,27,0.8,0.6000000000000001
10,28,0.8,0.6000000000000001
10,29,0.8,0.6000000000000001
10,30,0.8,0.6000000000000001
10,31,0.8,0.6000000000000001
11,0,0.8,0.6000000000000001
11,1,0.8,0.6000000000000001
11,2,1.0,0.8
11,3,0.8,0.6000000000000001
11,4,0.8,0.6000000000000001
11,5,0.8,0.6000000000000001
11,6,0.8,0.6000000000000001
11,7,0.8,0.6000000000000001
11,8,0.8,0.6000000000000001
11,9,1.0,0.8
11,10,0.8,0.6000000000000001
11,11,0.8,0.6000000000000001
11,12,0.8,0.6000000000000001
11,13,0.8,0.6000000000000001
11,14,0.8,0.6000000000000001
11,15,0.8,0.6000000000000001
11,16,0.8,0.6000000000000001
11,17,0.8,0.6000000000000001
11,18,0.8,0.6000000000000001
11,19,0.8,0.6000000000000001
11,20,0.8,0.6000000000000001
11,21,0.8,0.6000000000000001
11,22,0.8,0.6000000000000001
11,23,0.8,0.6000000000000001
11,24,0.8,0.6000000000000001
11,25,0.8,0.6000000000000001
11,26,1.0,0.8
11,27,0.8,0.6000000000000001
11,28,0.8,0.6000000000000001
11,29,0.8,0.6000000000000001
11,30,0.8,0.6000000000000001
11,31,0.8,0.6000000000000001
12,0,1.4000000000000001,1.0
12,1,1.2000000000000002,1.0
12,2,1.8,1.0
12,3,5.2,1.0
12,4,3.2,1.0
12,5,1.6,1.0
12,6,1.2000000000000002,1.0
12,7,1.4000000000000001,1.0
12,8,1.4000000000000001,1.0
12,9,2.6,1.0
12,10,1.6,1.0
12,11,1.2000000000000002,1.0
12,12,1.4000000000000001,1.0
12,13,1.4000000000000001,1.0
12,14,1.8,1.0
12,15,1.2000000000000002,1.0
12,16,1.4000000000000001,1.0
12,17,1.4000000000000001,1.0
12,18,1.6,1.0
12,19,2.0,1.0
12,20,1.8,1.0
12,21,1.2000000000000002,1.0
12,22,1.2000000000000002,1.0
12,23,1.2000000000000002,1.0
12,24,1.2000000000000002,1.0
12,25,1.4000000000000001,1.0
12,26,1.6,1.0
12,27,1.8,1.0
12,28,2.0,1.0
12,29,3.6,1.0
12,30,1.2000000000000002,1.0
12,31,1.4000000000000001,1.0
13,0,1.4000000000000001,0.8
13,1,1.0,0.8
13,2,1.4000000000000001,0.8
13,3,1.0,0.8
13,4,1.2000000000000002,0.8
13,5,1.2000000000000002,0.8
13,6,1.0,0.8
13,7,1.0,0.8
13,8,1.2000000000000002,0.8
13,9,1.0,0.8
13,10,1.0,0.8
13,11,1.6,0.8
13,12,1.0,0.8
13,13,1.0,0.8
13,14,1.2000000000000002,0.8
13,15,1.0,0.8
13,16,1.2000000000000002,0.8
13,17,1.2000000000000002,0.8
13,18,1.2000000000000002,0.8
13,19,1.0,0.8
13,20,1.0,0.8
13,21,1.8,0.8
13,22,1.2000000000000002,0.8
13,23,1.0,0.8
13,24,1.2000000000000002,0.8
13,25,1.0,0.8
13,26,1.4000000000000001,0.8
13,27,1.4000000000000001,0.8
13,28,1.0,0.8
13,29,1.0,0.8
13,30,1.4000000000000001,0.8
13,31,1.0,0.8
14,0,1.0,0.8
14,1,1.0,0.8
14,2,1.0,0.8
14,3,1.0,0.8
14,4,1.4000000000000001,0.8
14,5,1.2000000000000002,0.8
14,6,1.0,0.8
14,7,1.0,0.8
14,8,1.0,0.8
14,9,1.0,0.8
14,10,1.0,0.8
14,11,1.0,0.8
14,12,1.0,0.8
14,13,1.0,0.8
14,14,1.0,0.8
14,15,1.0,0.8
14,16,1.0,0.8
14,17,1.0,0.8
14,18,1.0,0.8
14,19,1.0,0.8
14,20,1.2000000000000002,0.8
14,21,1.0,0.8
14,22,1.0,0.8
14,23,1.0,0.8
14,24,1.0,0.8
14,25,1.0,0.8
14,26,1.2000000000000002,0.8
14,27,1.0,0.8
14,28,1.0,0.8
14,29,1.2000000000000002,0.8
14,30,1.0,0.8
14,31,1.0,0.8
15,0,1.0,0.8
15,1,1.0,0.8
15,2,1.0,0.8
15,3,1.0,0.8
15,4,1.0,0.8
15,5,1.0,0.8
15,6,1.0,0.8
15,7,1.0,0.8
15,8,1.0,0.8
15,9,1.0,0.8
15,10,1.0,0.8
15,11,1.0,0.8
15,12,1.0,0.8
15,13,1.0,0.8
15,14,1.0,0.8
15,15,1.0,0.8
15,16,1.0,0.8
15,17,1.0,0.8
15,18,1.0,0.8
15,19,1.0,0.8
15,20,1.0,0.8
15,21,1.0,0.8
15,22,1.0,0.8
15,23,1.0,0.8
15,24,1.0,0.8
15,25,1.0,0.8
15,26,1.0,0.8
15,27,1.0,0.8
15,28,1.0,0.8
15,29,1.0,0.8
15,30,1.0,0.8
15,31,1.0,0.8
16,0,1.8,1.4000000000000001
16,1,2.0,1.4000000000000001
16,2,1.6,1.4000000000000001
16,3,1.6,1.4000000000000001
16,4,3.4000000000000004,1.4000000000000001
16,5,1.8,1.4000000000000001
16,6,2.2,1.4000000000000001
16,7,2.8000000000000003,1.4000000000000001
16,8,1.8,1.4000000000000001
16,9,3.2,1.4000000000000001
16,10,1.6,1.4000000000000001
16,11,2.0,1.4000000000000001
16,12,1.6,1.4000000000000001
16,13,1.8,1.4000000000000001
16,14,1.8,1.4000000000000001
16,15,2.6,1.4000000000000001
16,16,1.6,1.4000000000000001
16,17,1.6,1.4000000000000001
16,18,1.8,1.4000000000000001
16,19,2.4000000000000004,1.4000000000000001
16,20,1.8,1.4000000000000001
16,21,2.2,1.4000000000000001
16,22,1.6,1.4000000000000001
16,23,2.2,1.4000000000000001
16,24,2.0,1.4000000000000001
16,25,4.2,1.4000000000000001
16,26,1.8,1.4000000000000001
16,27,2.4000000000000004,1.4000000000000001
16,28,1.6,1.4000000000000001
16,29,2.4000000000000004,1.4000000000000001
16,30,1.6,1.4000000000000001
16,31,3.2,1.4000000000000001
17,0,1.2000000000000002,1.0
17,1,1.2000000000000002,1.0
17,2,1.2000000000000002,1.0
17,3,1.2000000000000002,1.0
17,4,1.4000000000000001,1.0
17,5,1.6,1.0
17,6,1.8,1.0
17,7,1.2000000000000002,1.0
17,8,1.2000000000000002,1.0
17,9,1.2000000000000002,1.0
17,10,1.2000000000000002,1.0
17,11,1.4000000000000001,1.0
17,12,1.4000000000000001,1.0
17,13,1.4000000000000001,1.0
17,14,1.8,1.0
17,15,1.4000000000000001,1.0
17,16,1.4000000000000001,1.0
17,17,1.2000000000000002,1.0
17,18,2.2,1.0
17,19,1.4000000000000001,1.0
17,20,1.2000000000000002,1.0
17,21,1.2000000000000002,1.0
17,22,1.2000000000000002,1.0
17,23,1.2000000000000002,1.0
17,24,1.6,1.0
17,25,1.2000000000000002,1.0
17,26,1.4000000000000001,1.0
17,27,2.2,1.0
17,28,1.2000000000000002,1.0
17,29,1.4000000000000001,1.0
17,30,1.2000000000000002,1.0
17,31,1.2000000000000002,1.0
18,0,1.2000000000000002,1.0
18,1,1.2000000000000002,1.0
18,2,1.2000000000000002,1.0
18,3,1.2000000000000002,1.0
18,4,1.2000000000000002,1.0
18,5,1.2000000000000002,1.0
18,6,1.2000000000000002,1.0
18,7,1.2000000000000002,1.0
18,8,1.2000000000000002,1.0
18,9,1.2000000000000002,1.0
18,10,1.2000000000000002,1.0
18,11,1.2000000000000002,1.0
18,12,1.2000000000000002,1.0
18,13,1.2000000000000002,1.0
18,14,1.2000000000000002,1.0
18,15,1.4000000000000001,1.0
18,16,1.4000000000000001,1.0
18,17,1.2000000000000002,1.0
18,18,1.2000000000000002,1.0
18,19,1.4000000000000001,1.0
18,20,1.2000000000000002,1.0
18,21,1.2000000000000002,1.0
18,22,1.2000000000000002,1.0
18,23,1.2000000000000002,1.0
18,24,1.2000000000000002,1.0
18,25,1.2000000000000002,1.0
18,26,1.2000000000000002,1.0
18,27,1.2000000000000002,1.0
18,28,1.2000000000000002,1.0
18,29,1.2000000000000002,1.0
18,30,1.2000000000000002,1.0
18,31,1.2000000000000002,1.0
19,0,1.2000000000000002,1.0
19,1,1.2000000000000002,1.0
19,2,1.2000000000000002,1.0
19,3,1.2000000000000002,1.0
19,4,1.2000000000000002,1.0
19,5,1.4000000000000001,1.0
19,6,1.2000000000000002,1.0
19,7,1.2000000000000002,1.0
19,8,1.2000000000000002,1.0
19,9,1.2000000000000002,1.0
19,10,1.2000000000000002,1.0
19,11,1.2000000000000002,1.0
19,12,1.2000000000000002,1.0
19,13,1.2000000000000002,1.0
19,14,1.2000000000000002,1.0
19,15,1.2000000000000002,1.0
19,16,1.2000000000000002,1.0
19,17,1.2000000000000002,1.0
19,18,1.2000000000000002,1.0
19,19,1.2000000000000002,1.0
19,20,1.2000000000000002,1.0
19,21,1.2000000000000002,1.0
19,22,1.2000000000000002,1.0
19,23,1.2000000000000002,1.0
19,24,1.2000000000000002,1.0
19,25,1.2000000000000002,1.0
19,26,1.2000000000000002,1.0
19,27,1.2000000000000002,1.0
19,28,1.2000000000000002,1.0
19,29,1.2000000000000002,1.0
19,30,1.2000000000000002,1.0
19,31,1.2000000000000002,1.0
20,0,3.2,1.6
20,1,2.2,1.6
20,2,2.0,1.6
20,3,2.4000000000000004,1.6
20,4,1.8,1.6
20,5,2.2,1.6
20,6,4.2,1.6
20,7,2.8000000000000003,1.6
20,8,1.8,1.6
20,9,3.4000000000000004,1.6
20,10,3.2,1.6
20,11,2.4000000000000004,1.6
20,12,2.2,1.6
20,13,2.0,1.6
20,14,2.2,1.6
20,15,1.8,1.6
20,16,2.2,1.6
20,17,1.8,1.6
20,18,2.4000000000000004,1.6
20,19,1.8,1.6
20,20,2.2,1.6
20,21,1.8,1.6
20,22,1.8,1.6
20,23,2.6,1.6
20,24,3.6,1.6
20,25,2.8000000000000003,1.6
20,26,2.2,1.6
20,27,2.6,1.6
20,28,2.6,1.6
20,29,3.6,1.6
20,30,3.0,1.6
20,31,2.2,1.6
21,0,2.2,1.4000000000000001
21,1,1.6,1.4000000000000001
21,2,1.6,1.4000000000000001
21,3,1.8,1.6
21,4,1.8,1.4000000000000001
21,5,1.8,1.6
21,6,2.4000000000000004,1.6
21,7,1.8,1.4000000000000001
21,8,1.8,1.4000000000000001
21,9,2.0,1.6
21,10,1.6,1.4000000000000001
21,11,1.8,1.6
21,12,1.8,1.6
21,13,1.6,1.4000000000000001
21,14,1.8,1.4000000000000001
21,15,1.8,1.6
21,16,2.0,1.6
21,17,2.6,1.6
21,18,1.6,1.4000000000000001
21,19,1.6,1.4000000000000001
21,20,1.6,1.4000000000000001
21,21,1.6,1.4000000000000001
21,22,1.8,1.4000000000000001
21,23,1.8,1.6
21,24,1.6,1.4000000000000001
21,25,1.8,1.6
21,26,1.8,1.6
21,27,1.8,1.4000000000000001
21,28,2.2,1.6
21,29,1.6,1.4000000000000001
21,30,1.6,1.4000000000000001
21,31,1.6,1.4000000000000001
22,0,1.8,1.2000000000000002
22,1,1.4000000000000001,1.2000000000000002
22,2,1.4000000000000001,1.2000000000000002
22,3,1.4000000000000001,1.2000000000000002
22,4,1.4000000000000001,1.2000000000000002
22,5,1.4000000000000001,1.2000000000000002
22,6,1.4000000000000001,1.2000000000000002
22,7,1.4000000000000001,1.2000000000000002
22,8,1.4000000000000001,1.2000000000000002
22,9,1.8,1.2000000000000002
22,10,1.4000000000000001,1.2000000000000002
22,11,1.4000000000000001,1.2000000000000002
22,12,1.4000000000000001,1.2000000000000002
22,13,1.4000000000000001,1.2000000000000002
22,14,1.4000000000000001,1.2000000000000002
22,15,1.4000000000000001,1.2000000000000002
22,16,1.8,1.4000000000000001
22,17,1.4000000000000001,1.2000000000000002
22,18,1.4000000000000001,1.2000000000000002
22,19,1.4000000000000001,1.2000000000000002
22,20,1.4000000000000001,1.2000000000000002
22,21,1.4000000000000001,1.2000000000000002
22,22,1.4000000000000001,1.2000000000000002
22,23,1.8,1.2000000000000002
22,24,1.4000000000000001,1.2000000000000002
22,25,1.4000000000000001,1.2000000000000002
22,26,1.4000000000000001,1.2000000000000002
22,27,1.4000000000000001,1.2000000000000002
22,28,1.4000000000000001,1.2000000000000002
22,29,1.4000000000000001,1.2000000000000002
22,30,1.4000000000000001,1.2000000000000002
22,31,1.4000000000000001,1.2000000000000002
23,0,1.6,1.4000000000000001
23,1,1.6,1.4000000000000001
23,2,1.8,1.4000000000000001
23,3,1.6,1.4000000000000001
23,4,1.6,1.4000000000000001
23,5,1.6,1.4000000000000001
23,6,1.6,1.4000000000000001
23,7,1.6,1.4000000000000001
23,8,1.6,1.4000000000000001
23,9,1.6,1.4000000000000001
23,10,1.6,1.4000000000000001
23,11,1.6,1.4000000000000001
23,12,1.6,1.4000000000000001
23,13,1.6,1.4000000000000001
23,14,1.6,1.4000000000000001
23,15,1.6,1.4000000000000001
23,16,1.6,1.4000000000000001
23,17,1.6,1.4000000000000001
23,18,1.6,1.4000000000000001
23,19,1.6,1.4000000000000001
23,20,1.6,1.4000000000000001
23,21,1.6,1.4000000000000001
23,22,1.6,1.4000000000000001
23,23,1.6,1.4000000000000001
23,24,1.6,1.4000000000000001
23,25,1.6,1.4000000000000001
23,26,1.6,1.4000000000000001
23,27,1.6,1.4000000000000001
23,28,1.6,1.4000000000000001
23,29,1.6,1.4000000000000001
23,30,1.6,1.4000000000000001
23,31,1.6,1.4000000000000001
24,0,2.2,2.0
24,1,2.2,2.0
24,2,2.6,2.0
24,3,2.8000000000000003,2.0
24,4,2.4000000000000004,2.0
24,5,2.4000000000000004,2.0
24,6,2.4000000000000004,2.0
24,7,2.4000000000000004,2.0
24,8,2.2,2.0
24,9,2.2,2.0
24,10,2.2,2.0
24,11,2.2,2.0
24,12,2.8000000000000003,2.0
24,13,3.2,2.0
24,14,2.6,2.0
24,15,2.2,2.0
24,16,2.4000000000000004,2.0
24,17,3.0,2.0
24,18,3.0,2.0
24,19,2.4000000000000004,2.0
24,20,3.8000000000000003,2.0
24,21,2.4000000000000004,2.0
24,22,3.2,2.0
24,23,2.8000000000000003,2.2
24,24,2.8000000000000003,2.0
24,25,2.2,2.0
24,26,2.2,2.0
24,27,3.4000000000000004,2.0
24,28,2.4000000000000004,2.0
24,29,3.0,2.0
24,30,2.2,2.0
24,31,2.4000000000000004,2.0
25,0,2.4000000000000004,1.8
25,1,2.2,1.8
25,2,2.2,1.8
25,3,2.4000000000000004,1.8
25,4,3.8000000000000003,1.8
25,5,2.0,1.8
25,6,2.0,1.8
25,7,2.0,1.8
25,8,2.0,1.8
25,9,2.0,1.8
25,10,2.0,1.8
25,11,2.2,1.8
25,12,2.0,1.8
25,13,3.0,1.8
25,14,2.2,1.8
25,15,2.0,1.8
25,16,2.0,1.8
25,17,2.0,1.8
25,18,2.0,1.8
25,19,2.2,1.8
25,20,2.8000000000000003,1.8
25,21,2.2,1.8
25,22,2.0,1.8
25,23,2.0,1.8
25,24,2.0,1.8
25,25,2.0,1.8
25,26,2.0,1.8
25,27,2.0,1.8
25,28,2.2,1.8
25,29,2.0,1.8
25,30,2.0,1.8
25,31,2.4000000000000004,1.8
26,0,1.8,1.6
26,1,1.8,1.6
26,2,1.8,1.6
26,3,1.8,1.6
26,4,1.8,1.6
26,5,1.8,1.6
26,6,1.8,1.6
26,7,1.8,1.6
26,8,1.8,1.6
26,9,2.0,1.6
26,10,1.8,1.6
26,11,2.0,1.6
26,12,1.8,1.6
26,13,1.8,1.6
26,14,1.8,1.6
26,15,1.8,1.6
26,16,2.0,1.6
26,17,1.8,1.6
26,18,1.8,1.6
26,19,1.8,1.6
26,20,1.8,1.6
26,21,1.8,1.6
26,22,1.8,1.6
26,23,1.8,1.6
26,24,1.8,1.6
26,25,1.8,1.6
26,26,1.8,1.6
26,27,1.8,1.6
26,28,1.8,1.6
26,29,1.8,1.6
26,30,1.8,1.6
26,31,1.8,1.6
27,0,1.8,1.6
27,1,1.8,1.6
27,2,1.8,1.6
27,3,2.0,1.6
27,4,1.8,1.6
27,5,1.8,1.6
27,6,1.8,1.6
27,7,1.8,1.6
27,8,1.8,1.6
27,9,1.8,1.6
27,10,1.8,1.6
27,11,1.8,1.6
27,12,1.8,1.6
27,13,1.8,1.6
27,14,1.8,1.6
27,15,1.8,1.6
27,16,1.8,1.6
27,17,1.8,1.6
27,18,1.8,1.6
27,19,1.8,1.6
27,20,1.8,1.6
27,21,1.8,1.6
27,22,1.8,1.6
27,23,1.8,1.6
27,24,1.8,1.6
27,25,1.8,1.6
27,26,1.8,1.6
27,27,1.8,1.6
27,28,1.8,1.6
27,29,1.8,1.6
27,30,1.8,1.6
27,31,1.8,1.6
28,0,1.0,0.4
28,1,0.6000000000000001,0.4
28,2,0.8,0.4
28,3,1.2000000000000002,0.4
28,4,1.0,0.4
28,5,0.6000000000000001,0.4
28,6,1.0,0.6000000000000001
28,7,1.8,0.4
28,8,0.6000000000000001,0.4
28,9,0.6000000000000001,0.4
28,10,2.4000000000000004,0.4
28,11,0.8,0.4
28,12,0.6000000000000001,0.4
28,13,0.6000000000000001,0.4
28,14,1.8,0.4
28,15,1.4000000000000001,0.4
28,16,0.8,0.4
28,17,0.6000000000000001,0.4
28,18,1.8,0.4
28,19,1.2000000000000002,0.4
28,20,0.8,0.4
28,21,0.6000000000000001,0.4
28,22,1.4000000000000001,0.4
28,23,2.6,0.4
28,24,0.6000000000000001,0.4
28,25,2.2,0.4
28,26,1.2000000000000002,0.4
28,27,0.6000000000000001,0.4
28,28,0.6000000000000001,0.4
28,29,2.6,0.4
28,30,1.0,0.4
28,31,0.6000000000000001,0.4
29,0,0.6000000000000001,0.4
29,1,0.6000000000000001,0.4
29,2,0.8,0.4
29,3,1.2000000000000002,0.4
29,4,0.6000000000000001,0.4
29,5,1.0,0.4
29,6,1.2000000000000002,0.4
29,7,0.6000000000000001,0.4
29,8,0.6000000000000001,0.4
29,9,0.6000000000000001,0.4
29,10,0.6000000000000001,0.4
29,11,0.6000000000000001,0.4
29,12,0.6000000000000001,0.4
29,13,0.8,0.4
29,14,0.6000000000000001,0.4
29,15,0.6000000000000001,0.4
29,16,1.6,0.4
29,17,0.6000000000000001,0.4
29,18,0.6000000000000001,0.4
29,19,0.6000000000000001,0.4
29,20,0.8,0.4
29,21,0.6000000000000001,0.4
29,22,0.6000000000000001,0.4
29,23,0.6000000000000001,0.4
29,24,0.6000000000000001,0.4
29,25,0.6000000000000001,0.4
29,26,0.6000000000000001,0.4
29,27,0.6000000000000001,0.4
29,28,1.2000000000000002,0.4
29,29,0.6000000000000001,0.4
29,30,1.0,0.4
29,31,0.6000000000000001,0.4
30,0,0.6000000000000001,0.4
30,1,0.6000000000000001,0.4
30,2,0.6000000000000001,0.4
30,3,0.8,0.4
30,4,0.6000000000000001,0.4
30,5,0.6000000000000001,0.4
30,6,0.6000000000000001,0.4
30,7,0.6000000000000001,0.4
30,8,0.6000000000000001,0.4
30,9,0.6000000000000001,0.4
30,10,0.6000000000000001,0.4
30,11,0.6000000000000001,0.4
30,12,0.6000000000000001,0.4
30,13,0.6000000000000001,0.4
30,14,0.6000000000000001,0.4
30,15,0.6000000000000001,0.4
30,16,0.6000000000000001,0.4
30,17,0.6000000000000001,0.4
30,18,0.6000000000000001,0.4
30,19,0.6000000000000001,0.4
30,20,0.6000000000000001,0.4
30,21,0.6000000000000001,0.4
30,22,0.6000000000000001,0.4
30,23,0.6000000000000001,0.4
30,24,0.8,0.4
30,25,0.8,0.4
30,26,0.6000000000000001,0.4
30,27,0.6000000000000001,0.4
30,28,0.6000000000000001,0.4
30,29,0.6000000000000001,0.4
30,30,0.6000000000000001,0.4
30,31,0.6000000000000001,0.4
31,0,0.8,0.6000000000000001
31,1,0.8,0.6000000000000001
31,2,0.8,0.6000000000000001
31,3,0.8,0.6000000000000001
31,4,0.8,0.6000000000000001
31,5,0.8,0.6000000000000001
31,6,0.8,0.6000000000000001
31,7,0.8,0.6000000000000001
31,8,0.8,0.6000000000000001
31,9,0.8,0.6000000000000001
31,10,0.8,0.6000000000000001
31,11,0.8,0.6000000000000001
31,12,0.8,0.6000000000000001
31,13,0.8,0.6000000000000001
31,14,0.8,0.6000000000000001
31,15,0.8,0.6000000000000001
31,16,0.8,0.6000000000000001
31,17,0.8,0.6000000000000001
31,18,0.8,0.6000000000000001
31,19,0.8,0.6000000000000001
31,20,0.8,0.6000000000000001
31,21,0.8,0.6000000000000001
31,22,0.8,0.6000000000000001
31,23,0.8,0.6000000000000001
31,24,0.8,0.6000000000000001
31,25,0.8,0.6000000000000001
31,26,0.8,0.6000000000000001
31,27,0.8,0.6000000000000001
31,28,0.8,0.6000000000000001
31,29,0.8,0.6000000000000001
31,30,0.8,0.6000000000000001
31,31,0.8,0.6000000000000001
32,0,1.0,0.6000000000000001
32,1,1.0,0.6000000000000001
32,2,2.0,0.6000000000000001
32,3,2.0,0.6000000000000001
32,4,1.0,0.6000000000000001
32,5,3.6,0.6000000000000001
32,6,1.4000000000000001,0.6000000000000001
32,7,0.8,0.6000000000000001
32,8,3.8000000000000003,0.6000000000000001
32,9,2.4000000000000004,0.6000000000000001
32,10,1.8,0.6000000000000001
32,11,1.8,0.6000000000000001
32,12,1.0,0.6000000000000001
32,13,0.8,0.6000000000000001
32,14,1.2000000000000002,0.6000000000000001
32,15,1.0,0.6000000000000001
32,16,1.4000000000000001,0.6000000000000001
32,17,1.4000000000000001,0.6000000000000001
32,18,1.0,0.6000000000000001
32,19,1.8,0.6000000000000001
32,20,2.0,0.6000000000000001
32,21,0.8,0.6000000000000001
32,22,1.6,0.6000000000000001
32,23,4.2,0.6000000000000001
32,24,2.6,0.6000000000000001
32,25,1.0,0.6000000000000001
32,26,0.8,0.6000000000000001
32,27,0.8,0.6000000000000001
32,28,2.4000000000000004,0.6000000000000001
32,29,0.8,0.6000000000000001
32,30,0.8,0.6000000000000001
32,31,1.6,0.6000000000000001
33,0,0.6000000000000001,0.4
33,1,0.6000000000000001,0.4
33,2,0.6000000000000001,0.4
33,3,0.8,0.4
33,4,1.2000000000000002,0.4
33,5,1.2000000000000002,0.4
33,6,0.6000000000000001,0.4
33,7,0.8,0.4
33,8,0.6000000000000001,0.4
33,9,1.0,0.4
33,10,1.0,0.4
33,11,0.6000000000000001,0.4
33,12,0.6000000000000001,0.4
33,13,0.6000000000000001,0.4
33,14,1.0,0.4
33,15,0.8,0.4
33,16,1.6,0.4
33,17,0.6000000000000001,0.4
33,18,0.8,0.4
33,19,0.6000000000000001,0.4
33,20,0.8,0.4
33,21,0.6000000000000001,0.4
33,22,0.6000000000000001,0.4
33,23,1.0,0.4
33,24,0.8,0.4
33,25,0.6000000000000001,0.4
33,26,0.6000000000000001,0.4
33,27,0.6000000000000001,0.4
33,28,0.6000000000000001,0.4
33,29,0.6000000000000001,0.4
33,30,1.4000000000000001,0.4
33,31,0.6000000000000001,0.4
34,0,0.6000000000000001,0.4
34,1,0.6000000000000001,0.4
34,2,0.6000000000000001,0.4
34,3,0.8,0.4
34,4,0.6000000000000001,0.4
34,5,1.0,0.4
34,6,1.2000000000000002,0.4
34,7,0.6000000000000001,0.4
34,8,0.6000000000000001,0.4
34,9,0.6000000000000001,0.4
34,10,0.6000000000000001,0.4
34,11,0.6000000000000001,0.4
34,12,0.6000000000000001,0.4
34,13,0.6000000000000001,0.4
34,14,1.0,0.4
34,15,0.6000000000000001,0.4
34,16,1.6,0.4
34,17,0.6000000000000001,0.4
34,18,0.6000000000000001,0.4
34,19,0.6000000000000001,0.4
34,20,0.6000000000000001,0.4
34,21,0.6000000000000001,0.4
34,22,0.6000000000000001,0.4
34,23,0.6000000000000001,0.4
34,24,0.6000000000000001,0.4
34,25,0.6000000000000001,0.4
34,26,0.6000000000000001,0.4
34,27,1.2000000000000002,0.4
34,28,0.6000000000000001,0.4
34,29,0.6000000000000001,0.4
34,30,0.6000000000000001,0.4
34,31,0.6000000000000001,0.4
35,0,0.8,0.6000000000000001
35,1,0.8,0.6000000000000001
35,2,0.8,0.6000000000000001
35,3,0.8,0.6000000000000001
35,4,0.8,0.6000000000000001
35,5,0.8,0.6000000000000001
35,6,0.8,0.6000000000000001
35,7,0.8,0.6000000000000001
35,8,0.8,0.6000000000000001
35,9,0.8,0.6000000000000001
35,10,0.8,0.6000000000000001
35,11,0.8,0.6000000000000001
35,12,0.8,0.6000000000000001
35,13,0.8,0.6000000000000001
35,14,0.8,0.6000000000000001
35,15,0.8,0.6000000000000001
35,16,0.8,0.6000000000000001
35,17,0.8,0.6000000000000001
35,18,0.8,0.6000000000000001
35,19,0.8,0.6000000000000001
35,20,0.8,0.6000000000000001
35,21,0.8,0.6000000000000001
35,22,0.8,0.6000000000000001
35,23,0.8,0.6000000000000001
35,24,0.8,0.6000000000000001
35,25,0.8,0.6000000000000001
35,26,0.8,0.6000000000000001
35,27,0.8,0.6000000000000001
35,28,0.8,0.6000000000000001
35,29,0.8,0.6000000000000001
35,30,0.8,0.6000000000000001
35,31,0.8,0.6000000000000001
36,0,1.4000000000000001,0.8
36,1,1.0,0.8
36,2,1.4000000000000001,0.8
36,3,1.0,0.8
36,4,2.8000000000000003,0.8
36,5,1.2000000000000002,0.8
36,6,1.8,0.8
36,7,1.2000000000000002,0.8
36,8,1.0,0.8
36,9,1.4000000000000001,0.8
36,10,2.0,0.8
36,11,2.2,0.8
36,12,1.0,0.8
36,13,1.0,0.8
36,14,1.0,0.8
36,15,1.6,0.8
36,16,1.0,0.8
36,17,1.0,0.8
36,18,1.6,0.8
36,19,1.4000000000000001,0.8
36,20,1.4000000000000001,0.8
36,21,3.2,0.8
36,22,2.6,0.8
36,23,1.0,0.8
36,24,2.8000000000000003,0.8
36,25,1.0,0.8
36,26,1.8,0.8
36,27,1.2000000000000002,0.8
36,28,1.4000000000000001,0.8
36,29,1.2000000000000002,0.8
36,30,1.2000000000000002,0.8
36,31,1.8,0.8
37,0,0.8,0.6000000000000001
37,1,1.0,0.6000000000000001
37,2,1.4000000000000001,0.6000000000000001
37,3,0.8,0.6000000000000001
37,4,1.2000000000000002,0.6000000000000001
37,5,0.8,0.6000000000000001
37,6,0.8,0.6000000000000001
37,7,0.8,0.6000000000000001
37,8,0.8,0.6000000000000001
37,9,1.4000000000000001,0.6000000000000001
37,10,1.2000000000000002,0.6000000000000001
37,11,1.0,0.6000000000000001
37,12,0.8,0.6000000000000001
37,13,0.8,0.6000000000000001
37,14,0.8,0.6000000000000001
37,15,0.8,0.6000000000000001
37,16,1.0,0.6000000000000001
37,17,1.6,0.6000000000000001
37,18,1.0,0.6000000000000001
37,19,2.0,0.6000000000000001
37,20,1.6,0.6000000000000001
37,21,0.8,0.6000000000000001
37,22,0.8,0.6000000000000001
37,23,0.8,0.6000000000000001
37,24,0.8,0.6000000000000001
37,25,0.8,0.6000000000000001
37,26,0.8,0.6000000000000001
37,27,0.8,0.6000000000000001
37,28,1.2000000000000002,0.6000000000000001
37,29,0.8,0.6000000000000001
37,30,0.8,0.6000000000000001
37,31,0.8,0.6000000000000001
38,0,0.8,0.6000000000000001
38,1,0.8,0.6000000000000001
38,2,0.8,0.6000000000000001
38,3,0.8,0.6000000000000001
38,4,1.0,0.6000000000000001
38,5,0.8,0.6000000000000001
38,6,0.8,0.6000000000000001
38,7,0.8,0.6000000000000001
38,8,0.8,0.6000000000000001
38,9,0.8,0.6000000000000001
38,10,0.8,0.6000000000000001
38,11,0.8,0.6000000000000001
38,12,0.8,0.6000000000000001
38,13,0.8,0.6000000000000001
38,14,0.8,0.6000000000000001
38,15,0.8,0.6000000000000001
38,16,0.8,0.6000000000000001
38,17,0.8,0.6000000000000001
38,18,0.8,0.6000000000000001
38,19,0.8,0.6000000000000001
38,20,0.8,0.6000000000000001
38,21,0.8,0.6000000000000001
38,22,0.8,0.6000000000000001
38,23,0.8,0.6000000000000001
38,24,0.8,0.6000000000000001
38,25,0.8,0.6000000000000001
38,26,0.8,0.6000000000000001
38,27,0.8,0.6000000000000001
38,28,0.8,0.6000000000000001
38,29,0.8,0.6000000000000001
38,30,0.8,0.6000000000000001
38,31,0.8,0.6000000000000001
39,0,0.8,0.6000000000000001
39,1,0.8,0.6000000000000001
39,2,1.0,0.8
39,3,0.8,0.6000000000000001
39,4,0.8,0.6000000000000001
39,5,0.8,0.6000000000000001
39,6,0.8,0.6000000000000001
39,7,0.8,0.6000000000000001
39,8,0.8,0.6000000000000001
39,9,1.0,0.8
39,10,0.8,0.6000000000000001
39,11,0.8,0.6000000000000001
39,12,0.8,0.6000000000000001
39,13,0.8,0.6000000000000001
39,14,0.8,0.6000000000000001
39,15,0.8,0.6000000000000001
39,16,0.8,0.6000000000000001
39,17,0.8,0.6000000000000001
39,18,0.8,0.6000000000000001
39,19,0.8,0.6000000000000001
39,20,0.8,0.6000000000000001
39,21,0.8,0.6000000000000001
39,22,0.8,0.6000000000000001
39,23,0.8,0.6000000000000001
39,24,0.8,0.6000000000000001
39,25,0.8,0.6000000000000001
39,26,1.0,0.8
39,27,0.8,0.6000000000000001
39,28,0.8,0.6000000000000001
39,29,0.8,0.6000000000000001
39,30,0.8,0.6000000000000001
39,31,0.8,0.6000000000000001
40,0,1.4000000000000001,1.0
40,1,1.2000000000000002,1.0
40,2,1.8,1.0
40,3,5.0,1.0
40,4,3.2,1.0
40,5,1.6,1.0
40,6,1.2000000000000002,1.0
40,7,1.4000000000000001,1.0
40,8,1.4000000000000001,1.0
40,9,2.6,1.0
40,10,1.6,1.0
40,11,1.2000000000000002,1.0
40,12,1.4000000000000001,1.0
40,13,1.4000000000000001,1.0
40,14,1.8,1.0
40,15,1.2000000000000002,1.0
40,16,1.4000000000000001,1.0
40,17,1.4000000000000001,1.0
40,18,1.6,1.0
40,19,2.0,1.0
40,20,1.8,1.0
40,21,1.2000000000000002,1.0
40,22,1.2000000000000002,1.0
40,23,1.2000000000000002,1.0
40,24,1.2000000000000002,1.0
40,25,1.4000000000000001,1.0
40,26,1.6,1.0
40,27,1.8,1.0
40,28,2.0,1.0
40,29,3.2,1.0
40,30,1.2000000000000002,1.0
40,31,1.4000000000000001,1.0
41,0,1.4000000000000001,0.8
41,1,1.0,0.8
41,2,1.4000000000000001,0.8
41,3,1.0,0.8
41,4,1.2000000000000002,0.8
41,5,1.2000000000000002,0.8
41,6,1.0,0.8
41,7,1.0,0.8
41,8,1.2000000000000002,0.8
41,9,1.0,0.8
41,10,1.0,0.8
41,11,1.6,0.8
41,12,1.0,0.8
41,13,1.0,0.8
41,14,1.2000000000000002,0.8
41,15,1.0,0.8
41,16,1.2000000000000002,0.8
41,17,1.2000000000000002,0.8
41,18,1.2000000000000002,0.8
41,19,1.0,0.8
41,20,1.0,0.8
41,21,1.8,0.8
41,22,1.2000000000000002,0.8
41,23,1.0,0.8
41,24,1.2000000000000002,0.8
41,25,1.0,0.8
41,26,1.4000000000000001,0.8
41,27,1.4000000000000001,0.8
41,28,1.0,0.8
41,29,1.0,0.8
41,30,1.4000000000000001,0.8
41,31,1.0,0.8
42,0,1.0,0.8
42,1,1.0,0.8
42,2,1.0,0.8
42,3,1.0,0.8
42,4,1.4000000000000001,0.8
42,5,1.2000000000000002,0.8
42,6,1.0,0.8
42,7,1.0,0.8
42,8,1.0,0.8
42,9,1.0,0.8
42,10,1.0,0.8
42,11,1.0,0.8
42,12,1.0,0.8
42,13,1.0,0.8
42,14,1.0,0.8
42,15,1.0,0.8
42,16,1.0,0.8
42,17,1.0,0.8
42,18,1.0,0.8
42,19,1.0,0.8
42,20,1.2000000000000002,0.8
42,21,1.0,0.8
42,22,1.0,0.8
42,23,1.0,0.8
42,24,1.0,0.8
42,25,1.0,0.8
42,26,1.2000000000000002,0.8
42,27,1.0,0.8
42,28,1.0,0.8
42,29,1.2000000000000002,0.8
42,30,1.0,0.8
42,31,1.0,0.8
43,0,1.0,0.8
43,1,1.0,0.8
43,2,1.0,0.8
43,3,1.0,0.8
43,4,1.0,0.8
43,5,1.0,0.8
43,6,1.0,0.8
43,7,1.0,0.8
43,8,1.0,0.8
43,9,1.0,0.8
43,10,1.0,0.8
43,11,1.0,0.8
43,12,1.0,0.8
43,13,1.0,0.8
43,14,1.0,0.8
43,15,1.0,0.8
43,16,1.0,0.8
43,17,1.0,0.8
43,18,1.0,0.8
43,19,1.0,0.8
43,20,1.0,0.8
43,21,1.0,0.8
43,22,1.0,0.8
43,23,1.0,0.8
43,24,1.0,0.8
43,25,1.0,0.8
43,26,1.0,0.8
43,27,1.0,0.8
43,28,1.0,0.8
43,29,1.0,0.8
43,30,1.0,0.8
43,31,1.0,0.8
44,0,1.8,1.4000000000000001
44,1,2.0,1.4000000000000001
44,2,1.6,1.4000000000000001
44,3,1.6,1.4000000000000001
44,4,3.4000000000000004,1.4000000000000001
44,5,1.8,1.4000000000000001
44,6,2.2,1.4000000000000001
44,7,2.8000000000000003,1.4000000000000001
44,8,1.8,1.4000000000000001
44,9,3.2,1.4000000000000001
44,10,1.6,1.4000000000000001
44,11,2.0,1.4000000000000001
44,12,1.6,1.4000000000000001
44,13,1.8,1.4000000000000001
44,14,1.8,1.4000000000000001
44,15,2.6,1.4000000000000001
44,16,1.6,1.4000000000000001
44,17,1.6,1.4000000000000001
44,18,1.8,1.4000000000000001
44,19,2.4000000000000004,1.4000000000000001
44,20,1.8,1.4000000000000001
44,21,2.2,1.4000000000000001
44,22,1.6,1.4000000000000001
44,23,2.2,1.4000000000000001
44,24,2.0,1.4000000000000001
44,25,4.2,1.4000000000000001
44,26,1.8,1.4000000000000001
44,27,2.4000000000000004,1.4000000000000001
44,28,1.6,1.4000000000000001
44,29,2.4000000000000004,1.4000000000000001
44,30,1.6,1.4000000000000001
44,31,3.2,1.4000000000000001
45,0,1.2000000000000002,1.0
45,1,1.2000000000000002,1.0
45,2,1.2000000000000002,1.0
45,3,1.2000000000000002,1.0
45,4,1.4000000000000001,1.0
45,5,1.6,1.0
45,6,1.8,1.0
45,7,1.2000000000000002,1.0
45,8,1.2000000000000002,1.0
45,9,1.2000000000000002,1.0
45,10,1.2000000000000002,1.0
45,11,1.4000000000000001,1.0
45,12,1.4000000000000001,1.0
45,13,1.4000000000000001,1.0
45,14,1.8,1.0
45,15,1.4000000000000001,1.0
45,16,1.4000000000000001,1.0
45,17,1.2000000000000002,1.0
45,18,1.6,1.0
45,19,1.4000000000000001,1.0
45,20,1.2000000000000002,1.0
45,21,1.2000000000000002,1.0
45,22,1.2000000000000002,1.0
45,23,1.2000000000000002,1.0
45,24,1.6,1.0
45,25,1.2000000000000002,1.0
45,26,1.4000000000000001,1.0
45,27,2.2,1.0
45,28,1.2000000000000002,1.0
45,29,1.4000000000000001,1.0
45,30,1.2000000000000002,1.0
45,31,1.2000000000000002,1.0
46,0,1.2000000000000002,1.0
46,1,1.2000000000000002,1.0
46,2,1.2000000000000002,1.0
46,3,1.2000000000000002,1.0
46,4,1.2000000000000002,1.0
46,5,1.2000000000000002,1.0
46,6,1.2000000000000002,1.0
46,7,1.2000000000000002,1.0
46,8,1.2000000000000002,1.0
46,9,1.2000000000000002,1.0
46,10,1.2000000000000002,1.0
46,11,1.2000000000000002,1.0
46,12,1.2000000000000002,1.0
46,13,1.2000000000000002,1.0
46,14,1.2000000000000002,1.0
46,15,1.4000000000000001,1.0
46,16,1.4000000000000001,1.0
46,17,1.2000000000000002,1.0
46,18,1.2000000000000002,1.0
46,19,1.4000000000000001,1.0
46,20,1.2000000000000002,1.0
46,21,1.2000000000000002,1.0
46,22,1.2000000000000002,1.0
46,23,1.2000000000000002,1.0
46,24,1.2000000000000002,1.0
46,25,1.2000000000000002,1.0
46,26,1.2000000000000002,1.0
46,27,1.2000000000000002,1.0
46,28,1.2000000000000002,1.0
46,29,1.2000000000000002,1.0
46,30,1.2000000000000002,1.0
46,31,1.2000000000000002,1.0
47,0,1.2000000000000002,1.0
47,1,1.2000000000000002,1.0
47,2,1.2000000000000002,1.0
47,3,1.2000000000000002,1.0
47,4,1.2000000000000002,1.0
47,5,1.4000000000000001,1.0
47,6,1.2000000000000002,1.0
47,7,1.2000000000000002,1.0
47,8,1.2000000000000002,1.0
47,9,1.2000000000000002,1.0
47,10,1.2000000000000002,1.0
47,11,1.2000000000000002,1.0
47,12,1.2000000000000002,1.0
47,13,1.2000000000000002,1.0
47,14,1.2000000000000002,1.0
47,15,1.2000000000000002,1.0
47,16,1.2000000000000002,1.0
47,17,1.2000000000000002,1.0
47,18,1.2000000000000002,1.0
47,19,1.2000000000000002,1.0
47,20,1.2000000000000002,1.0
47,21,1.2000000000000002,1.0
47,22,1.2000000000000002,1.0
47,23,1.2000000000000002,1.0
47,24,1.2000000000000002,1.0
47,25,1.2000000000000002,1.0
47,26,1.2000000000000002,1.0
47,27,1.2000000000000002,1.0
47,28,1.2000000000000002,1.0
47,29,1.2000000000000002,1.0
47,30,1.2000000000000002,1.0
47,31,1.2000000000000002,1.0
48,0,3.2,1.6
48,1,2.2,1.6
48,2,2.0,1.6
48,3,2.4000000000000004,1.6
48,4,1.8,1.6
48,5,2.2,1.6
48,6,4.2,1.6
48,7,2.8000000000000003,1.6
48,8,1.8,1.6
48,9,3.4000000000000004,1.6
48,10,3.2,1.6
48,11,2.4000000000000004,1.6
48,12,2.2,1.6
48,13,2.0,1.6
48,14,2.2,1.6
48,15,1.8,1.6
48,16,2.2,1.6
48,17,1.8,1.6
48,18,2.4000000000000004,1.6
48,19,1.8,1.6
48,20,2.2,1.6
48,21,1.8,1.6
48,22,1.8,1.6
48,23,2.6,1.6
48,24,3.6,1.6
48,25,2.8000000000000003,1.6
48,26,2.2,1.6
48,27,2.6,1.6
48,28,2.6,1.6
48,29,3.6,1.6
48,30,3.0,1.6
48,31,2.2,1.6
49,0,1.8,1.4000000000000001
49,1,1.8,1.4000000000000001
49,2,1.6,1.4000000000000001
49,3,2.0,1.6
49,4,1.8,1.4000000000000001
49,5,1.8,1.6
49,6,1.8,1.6
49,7,1.6,1.4000000000000001
49,8,1.6,1.4000000000000001
49,9,2.4000000000000004,1.6
49,10,1.8,1.4000000000000001
49,11,1.6,1.4000000000000001
49,12,2.0,1.6
49,13,1.6,1.4000000000000001
49,14,2.2,1.4000000000000001
49,15,1.8,1.6
49,16,1.8,1.6
49,17,1.8,1.6
49,18,1.6,1.4000000000000001
49,19,1.6,1.4000000000000001
49,20,1.8,1.4000000000000001
49,21,1.6,1.4000000000000001
49,22,2.2,1.4000000000000001
49,23,2.2,1.6
49,24,1.8,1.4000000000000001
49,25,1.8,1.6
49,26,2.4000000000000004,1.6
49,27,1.8,1.4000000000000001
49,28,1.8,1.4000000000000001
49,29,1.6,1.4000000000000001
49,30,2.2,1.4000000000000001
49,31,1.8,1.4000000000000001
50,0,1.8,1.2000000000000002
50,1,1.4000000000000001,1.2000000000000002
50,2,1.4000000000000001,1.2000000000000002
50,3,1.4000000000000001,1.2000000000000002
50,4,1.4000000000000001,1.2000000000000002
50,5,1.4000000000000001,1.2000000000000002
50,6,1.4000000000000001,1.2000000000000002
50,7,1.4000000000000001,1.2000000000000002
50,8,1.4000000000000001,1.2000000000000002
50,9,1.8,1.2000000000000002
50,10,1.4000000000000001,1.2000000000000002
50,11,1.4000000000000001,1.2000000000000002
50,12,1.4000000000000001,1.2000000000000002
50,13,1.4000000000000001,1.2000000000000002
50,14,1.4000000000000001,1.2000000000000002
50,15,1.4000000000000001,1.2000000000000002
50,16,1.8,1.4000000000000001
50,17,1.4000000000000001,1.2000000000000002
50,18,1.4000000000000001,1.2000000000000002
50,19,1.4000000000000001,1.2000000000000002
50,20,1.4000000000000001,1.2000000000000002
50,21,1.4000000000000001,1.2000000000000002
50,22,1.4000000000000001,1.2000000000000002
50,23,1.8,1.2000000000000002
50,24,1.4000000000000001,1.2000000000000002
50,25,1.4000000000000001,1.2000000000000002
50,26,1.4000000000000001,1.2000000000000002
50,27,1.4000000000000001,1.2000000000000002
50,28,1.4000000000000001,1.2000000000000002
50,29,1.4000000000000001,1.2000000000000002
50,30,1.4000000000000001,1.2000000000000002
50,31,1.4000000000000001,1.2000000000000002
51,0,1.6,1.4000000000000001
51,1,1.6,1.4000000000000001
51,2,1.8,1.4000000000000001
51,3,1.6,1.4000000000000001
51,4,1.6,1.4000000000000001
51,5,1.6,1.4000000000000001
51,6,1.6,1.4000000000000001
51,7,1.6,1.4000000000000001
51,8,1.6,1.4000000000000001
51,9,1.6,1.4000000000000001
51,10,1.6,1.4000000000000001
51,11,1.6,1.4000000000000001
51,12,1.6,1.4000000000000001
51,13,1.6,1.4000000000000001
51,14,1.6,1.4000000000000001
51,15,1.6,1.4000000000000001
51,16,1.6,1.4000000000000001
51,17,1.6,1.4000000000000001
51,18,1.6,1.4000000000000001
51,19,1.6,1.4000000000000001
51,20,1.6,1.4000000000000001
51,21,1.6,1.4000000000000001
51,22,1.6,1.4000000000000001
51,23,1.6,1.4000000000000001
51,24,1.6,1.4000000000000001
51,25,1.6,1.4000000000000001
51,26,1.6,1.4000000000000001
51,27,1.6,1.4000000000000001
51,28,1.6,1.4000000000000001
51,29,1.6,1.4000000000000001
51,30,1.6,1.4000000000000001
51,31,1.6,1.4000000000000001
52,0,2.2,2.0
52,1,2.2,2.0
52,2,2.6,2.0
52,3,2.8000000000000003,2.0
52,4,2.4000000000000004,2.0
52,5,2.4000000000000004,2.0
52,6,2.4000000000000004,2.0
52,7,2.4000000000000004,2.0
52,8,2.2,2.0
52,9,2.2,2.0
52,10,2.2,2.0
52,11,2.2,2.0
52,12,2.8000000000000003,2.0
52,13,3.2,2.0
52,14,2.6,2.0
52,15,2.2,2.0
52,16,2.4000000000000004,2.0
52,17,3.0,2.0
52,18,3.0,2.0
52,19,2.4000000000000004,2.0
52,20,3.8000000000000003,2.0
52,21,2.4000000000000004,2.0
52,22,3.2,2.0
52,23,2.8000000000000003,2.2
52,24,5.4,2.0
52,25,2.2,2.0
52,26,2.2,2.0
52,27,3.4000000000000004,2.0
52,28,2.4000000000000004,2.0
52,29,3.0,2.0
52,30,2.2,2.0
52,31,2.4000000000000004,2.0
53,0,2.4000000000000004,1.8
53,1,2.2,1.8
53,2,2.2,1.8
53,3,2.4000000000000004,1.8
53,4,3.2,1.8
53,5,2.0,1.8
53,6,2.0,1.8
53,7,2.0,1.8
53,8,2.0,1.8
53,9,2.0,1.8
53,10,2.0,1.8
53,11,2.2,1.8
53,12,2.0,1.8
53,13,3.0,1.8
53,14,2.2,1.8
53,15,2.0,1.8
53,16,2.0,1.8
53,17,2.0,1.8
53,18,2.0,1.8
53,19,2.2,1.8
53,20,2.0,1.8
53,21,2.2,1.8
53,22,2.0,1.8
53,23,2.0,1.8
53,24,2.0,1.8
53,25,2.0,1.8
53,26,2.0,1.8
53,27,2.0,1.8
53,28,2.2,1.8
53,29,2.0,1.8
53,30,2.0,1.8
53,31,2.4000000000000004,1.8
54,0,1.8,1.6
54,1,1.8,1.6
54,2,1.8,1.6
54,3,1.8,1.6
54,4,1.8,1.6
54,5,1.8,1.6
54,6,1.8,1.6
54,7,1.8,1.6
54,8,1.8,1.6
54,9,2.0,1.6
54,10,1.8,1.6
54,11,2.0,1.6
54,12,1.8,1.6
54,13,1.8,1.6
54,14,1.8,1.6
54,15,1.8,1.6
54,16,2.0,1.6
54,17,1.8,1.6
54,18,1.8,1.6
54,19,1.8,1.6
54,20,1.8,1.6
54,21,1.8,1.6
54,22,1.8,1.6
54,23,1.8,1.6
54,24,1.8,1.6
54,25,1.8,1.6
54,26,1.8,1.6
54,27,1.8,1.6
54,28,1.8,1.6
54,29,1.8,1.6
54,30,1.8,1.6
54,31,1.8,1.6
55,0,1.8,1.6
55,1,1.8,1.6
55,2,1.8,1.6
55,3,2.0,1.6
55,4,1.8,1.6
55,5,1.8,1.6
55,6,1.8,1.6
55,7,1.8,1.6
55,8,1.8,1.6
55,9,1.8,1.6
55,10,1.8,1.6
55,11,1.8,1.6
55,12,1.8,1.6
55,13,1.8,1.6
55,14,1.8,1.6
55,15,1.8,1.6
55,16,1.8,1.6
55,17,1.8,1.6
55,18,1.8,1.6
55,19,1.8,1.6
55,20,1.8,1.6
55,21,1.8,1.6
55,22,1.8,1.6
55,23,1.8,1.6
55,24,1.8,1.6
55,25,1.8,1.6
55,26,1.8,1.6
55,27,1.8,1.6
55,28,1.8,1.6
55,29,1.8,1.6
55,30,1.8,1.6
55,31,1.8,1.6
56,0,0.4,0.4
56,1,1.0,0.4
56,2,0.6000000000000001,0.4
56,3,0.4,0.4
56,4,0.8,0.4
56,5,0.8,0.4
56,6,0.8,0.6000000000000001
56,7,0.4,0.4
56,8,0.4,0.4
56,9,0.4,0.4
56,10,1.2000000000000002,0.4
56,11,0.4,0.4
56,12,1.0,0.4
56,13,0.4,0.4
56,14,0.4,0.4
56,15,0.6000000000000001,0.4
56,16,1.4000000000000001,0.4
56,17,0.4,0.4
56,18,0.4,0.4
56,19,0.6000000000000001,0.4
56,20,0.4,0.4
56,21,0.4,0.4
56,22,0.8,0.4
56,23,0.4,0.4
56,24,0.8,0.4
56,25,0.4,0.4
56,26,0.4,0.4
56,27,0.6000000000000001,0.4
56,28,0.6000000000000001,0.4
56,29,0.4,0.4
56,30,0.4,0.4
56,31,0.4,0.4
57,0,0.4,0.4
57,1,0.4,0.4
57,2,0.4,0.4
57,3,0.4,0.4
57,4,0.8,0.4
57,5,0.4,0.4
57,6,0.4,0.4
57,7,0.4,0.4
57,8,0.4,0.4
57,9,0.4,0.4
57,10,0.6000000000000001,0.4
57,11,0.4,0.4
57,12,0.4,0.4
57,13,0.4,0.4
57,14,0.4,0.4
57,15,0.4,0.4
57,16,0.6000000000000001,0.4
57,17,0.6000000000000001,0.4
57,18,0.4,0.4
57,19,0.4,0.4
57,20,0.4,0.4
57,21,0.4,0.4
57,22,0.4,0.4
57,23,0.4,0.4
57,24,0.4,0.4
57,25,0.4,0.4
57,26,0.4,0.4
57,27,0.4,0.4
57,28,0.4,0.4
57,29,0.4,0.4
57,30,0.6000000000000001,0.4
57,31,0.4,0.4
58,0,0.4,0.4
58,1,0.4,0.4
58,2,0.4,0.4
58,3,0.4,0.4
58,4,0.4,0.4
58,5,0.4,0.4
58,6,0.4,0.4
58,7,0.4,0.4
58,8,0.4,0.4
58,9,0.4,0.4
58,10,0.4,0.4
58,11,0.4,0.4
58,12,0.4,0.4
58,13,0.4,0.4
58,14,0.4,0.4
58,15,0.4,0.4
58,16,0.4,0.4
58,17,0.4,0.4
58,18,0.4,0.4
58,19,0.4,0.4
58,20,0.4,0.4
58,21,0.4,0.4
58,22,0.4,0.4
58,23,0.4,0.4
58,24,0.6000000000000001,0.4
58,25,0.4,0.4
58,26,0.4,0.4
58,27,0.4,0.4
58,28,0.4,0.4
58,29,0.4,0.4
58,30,0.4,0.4
58,31,0.4,0.4
59,0,0.6000000000000001,0.6000000000000001
59,1,0.6000000000000001,0.6000000000000001
59,2,0.6000000000000001,0.6000000000000001
59,3,0.6000000000000001,0.6000000000000001
59,4,0.6000000000000001,0.6000000000000001
59,5,0.6000000000000001,0.6000000000000001
59,6,0.6000000000000001,0.6000000000000001
59,7,0.6000000000000001,0.6000000000000001
59,8,0.6000000000000001,0.6000000000000001
59,9,0.6000000000000001,0.6000000000000001
59,10,0.6000000000000001,0.6000000000000001
59,11,0.6000000000000001,0.6000000000000001
59,12,0.6000000000000001,0.6000000000000001
59,13,0.6000000000000001,0.6000000000000001
59,14,0.6000000000000001,0.6000000000000001
59,15,0.6000000000000001,0.6000000000000001
59,16,0.6000000000000001,0.6000000000000001
59,17,0.6000000000000001,0.6000000000000001
59,18,0.6000000000000001,0.6000000000000001
59,19,0.6000000000000001,0.6000000000000001
59,20,0.6000000000000001,0.6000000000000001
59,21,0.6000000000000001,0.6000000000000001
59,22,0.6000000000000001,0.6000000000000001
59,23,0.6000000000000001,0.6000000000000001
59,24,0.6000000000000001,0.6000000000000001
59,25,0.6000000000000001,0.6000000000000001
59,26,0.6000000000000001,0.6000000000000001
59,27,0.6000000000000001,0.6000000000000001
59,28,0.6000000000000001,0.6000000000000001
59,29,0.6000000000000001,0.6000000000000001
59,30,0.6000000000000001,0.6000000000000001
59,31,0.6000000000000001,0.6000000000000001
60,0,0.6000000000000001,0.6000000000000001
60,1,0.6000000000000001,0.6000000000000001
60,2,0.6000000000000001,0.6000000000000001
60,3,0.8,0.6000000000000001
60,4,0.8,0.6000000000000001
60,5,0.8,0.6000000000000001
60,6,0.6000000000000001,0.6000000000000001
60,7,1.6,0.6000000000000001
60,8,0.6000000000000001,0.6000000000000001
60,9,0.8,0.6000000000000001
60,10,0.8,0.6000000000000001
60,11,1.2000000000000002,0.6000000000000001
60,12,0.6000000000000001,0.6000000000000001
60,13,2.8000000000000003,0.6000000000000001
60,14,0.8,0.6000000000000001
60,15,0.6000000000000001,0.6000000000000001
60,16,0.8,0.6000000000000001
60,17,0.6000000000000001,0.6000000000000001
60,18,0.6000000000000001,0.6000000000000001
60,19,0.6000000000000001,0.6000000000000001
60,20,1.0,0.6000000000000001
60,21,0.6000000000000001,0.6000000000000001
60,22,0.6000000000000001,0.6000000000000001
60,23,1.0,0.6000000000000001
60,24,0.6000000000000001,0.6000000000000001
60,25,1.4000000000000001,0.6000000000000001
60,26,0.6000000000000001,0.6000000000000001
60,27,0.8,0.6000000000000001
60,28,1.2000000000000002,0.6000000000000001
60,29,1.2000000000000002,0.6000000000000001
60,30,0.6000000000000001,0.6000000000000001
60,31,0.8,0.6000000000000001
61,0,0.4,0.4
61,1,0.4,0.4
61,2,0.6000000000000001,0.4
61,3,0.4,0.4
61,4,0.6000000000000001,0.4
61,5,0.4,0.4
61,6,0.4,0.4
61,7,0.4,0.4
61,8,0.4,0.4
61,9,0.4,0.4
61,10,0.4,0.4
61,11,0.4,0.4
61,12,0.4,0.4
61,13,0.4,0.4
61,14,0.6000000000000001,0.4
61,15,0.4,0.4
61,16,1.0,0.4
61,17,0.4,0.4
61,18,0.4,0.4
61,19,0.4,0.4
61,20,0.4,0.4
61,21,0.4,0.4
61,22,0.4,0.4
61,23,0.4,0.4
61,24,0.4,0.4
61,25,0.4,0.4
61,26,0.4,0.4
61,27,0.6000000000000001,0.4
61,28,0.4,0.4
61,29,0.4,0.4
61,30,0.4,0.4
61,31,0.4,0.4
62,0,0.4,0.4
62,1,0.4,0.4
62,2,0.4,0.4
62,3,0.4,0.4
62,4,0.4,0.4
62,5,0.6000000000000001,0.4
62,6,0.4,0.4
62,7,0.4,0.4
62,8,0.4,0.4
62,9,0.4,0.4
62,10,0.4,0.4
62,11,0.4,0.4
62,12,0.4,0.4
62,13,0.4,0.4
62,14,0.4,0.4
62,15,0.4,0.4
62,16,0.4,0.4
62,17,0.4,0.4
62,18,0.4,0.4
62,19,0.4,0.4
62,20,0.4,0.4
62,21,0.4,0.4
62,22,0.4,0.4
62,23,0.4,0.4
62,24,0.4,0.4
62,25,0.4,0.4
62,26,0.4,0.4
62,27,0.4,0.4
62,28,0.4,0.4
62,29,0.4,0.4
62,30,0.4,0.4
62,31,0.4,0.4
63,0,0.6000000000000001,0.6000000000000001
63,1,0.6000000000000001,0.6000000000000001
63,2,0.6000000000000001,0.6000000000000001
63,3,0.6000000000000001,0.6000000000000001
63,4,0.6000000000000001,0.6000000000000001
63,5,0.6000000000000001,0.6000000000000001
63,6,0.6000000000000001,0.6000000000000001
63,7,0.6000000000000001,0.6000000000000001
63,8,0.6000000000000001,0.6000000000000001
63,9,0.6000000000000001,0.6000000000000001
63,10,0.6000000000000001,0.6000000000000001
63,11,0.6000000000000001,0.6000000000000001
63,12,0.6000000000000001,0.6000000000000001
63,13,0.6000000000000001,0.6000000000000001
63,14,0.6000000000000001,0.6000000000000001
63,15,0.6000000000000001,0.6000000000000001
63,16,0.6000000000000001,0.6000000000000001
63,17,0.6000000000000001,0.6000000000000001
63,18,0.6000000000000001,0.6000000000000001
63,19,0.6000000000000001,0.6000000000000001
63,20,0.6000000000000001,0.6000000000000001
63,21,0.6000000000000001,0.6000000000000001
63,22,0.6000000000000001,0.6000000000000001
63,23,0.6000000000000001,0.6000000000000001
63,24,0.6000000000000001,0.6000000000000001
63,25,0.6000000000000001,0.6000000000000001
63,26,0.6000000000000001,0.6000000000000001
63,27,0.6000000000000001,0.6000000000000001
63,28,0.6000000000000001,0.6000000000000001
63,29,0.6000000000000001,0.6000000000000001
63,30,0.6000000000000001,0.6000000000000001
63,31,0.6000000000000001,0.6000000000000001
64,0,0.8,0.8
64,1,0.8,0.8
64,2,0.8,0.8
64,3,1.0,0.8
64,4,1.2000000000000002,0.8
64,5,1.0,0.8
64,6,1.4000000000000001,0.8
64,7,0.8,0.8
64,8,1.0,0.8
64,9,0.8,0.8
64,10,1.0,0.8
64,11,0.8,0.8
64,12,1.0,0.8
64,13,0.8,0.8
64,14,1.0,0.8
64,15,0.8,0.8
64,16,1.0,0.8
64,17,1.0,0.8
64,18,0.8,0.8
64,19,0.8,0.8
64,20,1.2000000000000002,0.8
64,21,1.2000000000000002,0.8
64,22,0.8,0.8
64,23,0.8,0.8
64,24,1.2000000000000002,0.8
64,25,0.8,0.8
64,26,1.2000000000000002,0.8
64,27,1.0,0.8
64,28,0.8,0.8
64,29,1.0,0.8
64,30,1.0,0.8
64,31,1.0,0.8
65,0,0.6000000000000001,0.6000000000000001
65,1,0.6000000000000001,0.6000000000000001
65,2,0.6000000000000001,0.6000000000000001
65,3,0.6000000000000001,0.6000000000000001
65,4,0.6000000000000001,0.6000000000000001
65,5,0.6000000000000001,0.6000000000000001
65,6,0.6000000000000001,0.6000000000000001
65,7,0.6000000000000001,0.6000000000000001
65,8,0.6000000000000001,0.6000000000000001
65,9,0.8,0.6000000000000001
65,10,0.6000000000000001,0.6000000000000001
65,11,0.8,0.6000000000000001
65,12,0.6000000000000001,0.6000000000000001
65,13,0.6000000000000001,0.6000000000000001
65,14,0.6000000000000001,0.6000000000000001
65,15,0.6000000000000001,0.6000000000000001
65,16,0.8,0.6000000000000001
65,17,0.6000000000000001,0.6000000000000001
65,18,0.6000000000000001,0.6000000000000001
65,19,0.6000000000000001,0.6000000000000001
65,20,0.6000000000000001,0.6000000000000001
65,21,0.6000000000000001,0.6000000000000001
65,22,0.6000000000000001,0.6000000000000001
65,23,0.6000000000000001,0.6000000000000001
65,24,0.6000000000000001,0.6000000000000001
65,25,0.6000000000000001,0.6000000000000001
65,26,0.6000000000000001,0.6000000000000001
65,27,0.6000000000000001,0.6000000000000001
65,28,0.6000000000000001,0.6000000000000001
65,29,0.6000000000000001,0.6000000000000001
65,30,0.6000000000000001,0.6000000000000001
65,31,0.8,0.6000000000000001
66,0,0.6000000000000001,0.6000000000000001
66,1,0.6000000000000001,0.6000000000000001
66,2,0.6000000000000001,0.6000000000000001
66,3,0.8,0.6000000000000001
66,4,0.6000000000000001,0.6000000000000001
66,5,0.6000000000000001,0.6000000000000001
66,6,0.6000000000000001,0.6000000000000001
66,7,0.6000000000000001,0.6000000000000001
66,8,0.6000000000000001,0.6000000000000001
66,9,0.6000000000000001,0.6000000000000001
66,10,0.6000000000000001,0.6000000000000001
66,11,0.6000000000000001,0.6000000000000001
66,12,0.6000000000000001,0.6000000000000001
66,13,0.6000000000000001,0.6000000000000001
66,14,0.6000000000000001,0.6000000000000001
66,15,0.6000000000000001,0.6000000000000001
66,16,0.6000000000000001,0.6000000000000001
66,17,0.6000000000000001,0.6000000000000001
66,18,0.6000000000000001,0.6000000000000001
66,19,0.6000000000000001,0.6000000000000001
66,20,0.6000000000000001,0.6000000000000001
66,21,0.6000000000000001,0.6000000000000001
66,22,0.6000000000000001,0.6000000000000001
66,23,0.6000000000000001,0.6000000000000001
66,24,0.6000000000000001,0.6000000000000001
66,25,0.6000000000000001,0.6000000000000001
66,26,0.6000000000000001,0.6000000000000001
66,27,0.6000000000000001,0.6000000000000001
66,28,0.6000000000000001,0.6000000000000001
66,29,0.6000000000000001,0.6000000000000001
66,30,0.6000000000000001,0.6000000000000001
66,31,0.6000000000000001,0.6000000000000001
67,0,0.6000000000000001,0.6000000000000001
67,1,0.6000000000000001,0.6000000000000001
67,2,0.8,0.8
67,3,0.6000000000000001,0.6000000000000001
67,4,0.6000000000000001,0.6000000000000001
67,5,0.6000000000000001,0.6000000000000001
67,6,0.6000000000000001,0.6000000000000001
67,7,0.6000000000000001,0.6000000000000001
67,8,0.6000000000000001,0.6000000000000001
67,9,0.8,0.8
67,10,0.6000000000000001,0.6000000000000001
67,11,0.6000000000000001,0.6000000000000001
67,12,0.6000000000000001,0.6000000000000001
67,13,0.6000000000000001,0.6000000000000001
67,14,0.6000000000000001,0.6000000000000001
67,15,0.6000000000000001,0.6000000000000001
67,16,0.6000000000000001,0.6000000000000001
67,17,0.6000000000000001,0.6000000000000001
67,18,0.6000000000000001,0.6000000000000001
67,19,0.6000000000000001,0.6000000000000001
67,20,0.6000000000000001,0.6000000000000001
67,21,0.6000000000000001,0.6000000000000001
67,22,0.6000000000000001,0.6000000000000001
67,23,0.6000000000000001,0.6000000000000001
67,24,0.6000000000000001,0.6000000000000001
67,25,0.6000000000000001,0.6000000000000001
67,26,0.8,0.8
67,27,0.6000000000000001,0.6000000000000001
67,28,0.6000000000000001,0.6000000000000001
67,29,0.6000000000000001,0.6000000000000001
67,30,0.6000000000000001,0.6000000000000001
67,31,0.6000000000000001,0.6000000000000001
68,0,1.0,1.0
68,1,1.0,1.0
68,2,1.0,1.0
68,3,1.0,1.0
68,4,1.2000000000000002,1.0
68,5,1.4000000000000001,1.0
68,6,2.4000000000000004,1.0
68,7,1.2000000000000002,1.0
68,8,1.0,1.0
68,9,1.2000000000000002,1.0
68,10,1.2000000000000002,1.0
68,11,1.0,1.0
68,12,1.2000000000000002,1.0
68,13,1.2000000000000002,1.0
68,14,1.6,1.0
68,15,1.2000000000000002,1.0
68,16,1.2000000000000002,1.0
68,17,1.0,1.0
68,18,1.0,1.0
68,19,1.4000000000000001,1.0
68,20,1.4000000000000001,1.0
68,21,1.0,1.0
68,22,1.0,1.0
68,23,1.0,1.0
68,24,1.2000000000000002,1.0
68,25,1.2000000000000002,1.0
68,26,1.0,1.0
68,27,1.0,1.0
68,28,1.0,1.0
68,29,1.4000000000000001,1.0
68,30,1.2000000000000002,1.0
68,31,1.0,1.0
69,0,1.0,0.8
69,1,1.0,0.8
69,2,0.8,0.8
69,3,1.0,0.8
69,4,1.0,0.8
69,5,0.8,0.8
69,6,0.8,0.8
69,7,0.8,0.8
69,8,0.8,0.8
69,9,0.8,0.8
69,10,0.8,0.8
69,11,0.8,0.8
69,12,0.8,0.8
69,13,0.8,0.8
69,14,0.8,0.8
69,15,0.8,0.8
69,16,0.8,0.8
69,17,0.8,0.8
69,18,1.0,0.8
69,19,0.8,0.8
69,20,1.0,0.8
69,21,0.8,0.8
69,22,1.0,0.8
69,23,0.8,0.8
69,24,0.8,0.8
69,25,0.8,0.8
69,26,1.2000000000000002,0.8
69,27,0.8,0.8
69,28,0.8,0.8
69,29,0.8,0.8
69,30,0.8,0.8
69,31,0.8,0.8
70,0,0.8,0.8
70,1,0.8,0.8
70,2,0.8,0.8
70,3,0.8,0.8
70,4,0.8,0.8
70,5,0.8,0.8
70,6,0.8,0.8
70,7,0.8,0.8
70,8,0.8,0.8
70,9,0.8,0.8
70,10,0.8,0.8
70,11,0.8,0.8
70,12,0.8,0.8
70,13,0.8,0.8
70,14,0.8,0.8
70,15,0.8,0.8
70,16,0.8,0.8
70,17,0.8,0.8
70,18,0.8,0.8
70,19,0.8,0.8
70,20,0.8,0.8
70,21,0.8,0.8
70,22,0.8,0.8
70,23,0.8,0.8
70,24,0.8,0.8
70,25,0.8,0.8
70,26,0.8,0.8
70,27,0.8,0.8
70,28,0.8,0.8
70,29,0.8,0.8
70,30,0.8,0.8
70,31,0.8,0.8
71,0,0.8,0.8
71,1,0.8,0.8
71,2,0.8,0.8
71,3,0.8,0.8
71,4,0.8,0.8
71,5,0.8,0.8
71,6,0.8,0.8
71,7,0.8,0.8
71,8,0.8,0.8
71,9,0.8,0.8
71,10,0.8,0.8
71,11,0.8,0.8
71,12,0.8,0.8
71,13,0.8,0.8
71,14,0.8,0.8
71,15,0.8,0.8
71,16,0.8,0.8
71,17,0.8,0.8
71,18,0.8,0.8
71,19,0.8,0.8
71,20,0.8,0.8
71,21,0.8,0.8
71,22,0.8,0.8
71,23,0.8,0.8
71,24,0.8,0.8
71,25,0.8,0.8
71,26,0.8,0.8
71,27,0.8,0.8
71,28,0.8,0.8
71,29,0.8,0.8
71,30,0.8,0.8
71,31,0.8,0.8
72,0,1.4000000000000001,1.4000000000000001
72,1,1.4000000000000001,1.4000000000000001
72,2,1.6,1.4000000000000001
72,3,1.4000000000000001,1.4000000000000001
72,4,1.6,1.4000000000000001
72,5,1.6,1.4000000000000001
72,6,1.4000000000000001,1.4000000000000001
72,7,1.6,1.4000000000000001
72,8,1.4000000000000001,1.4000000000000001
72,9,1.4000000000000001,1.4000000000000001
72,10,1.6,1.4000000000000001
72,11,1.4000000000000001,1.4000000000000001
72,12,1.4000000000000001,1.4000000000000001
72,13,1.4000000000000001,1.4000000000000001
72,14,1.6,1.4000000000000001
72,15,1.6,1.4000000000000001
72,16,1.6,1.4000000000000001
72,17,1.6,1.4000000000000001
72,18,1.4000000000000001,1.4000000000000001
72,19,1.4000000000000001,1.4000000000000001
72,20,3.0,1.4000000000000001
72,21,1.6,1.4000000000000001
72,22,1.4000000000000001,1.4000000000000001
72,23,1.8,1.4000000000000001
72,24,1.8,1.4000000000000001
72,25,2.2,1.4000000000000001
72,26,1.8,1.4000000000000001
72,27,1.4000000000000001,1.4000000000000001
72,28,1.6,1.4000000000000001
72,29,1.4000000000000001,1.4000000000000001
72,30,1.4000000000000001,1.4000000000000001
72,31,1.4000000000000001,1.4000000000000001
73,0,1.0,1.0
73,1,1.0,1.0
73,2,1.0,1.0
73,3,1.0,1.0
73,4,1.0,1.0
73,5,1.8,1.0
73,6,1.0,1.0
73,7,1.0,1.0
73,8,1.0,1.0
73,9,1.2000000000000002,1.0
73,10,1.0,1.0
73,11,1.0,1.0
73,12,1.2000000000000002,1.0
73,13,1.2000000000000002,1.0
73,14,1.0,1.0
73,15,1.2000000000000002,1.0
73,16,1.0,1.0
73,17,1.0,1.0
73,18,1.6,1.0
73,19,1.0,1.0
73,20,1.0,1.0
73,21,1.0,1.0
73,22,1.2000000000000002,1.0
73,23,1.0,1.0
73,24,1.4000000000000001,1.0
73,25,1.0,1.0
73,26,1.0,1.0
73,27,1.0,1.0
73,28,1.0,1.0
73,29,1.0,1.0
73,30,1.0,1.0
73,31,1.0,1.0
74,0,1.0,1.0
74,1,1.0,1.0
74,2,1.0,1.0
74,3,1.0,1.0
74,4,1.2000000000000002,1.0
74,5,1.0,1.0
74,6,1.0,1.0
74,7,1.0,1.0
74,8,1.0,1.0
74,9,1.0,1.0
74,10,1.0,1.0
74,11,1.0,1.0
74,12,1.0,1.0
74,13,1.0,1.0
74,14,1.0,1.0
74,15,1.0,1.0
74,16,1.2000000000000002,1.0
74,17,1.0,1.0
74,18,1.0,1.0
74,19,1.0,1.0
74,20,1.0,1.0
74,21,1.0,1.0
74,22,1.0,1.0
74,23,1.0,1.0
74,24,1.0,1.0
74,25,1.0,1.0
74,26,1.0,1.0
74,27,1.0,1.0
74,28,1.0,1.0
74,29,1.0,1.0
74,30,1.0,1.0
74,31,1.0,1.0
75,0,1.0,1.0
75,1,1.0,1.0
75,2,1.0,1.0
75,3,1.0,1.0
75,4,1.0,1.0
75,5,1.0,1.0
75,6,1.0,1.0
75,7,1.0,1.0
75,8,1.0,1.0
75,9,1.0,1.0
75,10,1.0,1.0
75,11,1.0,1.0
75,12,1.0,1.0
75,13,1.0,1.0
75,14,1.0,1.0
75,15,1.0,1.0
75,16,1.2000000000000002,1.0
75,17,1.0,1.0
75,18,1.0,1.0
75,19,1.0,1.0
75,20,1.0,1.0
75,21,1.0,1.0
75,22,1.0,1.0
75,23,1.0,1.0
75,24,1.0,1.0
75,25,1.0,1.0
75,26,1.0,1.0
75,27,1.0,1.0
75,28,1.0,1.0
75,29,1.0,1.0
75,30,1.0,1.0
75,31,1.0,1.0
76,0,1.8,1.6
76,1,1.6,1.6
76,2,1.8,1.6
76,3,1.6,1.6
76,4,1.6,1.6
76,5,1.6,1.6
76,6,2.2,1.6
76,7,1.6,1.6
76,8,1.6,1.6
76,9,1.6,1.6
76,10,1.6,1.6
76,11,1.8,1.6
76,12,2.0,1.6
76,13,1.8,1.6
76,14,1.6,1.6
76,15,1.6,1.6
76,16,1.6,1.6
76,17,1.8,1.6
76,18,1.6,1.6
76,19,2.0,1.6
76,20,1.8,1.6
76,21,1.8,1.6
76,22,1.6,1.6
76,23,1.6,1.6
76,24,1.8,1.6
76,25,1.8,1.6
76,26,1.8,1.6
76,27,2.0,1.6
76,28,1.8,1.6
76,29,1.6,1.6
76,30,1.6,1.6
76,31,1.6,1.6
77,0,1.6,1.6
77,1,1.4000000000000001,1.4000000000000001
77,2,1.8,1.4000000000000001
77,3,1.6,1.6
77,4,1.6,1.4000000000000001
77,5,1.6,1.6
77,6,1.6,1.6
77,7,1.4000000000000001,1.4000000000000001
77,8,1.4000000000000001,1.4000000000000001
77,9,1.6,1.6
77,10,1.4000000000000001,1.4000000000000001
77,11,1.6,1.6
77,12,1.6,1.6
77,13,1.4000000000000001,1.4000000000000001
77,14,1.4000000000000001,1.4000000000000001
77,15,1.6,1.6
77,16,1.6,1.6
77,17,1.6,1.6
77,18,1.4000000000000001,1.4000000000000001
77,19,1.4000000000000001,1.4000000000000001
77,20,1.4000000000000001,1.4000000000000001
77,21,1.4000000000000001,1.4000000000000001
77,22,1.4000000000000001,1.4000000000000001
77,23,1.8,1.6
77,24,1.6,1.4000000000000001
77,25,1.6,1.6
77,26,1.6,1.6
77,27,1.4000000000000001,1.4000000000000001
77,28,1.6,1.6
77,29,1.8,1.4000000000000001
77,30,1.4000000000000001,1.4000000000000001
77,31,1.4000000000000001,1.4000000000000001
78,0,1.2000000000000002,1.2000000000000002
78,1,1.2000000000000002,1.2000000000000002
78,2,1.2000000000000002,1.2000000000000002
78,3,1.4000000000000001,1.2000000000000002
78,4,1.2000000000000002,1.2000000000000002
78,5,1.2000000000000002,1.2000000000000002
78,6,1.2000000000000002,1.2000000000000002
78,7,1.2000000000000002,1.2000000000000002
78,8,1.2000000000000002,1.2000000000000002
78,9,1.2000000000000002,1.2000000000000002
78,10,1.2000000000000002,1.2000000000000002
78,11,1.2000000000000002,1.2000000000000002
78,12,1.2000000000000002,1.2000000000000002
78,13,1.2000000000000002,1.2000000000000002
78,14,1.4000000000000001,1.2000000000000002
78,15,1.2000000000000002,1.2000000000000002
78,16,1.4000000000000001,1.4000000000000001
78,17,1.2000000000000002,1.2000000000000002
78,18,1.2000000000000002,1.2000000000000002
78,19,1.2000000000000002,1.2000000000000002
78,20,1.2000000000000002,1.2000000000000002
78,21,1.2000000000000002,1.2000000000000002
78,22,1.4000000000000001,1.2000000000000002
78,23,1.2000000000000002,1.2000000000000002
78,24,1.2000000000000002,1.2000000000000002
78,25,1.2000000000000002,1.2000000000000002
78,26,1.2000000000000002,1.2000000000000002
78,27,1.2000000000000002,1.2000000000000002
78,28,1.2000000000000002,1.2000000000000002
78,29,1.2000000000000002,1.2000000000000002
78,30,1.2000000000000002,1.2000000000000002
78,31,1.2000000000000002,1.2000000000000002
79,0,1.4000000000000001,1.4000000000000001
79,1,1.4000000000000001,1.4000000000000001
79,2,1.4000000000000001,1.4000000000000001
79,3,1.4000000000000001,1.4000000000000001
79,4,1.4000000000000001,1.4000000000000001
79,5,1.4000000000000001,1.4000000000000001
79,6,1.4000000000000001,1.4000000000000001
79,7,1.4000000000000001,1.4000000000000001
79,8,1.4000000000000001,1.4000000000000001
79,9,1.4000000000000001,1.4000000000000001
79,10,1.4000000000000001,1.4000000000000001
79,11,1.4000000000000001,1.4000000000000001
79,12,1.4000000000000001,1.4000000000000001
79,13,1.4000000000000001,1.4000000000000001
79,14,1.4000000000000001,1.4000000000000001
79,15,1.4000000000000001,1.4000000000000001
79,16,1.4000000000000001,1.4000000000000001
79,17,1.4000000000000001,1.4000000000000001
79,18,1.4000000000000001,1.4000000000000001
79,19,1.4000000000000001,1.4000000000000001
79,20,1.4000000000000001,1.4000000000000001
79,21,1.4000000000000001,1.4000000000000001
79,22,1.4000000000000001,1.4000000000000001
79,23,1.4000000000000001,1.4000000000000001
79,24,1.4000000000000001,1.4000000000000001
79,25,1.4000000000000001,1.4000000000000001
79,26,1.4000000000000001,1.4000000000000001
79,27,1.4000000000000001,1.4000000000000001
79,28,1.4000000000000001,1.4000000000000001
79,29,1.4000000000000001,1.4000000000000001
79,30,1.4000000000000001,1.4000000000000001
79,31,1.4000000000000001,1.4000000000000001
80,0,2.2,2.0
80,1,2.0,2.0
80,2,2.0,2.0
80,3,3.0,2.0
80,4,2.2,2.0
80,5,2.0,2.0
80,6,2.4000000000000004,2.0
80,7,2.2,2.0
80,8,2.2,2.0
80,9,2.0,2.0
80,10,2.6,2.0
80,11,3.4000000000000004,2.0
80,12,2.2,2.0
80,13,2.2,2.0
80,14,2.0,2.0
80,15,2.2,2.0
80,16,2.2,2.0
80,17,2.2,2.0
80,18,3.4000000000000004,2.0
80,19,2.2,2.0
80,20,2.2,2.0
80,21,2.2,2.0
80,22,2.0,2.0
80,23,2.6,2.2
80,24,2.0,2.0
80,25,2.2,2.0
80,26,2.2,2.0
80,27,2.0,2.0
80,28,2.2,2.0
80,29,2.0,2.0
80,30,2.2,2.0
80,31,2.2,2.0
81,0,1.8,1.8
81,1,1.8,1.8
81,2,1.8,1.8
81,3,2.4000000000000004,1.8
81,4,1.8,1.8
81,5,1.8,1.8
81,6,1.8,1.8
81,7,1.8,1.8
81,8,1.8,1.8
81,9,1.8,1.8
81,10,1.8,1.8
81,11,2.2,1.8
81,12,1.8,1.8
81,13,1.8,1.8
81,14,1.8,1.8
81,15,2.0,1.8
81,16,1.8,1.8
81,17,1.8,1.8
81,18,1.8,1.8
81,19,1.8,1.8
81,20,1.8,1.8
81,21,1.8,1.8
81,22,1.8,1.8
81,23,1.8,1.8
81,24,1.8,1.8
81,25,1.8,1.8
81,26,1.8,1.8
81,27,2.0,1.8
81,28,2.0,1.8
81,29,1.8,1.8
81,30,1.8,1.8
81,31,1.8,1.8
82,0,1.6,1.6
82,1,1.6,1.6
82,2,1.6,1.6
82,3,1.6,1.6
82,4,1.6,1.6
82,5,1.6,1.6
82,6,1.6,1.6
82,7,1.6,1.6
82,8,1.6,1.6
82,9,1.6,1.6
82,10,1.6,1.6
82,11,1.6,1.6
82,12,1.6,1.6
82,13,1.6,1.6
82,14,1.6,1.6
82,15,1.6,1.6
82,16,1.8,1.6
82,17,1.6,1.6
82,18,1.6,1.6
82,19,1.6,1.6
82,20,1.6,1.6
82,21,1.6,1.6
82,22,1.6,1.6
82,23,1.6,1.6
82,24,1.8,1.6
82,25,1.6,1.6
82,26,1.6,1.6
82,27,1.6,1.6
82,28,1.6,1.6
82,29,1.6,1.6
82,30,1.6,1.6
82,31,1.6,1.6
83,0,1.6,1.6
83,1,1.6,1.6
83,2,1.6,1.6
83,3,1.6,1.6
83,4,1.6,1.6
83,5,1.6,1.6
83,6,1.6,1.6
83,7,1.6,1.6
83,8,1.6,1.6
83,9,1.6,1.6
83,10,2.0,1.6
83,11,1.6,1.6
83,12,1.6,1.6
83,13,1.6,1.6
83,14,1.6,1.6
83,15,1.6,1.6
83,16,1.8,1.6
83,17,1.6,1.6
83,18,1.6,1.6
83,19,1.6,1.6
83,20,1.6,1.6
83,21,1.6,1.6
83,22,1.6,1.6
83,23,1.6,1.6
83,24,1.6,1.6
83,25,1.6,1.6
83,26,1.6,1.6
83,27,1.6,1.6
83,28,1.6,1.6
83,29,1.6,1.6
83,30,1.6,1.6
83,31,1.6,1.6
84,0,0.8,
84,1,0.6000000000000001,
84,2,1.2000000000000002,
84,3,1.0,
84,4,0.4,
84,5,1.2000000000000002,
84,6,0.4,
84,7,0.8,
84,8,0.2,
84,9,4.2,
84,10,0.4,
84,11,0.2,
84,12,0.6000000000000001,
84,13,0.6000000000000001,
84,14,0.6000000000000001,
84,15,0.4,
84,16,0.4,
84,17,2.8000000000000003,
84,18,0.4,
84,19,0.6000000000000001,
84,20,0.2,
84,21,0.8,
84,22,0.2,
84,23,0.2,
84,24,1.4000000000000001,
84,25,3.4000000000000004,
84,26,1.0,
84,27,3.4000000000000004,
84,28,0.2,
84,29,0.4,
84,30,0.4,
84,31,0.2,
85,0,1.2000000000000002,
85,1,0.2,
85,2,0.4,
85,3,0.4,
85,4,0.6000000000000001,
85,5,0.2,
85,6,0.2,
85,7,0.2,
85,8,0.2,
85,9,0.2,
85,10,0.2,
85,11,0.6000000000000001,
85,12,0.4,
85,13,1.2000000000000002,
85,14,1.2000000000000002,
85,15,0.6000000000000001,
85,16,0.4,
85,17,0.4,
85,18,0.2,
85,19,0.2,
85,20,0.6000000000000001,
85,21,0.2,
85,22,0.2,
85,23,0.2,
85,24,0.8,
85,25,0.8,
85,26,0.4,
85,27,0.2,
85,28,0.2,
85,29,0.2,
85,30,0.4,
85,31,0.2,
86,0,0.2,
86,1,0.2,
86,2,0.2,
86,3,0.2,
86,4,0.2,
86,5,0.2,
86,6,0.4,
86,7,0.2,
86,8,0.4,
86,9,0.2,
86,10,0.2,
86,11,0.2,
86,12,0.2,
86,13,0.6000000000000001,
86,14,0.6000000000000001,
86,15,0.2,
86,16,0.4,
86,17,0.2,
86,18,0.6000000000000001,
86,19,0.2,
86,20,0.2,
86,21,0.2,
86,22,0.2,
86,23,0.2,
86,24,0.6000000000000001,
86,25,0.2,
86,26,0.2,
86,27,0.4,
86,28,0.2,
86,29,0.2,
86,30,0.2,
86,31,0.2,
87,0,0.2,
87,1,0.2,
87,2,0.4,
87,3,0.2,
87,4,0.2,
87,5,0.2,
87,6,0.2,
87,7,0.2,
87,8,0.2,
87,9,0.2,
87,10,0.4,
87,11,0.2,
87,12,0.2,
87,13,0.2,
87,14,0.2,
87,15,0.2,
87,16,0.4,
87,17,0.2,
87,18,0.2,
87,19,0.2,
87,20,0.2,
87,21,0.2,
87,22,0.4,
87,23,0.4,
87,24,0.2,
87,25,0.2,
87,26,0.2,
87,27,0.2,
87,28,0.2,
87,29,0.2,
87,30,0.2,
87,31,0.2,
88,0,4.0,
88,1,2.6,
88,2,1.0,
88,3,0.4,
88,4,2.8000000000000003,
88,5,1.2000000000000002,
88,6,0.6000000000000001,
88,7,0.8,
88,8,4.0,
88,9,0.8,
88,10,0.4,
88,11,1.6,
88,12,0.8,
88,13,0.8,
88,14,1.8,
88,15,0.4,
88,16,0.6000000000000001,
88,17,0.8,
88,18,2.6,
88,19,2.4000000000000004,
88,20,0.4,
88,21,1.0,
88,22,0.6000000000000001,
88,23,2.6,
88,24,0.4,
88,25,0.8,
88,26,0.4,
88,27,0.8,
88,28,1.0,
88,29,1.0,
88,30,0.4,
88,31,0.8,
89,0,0.4,
89,1,2.0,
89,2,0.4,
89,3,0.4,
89,4,0.6000000000000001,
89,5,0.6000000000000001,
89,6,0.4,
89,7,0.4,
89,8,0.8,
89,9,0.4,
89,10,1.4000000000000001,
89,11,0.4,
89,12,0.4,
89,13,0.6000000000000001,
89,14,0.6000000000000001,
89,15,0.4,
89,16,0.4,
89,17,2.2,
89,18,0.4,
89,19,0.4,
89,20,1.0,
89,21,0.4,
89,22,0.6000000000000001,
89,23,1.0,
89,24,0.6000000000000001,
89,25,0.4,
89,26,0.4,
89,27,0.6000000000000001,
89,28,0.8,
89,29,0.6000000000000001,
89,30,0.4,
89,31,0.4,
90,0,0.4,
90,1,0.4,
90,2,1.0,
90,3,0.4,
90,4,0.6000000000000001,
90,5,0.4,
90,6,0.6000000000000001,
90,7,0.4,
90,8,0.6000000000000001,
90,9,0.4,
90,10,0.8,
90,11,0.8,
90,12,0.4,
90,13,0.4,
90,14,0.4,
90,15,0.4,
90,16,0.8,
90,17,0.4,
90,18,0.4,
90,19,0.4,
90,20,0.4,
90,21,0.6000000000000001,
90,22,0.4,
90,23,0.8,
90,24,1.6,
90,25,0.4,
90,26,0.4,
90,27,0.4,
90,28,0.8,
90,29,0.4,
90,30,0.4,
90,31,0.6000000000000001,
91,0,0.2,
91,1,0.2,
91,2,0.2,
91,3,0.2,
91,4,0.2,
91,5,0.2,
91,6,0.2,
91,7,0.4,
91,8,0.2,
91,9,0.2,
91,10,0.4,
91,11,0.2,
91,12,0.2,
91,13,0.2,
91,14,0.2,
91,15,0.2,
91,16,0.4,
91,17,0.2,
91,18,0.2,
91,19,0.2,
91,20,0.2,
91,21,0.2,
91,22,0.2,
91,23,0.2,
91,24,0.2,
91,25,0.2,
91,26,0.2,
91,27,0.2,
91,28,0.2,
91,29,0.2,
91,30,0.2,
91,31,0.4,
92,0,0.6000000000000001,
92,1,2.2,
92,2,0.6000000000000001,
92,3,1.6,
92,4,1.2000000000000002,
92,5,1.6,
92,6,0.8,
92,7,1.0,
92,8,0.6000000000000001,
92,9,0.6000000000000001,
92,10,2.8000000000000003,
92,11,1.4000000000000001,
92,12,0.6000000000000001,
92,13,1.2000000000000002,
92,14,3.2,
92,15,1.6,
92,16,1.4000000000000001,
92,17,2.2,
92,18,0.8,
92,19,7.800000000000001,
92,20,1.2000000000000002,
92,21,1.4000000000000001,
92,22,1.0,
92,23,0.8,
92,24,1.0,
92,25,0.6000000000000001,
92,26,1.0,
92,27,1.8,
92,28,0.6000000000000001,
92,29,1.8,
92,30,1.0,
92,31,1.4000000000000001,
93,0,1.6,
93,1,0.6000000000000001,
93,2,0.6000000000000001,
93,3,0.8,
93,4,1.4000000000000001,
93,5,0.8,
93,6,0.6000000000000001,
93,7,1.4000000000000001,
93,8,0.6000000000000001,
93,9,1.8,
93,10,0.8,
93,11,0.8,
93,12,0.6000000000000001,
93,13,1.0,
93,14,1.0,
93,15,0.6000000000000001,
93,16,0.6000000000000001,
93,17,0.8,
93,18,0.8,
93,19,3.0,
93,20,1.0,
93,21,0.8,
93,22,2.2,
93,23,0.6000000000000001,
93,24,0.6000000000000001,
93,25,0.8,
93,26,1.0,
93,27,1.2000000000000002,
93,28,0.6000000000000001,
93,29,1.8,
93,30,1.0,
93,31,0.6000000000000001,
94,0,0.4,
94,1,0.4,
94,2,0.4,
94,3,0.4,
94,4,0.6000000000000001,
94,5,0.4,
94,6,0.6000000000000001,
94,7,0.4,
94,8,0.4,
94,9,0.8,
94,10,0.6000000000000001,
94,11,0.4,
94,12,0.4,
94,13,0.4,
94,14,0.4,
94,15,0.4,
94,16,0.6000000000000001,
94,17,0.6000000000000001,
94,18,0.6000000000000001,
94,19,0.4,
94,20,0.6000000000000001,
94,21,0.4,
94,22,0.4,
94,23,0.4,
94,24,0.6000000000000001,
94,25,0.4,
94,26,0.4,
94,27,0.6000000000000001,
94,28,0.4,
94,29,0.6000000000000001,
94,30,0.4,
94,31,0.4,
95,0,0.4,
95,1,0.4,
95,2,0.4,
95,3,0.4,
95,4,0.4,
95,5,0.4,
95,6,0.4,
95,7,0.4,
95,8,0.4,
95,9,0.4,
95,10,0.4,
95,11,0.4,
95,12,0.4,
95,13,0.4,
95,14,0.4,
95,15,0.4,
95,16,0.4,
95,17,0.4,
95,18,0.4,
95,19,0.4,
95,20,0.4,
95,21,0.4,
95,22,0.4,
95,23,0.4,
95,24,0.4,
95,25,0.4,
95,26,0.4,
95,27,0.4,
95,28,0.4,
95,29,0.4,
95,30,0.4,
95,31,0.4,
96,0,1.2000000000000002,
96,1,0.8,
96,2,0.8,
96,3,1.2000000000000002,
96,4,1.6,
96,5,1.4000000000000001,
96,6,1.2000000000000002,
96,7,1.2000000000000002,
96,8,0.8,
96,9,0.8,
96,10,1.4000000000000001,
96,11,0.8,
96,12,0.8,
96,13,0.8,
96,14,0.8,
96,15,0.8,
96,16,1.2000000000000002,
96,17,0.8,
96,18,1.0,
96,19,1.2000000000000002,
96,20,1.2000000000000002,
96,21,1.2000000000000002,
96,22,1.0,
96,23,0.8,
96,24,1.4000000000000001,
96,25,2.0,
96,26,0.8,
96,27,1.0,
96,28,0.8,
96,29,1.2000000000000002,
96,30,1.0,
96,31,0.8,
97,0,0.6000000000000001,
97,1,0.6000000000000001,
97,2,0.6000000000000001,
97,3,0.8,
97,4,1.0,
97,5,1.0,
97,6,0.8,
97,7,0.6000000000000001,
97,8,0.8,
97,9,0.6000000000000001,
97,10,0.8,
97,11,0.6000000000000001,
97,12,0.6000000000000001,
97,13,0.8,
97,14,1.0,
97,15,0.6000000000000001,
97,16,0.6000000000000001,
97,17,0.6000000000000001,
97,18,0.8,
97,19,1.0,
97,20,0.6000000000000001,
97,21,0.8,
97,22,0.6000000000000001,
97,23,0.6000000000000001,
97,24,0.6000000000000001,
97,25,0.6000000000000001,
97,26,1.8,
97,27,1.0,
97,28,0.6000000000000001,
97,29,1.8,
97,30,1.0,
97,31,1.4000000000000001,
98,0,0.6000000000000001,
98,1,0.6000000000000001,
98,2,1.0,
98,3,1.0,
98,4,0.6000000000000001,
98,5,0.6000000000000001,
98,6,0.6000000000000001,
98,7,0.6000000000000001,
98,8,0.6000000000000001,
98,9,0.6000000000000001,
98,10,0.6000000000000001,
98,11,0.8,
98,12,0.6000000000000001,
98,13,0.6000000000000001,
98,14,0.6000000000000001,
98,15,0.6000000000000001,
98,16,1.0,
98,17,0.6000000000000001,
98,18,0.6000000000000001,
98,19,0.8,
98,20,1.4000000000000001,
98,21,0.6000000000000001,
98,22,0.8,
98,23,0.6000000000000001,
98,24,0.8,
98,25,0.8,
98,26,0.8,
98,27,0.6000000000000001,
98,28,0.6000000000000001,
98,29,0.6000000000000001,
98,30,0.6000000000000001,
98,31,1.2000000000000002,
99,0,0.4,
99,1,0.4,
99,2,0.4,
99,3,0.4,
99,4,0.6000000000000001,
99,5,0.4,
99,6,0.4,
99,7,0.4,
99,8,0.4,
99,9,0.6000000000000001,
99,10,0.4,
99,11,0.4,
99,12,0.4,
99,13,0.4,
99,14,0.4,
99,15,0.6000000000000001,
99,16,0.4,
99,17,0.4,
99,18,0.6000000000000001,
99,19,0.4,
99,20,0.6000000000000001,
99,21,0.4,
99,22,0.4,
99,23,0.4,
99,24,0.4,
99,25,0.4,
99,26,0.4,
99,27,0.4,
99,28,0.4,
99,29,0.4,
99,30,0.4,
99,31,0.4,
100,0,1.2000000000000002,
100,1,3.4000000000000004,
100,2,1.4000000000000001,
100,3,1.8,
100,4,6.6000000000000005,
100,5,1.6,
100,6,1.2000000000000002,
100,7,3.2,
100,8,2.4000000000000004,
100,9,1.4000000000000001,
100,10,2.2,
100,11,1.8,
100,12,2.0,
100,13,1.2000000000000002,
100,14,2.4000000000000004,
100,15,2.2,
100,16,1.4000000000000001,
100,17,1.6,
100,18,2.4000000000000004,
100,19,5.4,
100,20,2.2,
100,21,2.6,
100,22,1.4000000000000001,
100,23,2.2,
100,24,1.6,
100,25,1.2000000000000002,
100,26,1.4000000000000001,
100,27,8.8,
100,28,1.2000000000000002,
100,29,1.2000000000000002,
100,30,1.2000000000000002,
100,31,2.0,
101,0,0.8,
101,1,0.8,
101,2,0.8,
101,3,1.6,
101,4,1.0,
101,5,1.2000000000000002,
101,6,1.0,
101,7,2.0,
101,8,1.0,
101,9,1.0,
101,10,1.2000000000000002,
101,11,0.8,
101,12,1.6,
101,13,0.8,
101,14,1.0,
101,15,1.2000000000000002,
101,16,1.2000000000000002,
101,17,1.2000000000000002,
101,18,0.8,
101,19,0.8,
101,20,1.0,
101,21,0.8,
101,22,1.4000000000000001,
101,23,0.8,
101,24,0.8,
101,25,0.8,
101,26,0.8,
101,27,1.0,
101,28,0.8,
101,29,0.8,
101,30,0.8,
101,31,1.0,
102,0,0.8,
102,1,0.6000000000000001,
102,2,0.6000000000000001,
102,3,0.8,
102,4,1.0,
102,5,0.6000000000000001,
102,6,0.6000000000000001,
102,7,0.6000000000000001,
102,8,1.4000000000000001,
102,9,0.6000000000000001,
102,10,0.6000000000000001,
102,11,0.8,
102,12,0.6000000000000001,
102,13,0.8,
102,14,0.6000000000000001,
102,15,0.6000000000000001,
102,16,0.6000000000000001,
102,17,0.6000000000000001,
102,18,0.6000000000000001,
102,19,0.8,
102,20,0.8,
102,21,0.8,
102,22,0.6000000000000001,
102,23,0.8,
102,24,0.6000000000000001,
102,25,0.6000000000000001,
102,26,0.6000000000000001,
102,27,0.6000000000000001,
102,28,0.6000000000000001,
102,29,1.8,
102,30,0.6000000000000001,
102,31,0.6000000000000001,
103,0,0.4,
103,1,0.4,
103,2,0.4,
103,3,0.4,
103,4,0.6000000000000001,
103,5,0.4,
103,6,0.6000000000000001,
103,7,0.4,
103,8,0.8,
103,9,0.4,
103,10,0.4,
103,11,0.4,
103,12,0.4,
103,13,0.4,
103,14,0.4,
103,15,0.6000000000000001,
103,16,0.6000000000000001,
103,17,0.4,
103,18,0.4,
103,19,0.6000000000000001,
103,20,0.6000000000000001,
103,21,0.4,
103,22,0.4,
103,23,0.6000000000000001,
103,24,0.4,
103,25,0.4,
103,26,0.4,
103,27,0.4,
103,28,0.4,
103,29,0.4,
103,30,0.4,
103,31,0.4,
104,0,3.6,
104,1,1.4000000000000001,
104,2,2.0,
104,3,1.4000000000000001,
104,4,1.6,
104,5,2.6,
104,6,1.6,
104,7,2.0,
104,8,1.4000000000000001,
104,9,1.6,
104,10,1.6,
104,11,1.6,
104,12,1.8,
104,13,1.8,
104,14,4.4,
104,15,1.6,
104,16,2.4000000000000004,
104,17,2.0,
104,18,2.8000000000000003,
104,19,2.2,
104,20,1.4000000000000001,
104,21,1.6,
104,22,1.8,
104,23,1.6,
104,24,5.800000000000001,
104,25,1.8,
104,26,1.4000000000000001,
104,27,2.2,
104,28,1.4000000000000001,
104,29,1.8,
104,30,2.6,
104,31,3.4000000000000004,
105,0,1.2000000000000002,
105,1,1.2000000000000002,
105,2,1.6,
105,3,1.2000000000000002,
105,4,1.6,
105,5,1.6,
105,6,1.4000000000000001,
105,7,1.2000000000000002,
105,8,1.4000000000000001,
105,9,1.4000000000000001,
105,10,1.2000000000000002,
105,11,2.2,
105,12,2.2,
105,13,1.2000000000000002,
105,14,1.8,
105,15,1.2000000000000002,
105,16,1.4000000000000001,
105,17,2.2,
105,18,1.2000000000000002,
105,19,1.6,
105,20,1.4000000000000001,
105,21,2.2,
105,22,1.4000000000000001,
105,23,1.2000000000000002,
105,24,1.4000000000000001,
105,25,1.2000000000000002,
105,26,2.2,
105,27,1.2000000000000002,
105,28,1.2000000000000002,
105,29,1.4000000000000001,
105,30,1.8,
105,31,1.2000000000000002,
106,0,0.8,
106,1,1.4000000000000001,
106,2,1.0,
106,3,1.0,
106,4,1.2000000000000002,
106,5,0.8,
106,6,1.0,
106,7,0.8,
106,8,0.8,
106,9,1.6,
106,10,1.0,
106,11,1.0,
106,12,1.0,
106,13,0.8,
106,14,0.8,
106,15,1.6,
106,16,1.2000000000000002,
106,17,1.0,
106,18,1.0,
106,19,0.8,
106,20,1.0,
106,21,0.8,
106,22,0.8,
106,23,0.8,
106,24,1.0,
106,25,1.2000000000000002,
106,26,0.8,
106,27,1.0,
106,28,1.2000000000000002,
106,29,0.8,
106,30,0.8,
106,31,0.8,
107,0,0.6000000000000001,
107,1,0.6000000000000001,
107,2,0.6000000000000001,
107,3,0.6000000000000001,
107,4,0.6000000000000001,
107,5,0.6000000000000001,
107,6,0.6000000000000001,
107,7,0.8,
107,8,0.6000000000000001,
107,9,0.6000000000000001,
107,10,0.6000000000000001,
107,11,0.6000000000000001,
107,12,0.8,
107,13,0.6000000000000001,
107,14,0.6000000000000001,
107,15,0.6000000000000001,
107,16,0.6000000000000001,
107,17,0.6000000000000001,
107,18,0.6000000000000001,
107,19,0.6000000000000001,
107,20,0.8,
107,21,0.6000000000000001,
107,22,0.8,
107,23,0.6000000000000001,
107,24,0.8,
107,25,0.6000000000000001,
107,26,0.8,
107,27,0.6000000000000001,
107,28,0.6000000000000001,
107,29,0.6000000000000001,
107,30,0.6000000000000001,
107,31,0.6000000000000001,
108,0,5.800000000000001,
108,1,1.8,
108,2,1.8,
108,3,2.0,
108,4,2.2,
108,5,1.8,
108,6,2.6,
108,7,2.0,
108,8,4.4,
108,9,3.4000000000000004,
108,10,3.0,
108,11,1.8,
108,12,3.0,
108,13,1.8,
108,14,2.8000000000000003,
108,15,2.8000000000000003,
108,16,1.8,
108,17,2.4000000000000004,
108,18,2.2,
108,19,2.2,
108,20,2.2,
108,21,2.6,
108,22,1.8,
108,23,1.8,
108,24,2.0,
108,25,2.0,
108,26,3.0,
108,27,3.4000000000000004,
108,28,1.8,
108,29,3.0,
108,30,4.2,
108,31,2.4000000000000004,
109,0,1.6,
109,1,1.4000000000000001,
109,2,1.6,
109,3,1.4000000000000001,
109,4,1.6,
109,5,1.4000000000000001,
109,6,1.8,
109,7,2.0,
109,8,2.6,
109,9,1.4000000000000001,
109,10,1.6,
109,11,1.4000000000000001,
109,12,1.8,
109,13,2.0,
109,14,1.8,
109,15,1.6,
109,16,1.6,
109,17,1.4000000000000001,
109,18,1.8,
109,19,1.8,
109,20,1.6,
109,21,1.4000000000000001,
109,22,1.6,
109,23,2.8000000000000003,
109,24,1.6,
109,25,1.4000000000000001,
109,26,1.8,
109,27,2.0,
109,28,1.4000000000000001,
109,29,1.6,
109,30,2.2,
109,31,1.6,
110,0,1.0,
110,1,1.2000000000000002,
110,2,1.6,
110,3,1.0,
110,4,1.2000000000000002,
110,5,1.0,
110,6,1.2000000000000002,
110,7,1.8,
110,8,1.0,
110,9,1.0,
110,10,1.0,
110,11,1.2000000000000002,
110,12,1.0,
110,13,1.0,
110,14,1.0,
110,15,1.2000000000000002,
110,16,1.0,
110,17,1.4000000000000001,
110,18,1.2000000000000002,
110,19,1.0,
110,20,1.0,
110,21,1.0,
110,22,1.0,
110,23,1.0,
110,24,1.0,
110,25,1.0,
110,26,1.2000000000000002,
110,27,1.0,
110,28,1.4000000000000001,
110,29,1.0,
110,30,1.0,
110,31,1.2000000000000002,
111,0,0.6000000000000001,
111,1,0.6000000000000001,
111,2,0.6000000000000001,
111,3,0.6000000000000001,
111,4,0.6000000000000001,
111,5,1.0,
111,6,0.6000000000000001,
111,7,0.6000000000000001,
111,8,0.6000000000000001,
111,9,0.6000000000000001,
111,10,0.6000000000000001,
111,11,0.6000000000000001,
111,12,0.6000000000000001,
111,13,0.6000000000000001,
111,14,0.6000000000000001,
111,15,0.6000000000000001,
111,16,0.6000000000000001,
111,17,0.6000000000000001,
111,18,0.6000000000000001,
111,19,0.6000000000000001,
111,20,0.8,
111,21,0.6000000000000001,
111,22,0.6000000000000001,
111,23,0.6000000000000001,
111,24,0.6000000000000001,
111,25,0.6000000000000001,
111,26,0.8,
111,27,0.6000000000000001,
111,28,0.8,
111,29,0.8,
111,30,0.6000000000000001,
111,31,0.6000000000000001,
112,0,1.0,0.6000000000000001
112,1,1.2000000000000002,0.6000000000000001
112,2,1.2000000000000002,0.6000000000000001
112,3,1.2000000000000002,0.6000000000000001
112,4,0.8,0.6000000000000001
112,5,0.8,0.6000000000000001
112,6,0.8,0.6000000000000001
112,7,1.2000000000000002,0.6000000000000001
112,8,0.8,0.6000000000000001
112,9,1.4000000000000001,0.6000000000000001
112,10,0.8,0.6000000000000001
112,11,1.2000000000000002,0.6000000000000001
112,12,1.4000000000000001,0.6000000000000001
112,13,1.2000000000000002,0.6000000000000001
112,14,1.2000000000000002,0.6000000000000001
112,15,1.6,0.6000000000000001
112,16,0.8,0.6000000000000001
112,17,0.8,0.6000000000000001
112,18,1.0,0.6000000000000001
112,19,2.6,0.6000000000000001
112,20,1.8,0.6000000000000001
112,21,1.0,0.6000000000000001
112,22,2.8000000000000003,0.6000000000000001
112,23,1.0,0.6000000000000001
112,24,2.0,0.6000000000000001
112,25,1.2000000000000002,0.6000000000000001
112,26,0.8,0.6000000000000001
112,27,0.8,0.6000000000000001
112,28,1.2000000000000002,0.6000000000000001
112,29,0.8,0.6000000000000001
112,30,0.8,0.6000000000000001
112,31,0.8,0.6000000000000001
113,0,0.8,0.6000000000000001
113,1,0.8,0.6000000000000001
113,2,0.8,0.6000000000000001
113,3,0.8,0.6000000000000001
113,4,0.8,0.6000000000000001
113,5,0.8,0.6000000000000001
113,6,0.8,0.6000000000000001
113,7,0.8,0.6000000000000001
113,8,0.8,0.6000000000000001
113,9,0.8,0.6000000000000001
113,10,0.8,0.6000000000000001
113,11,1.0,0.6000000000000001
113,12,0.8,0.6000000000000001
113,13,0.8,0.6000000000000001
113,14,0.8,0.6000000000000001
113,15,0.8,0.6000000000000001
113,16,1.0,0.6000000000000001
113,17,0.8,0.6000000000000001
113,18,0.8,0.6000000000000001
113,19,1.2000000000000002,0.6000000000000001
113,20,0.8,0.6000000000000001
113,21,0.8,0.6000000000000001
113,22,0.8,0.6000000000000001
113,23,0.8,0.6000000000000001
113,24,0.8,0.6000000000000001
113,25,0.8,0.6000000000000001
113,26,0.8,0.6000000000000001
113,27,0.8,0.6000000000000001
113,28,0.8,0.6000000000000001
113,29,0.8,0.6000000000000001
113,30,0.8,0.6000000000000001
113,31,0.8,0.6000000000000001
114,0,0.8,0.6000000000000001
114,1,0.8,0.6000000000000001
114,2,0.8,0.6000000000000001
114,3,0.8,0.6000000000000001
114,4,0.8,0.6000000000000001
114,5,0.8,0.6000000000000001
114,6,0.8,0.6000000000000001
114,7,0.8,0.6000000000000001
114,8,0.8,0.6000000000000001
114,9,0.8,0.6000000000000001
114,10,0.8,0.6000000000000001
114,11,0.8,0.6000000000000001
114,12,0.8,0.6000000000000001
114,13,0.8,0.6000000000000001
114,14,0.8,0.6000000000000001
114,15,0.8,0.6000000000000001
114,16,0.8,0.6000000000000001
114,17,0.8,0.6000000000000001
114,18,0.8,0.6000000000000001
114,19,0.8,0.6000000000000001
114,20,0.8,0.6000000000000001
114,21,0.8,0.6000000000000001
114,22,0.8,0.6000000000000001
114,23,0.8,0.6000000000000001
114,24,0.8,0.6000000000000001
114,25,0.8,0.6000000000000001
114,26,0.8,0.6000000000000001
114,27,0.8,0.6000000000000001
114,28,0.8,0.6000000000000001
114,29,0.8,0.6000000000000001
114,30,0.8,0.6000000000000001
114,31,0.8,0.6000000000000001
115,0,0.8,0.6000000000000001
115,1,0.8,0.6000000000000001
115,2,0.8,0.6000000000000001
115,3,0.8,0.6000000000000001
115,4,0.8,0.6000000000000001
115,5,0.8,0.6000000000000001
115,6,0.8,0.6000000000000001
115,7,0.8,0.6000000000000001
115,8,0.8,0.6000000000000001
115,9,0.8,0.6000000000000001
115,10,0.8,0.6000000000000001
115,11,0.8,0.6000000000000001
115,12,0.8,0.6000000000000001
115,13,0.8,0.6000000000000001
115,14,0.8,0.6000000000000001
115,15,0.8,0.6000000000000001
115,16,0.8,0.6000000000000001
115,17,0.8,0.6000000000000001
115,18,0.8,0.6000000000000001
115,19,0.8,0.6000000000000001
115,20,0.8,0.6000000000000001
115,21,0.8,0.6000000000000001
115,22,0.8,0.6000000000000001
115,23,0.8,0.6000000000000001
115,24,0.8,0.6000000000000001
115,25,0.8,0.6000000000000001
115,26,0.8,0.6000000000000001
115,27,0.8,0.6000000000000001
115,28,0.8,0.6000000000000001
115,29,0.8,0.6000000000000001
115,30,0.8,0.6000000000000001
115,31,0.8,0.6000000000000001
116,0,1.8,0.8
116,1,1.6,0.8
116,2,1.6,0.8
116,3,1.0,0.8
116,4,0.8,0.6000000000000001
116,5,3.2,0.8
116,6,0.8,0.6000000000000001
116,7,1.6,0.8
116,8,2.4000000000000004,0.8
116,9,1.0,0.8
116,10,1.0,0.8
116,11,1.4000000000000001,0.8
116,12,0.8,0.6000000000000001
116,13,1.4000000000000001,0.8
116,14,7.4,0.8
116,15,2.0,0.8
116,16,1.0,0.8
116,17,3.2,0.8
116,18,1.0,0.6000000000000001
116,19,1.4000000000000001,0.8
116,20,1.4000000000000001,0.8
116,21,1.4000000000000001,0.8
116,22,1.0,0.8
116,23,1.2000000000000002,0.8
116,24,2.8000000000000003,0.8
116,25,1.0,0.8
116,26,1.4000000000000001,0.8
116,27,1.4000000000000001,0.8
116,28,1.0,0.6000000000000001
116,29,1.0,0.8
116,30,2.0,0.6000000000000001
116,31,1.4000000000000001,0.8
117,0,1.2000000000000002,0.6000000000000001
117,1,1.0,0.6000000000000001
117,2,1.2000000000000002,0.6000000000000001
117,3,0.8,0.6000000000000001
117,4,0.8,0.6000000000000001
117,5,1.0,0.6000000000000001
117,6,1.0,0.6000000000000001
117,7,1.0,0.6000000000000001
117,8,0.8,0.6000000000000001
117,9,1.4000000000000001,0.6000000000000001
117,10,0.8,0.6000000000000001
117,11,1.0,0.6000000000000001
117,12,0.8,0.6000000000000001
117,13,1.2000000000000002,0.6000000000000001
117,14,1.2000000000000002,0.6000000000000001
117,15,0.8,0.6000000000000001
117,16,0.8,0.6000000000000001
117,17,0.8,0.6000000000000001
117,18,1.6,0.6000000000000001
117,19,1.0,0.6000000000000001
117,20,0.8,0.6000000000000001
117,21,0.8,0.6000000000000001
117,22,2.8000000000000003,0.6000000000000001
117,23,1.0,0.6000000000000001
117,24,0.8,0.6000000000000001
117,25,0.8,0.6000000000000001
117,26,0.8,0.6000000000000001
117,27,0.8,0.6000000000000001
117,28,0.8,0.6000000000000001
117,29,1.2000000000000002,0.6000000000000001
117,30,0.8,0.6000000000000001
117,31,0.8,0.6000000000000001
118,0,0.8,0.6000000000000001
118,1,1.0,0.6000000000000001
118,2,0.8,0.6000000000000001
118,3,0.8,0.6000000000000001
118,4,0.8,0.6000000000000001
118,5,0.8,0.6000000000000001
118,6,0.8,0.6000000000000001
118,7,0.8,0.6000000000000001
118,8,0.8,0.6000000000000001
118,9,0.8,0.6000000000000001
118,10,0.8,0.6000000000000001
118,11,1.0,0.6000000000000001
118,12,0.8,0.6000000000000001
118,13,0.8,0.6000000000000001
118,14,0.8,0.6000000000000001
118,15,0.8,0.6000000000000001
118,16,0.8,0.6000000000000001
118,17,0.8,0.6000000000000001
118,18,0.8,0.6000000000000001
118,19,1.2000000000000002,0.6000000000000001
118,20,1.6,0.6000000000000001
118,21,0.8,0.6000000000000001
118,22,0.8,0.6000000000000001
118,23,0.8,0.6000000000000001
118,24,0.8,0.6000000000000001
118,25,0.8,0.6000000000000001
118,26,0.8,0.6000000000000001
118,27,0.8,0.6000000000000001
118,28,1.2000000000000002,0.6000000000000001
118,29,0.8,0.6000000000000001
118,30,0.8,0.6000000000000001
118,31,1.0,0.6000000000000001
119,0,0.8,0.6000000000000001
119,1,0.8,0.6000000000000001
119,2,0.8,0.6000000000000001
119,3,0.8,0.6000000000000001
119,4,0.8,0.6000000000000001
119,5,0.8,0.6000000000000001
119,6,0.8,0.6000000000000001
119,7,0.8,0.6000000000000001
119,8,0.8,0.6000000000000001
119,9,0.8,0.6000000000000001
119,10,0.8,0.6000000000000001
119,11,0.8,0.6000000000000001
119,12,0.8,0.6000000000000001
119,13,0.8,0.6000000000000001
119,14,0.8,0.6000000000000001
119,15,0.8,0.6000000000000001
119,16,0.8,0.6000000000000001
119,17,0.8,0.6000000000000001
119,18,0.8,0.6000000000000001
119,19,0.8,0.6000000000000001
119,20,0.8,0.6000000000000001
119,21,0.8,0.6000000000000001
119,22,0.8,0.6000000000000001
119,23,0.8,0.6000000000000001
119,24,0.8,0.6000000000000001
119,25,0.8,0.6000000000000001
119,26,0.8,0.6000000000000001
119,27,0.8,0.6000000000000001
119,28,0.8,0.6000000000000001
119,29,0.8,0.6000000000000001
119,30,0.8,0.6000000000000001
119,31,0.8,0.6000000000000001
120,0,1.4000000000000001,0.8
120,1,1.0,0.8
120,2,1.6,0.8
120,3,1.0,0.8
120,4,1.8,0.8
120,5,1.0,0.8
120,6,1.6,0.8
120,7,1.8,0.8
120,8,1.2000000000000002,0.8
120,9,1.2000000000000002,0.8
120,10,5.0,0.8
120,11,1.0,0.8
120,12,1.0,0.8
120,13,1.6,0.8
120,14,1.0,0.8
120,15,1.0,0.8
120,16,1.0,0.8
120,17,1.0,0.8
120,18,1.8,0.8
120,19,1.2000000000000002,0.8
120,20,2.2,0.8
120,21,1.4000000000000001,0.8
120,22,1.2000000000000002,0.8
120,23,1.0,0.8
120,24,1.4000000000000001,0.8
120,25,1.0,0.8
120,26,1.6,0.8
120,27,1.6,0.8
120,28,1.0,0.8
120,29,1.2000000000000002,0.8
120,30,1.6,0.8
120,31,6.800000000000001,0.8
121,0,1.6,0.8
121,1,1.2000000000000002,0.8
121,2,1.0,0.8
121,3,1.0,0.8
121,4,1.2000000000000002,0.8
121,5,1.2000000000000002,0.8
121,6,1.0,0.8
121,7,1.0,0.8
121,8,1.0,0.8
121,9,1.0,0.8
121,10,1.0,0.8
121,11,1.0,0.8
121,12,1.0,0.8
121,13,1.0,0.8
121,14,1.2000000000000002,0.8
121,15,1.2000000000000002,0.8
121,16,1.0,0.8
121,17,1.0,0.8
121,18,1.0,0.8
121,19,1.2000000000000002,0.8
121,20,1.2000000000000002,0.8
121,21,1.2000000000000002,0.8
121,22,1.0,0.8
121,23,1.0,0.8
121,24,1.0,0.8
121,25,1.0,0.8
121,26,1.4000000000000001,0.8
121,27,1.0,0.8
121,28,1.0,0.8
121,29,1.0,0.8
121,30,1.2000000000000002,0.8
121,31,1.0,0.8
122,0,1.0,0.8
122,1,1.0,0.8
122,2,1.0,0.8
122,3,1.0,0.8
122,4,1.0,0.8
122,5,1.0,0.8
122,6,1.0,0.8
122,7,1.0,0.8
122,8,1.0,0.8
122,9,1.0,0.8
122,10,1.0,0.8
122,11,1.0,0.8
122,12,1.0,0.8
122,13,1.0,0.8
122,14,1.0,0.8
122,15,1.0,0.8
122,16,1.0,0.8
122,17,1.0,0.8
122,18,1.0,0.8
122,19,1.0,0.8
122,20,1.0,0.8
122,21,1.0,0.8
122,22,1.0,0.8
122,23,1.0,0.8
122,24,1.0,0.8
122,25,1.0,0.8
122,26,1.2000000000000002,0.8
122,27,1.0,0.8
122,28,1.0,0.8
122,29,1.0,0.8
122,30,1.0,0.8
122,31,1.0,0.8
123,0,1.0,0.8
123,1,1.0,0.8
123,2,1.0,0.8
123,3,1.0,0.8
123,4,1.0,0.8
123,5,1.0,0.8
123,6,1.0,0.8
123,7,1.0,0.8
123,8,1.0,0.8
123,9,1.0,0.8
123,10,1.0,0.8
123,11,1.0,0.8
123,12,1.0,0.8
123,13,1.0,0.8
123,14,1.0,0.8
123,15,1.0,0.8
123,16,1.0,0.8
123,17,1.0,0.8
123,18,1.0,0.8
123,19,1.0,0.8
123,20,1.0,0.8
123,21,1.0,0.8
123,22,1.0,0.8
123,23,1.0,0.8
123,24,1.0,0.8
123,25,1.0,0.8
123,26,1.0,0.8
123,27,1.0,0.8
123,28,1.0,0.8
123,29,1.0,0.8
123,30,1.0,0.8
123,31,1.0,0.8
124,0,1.2000000000000002,1.0
124,1,1.2000000000000002,1.0
124,2,1.4000000000000001,1.0
124,3,2.6,1.0
124,4,2.0,1.0
124,5,1.8,1.0
124,6,1.2000000000000002,1.0
124,7,3.8000000000000003,1.0
124,8,2.6,1.0
124,9,3.2,1.0
124,10,1.4000000000000001,1.0
124,11,1.4000000000000001,1.0
124,12,1.6,1.0
124,13,1.6,1.0
124,14,3.4000000000000004,1.0
124,15,1.2000000000000002,1.0
124,16,2.6,1.0
124,17,1.2000000000000002,1.0
124,18,2.0,1.0
124,19,2.0,1.0
124,20,1.8,1.0
124,21,1.2000000000000002,1.0
124,22,1.2000000000000002,1.0
124,23,1.4000000000000001,1.0
124,24,1.8,1.0
124,25,1.4000000000000001,1.0
124,26,1.4000000000000001,1.0
124,27,1.6,1.0
124,28,1.4000000000000001,1.0
124,29,1.8,1.0
124,30,1.4000000000000001,1.0
124,31,1.2000000000000002,1.0
125,0,1.2000000000000002,0.8
125,1,1.2000000000000002,0.8
125,2,1.2000000000000002,1.0
125,3,1.2000000000000002,0.8
125,4,1.8,1.0
125,5,1.4000000000000001,1.0
125,6,1.4000000000000001,1.0
125,7,1.2000000000000002,1.0
125,8,1.2000000000000002,1.0
125,9,1.2000000000000002,1.0
125,10,1.0,0.8
125,11,1.6,1.0
125,12,1.2000000000000002,1.0
125,13,1.2000000000000002,1.0
125,14,1.2000000000000002,1.0
125,15,1.2000000000000002,1.0
125,16,2.0,1.0
125,17,1.2000000000000002,1.0
125,18,1.2000000000000002,1.0
125,19,1.2000000000000002,1.0
125,20,1.2000000000000002,1.0
125,21,1.6,1.0
125,22,1.2000000000000002,1.0
125,23,1.2000000000000002,1.0
125,24,1.2000000000000002,1.0
125,25,1.2000000000000002,1.0
125,26,1.2000000000000002,1.0
125,27,1.4000000000000001,1.0
125,28,1.0,0.8
125,29,1.2000000000000002,1.0
125,30,1.2000000000000002,1.0
125,31,1.4000000000000001,1.0
126,0,1.2000000000000002,1.0
126,1,1.2000000000000002,1.0
126,2,1.2000000000000002,1.0
126,3,1.2000000000000002,1.0
126,4,1.2000000000000002,1.0
126,5,1.2000000000000002,1.0
126,6,1.2000000000000002,1.0
126,7,1.2000000000000002,1.0
126,8,1.2000000000000002,1.0
126,9,1.4000000000000001,1.0
126,10,1.2000000000000002,1.0
126,11,1.2000000000000002,1.0
126,12,1.2000000000000002,1.0
126,13,1.2000000000000002,1.0
126,14,1.2000000000000002,1.0
126,15,1.2000000000000002,1.0
126,16,1.2000000000000002,1.0
126,17,1.2000000000000002,1.0
126,18,1.2000000000000002,1.0
126,19,1.2000000000000002,1.0
126,20,1.2000000000000002,1.0
126,21,1.2000000000000002,1.0
126,22,1.2000000000000002,1.0
126,23,1.2000000000000002,1.0
126,24,1.2000000000000002,1.0
126,25,1.2000000000000002,1.0
126,26,1.2000000000000002,1.0
126,27,1.2000000000000002,1.0
126,28,1.2000000000000002,1.0
126,29,1.2000000000000002,1.0
126,30,1.2000000000000002,1.0
126,31,1.2000000000000002,1.0
127,0,1.2000000000000002,1.0
127,1,1.2000000000000002,1.0
127,2,1.2000000000000002,1.0
127,3,1.2000000000000002,1.0
127,4,1.2000000000000002,1.0
127,5,1.2000000000000002,1.0
127,6,1.0,0.8
127,7,1.2000000000000002,1.0
127,8,1.2000000000000002,1.0
127,9,1.2000000000000002,1.0
127,10,1.0,0.8
127,11,1.2000000000000002,1.0
127,12,1.2000000000000002,1.0
127,13,1.0,0.8
127,14,1.2000000000000002,1.0
127,15,1.2000000000000002,1.0
127,16,1.2000000000000002,1.0
127,17,1.2000000000000002,1.0
127,18,1.2000000000000002,1.0
127,19,1.2000000000000002,1.0
127,20,1.2000000000000002,1.0
127,21,1.0,0.8
127,22,1.0,0.8
127,23,1.2000000000000002,1.0
127,24,1.0,0.8
127,25,1.2000000000000002,1.0
127,26,1.2000000000000002,1.0
127,27,1.2000000000000002,1.0
127,28,1.0,0.8
127,29,1.2000000000000002,1.0
127,30,1.2000000000000002,1.0
127,31,1.2000000000000002,1.0
128,0,1.8,1.4000000000000001
128,1,1.6,1.4000000000000001
128,2,1.6,1.4000000000000001
128,3,1.6,1.4000000000000001
128,4,3.6,1.4000000000000001
128,5,1.8,1.4000000000000001
128,6,2.2,1.4000000000000001
128,7,2.2,1.4000000000000001
128,8,1.6,1.4000000000000001
128,9,1.6,1.4000000000000001
128,10,1.6,1.4000000000000001
128,11,3.0,1.4000000000000001
128,12,1.6,1.4000000000000001
128,13,1.8,1.4000000000000001
128,14,1.8,1.4000000000000001
128,15,3.4000000000000004,1.4000000000000001
128,16,1.8,1.4000000000000001
128,17,2.4000000000000004,1.4000000000000001
128,18,2.2,1.4000000000000001
128,19,2.8000000000000003,1.4000000000000001
128,20,1.8,1.4000000000000001
128,21,2.4000000000000004,1.4000000000000001
128,22,1.6,1.4000000000000001
128,23,2.0,1.4000000000000001
128,24,2.0,1.4000000000000001
128,25,1.6,1.4000000000000001
128,26,2.0,1.4000000000000001
128,27,2.0,1.4000000000000001
128,28,2.4000000000000004,1.4000000000000001
128,29,2.6,1.4000000000000001
128,30,1.8,1.4000000000000001
128,31,2.4000000000000004,1.4000000000000001
129,0,1.6,1.2000000000000002
129,1,1.6,1.2000000000000002
129,2,1.4000000000000001,1.2000000000000002
129,3,1.8,1.2000000000000002
129,4,1.4000000000000001,1.2000000000000002
129,5,3.0,1.2000000000000002
129,6,1.4000000000000001,1.2000000000000002
129,7,1.4000000000000001,1.2000000000000002
129,8,2.2,1.2000000000000002
129,9,2.0,1.2000000000000002
129,10,1.6,1.2000000000000002
129,11,1.8,1.2000000000000002
129,12,1.4000000000000001,1.2000000000000002
129,13,1.4000000000000001,1.2000000000000002
129,14,1.4000000000000001,1.2000000000000002
129,15,1.4000000000000001,1.2000000000000002
129,16,1.4000000000000001,1.2000000000000002
129,17,1.4000000000000001,1.2000000000000002
129,18,1.4000000000000001,1.2000000000000002
129,19,2.0,1.2000000000000002
129,20,1.4000000000000001,1.2000000000000002
129,21,1.4000000000000001,1.2000000000000002
129,22,1.6,1.2000000000000002
129,23,2.0,1.2000000000000002
129,24,1.4000000000000001,1.2000000000000002
129,25,1.4000000000000001,1.2000000000000002
129,26,1.4000000000000001,1.2000000000000002
129,27,1.4000000000000001,1.2000000000000002
129,28,1.4000000000000001,1.2000000000000002
129,29,1.4000000000000001,1.2000000000000002
129,30,1.4000000000000001,1.2000000000000002
129,31,1.4000000000000001,1.2000000000000002
130,0,1.2000000000000002,1.0
130,1,1.2000000000000002,1.0
130,2,1.2000000000000002,1.0
130,3,1.2000000000000002,1.0
130,4,1.2000000000000002,1.0
130,5,1.2000000000000002,1.0
130,6,1.2000000000000002,1.0
130,7,1.2000000000000002,1.0
130,8,1.2000000000000002,1.0
130,9,1.2000000000000002,1.0
130,10,1.4000000000000001,1.0
130,11,1.2000000000000002,1.0
130,12,1.2000000000000002,1.0
130,13,1.2000000000000002,1.0
130,14,1.2000000000000002,1.0
130,15,1.4000000000000001,1.0
130,16,1.4000000000000001,1.0
130,17,1.2000000000000002,1.0
130,18,1.2000000000000002,1.0
130,19,1.2000000000000002,1.0
130,20,1.2000000000000002,1.0
130,21,1.2000000000000002,1.0
130,22,1.2000000000000002,1.0
130,23,1.2000000000000002,1.0
130,24,1.2000000000000002,1.0
130,25,1.2000000000000002,1.0
130,26,1.2000000000000002,1.0
130,27,1.2000000000000002,1.0
130,28,1.2000000000000002,1.0
130,29,1.2000000000000002,1.0
130,30,1.2000000000000002,1.0
130,31,1.2000000000000002,1.0
131,0,1.2000000000000002,1.0
131,1,1.2000000000000002,1.0
131,2,1.2000000000000002,1.0
131,3,1.2000000000000002,1.0
131,4,1.2000000000000002,1.0
131,5,1.2000000000000002,1.0
131,6,1.2000000000000002,1.0
131,7,1.2000000000000002,1.0
131,8,1.2000000000000002,1.0
131,9,1.2000000000000002,1.0
131,10,1.2000000000000002,1.0
131,11,1.2000000000000002,1.0
131,12,1.2000000000000002,1.0
131,13,1.2000000000000002,1.0
131,14,1.2000000000000002,1.0
131,15,1.2000000000000002,1.0
131,16,1.2000000000000002,1.0
131,17,1.2000000000000002,1.0
131,18,1.2000000000000002,1.0
131,19,1.2000000000000002,1.0
131,20,1.2000000000000002,1.0
131,21,1.2000000000000002,1.0
131,22,1.2000000000000002,1.0
131,23,1.2000000000000002,1.0
131,24,1.2000000000000002,1.0
131,25,1.2000000000000002,1.0
131,26,1.2000000000000002,1.0
131,27,1.2000000000000002,1.0
131,28,1.2000000000000002,1.0
131,29,1.2000000000000002,1.0
131,30,1.2000000000000002,1.0
131,31,1.2000000000000002,1.0
132,0,3.6,1.8
132,1,2.4000000000000004,1.8
132,2,2.8000000000000003,1.8
132,3,2.0,1.8
132,4,2.2,1.8
132,5,2.2,1.8
132,6,2.0,1.8
132,7,2.8000000000000003,1.8
132,8,2.0,1.8
132,9,2.8000000000000003,1.8
132,10,2.8000000000000003,1.8
132,11,2.4000000000000004,1.8
132,12,2.6,1.8
132,13,5.0,1.8
132,14,2.2,1.8
132,15,2.2,1.8
132,16,3.6,1.8
132,17,2.0,1.8
132,18,2.6,1.8
132,19,2.4000000000000004,1.8
132,20,2.4000000000000004,1.8
132,21,2.2,1.8
132,22,2.8000000000000003,1.8
132,23,2.0,1.8
132,24,2.0,1.8
132,25,2.6,1.8
132,26,2.0,1.8
132,27,2.0,1.8
132,28,2.2,1.8
132,29,2.0,1.8
132,30,2.0,1.8
132,31,2.0,1.8
133,0,1.8,1.6
133,1,1.8,1.6
133,2,2.8000000000000003,1.6
133,3,2.2,1.6
133,4,1.8,1.6
133,5,2.2,1.6
133,6,2.8000000000000003,1.6
133,7,2.0,1.6
133,8,1.8,1.6
133,9,2.0,1.6
133,10,2.0,1.6
133,11,2.0,1.6
133,12,1.8,1.6
133,13,2.0,1.6
133,14,1.8,1.6
133,15,1.8,1.6
133,16,2.0,1.6
133,17,1.8,1.6
133,18,2.2,1.6
133,19,2.8000000000000003,1.6
133,20,1.8,1.6
133,21,1.8,1.6
133,22,1.8,1.6
133,23,1.8,1.6
133,24,2.2,1.6
133,25,1.8,1.6
133,26,1.8,1.6
133,27,3.4000000000000004,1.6
133,28,1.8,1.6
133,29,1.8,1.6
133,30,1.8,1.6
133,31,1.8,1.6
134,0,1.6,1.4000000000000001
134,1,1.6,1.4000000000000001
134,2,1.6,1.4000000000000001
134,3,1.6,1.4000000000000001
134,4,1.6,1.4000000000000001
134,5,1.6,1.4000000000000001
134,6,1.6,1.4000000000000001
134,7,1.6,1.4000000000000001
134,8,1.6,1.4000000000000001
134,9,1.6,1.4000000000000001
134,10,1.6,1.4000000000000001
134,11,1.6,1.4000000000000001
134,12,1.6,1.4000000000000001
134,13,1.6,1.4000000000000001
134,14,1.6,1.4000000000000001
134,15,1.6,1.4000000000000001
134,16,1.6,1.4000000000000001
134,17,1.6,1.4000000000000001
134,18,1.6,1.4000000000000001
134,19,1.6,1.4000000000000001
134,20,1.6,1.4000000000000001
134,21,1.6,1.4000000000000001
134,22,1.6,1.4000000000000001
134,23,1.8,1.4000000000000001
134,24,1.8,1.4000000000000001
134,25,1.8,1.4000000000000001
134,26,1.8,1.4000000000000001
134,27,1.6,1.4000000000000001
134,28,1.6,1.4000000000000001
134,29,1.6,1.4000000000000001
134,30,1.6,1.4000000000000001
134,31,1.6,1.4000000000000001
135,0,1.6,1.4000000000000001
135,1,1.6,1.4000000000000001
135,2,1.6,1.4000000000000001
135,3,1.6,1.4000000000000001
135,4,1.6,1.4000000000000001
135,5,1.6,1.4000000000000001
135,6,1.6,1.4000000000000001
135,7,1.6,1.4000000000000001
135,8,1.6,1.4000000000000001
135,9,1.6,1.4000000000000001
135,10,1.6,1.4000000000000001
135,11,1.6,1.4000000000000001
135,12,1.6,1.4000000000000001
135,13,1.6,1.4000000000000001
135,14,1.6,1.4000000000000001
135,15,1.6,1.4000000000000001
135,16,1.6,1.4000000000000001
135,17,1.6,1.4000000000000001
135,18,1.6,1.4000000000000001
135,19,1.6,1.4000000000000001
135,20,1.6,1.4000000000000001
135,21,1.6,1.4000000000000001
135,22,1.6,1.4000000000000001
135,23,1.6,1.4000000000000001
135,24,1.6,1.4000000000000001
135,25,1.6,1.4000000000000001
135,26,1.6,1.4000000000000001
135,27,1.6,1.4000000000000001
135,28,1.6,1.4000000000000001
135,29,1.6,1.4000000000000001
135,30,1.6,1.4000000000000001
135,31,1.6,1.4000000000000001
136,0,2.4000000000000004,2.2
136,1,2.4000000000000004,2.2
136,2,2.4000000000000004,2.2
136,3,3.2,2.2
136,4,3.4000000000000004,2.2
136,5,3.0,2.2
136,6,3.2,2.2
136,7,3.6,2.2
136,8,3.4000000000000004,2.2
136,9,2.6,2.2
136,10,3.0,2.2
136,11,6.0,2.2
136,12,2.4000000000000004,2.2
136,13,2.8000000000000003,2.2
136,14,3.0,2.2
136,15,2.4000000000000004,2.2
136,16,2.8000000000000003,2.2
136,17,3.0,2.2
136,18,2.8000000000000003,2.2
136,19,3.4000000000000004,2.2
136,20,2.4000000000000004,2.2
136,21,2.6,2.2
136,22,3.4000000000000004,2.2
136,23,2.4000000000000004,2.2
136,24,3.0,2.2
136,25,2.4000000000000004,2.2
136,26,3.0,2.2
136,27,2.6,2.2
136,28,3.6,2.2
136,29,3.0,2.2
136,30,3.0,2.2
136,31,3.8000000000000003,2.2
137,0,2.0,1.8
137,1,2.2,1.8
137,2,3.0,1.8
137,3,2.2,1.8
137,4,3.2,1.8
137,5,2.0,1.8
137,6,2.0,1.8
137,7,2.0,1.8
137,8,2.0,1.8
137,9,2.0,1.8
137,10,2.2,1.8
137,11,2.2,1.8
137,12,2.0,1.8
137,13,2.6,1.8
137,14,2.2,1.8
137,15,2.0,1.8
137,16,2.0,1.8
137,17,2.0,1.8
137,18,2.0,1.8
137,19,2.2,1.8
137,20,2.8000000000000003,1.8
137,21,2.0,1.8
137,22,2.0,1.8
137,23,2.0,1.8
137,24,2.0,1.8
137,25,3.6,1.8
137,26,2.0,1.8
137,27,2.0,1.8
137,28,2.4000000000000004,1.8
137,29,2.0,1.8
137,30,2.0,1.8
137,31,2.0,1.8
138,0,1.8,1.6
138,1,1.8,1.6
138,2,1.8,1.6
138,3,1.8,1.6
138,4,1.8,1.6
138,5,1.8,1.6
138,6,1.8,1.6
138,7,1.8,1.6
138,8,1.8,1.6
138,9,1.8,1.6
138,10,1.8,1.6
138,11,2.0,1.6
138,12,1.8,1.6
138,13,2.0,1.6
138,14,1.8,1.6
138,15,1.8,1.6
138,16,1.8,1.6
138,17,1.8,1.6
138,18,1.8,1.6
138,19,2.0,1.6
138,20,1.8,1.6
138,21,1.8,1.6
138,22,1.8,1.6
138,23,1.8,1.6
138,24,1.8,1.6
138,25,2.0,1.6
138,26,1.8,1.6
138,27,2.0,1.6
138,28,1.8,1.6
138,29,2.6,1.6
138,30,1.8,1.6
138,31,1.8,1.6
139,0,1.8,1.6
139,1,1.8,1.6
139,2,1.8,1.6
139,3,2.0,1.6
139,4,1.8,1.6
139,5,1.8,1.6
139,6,1.8,1.6
139,7,1.8,1.6
139,8,1.8,1.6
139,9,1.8,1.6
139,10,1.8,1.6
139,11,1.8,1.6
139,12,1.8,1.6
139,13,1.8,1.6
139,14,1.8,1.6
139,15,1.8,1.6
139,16,1.8,1.6
139,17,1.8,1.6
139,18,1.8,1.6
139,19,1.8,1.6
139,20,1.8,1.6
139,21,1.8,1.6
139,22,1.8,1.6
139,23,1.8,1.6
139,24,1.8,1.6
139,25,1.8,1.6
139,26,1.8,1.6
139,27,1.8,1.6
139,28,1.8,1.6
139,29,1.8,1.6
139,30,1.8,1.6
139,31,1.8,1.6
140,0,0.8,0.6000000000000001
140,1,1.6,0.6000000000000001
140,2,1.2000000000000002,0.6000000000000001
140,3,1.2000000000000002,0.6000000000000001
140,4,1.0,0.6000000000000001
140,5,5.2,0.6000000000000001
140,6,2.6,0.6000000000000001
140,7,0.8,0.6000000000000001
140,8,0.8,0.6000000000000001
140,9,1.2000000000000002,0.6000000000000001
140,10,0.8,0.6000000000000001
140,11,1.2000000000000002,0.6000000000000001
140,12,0.8,0.6000000000000001
140,13,0.8,0.6000000000000001
140,14,3.4000000000000004,0.6000000000000001
140,15,0.8,0.6000000000000001
140,16,0.8,0.6000000000000001
140,17,0.8,0.6000000000000001
140,18,1.6,0.6000000000000001
140,19,3.2,0.6000000000000001
140,20,1.4000000000000001,0.6000000000000001
140,21,0.8,0.6000000000000001
140,22,1.4000000000000001,0.6000000000000001
140,23,1.2000000000000002,0.6000000000000001
140,24,1.6,0.6000000000000001
140,25,1.2000000000000002,0.6000000000000001
140,26,2.0,0.6000000000000001
140,27,1.0,0.6000000000000001
140,28,1.2000000000000002,0.6000000000000001
140,29,1.0,0.6000000000000001
140,30,0.8,0.6000000000000001
140,31,1.0,0.6000000000000001
141,0,1.2000000000000002,0.6000000000000001
141,1,0.8,0.6000000000000001
141,2,1.0,0.6000000000000001
141,3,1.0,0.6000000000000001
141,4,0.8,0.6000000000000001
141,5,1.0,0.6000000000000001
141,6,0.8,0.6000000000000001
141,7,0.8,0.6000000000000001
141,8,0.8,0.6000000000000001
141,9,0.8,0.6000000000000001
141,10,0.8,0.6000000000000001
141,11,1.0,0.6000000000000001
141,12,0.8,0.6000000000000001
141,13,0.8,0.6000000000000001
141,14,0.8,0.6000000000000001
141,15,0.8,0.6000000000000001
141,16,0.8,0.6000000000000001
141,17,1.2000000000000002,0.6000000000000001
141,18,1.0,0.6000000000000001
141,19,1.0,0.6000000000000001
141,20,0.8,0.6000000000000001
141,21,0.8,0.6000000000000001
141,22,1.2000000000000002,0.6000000000000001
141,23,0.8,0.6000000000000001
141,24,0.8,0.6000000000000001
141,25,0.8,0.6000000000000001
141,26,0.8,0.6000000000000001
141,27,0.8,0.6000000000000001
141,28,0.8,0.6000000000000001
141,29,1.2000000000000002,0.6000000000000001
141,30,0.8,0.6000000000000001
141,31,0.8,0.6000000000000001
142,0,1.2000000000000002,0.8
142,1,1.0,0.8
142,2,1.0,0.8
142,3,1.0,0.8
142,4,1.0,0.8
142,5,1.0,0.8
142,6,1.0,0.8
142,7,1.0,0.8
142,8,1.0,0.8
142,9,1.0,0.8
142,10,1.0,0.8
142,11,1.0,0.8
142,12,1.0,0.8
142,13,1.0,0.8
142,14,1.0,0.8
142,15,1.0,0.8
142,16,1.0,0.8
142,17,1.0,0.8
142,18,1.0,0.8
142,19,1.0,0.8
142,20,1.0,0.8
142,21,1.0,0.8
142,22,1.0,0.8
142,23,1.0,0.8
142,24,1.0,0.8
142,25,1.0,0.8
142,26,1.0,0.8
142,27,1.0,0.8
142,28,1.0,0.8
142,29,1.0,0.8
142,30,1.0,0.8
142,31,1.0,0.8
143,0,1.0,0.8
143,1,1.0,0.8
143,2,1.0,0.8
143,3,1.0,0.8
143,4,1.0,0.8
143,5,1.0,0.8
143,6,1.0,0.8
143,7,1.0,0.8
143,8,1.0,0.8
143,9,1.0,0.8
143,10,1.0,0.8
143,11,1.0,0.8
143,12,1.0,0.8
143,13,1.0,0.8
143,14,1.0,0.8
143,15,1.0,0.8
143,16,1.0,0.8
143,17,1.0,0.8
143,18,1.0,0.8
143,19,1.0,0.8
143,20,1.0,0.8
143,21,1.0,0.8
143,22,1.0,0.8
143,23,1.0,0.8
143,24,1.0,0.8
143,25,1.0,0.8
143,26,1.0,0.8
143,27,1.0,0.8
143,28,1.0,0.8
143,29,1.0,0.8
143,30,1.0,0.8
143,31,1.0,0.8
144,0,0.8,0.6000000000000001
144,1,1.4000000000000001,0.6000000000000001
144,2,1.8,0.6000000000000001
144,3,3.4000000000000004,0.6000000000000001
144,4,0.8,0.6000000000000001
144,5,2.4000000000000004,0.6000000000000001
144,6,1.2000000000000002,0.6000000000000001
144,7,0.8,0.6000000000000001
144,8,1.8,0.6000000000000001
144,9,1.2000000000000002,0.6000000000000001
144,10,1.8,0.6000000000000001
144,11,2.2,0.6000000000000001
144,12,0.8,0.6000000000000001
144,13,0.8,0.6000000000000001
144,14,0.8,0.6000000000000001
144,15,1.2000000000000002,0.6000000000000001
144,16,1.0,0.6000000000000001
144,17,0.8,0.6000000000000001
144,18,2.2,0.6000000000000001
144,19,1.4000000000000001,0.6000000000000001
144,20,1.2000000000000002,0.6000000000000001
144,21,3.8000000000000003,0.6000000000000001
144,22,1.2000000000000002,0.6000000000000001
144,23,0.8,0.6000000000000001
144,24,3.0,0.6000000000000001
144,25,1.6,0.6000000000000001
144,26,0.8,0.6000000000000001
144,27,4.6000000000000005,0.6000000000000001
144,28,2.2,0.6000000000000001
144,29,0.8,0.6000000000000001
144,30,0.8,0.6000000000000001
144,31,2.6,0.6000000000000001
145,0,1.2000000000000002,0.6000000000000001
145,1,1.2000000000000002,0.6000000000000001
145,2,0.8,0.6000000000000001
145,3,0.8,0.6000000000000001
145,4,0.8,0.6000000000000001
145,5,0.8,0.6000000000000001
145,6,1.6,0.6000000000000001
145,7,0.8,0.6000000000000001
145,8,0.8,0.6000000000000001
145,9,1.4000000000000001,0.6000000000000001
145,10,0.8,0.6000000000000001
145,11,1.2000000000000002,0.6000000000000001
145,12,0.8,0.6000000000000001
145,13,1.6,0.6000000000000001
145,14,0.8,0.6000000000000001
145,15,0.8,0.6000000000000001
145,16,0.8,0.6000000000000001
145,17,0.8,0.6000000000000001
145,18,1.0,0.6000000000000001
145,19,1.6,0.6000000000000001
145,20,1.0,0.6000000000000001
145,21,0.8,0.6000000000000001
145,22,1.0,0.6000000000000001
145,23,1.0,0.6000000000000001
145,24,1.0,0.6000000000000001
145,25,0.8,0.6000000000000001
145,26,0.8,0.6000000000000001
145,27,0.8,0.6000000000000001
145,28,0.8,0.6000000000000001
145,29,0.8,0.6000000000000001
145,30,0.8,0.6000000000000001
145,31,0.8,0.6000000000000001
146,0,1.2000000000000002,0.8
146,1,1.0,0.8
146,2,1.0,0.8
146,3,1.2000000000000002,0.8
146,4,1.0,0.8
146,5,1.2000000000000002,0.8
146,6,1.2000000000000002,0.8
146,7,1.0,0.8
146,8,1.0,0.8
146,9,1.0,0.8
146,10,1.0,0.8
146,11,1.0,0.8
146,12,1.0,0.8
146,13,1.0,0.8
146,14,1.0,0.8
146,15,1.0,0.8
146,16,1.0,0.8
146,17,1.0,0.8
146,18,1.0,0.8
146,19,1.0,0.8
146,20,1.0,0.8
146,21,1.6,0.8
146,22,1.0,0.8
146,23,1.0,0.8
146,24,1.0,0.8
146,25,1.0,0.8
146,26,1.0,0.8
146,27,1.0,0.8
146,28,1.0,0.8
146,29,1.0,0.8
146,30,1.0,0.8
146,31,1.0,0.8
147,0,1.0,0.8
147,1,0.8,0.6000000000000001
147,2,1.0,0.8
147,3,1.0,0.8
147,4,1.0,0.8
147,5,1.0,0.8
147,6,1.0,0.8
147,7,1.0,0.8
147,8,1.0,0.8
147,9,1.0,0.8
147,10,1.0,0.8
147,11,1.0,0.8
147,12,1.0,0.8
147,13,1.0,0.8
147,14,1.0,0.8
147,15,1.0,0.8
147,16,1.0,0.8
147,17,1.0,0.8
147,18,1.0,0.8
147,19,1.0,0.8
147,20,1.0,0.8
147,21,1.0,0.8
147,22,1.0,0.8
147,23,1.0,0.8
147,24,1.0,0.8
147,25,1.0,0.8
147,26,1.0,0.8
147,27,0.8,0.6000000000000001
147,28,1.0,0.8
147,29,1.0,0.8
147,30,1.0,0.8
147,31,1.0,0.8
148,0,1.4000000000000001,0.8
148,1,1.0,0.8
148,2,1.0,0.8
148,3,1.0,0.8
148,4,2.0,0.8
148,5,1.2000000000000002,0.8
148,6,2.4000000000000004,0.8
148,7,1.0,0.8
148,8,1.2000000000000002,0.8
148,9,1.0,0.8
148,10,1.2000000000000002,0.8
148,11,1.4000000000000001,0.8
148,12,1.0,0.8
148,13,1.0,0.8
148,14,3.0,0.8
148,15,1.6,0.8
148,16,1.2000000000000002,0.8
148,17,1.0,0.8
148,18,1.0,0.8
148,19,1.2000000000000002,0.8
148,20,1.2000000000000002,0.8
148,21,3.2,0.8
148,22,1.6,0.8
148,23,1.0,0.8
148,24,2.0,0.8
148,25,1.0,0.8
148,26,1.4000000000000001,0.8
148,27,1.8,0.8
148,28,1.0,0.8
148,29,1.4000000000000001,0.8
148,30,1.4000000000000001,0.8
148,31,1.0,0.8
149,0,1.4000000000000001,0.8
149,1,1.0,0.8
149,2,1.2000000000000002,0.8
149,3,1.0,0.8
149,4,1.2000000000000002,0.8
149,5,1.2000000000000002,0.8
149,6,1.0,0.8
149,7,1.0,0.8
149,8,1.2000000000000002,0.8
149,9,1.0,0.8
149,10,1.0,0.8
149,11,1.0,0.8
149,12,1.0,0.8
149,13,1.0,0.8
149,14,1.2000000000000002,0.8
149,15,1.8,0.8
149,16,1.2000000000000002,0.8
149,17,1.2000000000000002,0.8
149,18,1.2000000000000002,0.8
149,19,1.4000000000000001,0.8
149,20,1.6,0.8
149,21,1.6,0.8
149,22,1.0,0.8
149,23,1.0,0.8
149,24,1.0,0.8
149,25,1.0,0.8
149,26,1.4000000000000001,0.8
149,27,1.2000000000000002,0.8
149,28,1.0,0.8
149,29,1.0,0.8
149,30,1.0,0.8
149,31,1.0,0.8
150,0,1.0,0.8
150,1,1.0,0.8
150,2,1.0,0.8
150,3,1.0,0.8
150,4,1.0,0.8
150,5,1.0,0.8
150,6,1.0,0.8
150,7,1.0,0.8
150,8,1.0,0.8
150,9,1.0,0.8
150,10,1.0,0.8
150,11,1.0,0.8
150,12,1.0,0.8
150,13,1.0,0.8
150,14,1.0,0.8
150,15,1.0,0.8
150,16,1.0,0.8
150,17,1.0,0.8
150,18,1.0,0.8
150,19,1.0,0.8
150,20,1.2000000000000002,0.8
150,21,1.6,0.8
150,22,1.0,0.8
150,23,1.0,0.8
150,24,1.0,0.8
150,25,1.0,0.8
150,26,1.6,0.8
150,27,1.0,0.8
150,28,1.0,0.8
150,29,1.4000000000000001,0.8
150,30,1.0,0.8
150,31,1.0,0.8
151,0,1.0,0.8
151,1,1.0,0.8
151,2,1.0,0.8
151,3,1.0,0.8
151,4,1.0,0.8
151,5,1.0,0.8
151,6,1.0,0.8
151,7,1.0,0.8
151,8,1.0,0.8
151,9,1.0,0.8
151,10,1.0,0.8
151,11,1.0,0.8
151,12,1.0,0.8
151,13,1.0,0.8
151,14,1.0,0.8
151,15,1.0,0.8
151,16,1.0,0.8
151,17,1.0,0.8
151,18,1.0,0.8
151,19,1.0,0.8
151,20,1.0,0.8
151,21,1.0,0.8
151,22,1.0,0.8
151,23,1.0,0.8
151,24,1.0,0.8
151,25,1.0,0.8
151,26,1.0,0.8
151,27,1.0,0.8
151,28,1.0,0.8
151,29,1.0,0.8
151,30,1.0,0.8
151,31,1.0,0.8
152,0,1.4000000000000001,1.0
152,1,1.2000000000000002,1.0
152,2,1.4000000000000001,1.0
152,3,3.6,1.0
152,4,1.8,1.0
152,5,1.6,1.0
152,6,3.0,1.0
152,7,1.4000000000000001,1.0
152,8,1.4000000000000001,1.0
152,9,1.4000000000000001,1.0
152,10,2.4000000000000004,1.0
152,11,1.4000000000000001,1.0
152,12,1.2000000000000002,1.0
152,13,1.6,1.0
152,14,3.8000000000000003,1.0
152,15,1.2000000000000002,1.0
152,16,3.2,1.0
152,17,1.2000000000000002,1.0
152,18,2.4000000000000004,1.0
152,19,1.8,1.0
152,20,2.6,1.0
152,21,1.2000000000000002,1.0
152,22,1.2000000000000002,1.0
152,23,1.2000000000000002,1.0
152,24,1.6,1.0
152,25,2.2,1.0
152,26,1.4000000000000001,1.0
152,27,2.0,1.0
152,28,2.4000000000000004,1.0
152,29,1.2000000000000002,1.0
152,30,1.6,1.0
152,31,3.6,1.0
153,0,1.2000000000000002,1.0
153,1,1.2000000000000002,1.0
153,2,1.2000000000000002,1.0
153,3,1.2000000000000002,1.0
153,4,1.4000000000000001,1.0
153,5,1.8,1.0
153,6,1.2000000000000002,1.0
153,7,1.4000000000000001,1.0
153,8,1.6,1.0
153,9,1.4000000000000001,1.0
153,10,1.6,1.0
153,11,1.2000000000000002,1.0
153,12,1.2000000000000002,1.0
153,13,1.4000000000000001,1.0
153,14,1.8,1.0
153,15,1.4000000000000001,1.0
153,16,1.2000000000000002,1.0
153,17,1.2000000000000002,1.0
153,18,1.6,1.0
153,19,1.6,1.0
153,20,1.2000000000000002,1.0
153,21,1.2000000000000002,1.0
153,22,1.2000000000000002,1.0
153,23,1.2000000000000002,1.0
153,24,1.4000000000000001,1.0
153,25,1.4000000000000001,1.0
153,26,1.2000000000000002,1.0
153,27,1.8,1.0
153,28,1.2000000000000002,1.0
153,29,1.2000000000000002,1.0
153,30,1.6,1.0
153,31,1.2000000000000002,1.0
154,0,1.2000000000000002,1.0
154,1,1.2000000000000002,1.0
154,2,1.2000000000000002,1.0
154,3,1.2000000000000002,1.0
154,4,1.2000000000000002,1.0
154,5,1.2000000000000002,1.0
154,6,1.2000000000000002,1.0
154,7,1.2000000000000002,1.0
154,8,1.2000000000000002,1.0
154,9,1.2000000000000002,1.0
154,10,1.2000000000000002,1.0
154,11,1.2000000000000002,1.0
154,12,1.2000000000000002,1.0
154,13,1.2000000000000002,1.0
154,14,1.4000000000000001,1.0
154,15,1.2000000000000002,1.0
154,16,1.2000000000000002,1.0
154,17,1.2000000000000002,1.0
154,18,1.2000000000000002,1.0
154,19,1.2000000000000002,1.0
154,20,1.2000000000000002,1.0
154,21,1.2000000000000002,1.0
154,22,1.2000000000000002,1.0
154,23,1.2000000000000002,1.0
154,24,1.2000000000000002,1.0
154,25,1.2000000000000002,1.0
154,26,1.2000000000000002,1.0
154,27,1.2000000000000002,1.0
154,28,1.2000000000000002,1.0
154,29,1.2000000000000002,1.0
154,30,1.2000000000000002,1.0
154,31,1.2000000000000002,1.0
155,0,1.2000000000000002,1.0
155,1,1.2000000000000002,1.0
155,2,1.2000000000000002,1.0
155,3,1.2000000000000002,1.0
155,4,1.2000000000000002,1.0
155,5,1.2000000000000002,1.0
155,6,1.2000000000000002,1.0
155,7,1.2000000000000002,1.0
155,8,1.2000000000000002,1.0
155,9,1.2000000000000002,1.0
155,10,1.2000000000000002,1.0
155,11,1.2000000000000002,1.0
155,12,1.2000000000000002,1.0
155,13,1.2000000000000002,1.0
155,14,1.2000000000000002,1.0
155,15,1.2000000000000002,1.0
155,16,1.2000000000000002,1.0
155,17,1.2000000000000002,1.0
155,18,1.2000000000000002,1.0
155,19,1.2000000000000002,1.0
155,20,1.2000000000000002,1.0
155,21,1.2000000000000002,1.0
155,22,1.2000000000000002,1.0
155,23,1.2000000000000002,1.0
155,24,1.2000000000000002,1.0
155,25,1.2000000000000002,1.0
155,26,1.2000000000000002,1.0
155,27,1.2000000000000002,1.0
155,28,1.2000000000000002,1.0
155,29,1.2000000000000002,1.0
155,30,1.2000000000000002,1.0
155,31,1.2000000000000002,1.0
156,0,2.8000000000000003,1.4000000000000001
156,1,1.6,1.4000000000000001
156,2,1.6,1.4000000000000001
156,3,1.8,1.4000000000000001
156,4,1.8,1.4000000000000001
156,5,1.8,1.4000000000000001
156,6,2.2,1.4000000000000001
156,7,2.2,1.4000000000000001
156,8,1.6,1.4000000000000001
156,9,2.4000000000000004,1.4000000000000001
156,10,4.4,1.4000000000000001
156,11,2.6,1.4000000000000001
156,12,1.6,1.4000000000000001
156,13,1.8,1.4000000000000001
156,14,1.8,1.4000000000000001
156,15,1.8,1.4000000000000001
156,16,1.6,1.4000000000000001
156,17,1.6,1.4000000000000001
156,18,1.6,1.4000000000000001
156,19,2.8000000000000003,1.4000000000000001
156,20,1.8,1.4000000000000001
156,21,2.8000000000000003,1.4000000000000001
156,22,1.8,1.4000000000000001
156,23,2.2,1.4000000000000001
156,24,2.0,1.4000000000000001
156,25,2.4000000000000004,1.4000000000000001
156,26,2.0,1.4000000000000001
156,27,1.6,1.4000000000000001
156,28,1.6,1.4000000000000001
156,29,1.8,1.4000000000000001
156,30,1.8,1.4000000000000001
156,31,2.4000000000000004,1.4000000000000001
157,0,1.8,1.2000000000000002
157,1,1.8,1.2000000000000002
157,2,1.8,1.2000000000000002
157,3,1.8,1.2000000000000002
157,4,1.4000000000000001,1.2000000000000002
157,5,2.2,1.2000000000000002
157,6,1.4000000000000001,1.2000000000000002
157,7,1.8,1.2000000000000002
157,8,2.0,1.2000000000000002
157,9,2.0,1.2000000000000002
157,10,1.4000000000000001,1.2000000000000002
157,11,1.6,1.2000000000000002
157,12,1.4000000000000001,1.2000000000000002
157,13,1.4000000000000001,1.2000000000000002
157,14,1.4000000000000001,1.2000000000000002
157,15,1.4000000000000001,1.2000000000000002
157,16,1.4000000000000001,1.2000000000000002
157,17,1.4000000000000001,1.2000000000000002
157,18,1.4000000000000001,1.2000000000000002
157,19,2.0,1.2000000000000002
157,20,1.4000000000000001,1.2000000000000002
157,21,1.4000000000000001,1.2000000000000002
157,22,1.6,1.2000000000000002
157,23,1.4000000000000001,1.2000000000000002
157,24,1.4000000000000001,1.2000000000000002
157,25,2.4000000000000004,1.2000000000000002
157,26,1.4000000000000001,1.2000000000000002
157,27,1.4000000000000001,1.2000000000000002
157,28,1.6,1.2000000000000002
157,29,1.4000000000000001,1.2000000000000002
157,30,1.4000000000000001,1.2000000000000002
157,31,1.6,1.2000000000000002
158,0,1.2000000000000002,1.0
158,1,1.2000000000000002,1.0
158,2,1.2000000000000002,1.0
158,3,1.2000000000000002,1.0
158,4,1.2000000000000002,1.0
158,5,1.2000000000000002,1.0
158,6,1.2000000000000002,1.0
158,7,1.2000000000000002,1.0
158,8,1.2000000000000002,1.0
158,9,1.2000000000000002,1.0
158,10,1.4000000000000001,1.0
158,11,1.2000000000000002,1.0
158,12,1.2000000000000002,1.0
158,13,1.2000000000000002,1.0
158,14,1.2000000000000002,1.0
158,15,1.2000000000000002,1.0
158,16,1.4000000000000001,1.0
158,17,1.2000000000000002,1.0
158,18,1.2000000000000002,1.0
158,19,1.2000000000000002,1.0
158,20,1.2000000000000002,1.0
158,21,1.2000000000000002,1.0
158,22,1.2000000000000002,1.0
158,23,1.2000000000000002,1.0
158,24,1.2000000000000002,1.0
158,25,1.2000000000000002,1.0
158,26,1.2000000000000002,1.0
158,27,1.2000000000000002,1.0
158,28,1.2000000000000002,1.0
158,29,1.2000000000000002,1.0
158,30,1.2000000000000002,1.0
158,31,1.2000000000000002,1.0
159,0,1.2000000000000002,1.0
159,1,1.2000000000000002,1.0
159,2,1.2000000000000002,1.0
159,3,1.2000000000000002,1.0
159,4,1.2000000000000002,1.0
159,5,1.4000000000000001,1.0
159,6,1.2000000000000002,1.0
159,7,1.2000000000000002,1.0
159,8,1.2000000000000002,1.0
159,9,1.2000000000000002,1.0
159,10,1.2000000000000002,1.0
159,11,1.2000000000000002,1.0
159,12,1.2000000000000002,1.0
159,13,1.2000000000000002,1.0
159,14,1.2000000000000002,1.0
159,15,1.4000000000000001,1.0
159,16,1.2000000000000002,1.0
159,17,1.2000000000000002,1.0
159,18,1.2000000000000002,1.0
159,19,1.2000000000000002,1.0
159,20,1.2000000000000002,1.0
159,21,1.2000000000000002,1.0
159,22,1.2000000000000002,1.0
159,23,1.2000000000000002,1.0
159,24,1.2000000000000002,1.0
159,25,1.2000000000000002,1.0
159,26,1.2000000000000002,1.0
159,27,1.2000000000000002,1.0
159,28,1.2000000000000002,1.0
159,29,1.2000000000000002,1.0
159,30,1.2000000000000002,1.0
159,31,1.2000000000000002,1.0
160,0,3.0,1.8
160,1,2.4000000000000004,1.8
160,2,2.8000000000000003,1.8
160,3,2.4000000000000004,1.8
160,4,2.4000000000000004,1.8
160,5,2.2,1.8
160,6,2.0,1.8
160,7,2.8000000000000003,1.8
160,8,2.0,1.8
160,9,2.0,1.8
160,10,2.4000000000000004,1.8
160,11,2.6,1.8
160,12,2.6,1.8
160,13,2.8000000000000003,1.8
160,14,2.2,1.8
160,15,2.2,1.8
160,16,2.4000000000000004,1.8
160,17,3.0,1.8
160,18,2.4000000000000004,1.8
160,19,2.2,1.8
160,20,3.8000000000000003,1.8
160,21,2.0,1.8
160,22,2.0,1.8
160,23,2.0,1.8
160,24,2.0,1.8
160,25,2.8000000000000003,1.8
160,26,2.0,1.8
160,27,2.0,1.8
160,28,2.2,1.8
160,29,2.0,1.8
160,30,2.0,1.8
160,31,2.0,1.8
161,0,1.8,1.6
161,1,1.8,1.6
161,2,2.8000000000000003,1.6
161,3,1.8,1.6
161,4,1.8,1.6
161,5,2.2,1.6
161,6,2.8000000000000003,1.6
161,7,2.0,1.6
161,8,1.8,1.6
161,9,1.8,1.6
161,10,2.2,1.6
161,11,1.8,1.6
161,12,1.8,1.6
161,13,2.0,1.6
161,14,2.0,1.6
161,15,1.8,1.6
161,16,2.0,1.6
161,17,1.8,1.6
161,18,1.8,1.6
161,19,1.8,1.6
161,20,1.8,1.6
161,21,1.8,1.6
161,22,1.8,1.6
161,23,1.8,1.6
161,24,2.2,1.6
161,25,1.8,1.6
161,26,1.8,1.6
161,27,2.0,1.6
161,28,1.8,1.6
161,29,2.2,1.6
161,30,1.8,1.6
161,31,1.8,1.6
162,0,1.6,1.4000000000000001
162,1,2.0,1.4000000000000001
162,2,1.6,1.4000000000000001
162,3,1.6,1.4000000000000001
162,4,1.6,1.4000000000000001
162,5,1.6,1.4000000000000001
162,6,1.8,1.4000000000000001
162,7,1.6,1.4000000000000001
162,8,1.6,1.4000000000000001
162,9,1.6,1.4000000000000001
162,10,1.6,1.4000000000000001
162,11,1.6,1.4000000000000001
162,12,1.6,1.4000000000000001
162,13,1.6,1.4000000000000001
162,14,1.8,1.4000000000000001
162,15,1.6,1.4000000000000001
162,16,1.6,1.4000000000000001
162,17,1.6,1.4000000000000001
162,18,1.6,1.4000000000000001
162,19,1.6,1.4000000000000001
162,20,1.6,1.4000000000000001
162,21,1.6,1.4000000000000001
162,22,1.8,1.4000000000000001
162,23,1.6,1.4000000000000001
162,24,1.6,1.4000000000000001
162,25,1.8,1.4000000000000001
162,26,1.8,1.4000000000000001
162,27,1.6,1.4000000000000001
162,28,1.6,1.4000000000000001
162,29,1.6,1.4000000000000001
162,30,1.8,1.4000000000000001
162,31,1.6,1.4000000000000001
163,0,1.6,1.4000000000000001
163,1,1.6,1.4000000000000001
163,2,1.6,1.4000000000000001
163,3,1.6,1.4000000000000001
163,4,1.6,1.4000000000000001
163,5,1.6,1.4000000000000001
163,6,1.6,1.4000000000000001
163,7,1.6,1.4000000000000001
163,8,1.6,1.4000000000000001
163,9,1.6,1.4000000000000001
163,10,1.6,1.4000000000000001
163,11,1.6,1.4000000000000001
163,12,1.6,1.4000000000000001
163,13,1.6,1.4000000000000001
163,14,1.6,1.4000000000000001
163,15,1.6,1.4000000000000001
163,16,1.6,1.4000000000000001
163,17,1.6,1.4000000000000001
163,18,1.6,1.4000000000000001
163,19,1.6,1.4000000000000001
163,20,1.6,1.4000000000000001
163,21,1.6,1.4000000000000001
163,22,1.6,1.4000000000000001
163,23,1.6,1.4000000000000001
163,24,1.6,1.4000000000000001
163,25,1.6,1.4000000000000001
163,26,1.6,1.4000000000000001
163,27,1.6,1.4000000000000001
163,28,1.6,1.4000000000000001
163,29,1.6,1.4000000000000001
163,30,1.6,1.4000000000000001
163,31,1.6,1.4000000000000001
164,0,2.8000000000000003,2.2
164,1,2.6,2.2
164,2,3.6,2.2
164,3,2.4000000000000004,2.2
164,4,3.2,2.0
164,5,2.4000000000000004,2.2
164,6,2.2,2.0
164,7,2.4000000000000004,2.2
164,8,2.4000000000000004,2.2
164,9,3.4000000000000004,2.2
164,10,3.2,2.2
164,11,2.8000000000000003,2.2
164,12,4.4,2.2
164,13,3.0,2.2
164,14,3.8000000000000003,2.2
164,15,2.4000000000000004,2.2
164,16,2.6,2.2
164,17,2.4000000000000004,2.2
164,18,3.6,2.2
164,19,2.4000000000000004,2.2
164,20,3.0,2.2
164,21,2.4000000000000004,2.2
164,22,2.4000000000000004,2.2
164,23,2.4000000000000004,2.2
164,24,2.8000000000000003,2.2
164,25,2.6,2.2
164,26,2.4000000000000004,2.2
164,27,2.8000000000000003,2.2
164,28,3.2,2.2
164,29,2.4000000000000004,2.2
164,30,2.4000000000000004,2.2
164,31,3.0,2.2
165,0,3.0,1.8
165,1,2.2,1.8
165,2,2.4000000000000004,1.8
165,3,2.4000000000000004,1.8
165,4,2.0,1.8
165,5,2.0,1.8
165,6,2.0,1.8
165,7,2.0,1.8
165,8,2.0,1.8
165,9,2.0,1.8
165,10,2.2,1.8
165,11,2.2,1.8
165,12,2.0,1.8
165,13,2.6,1.8
165,14,2.2,1.8
165,15,2.0,1.8
165,16,2.0,1.8
165,17,2.6,1.8
165,18,2.2,1.8
165,19,2.6,1.8
165,20,2.0,1.8
165,21,2.0,1.8
165,22,2.0,1.8
165,23,2.0,1.8
165,24,2.0,1.8
165,25,3.6,1.8
165,26,2.0,1.8
165,27,2.0,1.8
165,28,2.2,1.8
165,29,2.0,1.8
165,30,2.2,1.8
165,31,2.4000000000000004,1.8
166,0,1.8,1.6
166,1,1.8,1.6
166,2,1.8,1.6
166,3,1.8,1.6
166,4,1.8,1.6
166,5,1.8,1.6
166,6,1.8,1.6
166,7,1.8,1.6
166,8,1.8,1.6
166,9,2.0,1.6
166,10,1.8,1.6
166,11,2.0,1.6
166,12,1.8,1.6
166,13,1.8,1.6
166,14,2.0,1.6
166,15,1.8,1.6
166,16,1.8,1.6
166,17,1.8,1.6
166,18,1.8,1.6
166,19,1.8,1.6
166,20,1.8,1.6
166,21,1.8,1.6
166,22,1.8,1.6
166,23,1.8,1.6
166,24,1.8,1.6
166,25,1.8,1.6
166,26,1.8,1.6
166,27,1.8,1.6
166,28,2.2,1.6
166,29,2.0,1.6
166,30,1.8,1.6
166,31,1.8,1.6
167,0,1.6,1.4000000000000001
167,1,1.6,1.4000000000000001
167,2,1.6,1.4000000000000001
167,3,1.6,1.4000000000000001
167,4,1.6,1.4000000000000001
167,5,1.6,1.4000000000000001
167,6,1.6,1.4000000000000001
167,7,1.6,1.4000000000000001
167,8,1.6,1.4000000000000001
167,9,1.6,1.4000000000000001
167,10,1.6,1.4000000000000001
167,11,1.6,1.4000000000000001
167,12,1.6,1.4000000000000001
167,13,1.6,1.4000000000000001
167,14,1.6,1.4000000000000001
167,15,1.6,1.4000000000000001
167,16,1.8,1.4000000000000001
167,17,1.6,1.4000000000000001
167,18,1.6,1.4000000000000001
167,19,1.6,1.4000000000000001
167,20,1.6,1.4000000000000001
167,21,1.6,1.4000000000000001
167,22,1.6,1.4000000000000001
167,23,1.6,1.4000000000000001
167,24,1.6,1.4000000000000001
167,25,1.6,1.4000000000000001
167,26,1.8,1.4000000000000001
167,27,1.6,1.4000000000000001
167,28,1.6,1.4000000000000001
167,29,1.6,1.4000000000000001
167,30,1.6,1.4000000000000001
167,31,1.6,1.4000000000000001
168,0,1.0,0.4
168,1,0.6000000000000001,0.4
168,2,0.8,0.4
168,3,0.6000000000000001,0.4
168,4,1.2000000000000002,0.4
168,5,0.6000000000000001,0.4
168,6,1.0,0.6000000000000001
168,7,1.8,0.4
168,8,0.6000000000000001,0.4
168,9,3.8000000000000003,0.4
168,10,1.0,0.4
168,11,1.0,0.4
168,12,1.2000000000000002,0.4
168,13,1.0,0.4
168,14,0.6000000000000001,0.4
168,15,1.8,0.4
168,16,1.4000000000000001,0.4
168,17,0.6000000000000001,0.4
168,18,1.4000000000000001,0.4
168,19,1.6,0.4
168,20,4.6000000000000005,0.4
168,21,0.6000000000000001,0.4
168,22,0.8,0.4
168,23,3.4000000000000004,0.4
168,24,0.8,0.4
168,25,1.4000000000000001,0.4
168,26,2.2,0.4
168,27,0.6000000000000001,0.4
168,28,0.6000000000000001,0.4
168,29,1.4000000000000001,0.4
168,30,1.0,0.4
168,31,2.8000000000000003,0.4
169,0,0.6000000000000001,0.4
169,1,0.6000000000000001,0.4
169,2,0.6000000000000001,0.4
169,3,0.6000000000000001,0.4
169,4,0.8,0.4
169,5,1.0,0.4
169,6,1.6,0.4
169,7,0.6000000000000001,0.4
169,8,0.6000000000000001,0.4
169,9,0.6000000000000001,0.4
169,10,1.0,0.4
169,11,0.6000000000000001,0.4
169,12,0.6000000000000001,0.4
169,13,1.0,0.4
169,14,0.6000000000000001,0.4
169,15,0.6000000000000001,0.4
169,16,1.6,0.4
169,17,0.6000000000000001,0.4
169,18,0.6000000000000001,0.4
169,19,0.6000000000000001,0.4
169,20,1.0,0.4
169,21,0.6000000000000001,0.4
169,22,0.6000000000000001,0.4
169,23,0.6000000000000001,0.4
169,24,0.6000000000000001,0.4
169,25,0.6000000000000001,0.4
169,26,0.6000000000000001,0.4
169,27,0.6000000000000001,0.4
169,28,0.6000000000000001,0.4
169,29,0.6000000000000001,0.4
169,30,1.0,0.4
169,31,0.6000000000000001,0.4
170,0,0.6000000000000001,0.4
170,1,0.6000000000000001,0.4
170,2,0.6000000000000001,0.4
170,3,0.8,0.4
170,4,0.6000000000000001,0.4
170,5,1.0,0.4
170,6,0.6000000000000001,0.4
170,7,0.6000000000000001,0.4
170,8,0.6000000000000001,0.4
170,9,0.6000000000000001,0.4
170,10,0.6000000000000001,0.4
170,11,0.6000000000000001,0.4
170,12,0.6000000000000001,0.4
170,13,0.6000000000000001,0.4
170,14,0.6000000000000001,0.4
170,15,0.6000000000000001,0.4
170,16,0.6000000000000001,0.4
170,17,0.6000000000000001,0.4
170,18,0.6000000000000001,0.4
170,19,0.6000000000000001,0.4
170,20,0.6000000000000001,0.4
170,21,0.8,0.4
170,22,0.6000000000000001,0.4
170,23,0.6000000000000001,0.4
170,24,0.8,0.4
170,25,0.6000000000000001,0.4
170,26,0.6000000000000001,0.4
170,27,0.6000000000000001,0.4
170,28,0.6000000000000001,0.4
170,29,0.6000000000000001,0.4
170,30,0.6000000000000001,0.4
170,31,0.6000000000000001,0.4
171,0,0.8,0.6000000000000001
171,1,0.8,0.6000000000000001
171,2,0.8,0.6000000000000001
171,3,0.8,0.6000000000000001
171,4,0.8,0.6000000000000001
171,5,0.8,0.6000000000000001
171,6,0.8,0.6000000000000001
171,7,0.8,0.6000000000000001
171,8,0.8,0.6000000000000001
171,9,0.8,0.6000000000000001
171,10,0.8,0.6000000000000001
171,11,0.8,0.6000000000000001
171,12,0.8,0.6000000000000001
171,13,0.8,0.6000000000000001
171,14,0.8,0.6000000000000001
171,15,0.8,0.6000000000000001
171,16,0.8,0.6000000000000001
171,17,0.8,0.6000000000000001
171,18,0.8,0.6000000000000001
171,19,0.8,0.6000000000000001
171,20,0.8,0.6000000000000001
171,21,0.8,0.6000000000000001
171,22,0.8,0.6000000000000001
171,23,0.8,0.6000000000000001
171,24,0.8,0.6000000000000001
171,25,0.8,0.6000000000000001
171,26,0.8,0.6000000000000001
171,27,0.8,0.6000000000000001
171,28,0.8,0.6000000000000001
171,29,0.8,0.6000000000000001
171,30,0.8,0.6000000000000001
171,31,0.8,0.6000000000000001
172,0,1.2000000000000002,0.4
172,1,0.6000000000000001,0.4
172,2,1.4000000000000001,0.6000000000000001
172,3,0.8,0.6000000000000001
172,4,1.2000000000000002,0.6000000000000001
172,5,1.4000000000000001,0.6000000000000001
172,6,0.8,0.6000000000000001
172,7,0.6000000000000001,0.4
172,8,0.8,0.4
172,9,0.8,0.4
172,10,0.6000000000000001,0.4
172,11,2.2,0.4
172,12,1.0,0.4
172,13,1.0,0.4
172,14,2.0,0.6000000000000001
172,15,0.6000000000000001,0.4
172,16,0.8,0.6000000000000001
172,17,1.4000000000000001,0.6000000000000001
172,18,1.8,0.6000000000000001
172,19,2.2,0.6000000000000001
172,20,1.0,0.6000000000000001
172,21,0.6000000000000001,0.4
172,22,4.800000000000001,0.6000000000000001
172,23,1.4000000000000001,0.6000000000000001
172,24,3.4000000000000004,0.4
172,25,1.6,0.6000000000000001
172,26,2.8000000000000003,0.6000000000000001
172,27,0.6000000000000001,0.4
172,28,0.6000000000000001,0.4
172,29,0.6000000000000001,0.4
172,30,0.6000000000000001,0.4
172,31,1.2000000000000002,0.4
173,0,0.6000000000000001,0.4
173,1,0.6000000000000001,0.4
173,2,0.8,0.4
173,3,0.6000000000000001,0.4
173,4,1.2000000000000002,0.4
173,5,1.2000000000000002,0.4
173,6,0.6000000000000001,0.4
173,7,1.2000000000000002,0.4
173,8,0.6000000000000001,0.4
173,9,1.0,0.4
173,10,0.8,0.4
173,11,0.6000000000000001,0.4
173,12,0.8,0.4
173,13,0.6000000000000001,0.4
173,14,1.2000000000000002,0.4
173,15,0.8,0.4
173,16,0.8,0.4
173,17,0.6000000000000001,0.4
173,18,0.8,0.4
173,19,0.6000000000000001,0.4
173,20,0.6000000000000001,0.4
173,21,0.6000000000000001,0.4
173,22,0.6000000000000001,0.4
173,23,1.2000000000000002,0.4
173,24,0.8,0.4
173,25,0.6000000000000001,0.4
173,26,0.6000000000000001,0.4
173,27,0.8,0.4
173,28,0.6000000000000001,0.4
173,29,0.8,0.4
173,30,0.6000000000000001,0.4
173,31,0.6000000000000001,0.4
174,0,0.6000000000000001,0.4
174,1,0.6000000000000001,0.4
174,2,0.6000000000000001,0.4
174,3,0.6000000000000001,0.4
174,4,0.6000000000000001,0.4
174,5,1.0,0.4
174,6,1.2000000000000002,0.4
174,7,0.8,0.4
174,8,0.6000000000000001,0.4
174,9,0.6000000000000001,0.4
174,10,0.6000000000000001,0.4
174,11,0.6000000000000001,0.4
174,12,0.6000000000000001,0.4
174,13,0.8,0.4
174,14,0.6000000000000001,0.4
174,15,0.6000000000000001,0.4
174,16,1.6,0.4
174,17,0.6000000000000001,0.4
174,18,0.6000000000000001,0.4
174,19,0.6000000000000001,0.4
174,20,0.6000000000000001,0.4
174,21,0.6000000000000001,0.4
174,22,0.6000000000000001,0.4
174,23,0.6000000000000001,0.4
174,24,0.6000000000000001,0.4
174,25,0.6000000000000001,0.4
174,26,0.6000000000000001,0.4
174,27,1.2000000000000002,0.4
174,28,0.6000000000000001,0.4
174,29,0.6000000000000001,0.4
174,30,0.6000000000000001,0.4
174,31,0.6000000000000001,0.4
175,0,0.8,0.6000000000000001
175,1,0.8,0.6000000000000001
175,2,0.8,0.6000000000000001
175,3,0.8,0.6000000000000001
175,4,0.8,0.6000000000000001
175,5,0.8,0.6000000000000001
175,6,0.8,0.6000000000000001
175,7,0.8,0.6000000000000001
175,8,0.8,0.6000000000000001
175,9,0.8,0.6000000000000001
175,10,0.8,0.6000000000000001
175,11,0.8,0.6000000000000001
175,12,0.8,0.6000000000000001
175,13,0.8,0.6000000000000001
175,14,0.8,0.6000000000000001
175,15,0.8,0.6000000000000001
175,16,0.8,0.6000000000000001
175,17,0.8,0.6000000000000001
175,18,0.8,0.6000000000000001
175,19,0.8,0.6000000000000001
175,20,0.8,0.6000000000000001
175,21,0.8,0.6000000000000001
175,22,0.8,0.6000000000000001
175,23,0.8,0.6000000000000001
175,24,0.8,0.6000000000000001
175,25,0.8,0.6000000000000001
175,26,0.8,0.6000000000000001
175,27,0.8,0.6000000000000001
175,28,0.8,0.6000000000000001
175,29,0.8,0.6000000000000001
175,30,0.8,0.6000000000000001
175,31,0.8,0.6000000000000001
176,0,2.8000000000000003,0.6000000000000001
176,1,1.8,0.6000000000000001
176,2,2.4000000000000004,0.6000000000000001
176,3,1.0,0.6000000000000001
176,4,2.6,0.6000000000000001
176,5,1.4000000000000001,0.6000000000000001
176,6,0.8,0.6000000000000001
176,7,1.2000000000000002,0.6000000000000001
176,8,0.8,0.6000000000000001
176,9,2.8000000000000003,0.6000000000000001
176,10,1.4000000000000001,0.6000000000000001
176,11,1.4000000000000001,0.6000000000000001
176,12,1.4000000000000001,0.6000000000000001
176,13,1.6,0.6000000000000001
176,14,1.2000000000000002,0.6000000000000001
176,15,4.0,0.6000000000000001
176,16,0.8,0.6000000000000001
176,17,0.8,0.6000000000000001
176,18,1.4000000000000001,0.6000000000000001
176,19,2.0,0.6000000000000001
176,20,1.0,0.6000000000000001
176,21,1.6,0.6000000000000001
176,22,0.8,0.6000000000000001
176,23,2.0,0.6000000000000001
176,24,1.4000000000000001,0.6000000000000001
176,25,1.6,0.6000000000000001
176,26,5.0,0.6000000000000001
176,27,0.8,0.6000000000000001
176,28,1.0,0.6000000000000001
176,29,1.2000000000000002,0.6000000000000001
176,30,0.8,0.6000000000000001
176,31,2.2,0.6000000000000001
177,0,0.8,0.6000000000000001
177,1,0.8,0.6000000000000001
177,2,1.2000000000000002,0.6000000000000001
177,3,0.8,0.6000000000000001
177,4,1.2000000000000002,0.6000000000000001
177,5,1.8,0.6000000000000001
177,6,0.8,0.6000000000000001
177,7,0.8,0.6000000000000001
177,8,2.0,0.6000000000000001
177,9,1.4000000000000001,0.6000000000000001
177,10,1.2000000000000002,0.6000000000000001
177,11,1.0,0.6000000000000001
177,12,0.8,0.6000000000000001
177,13,1.4000000000000001,0.6000000000000001
177,14,0.8,0.6000000000000001
177,15,0.8,0.6000000000000001
177,16,1.0,0.6000000000000001
177,17,0.8,0.6000000000000001
177,18,1.0,0.6000000000000001
177,19,1.4000000000000001,0.6000000000000001
177,20,1.0,0.6000000000000001
177,21,0.8,0.6000000000000001
177,22,1.2000000000000002,0.6000000000000001
177,23,0.8,0.6000000000000001
177,24,0.8,0.6000000000000001
177,25,0.8,0.6000000000000001
177,26,0.8,0.6000000000000001
177,27,0.8,0.6000000000000001
177,28,0.8,0.6000000000000001
177,29,0.8,0.6000000000000001
177,30,0.8,0.6000000000000001
177,31,1.0,0.6000000000000001
178,0,0.8,0.6000000000000001
178,1,0.6000000000000001,0.4
178,2,0.8,0.6000000000000001
178,3,0.8,0.6000000000000001
178,4,0.8,0.6000000000000001
178,5,0.8,0.6000000000000001
178,6,0.8,0.6000000000000001
178,7,0.8,0.6000000000000001
178,8,1.0,0.6000000000000001
178,9,0.8,0.6000000000000001
178,10,0.8,0.6000000000000001
178,11,0.8,0.6000000000000001
178,12,0.8,0.6000000000000001
178,13,0.8,0.6000000000000001
178,14,0.8,0.6000000000000001
178,15,0.8,0.6000000000000001
178,16,1.0,0.6000000000000001
178,17,0.8,0.6000000000000001
178,18,0.8,0.6000000000000001
178,19,0.8,0.6000000000000001
178,20,1.4000000000000001,0.6000000000000001
178,21,0.8,0.6000000000000001
178,22,1.2000000000000002,0.6000000000000001
178,23,0.8,0.6000000000000001
178,24,0.8,0.6000000000000001
178,25,0.8,0.6000000000000001
178,26,1.4000000000000001,0.6000000000000001
178,27,0.8,0.6000000000000001
178,28,0.8,0.6000000000000001
178,29,0.8,0.6000000000000001
178,30,1.0,0.6000000000000001
178,31,0.8,0.6000000000000001
179,0,0.8,0.6000000000000001
179,1,0.8,0.6000000000000001
179,2,0.8,0.6000000000000001
179,3,0.8,0.6000000000000001
179,4,0.8,0.6000000000000001
179,5,0.8,0.6000000000000001
179,6,0.8,0.6000000000000001
179,7,0.8,0.6000000000000001
179,8,0.8,0.6000000000000001
179,9,0.8,0.6000000000000001
179,10,0.8,0.6000000000000001
179,11,0.8,0.6000000000000001
179,12,0.8,0.6000000000000001
179,13,0.8,0.6000000000000001
179,14,0.8,0.6000000000000001
179,15,0.8,0.6000000000000001
179,16,0.8,0.6000000000000001
179,17,0.8,0.6000000000000001
179,18,0.8,0.6000000000000001
179,19,0.8,0.6000000000000001
179,20,0.8,0.6000000000000001
179,21,0.8,0.6000000000000001
179,22,0.8,0.6000000000000001
179,23,0.8,0.6000000000000001
179,24,0.8,0.6000000000000001
179,25,0.8,0.6000000000000001
179,26,0.8,0.6000000000000001
179,27,0.8,0.6000000000000001
179,28,0.8,0.6000000000000001
179,29,0.8,0.6000000000000001
179,30,0.8,0.6000000000000001
179,31,0.8,0.6000000000000001
180,0,3.2,0.8
180,1,1.0,0.8
180,2,1.0,0.8
180,3,1.0,0.8
180,4,1.0,0.8
180,5,1.0,0.8
180,6,1.0,0.8
180,7,1.4000000000000001,0.8
180,8,1.2000000000000002,0.8
180,9,1.8,0.8
180,10,1.0,0.8
180,11,1.0,0.8
180,12,1.6,0.8
180,13,1.6,0.8
180,14,1.0,0.8
180,15,1.0,0.8
180,16,1.2000000000000002,0.8
180,17,1.2000000000000002,0.8
180,18,1.2000000000000002,0.8
180,19,2.2,0.8
180,20,1.8,0.8
180,21,3.8000000000000003,0.8
180,22,1.4000000000000001,0.8
180,23,1.0,0.8
180,24,1.6,0.8
180,25,1.0,0.8
180,26,2.6,0.8
180,27,2.4000000000000004,0.8
180,28,1.2000000000000002,0.8
180,29,2.4000000000000004,0.8
180,30,1.0,0.8
180,31,1.0,0.8
181,0,0.8,0.6000000000000001
181,1,1.0,0.6000000000000001
181,2,0.8,0.6000000000000001
181,3,1.2000000000000002,0.6000000000000001
181,4,1.6,0.6000000000000001
181,5,1.0,0.6000000000000001
181,6,0.8,0.6000000000000001
181,7,1.4000000000000001,0.6000000000000001
181,8,0.8,0.6000000000000001
181,9,0.8,0.6000000000000001
181,10,2.2,0.6000000000000001
181,11,1.6,0.6000000000000001
181,12,0.8,0.6000000000000001
181,13,0.8,0.6000000000000001
181,14,0.8,0.6000000000000001
181,15,2.0,0.6000000000000001
181,16,0.8,0.6000000000000001
181,17,0.8,0.6000000000000001
181,18,0.8,0.6000000000000001
181,19,1.2000000000000002,0.6000000000000001
181,20,1.6,0.6000000000000001
181,21,0.8,0.6000000000000001
181,22,0.8,0.6000000000000001
181,23,1.2000000000000002,0.6000000000000001
181,24,1.6,0.6000000000000001
181,25,0.8,0.6000000000000001
181,26,1.4000000000000001,0.6000000000000001
181,27,0.8,0.6000000000000001
181,28,1.6,0.6000000000000001
181,29,0.8,0.6000000000000001
181,30,0.8,0.6000000000000001
181,31,0.8,0.6000000000000001
182,0,0.8,0.6000000000000001
182,1,0.8,0.6000000000000001
182,2,1.0,0.6000000000000001
182,3,1.0,0.6000000000000001
182,4,0.8,0.6000000000000001
182,5,0.8,0.6000000000000001
182,6,0.8,0.6000000000000001
182,7,0.8,0.6000000000000001
182,8,0.8,0.6000000000000001
182,9,0.8,0.6000000000000001
182,10,0.8,0.6000000000000001
182,11,0.8,0.6000000000000001
182,12,0.8,0.6000000000000001
182,13,0.8,0.6000000000000001
182,14,0.8,0.6000000000000001
182,15,0.8,0.6000000000000001
182,16,1.0,0.6000000000000001
182,17,0.8,0.6000000000000001
182,18,0.8,0.6000000000000001
182,19,0.8,0.6000000000000001
182,20,0.8,0.6000000000000001
182,21,0.8,0.6000000000000001
182,22,0.8,0.6000000000000001
182,23,0.8,0.6000000000000001
182,24,0.8,0.6000000000000001
182,25,0.8,0.6000000000000001
182,26,0.8,0.6000000000000001
182,27,0.8,0.6000000000000001
182,28,0.8,0.6000000000000001
182,29,0.8,0.6000000000000001
182,30,0.8,0.6000000000000001
182,31,1.0,0.6000000000000001
183,0,1.0,0.8
183,1,1.0,0.8
183,2,1.0,0.8
183,3,1.0,0.8
183,4,1.0,0.8
183,5,1.0,0.8
183,6,1.0,0.8
183,7,1.0,0.8
183,8,1.0,0.8
183,9,1.0,0.8
183,10,1.0,0.8
183,11,1.0,0.8
183,12,1.0,0.8
183,13,1.0,0.8
183,14,1.0,0.8
183,15,1.0,0.8
183,16,1.0,0.8
183,17,1.0,0.8
183,18,1.0,0.8
183,19,1.0,0.8
183,20,1.0,0.8
183,21,1.0,0.8
183,22,1.0,0.8
183,23,1.0,0.8
183,24,1.0,0.8
183,25,1.0,0.8
183,26,1.0,0.8
183,27,1.0,0.8
183,28,1.0,0.8
183,29,1.0,0.8
183,30,1.0,0.8
183,31,1.0,0.8
184,0,1.6,1.0
184,1,1.2000000000000002,1.0
184,2,1.4000000000000001,1.0
184,3,7.4,1.0
184,4,1.8,1.0
184,5,1.6,1.0
184,6,1.2000000000000002,1.0
184,7,1.4000000000000001,1.0
184,8,1.2000000000000002,1.0
184,9,1.4000000000000001,1.0
184,10,1.6,1.0
184,11,1.8,1.0
184,12,1.4000000000000001,1.0
184,13,1.6,1.0
184,14,1.6,1.0
184,15,2.6,1.0
184,16,2.4000000000000004,1.0
184,17,1.2000000000000002,1.0
184,18,1.8,1.0
184,19,1.8,1.0
184,20,2.2,1.0
184,21,1.2000000000000002,1.0
184,22,1.8,1.0
184,23,1.2000000000000002,1.0
184,24,1.8,1.0
184,25,1.4000000000000001,1.0
184,26,1.6,1.0
184,27,1.2000000000000002,1.0
184,28,2.0,1.0
184,29,1.8,1.0
184,30,1.4000000000000001,1.0
184,31,2.4000000000000004,1.0
185,0,1.6,0.8
185,1,1.0,0.8
185,2,1.4000000000000001,0.8
185,3,1.0,0.8
185,4,1.0,0.8
185,5,1.2000000000000002,0.8
185,6,1.0,0.8
185,7,1.0,0.8
185,8,1.0,0.8
185,9,1.2000000000000002,0.8
185,10,1.2000000000000002,0.8
185,11,1.0,0.8
185,12,1.0,0.8
185,13,1.0,0.8
185,14,1.2000000000000002,0.8
185,15,1.4000000000000001,0.8
185,16,1.0,0.8
185,17,1.0,0.8
185,18,1.0,0.8
185,19,1.0,0.8
185,20,1.0,0.8
185,21,1.0,0.8
185,22,1.4000000000000001,0.8
185,23,1.0,0.8
185,24,1.4000000000000001,0.8
185,25,1.2000000000000002,0.8
185,26,1.4000000000000001,0.8
185,27,1.0,0.8
185,28,1.0,0.8
185,29,1.0,0.8
185,30,1.2000000000000002,0.8
185,31,1.0,0.8
186,0,1.0,0.8
186,1,1.0,0.8
186,2,1.0,0.8
186,3,1.0,0.8
186,4,1.4000000000000001,0.8
186,5,1.0,0.8
186,6,1.0,0.8
186,7,1.0,0.8
186,8,1.0,0.8
186,9,1.0,0.8
186,10,1.0,0.8
186,11,1.0,0.8
186,12,1.0,0.8
186,13,1.0,0.8
186,14,1.0,0.8
186,15,1.0,0.8
186,16,1.0,0.8
186,17,1.0,0.8
186,18,1.0,0.8
186,19,1.0,0.8
186,20,1.0,0.8
186,21,1.0,0.8
186,22,1.0,0.8
186,23,1.0,0.8
186,24,1.0,0.8
186,25,1.0,0.8
186,26,1.0,0.8
186,27,1.0,0.8
186,28,1.0,0.8
186,29,1.0,0.8
186,30,1.0,0.8
186,31,1.0,0.8
187,0,1.2000000000000002,1.0
187,1,1.2000000000000002,1.0
187,2,1.2000000000000002,1.0
187,3,1.2000000000000002,1.0
187,4,1.2000000000000002,1.0
187,5,1.4000000000000001,1.0
187,6,1.2000000000000002,1.0
187,7,1.2000000000000002,1.0
187,8,1.2000000000000002,1.0
187,9,1.2000000000000002,1.0
187,10,1.2000000000000002,1.0
187,11,1.2000000000000002,1.0
187,12,1.2000000000000002,1.0
187,13,1.2000000000000002,1.0
187,14,1.2000000000000002,1.0
187,15,1.4000000000000001,1.0
187,16,1.2000000000000002,1.0
187,17,1.2000000000000002,1.0
187,18,1.2000000000000002,1.0
187,19,1.2000000000000002,1.0
187,20,1.2000000000000002,1.0
187,21,1.2000000000000002,1.0
187,22,1.2000000000000002,1.0
187,23,1.2000000000000002,1.0
187,24,1.2000000000000002,1.0
187,25,1.2000000000000002,1.0
187,26,1.2000000000000002,1.0
187,27,1.2000000000000002,1.0
187,28,1.2000000000000002,1.0
187,29,1.2000000000000002,1.0
187,30,1.2000000000000002,1.0
187,31,1.2000000000000002,1.0
188,0,2.0,1.2000000000000002
188,1,1.8,1.2000000000000002
188,2,1.8,1.2000000000000002
188,3,1.8,1.2000000000000002
188,4,2.4000000000000004,1.2000000000000002
188,5,2.0,1.2000000000000002
188,6,2.4000000000000004,1.2000000000000002
188,7,2.4000000000000004,1.2000000000000002
188,8,1.4000000000000001,1.2000000000000002
188,9,4.4,1.2000000000000002
188,10,1.4000000000000001,1.2000000000000002
188,11,2.0,1.2000000000000002
188,12,2.6,1.2000000000000002
188,13,2.2,1.2000000000000002
188,14,1.4000000000000001,1.2000000000000002
188,15,1.8,1.2000000000000002
188,16,2.0,1.2000000000000002
188,17,1.6,1.2000000000000002
188,18,2.8000000000000003,1.2000000000000002
188,19,2.8000000000000003,1.2000000000000002
188,20,1.6,1.2000000000000002
188,21,2.6,1.2000000000000002
188,22,2.2,1.2000000000000002
188,23,2.6,1.2000000000000002
188,24,2.2,1.2000000000000002
188,25,1.6,1.2000000000000002
188,26,2.6,1.2000000000000002
188,27,1.4000000000000001,1.2000000000000002
188,28,1.4000000000000001,1.2000000000000002
188,29,2.0,1.2000000000000002
188,30,1.4000000000000001,1.2000000000000002
188,31,1.6,1.2000000000000002
189,0,1.2000000000000002,1.0
189,1,1.2000000000000002,1.0
189,2,1.2000000000000002,1.0
189,3,1.2000000000000002,1.0
189,4,1.4000000000000001,1.0
189,5,1.8,1.0
189,6,2.2,1.0
189,7,1.4000000000000001,1.0
189,8,1.2000000000000002,1.0
189,9,1.4000000000000001,1.0
189,10,2.4000000000000004,1.0
189,11,1.2000000000000002,1.0
189,12,1.4000000000000001,1.0
189,13,1.4000000000000001,1.0
189,14,1.8,1.0
189,15,1.4000000000000001,1.0
189,16,1.8,1.0
189,17,1.4000000000000001,1.0
189,18,1.6,1.0
189,19,1.6,1.0
189,20,1.2000000000000002,1.0
189,21,1.2000000000000002,1.0
189,22,1.2000000000000002,1.0
189,23,1.2000000000000002,1.0
189,24,1.2000000000000002,1.0
189,25,1.4000000000000001,1.0
189,26,1.2000000000000002,1.0
189,27,2.4000000000000004,1.0
189,28,1.2000000000000002,1.0
189,29,1.8,1.0
189,30,1.6,1.0
189,31,1.2000000000000002,1.0
190,0,1.2000000000000002,1.0
190,1,1.2000000000000002,1.0
190,2,1.2000000000000002,1.0
190,3,1.2000000000000002,1.0
190,4,1.4000000000000001,1.0
190,5,1.4000000000000001,1.0
190,6,1.2000000000000002,1.0
190,7,1.2000000000000002,1.0
190,8,1.4000000000000001,1.0
190,9,1.2000000000000002,1.0
190,10,1.2000000000000002,1.0
190,11,1.2000000000000002,1.0
190,12,1.2000000000000002,1.0
190,13,1.2000000000000002,1.0
190,14,1.2000000000000002,1.0
190,15,1.4000000000000001,1.0
190,16,1.4000000000000001,1.0
190,17,1.2000000000000002,1.0
190,18,1.2000000000000002,1.0
190,19,1.2000000000000002,1.0
190,20,1.2000000000000002,1.0
190,21,1.2000000000000002,1.0
190,22,1.2000000000000002,1.0
190,23,1.2000000000000002,1.0
190,24,1.2000000000000002,1.0
190,25,1.2000000000000002,1.0
190,26,1.2000000000000002,1.0
190,27,1.2000000000000002,1.0
190,28,1.2000000000000002,1.0
190,29,1.2000000000000002,1.0
190,30,1.2000000000000002,1.0
190,31,1.2000000000000002,1.0
191,0,1.6,1.2000000000000002
191,1,1.4000000000000001,1.2000000000000002
191,2,1.4000000000000001,1.2000000000000002
191,3,1.4000000000000001,1.2000000000000002
191,4,1.4000000000000001,1.2000000000000002
191,5,1.4000000000000001,1.2000000000000002
191,6,1.4000000000000001,1.2000000000000002
191,7,1.4000000000000001,1.2000000000000002
191,8,1.4000000000000001,1.2000000000000002
191,9,1.4000000000000001,1.2000000000000002
191,10,1.4000000000000001,1.2000000000000002
191,11,1.4000000000000001,1.2000000000000002
191,12,1.4000000000000001,1.2000000000000002
191,13,1.4000000000000001,1.2000000000000002
191,14,1.4000000000000001,1.2000000000000002
191,15,1.4000000000000001,1.2000000000000002
191,16,1.4000000000000001,1.2000000000000002
191,17,1.4000000000000001,1.2000000000000002
191,18,1.4000000000000001,1.2000000000000002
191,19,1.4000000000000001,1.2000000000000002
191,20,1.4000000000000001,1.2000000000000002
191,21,1.6,1.2000000000000002
191,22,1.4000000000000001,1.2000000000000002
191,23,1.4000000000000001,1.2000000000000002
191,24,1.4000000000000001,1.2000000000000002
191,25,1.4000000000000001,1.2000000000000002
191,26,1.4000000000000001,1.2000000000000002
191,27,1.4000000000000001,1.2000000000000002
191,28,1.4000000000000001,1.2000000000000002
191,29,1.4000000000000001,1.2000000000000002
191,30,1.4000000000000001,1.2000000000000002
191,31,1.4000000000000001,1.2000000000000002
192,0,1.8,1.4000000000000001
192,1,2.8000000000000003,1.4000000000000001
192,2,1.6,1.4000000000000001
192,3,1.8,1.4000000000000001
192,4,3.0,1.4000000000000001
192,5,2.2,1.4000000000000001
192,6,1.6,1.4000000000000001
192,7,1.6,1.4000000000000001
192,8,1.8,1.4000000000000001
192,9,1.8,1.4000000000000001
192,10,2.4000000000000004,1.4000000000000001
192,11,3.2,1.4000000000000001
192,12,1.8,1.4000000000000001
192,13,2.0,1.4000000000000001
192,14,1.8,1.4000000000000001
192,15,2.4000000000000004,1.4000000000000001
192,16,2.4000000000000004,1.4000000000000001
192,17,1.6,1.4000000000000001
192,18,2.6,1.4000000000000001
192,19,4.2,1.4000000000000001
192,20,1.8,1.4000000000000001
192,21,3.8000000000000003,1.4000000000000001
192,22,2.0,1.4000000000000001
192,23,3.0,1.4000000000000001
192,24,2.2,1.4000000000000001
192,25,2.4000000000000004,1.4000000000000001
192,26,3.0,1.4000000000000001
192,27,2.2,1.4000000000000001
192,28,1.8,1.4000000000000001
192,29,3.4000000000000004,1.4000000000000001
192,30,1.8,1.4000000000000001
192,31,3.4000000000000004,1.4000000000000001
193,0,1.6,1.4000000000000001
193,1,1.8,1.4000000000000001
193,2,1.6,1.4000000000000001
193,3,1.6,1.4000000000000001
193,4,3.2,1.4000000000000001
193,5,2.0,1.4000000000000001
193,6,1.8,1.4000000000000001
193,7,2.4000000000000004,1.4000000000000001
193,8,1.8,1.4000000000000001
193,9,1.6,1.4000000000000001
193,10,1.6,1.4000000000000001
193,11,2.0,1.4000000000000001
193,12,1.6,1.4000000000000001
193,13,1.8,1.4000000000000001
193,14,1.6,1.4000000000000001
193,15,2.6,1.4000000000000001
193,16,1.6,1.4000000000000001
193,17,1.8,1.4000000000000001
193,18,1.8,1.4000000000000001
193,19,1.6,1.4000000000000001
193,20,1.8,1.4000000000000001
193,21,2.4000000000000004,1.4000000000000001
193,22,1.8,1.4000000000000001
193,23,1.6,1.4000000000000001
193,24,1.8,1.4000000000000001
193,25,1.6,1.4000000000000001
193,26,1.8,1.4000000000000001
193,27,2.2,1.4000000000000001
193,28,1.6,1.4000000000000001
193,29,1.6,1.4000000000000001
193,30,1.8,1.4000000000000001
193,31,1.8,1.4000000000000001
194,0,1.6,1.4000000000000001
194,1,1.6,1.4000000000000001
194,2,1.6,1.4000000000000001
194,3,1.6,1.4000000000000001
194,4,1.6,1.4000000000000001
194,5,1.6,1.4000000000000001
194,6,1.8,1.4000000000000001
194,7,1.6,1.4000000000000001
194,8,1.6,1.4000000000000001
194,9,1.6,1.4000000000000001
194,10,1.6,1.4000000000000001
194,11,1.6,1.4000000000000001
194,12,1.6,1.4000000000000001
194,13,1.6,1.4000000000000001
194,14,1.8,1.4000000000000001
194,15,1.6,1.4000000000000001
194,16,1.6,1.4000000000000001
194,17,1.6,1.4000000000000001
194,18,1.8,1.4000000000000001
194,19,1.6,1.4000000000000001
194,20,1.6,1.4000000000000001
194,21,1.6,1.4000000000000001
194,22,1.8,1.4000000000000001
194,23,1.6,1.4000000000000001
194,24,1.6,1.4000000000000001
194,25,1.6,1.4000000000000001
194,26,1.6,1.4000000000000001
194,27,1.6,1.4000000000000001
194,28,1.6,1.4000000000000001
194,29,1.6,1.4000000000000001
194,30,1.6,1.4000000000000001
194,31,1.6,1.4000000000000001
195,0,1.6,1.4000000000000001
195,1,1.6,1.4000000000000001
195,2,1.6,1.4000000000000001
195,3,1.6,1.4000000000000001
195,4,1.6,1.4000000000000001
195,5,1.6,1.4000000000000001
195,6,1.6,1.4000000000000001
195,7,1.6,1.4000000000000001
195,8,1.6,1.4000000000000001
195,9,1.6,1.4000000000000001
195,10,1.6,1.4000000000000001
195,11,1.6,1.4000000000000001
195,12,2.0,1.4000000000000001
195,13,1.6,1.4000000000000001
195,14,1.8,1.4000000000000001
195,15,1.6,1.4000000000000001
195,16,1.8,1.4000000000000001
195,17,1.6,1.4000000000000001
195,18,1.6,1.4000000000000001
195,19,1.6,1.4000000000000001
195,20,1.6,1.4000000000000001
195,21,1.6,1.4000000000000001
195,22,1.6,1.4000000000000001
195,23,1.6,1.4000000000000001
195,24,1.6,1.4000000000000001
195,25,1.6,1.4000000000000001
195,26,1.6,1.4000000000000001
195,27,1.6,1.4000000000000001
195,28,1.6,1.4000000000000001
195,29,1.6,1.4000000000000001
195,30,1.6,1.4000000000000001
195,31,1.6,1.4000000000000001
196,0,0.8,0.4
196,1,0.6000000000000001,0.4
196,2,0.8,0.4
196,3,1.4000000000000001,0.4
196,4,0.6000000000000001,0.4
196,5,1.2000000000000002,0.4
196,6,1.2000000000000002,0.4
196,7,0.6000000000000001,0.4
196,8,0.8,0.4
196,9,0.8,0.4
196,10,1.6,0.4
196,11,0.6000000000000001,0.4
196,12,0.8,0.4
196,13,0.6000000000000001,0.4
196,14,2.0,0.4
196,15,0.6000000000000001,0.4
196,16,1.2000000000000002,0.4
196,17,0.8,0.4
196,18,0.8,0.4
196,19,1.6,0.4
196,20,1.4000000000000001,0.4
196,21,0.6000000000000001,0.4
196,22,0.6000000000000001,0.4
196,23,1.8,0.4
196,24,0.6000000000000001,0.4
196,25,1.0,0.4
196,26,0.6000000000000001,0.4
196,27,2.0,0.4
196,28,1.2000000000000002,0.4
196,29,0.6000000000000001,0.4
196,30,1.4000000000000001,0.4
196,31,0.8,0.4
197,0,0.6000000000000001,0.4
197,1,0.6000000000000001,0.4
197,2,0.6000000000000001,0.4
197,3,0.8,0.4
197,4,0.6000000000000001,0.4
197,5,1.0,0.4
197,6,1.2000000000000002,0.4
197,7,0.6000000000000001,0.4
197,8,0.6000000000000001,0.4
197,9,0.6000000000000001,0.4
197,10,0.6000000000000001,0.4
197,11,0.6000000000000001,0.4
197,12,0.6000000000000001,0.4
197,13,1.0,0.4
197,14,0.6000000000000001,0.4
197,15,0.6000000000000001,0.4
197,16,0.8,0.4
197,17,0.8,0.4
197,18,0.6000000000000001,0.4
197,19,0.6000000000000001,0.4
197,20,1.0,0.4
197,21,0.6000000000000001,0.4
197,22,0.6000000000000001,0.4
197,23,1.0,0.4
197,24,0.6000000000000001,0.4
197,25,0.6000000000000001,0.4
197,26,0.6000000000000001,0.4
197,27,0.6000000000000001,0.4
197,28,1.2000000000000002,0.4
197,29,0.6000000000000001,0.4
197,30,0.6000000000000001,0.4
197,31,0.6000000000000001,0.4
198,0,0.6000000000000001,0.4
198,1,0.6000000000000001,0.4
198,2,0.6000000000000001,0.4
198,3,0.6000000000000001,0.4
198,4,0.6000000000000001,0.4
198,5,0.6000000000000001,0.4
198,6,0.6000000000000001,0.4
198,7,0.6000000000000001,0.4
198,8,0.6000000000000001,0.4
198,9,0.6000000000000001,0.4
198,10,0.6000000000000001,0.4
198,11,0.6000000000000001,0.4
198,12,0.6000000000000001,0.4
198,13,0.6000000000000001,0.4
198,14,0.6000000000000001,0.4
198,15,0.6000000000000001,0.4
198,16,0.6000000000000001,0.4
198,17,0.6000000000000001,0.4
198,18,0.6000000000000001,0.4
198,19,0.6000000000000001,0.4
198,20,0.6000000000000001,0.4
198,21,0.6000000000000001,0.4
198,22,0.6000000000000001,0.4
198,23,0.6000000000000001,0.4
198,24,0.6000000000000001,0.4
198,25,0.6000000000000001,0.4
198,26,0.6000000000000001,0.4
198,27,0.6000000000000001,0.4
198,28,0.6000000000000001,0.4
198,29,0.6000000000000001,0.4
198,30,0.6000000000000001,0.4
198,31,0.6000000000000001,0.4
199,0,0.8,0.6000000000000001
199,1,0.8,0.6000000000000001
199,2,0.8,0.6000000000000001
199,3,0.8,0.6000000000000001
199,4,0.8,0.6000000000000001
199,5,0.8,0.6000000000000001
199,6,0.8,0.6000000000000001
199,7,0.8,0.6000000000000001
199,8,0.8,0.6000000000000001
199,9,0.8,0.6000000000000001
199,10,0.8,0.6000000000000001
199,11,0.8,0.6000000000000001
199,12,0.8,0.6000000000000001
199,13,0.8,0.6000000000000001
199,14,0.8,0.6000000000000001
199,15,0.8,0.6000000000000001
199,16,0.8,0.6000000000000001
199,17,0.8,0.6000000000000001
199,18,0.8,0.6000000000000001
199,19,0.8,0.6000000000000001
199,20,0.8,0.6000000000000001
199,21,0.8,0.6000000000000001
199,22,0.8,0.6000000000000001
199,23,0.8,0.6000000000000001
199,24,0.8,0.6000000000000001
199,25,0.8,0.6000000000000001
199,26,0.8,0.6000000000000001
199,27,0.8,0.6000000000000001
199,28,0.8,0.6000000000000001
199,29,0.8,0.6000000000000001
199,30,0.8,0.6000000000000001
199,31,0.8,0.6000000000000001
200,0,1.2000000000000002,0.6000000000000001
200,1,2.6,0.4
200,2,0.8,0.6000000000000001
200,3,1.4000000000000001,0.6000000000000001
200,4,1.0,0.6000000000000001
200,5,0.8,0.6000000000000001
200,6,1.8,0.6000000000000001
200,7,0.8,0.6000000000000001
200,8,2.2,0.4
200,9,1.4000000000000001,0.4
200,10,0.8,0.4
200,11,0.8,0.4
200,12,1.6,0.4
200,13,1.2000000000000002,0.4
200,14,1.2000000000000002,0.6000000000000001
200,15,0.8,0.6000000000000001
200,16,1.8,0.6000000000000001
200,17,2.4000000000000004,0.6000000000000001
200,18,1.2000000000000002,0.6000000000000001
200,19,1.0,0.4
200,20,1.2000000000000002,0.6000000000000001
200,21,1.4000000000000001,0.4
200,22,1.4000000000000001,0.6000000000000001
200,23,1.0,0.4
200,24,2.6,0.4
200,25,0.8,0.6000000000000001
200,26,0.6000000000000001,0.4
200,27,3.2,0.4
200,28,0.6000000000000001,0.4
200,29,1.6,0.4
200,30,2.2,0.4
200,31,1.0,0.6000000000000001
201,0,0.6000000000000001,0.4
201,1,0.6000000000000001,0.4
201,2,0.6000000000000001,0.4
201,3,0.8,0.4
201,4,0.6000000000000001,0.4
201,5,1.2000000000000002,0.4
201,6,0.6000000000000001,0.4
201,7,0.8,0.4
201,8,0.6000000000000001,0.4
201,9,0.8,0.4
201,10,0.8,0.4
201,11,0.6000000000000001,0.4
201,12,0.8,0.4
201,13,0.6000000000000001,0.4
201,14,1.2000000000000002,0.4
201,15,0.8,0.4
201,16,1.6,0.4
201,17,0.6000000000000001,0.4
201,18,1.0,0.4
201,19,0.6000000000000001,0.4
201,20,0.8,0.4
201,21,0.6000000000000001,0.4
201,22,0.6000000000000001,0.4
201,23,0.6000000000000001,0.4
201,24,0.6000000000000001,0.4
201,25,0.6000000000000001,0.4
201,26,0.6000000000000001,0.4
201,27,0.6000000000000001,0.4
201,28,0.6000000000000001,0.4
201,29,0.6000000000000001,0.4
201,30,1.2000000000000002,0.4
201,31,1.0,0.4
202,0,0.6000000000000001,0.4
202,1,0.6000000000000001,0.4
202,2,0.6000000000000001,0.4
202,3,0.6000000000000001,0.4
202,4,0.6000000000000001,0.4
202,5,0.6000000000000001,0.4
202,6,0.6000000000000001,0.4
202,7,0.6000000000000001,0.4
202,8,0.6000000000000001,0.4
202,9,0.6000000000000001,0.4
202,10,0.6000000000000001,0.4
202,11,0.8,0.4
202,12,0.6000000000000001,0.4
202,13,0.6000000000000001,0.4
202,14,0.8,0.4
202,15,0.6000000000000001,0.4
202,16,0.8,0.4
202,17,0.6000000000000001,0.4
202,18,0.8,0.4
202,19,0.6000000000000001,0.4
202,20,0.8,0.4
202,21,0.6000000000000001,0.4
202,22,0.6000000000000001,0.4
202,23,0.6000000000000001,0.4
202,24,0.6000000000000001,0.4
202,25,0.6000000000000001,0.4
202,26,0.6000000000000001,0.4
202,27,0.6000000000000001,0.4
202,28,0.6000000000000001,0.4
202,29,0.8,0.4
202,30,0.6000000000000001,0.4
202,31,0.6000000000000001,0.4
203,0,0.8,0.6000000000000001
203,1,0.8,0.6000000000000001
203,2,0.8,0.6000000000000001
203,3,0.8,0.6000000000000001
203,4,0.8,0.6000000000000001
203,5,0.8,0.6000000000000001
203,6,0.8,0.6000000000000001
203,7,0.8,0.6000000000000001
203,8,0.8,0.6000000000000001
203,9,0.8,0.6000000000000001
203,10,0.8,0.6000000000000001
203,11,0.8,0.6000000000000001
203,12,0.8,0.6000000000000001
203,13,0.8,0.6000000000000001
203,14,0.8,0.6000000000000001
203,15,0.8,0.6000000000000001
203,16,0.8,0.6000000000000001
203,17,0.8,0.6000000000000001
203,18,0.8,0.6000000000000001
203,19,0.8,0.6000000000000001
203,20,0.8,0.6000000000000001
203,21,0.8,0.6000000000000001
203,22,0.8,0.6000000000000001
203,23,0.8,0.6000000000000001
203,24,0.8,0.6000000000000001
203,25,0.8,0.6000000000000001
203,26,0.8,0.6000000000000001
203,27,0.8,0.6000000000000001
203,28,0.8,0.6000000000000001
203,29,0.8,0.6000000000000001
203,30,0.8,0.6000000000000001
203,31,0.8,0.6000000000000001
204,0,2.0,0.6000000000000001
204,1,1.4000000000000001,0.6000000000000001
204,2,1.6,0.6000000000000001
204,3,1.6,0.6000000000000001
204,4,4.800000000000001,0.6000000000000001
204,5,2.0,0.6000000000000001
204,6,0.8,0.6000000000000001
204,7,0.8,0.6000000000000001
204,8,0.8,0.6000000000000001
204,9,1.2000000000000002,0.6000000000000001
204,10,1.2000000000000002,0.6000000000000001
204,11,1.4000000000000001,0.6000000000000001
204,12,1.8,0.6000000000000001
204,13,1.6,0.6000000000000001
204,14,0.8,0.6000000000000001
204,15,4.6000000000000005,0.6000000000000001
204,16,0.8,0.6000000000000001
204,17,1.6,0.6000000000000001
204,18,0.8,0.6000000000000001
204,19,1.2000000000000002,0.6000000000000001
204,20,1.8,0.6000000000000001
204,21,1.2000000000000002,0.6000000000000001
204,22,1.0,0.6000000000000001
204,23,2.2,0.6000000000000001
204,24,1.4000000000000001,0.6000000000000001
204,25,0.8,0.6000000000000001
204,26,2.4000000000000004,0.6000000000000001
204,27,1.0,0.6000000000000001
204,28,1.0,0.6000000000000001
204,29,1.2000000000000002,0.6000000000000001
204,30,0.8,0.6000000000000001
204,31,1.4000000000000001,0.6000000000000001
205,0,0.8,0.6000000000000001
205,1,1.0,0.6000000000000001
205,2,1.4000000000000001,0.6000000000000001
205,3,1.2000000000000002,0.6000000000000001
205,4,1.8,0.6000000000000001
205,5,1.8,0.6000000000000001
205,6,0.8,0.6000000000000001
205,7,0.8,0.6000000000000001
205,8,1.4000000000000001,0.6000000000000001
205,9,1.4000000000000001,0.6000000000000001
205,10,1.2000000000000002,0.6000000000000001
205,11,1.0,0.6000000000000001
205,12,0.8,0.6000000000000001
205,13,0.8,0.6000000000000001
205,14,1.0,0.6000000000000001
205,15,1.0,0.6000000000000001
205,16,1.0,0.6000000000000001
205,17,0.8,0.6000000000000001
205,18,1.0,0.6000000000000001
205,19,1.2000000000000002,0.6000000000000001
205,20,1.2000000000000002,0.6000000000000001
205,21,0.8,0.6000000000000001
205,22,1.2000000000000002,0.6000000000000001
205,23,0.8,0.6000000000000001
205,24,1.0,0.6000000000000001
205,25,0.8,0.6000000000000001
205,26,0.8,0.6000000000000001
205,27,0.8,0.6000000000000001
205,28,1.2000000000000002,0.6000000000000001
205,29,0.8,0.6000000000000001
205,30,0.8,0.6000000000000001
205,31,1.0,0.6000000000000001
206,0,0.8,0.6000000000000001
206,1,0.8,0.6000000000000001
206,2,0.8,0.6000000000000001
206,3,0.8,0.6000000000000001
206,4,0.8,0.6000000000000001
206,5,0.8,0.6000000000000001
206,6,0.8,0.6000000000000001
206,7,0.8,0.6000000000000001
206,8,0.8,0.6000000000000001
206,9,0.8,0.6000000000000001
206,10,1.0,0.6000000000000001
206,11,0.8,0.6000000000000001
206,12,1.0,0.6000000000000001
206,13,1.2000000000000002,0.6000000000000001
206,14,0.8,0.6000000000000001
206,15,0.8,0.6000000000000001
206,16,0.8,0.6000000000000001
206,17,1.6,0.6000000000000001
206,18,0.8,0.6000000000000001
206,19,1.2000000000000002,0.6000000000000001
206,20,0.8,0.6000000000000001
206,21,2.2,0.6000000000000001
206,22,0.8,0.6000000000000001
206,23,0.8,0.6000000000000001
206,24,1.0,0.6000000000000001
206,25,1.0,0.6000000000000001
206,26,0.8,0.6000000000000001
206,27,0.8,0.6000000000000001
206,28,0.6000000000000001,0.4
206,29,0.8,0.6000000000000001
206,30,1.0,0.6000000000000001
206,31,0.8,0.6000000000000001
207,0,0.8,0.6000000000000001
207,1,0.8,0.6000000000000001
207,2,0.8,0.6000000000000001
207,3,0.8,0.6000000000000001
207,4,0.8,0.6000000000000001
207,5,0.8,0.6000000000000001
207,6,0.8,0.6000000000000001
207,7,0.8,0.6000000000000001
207,8,0.8,0.6000000000000001
207,9,0.8,0.6000000000000001
207,10,0.8,0.6000000000000001
207,11,0.8,0.6000000000000001
207,12,0.8,0.6000000000000001
207,13,0.8,0.6000000000000001
207,14,0.8,0.6000000000000001
207,15,0.8,0.6000000000000001
207,16,0.8,0.6000000000000001
207,17,0.8,0.6000000000000001
207,18,0.8,0.6000000000000001
207,19,0.8,0.6000000000000001
207,20,0.8,0.6000000000000001
207,21,0.8,0.6000000000000001
207,22,0.8,0.6000000000000001
207,23,0.8,0.6000000000000001
207,24,0.8,0.6000000000000001
207,25,0.8,0.6000000000000001
207,26,0.8,0.6000000000000001
207,27,0.8,0.6000000000000001
207,28,0.8,0.6000000000000001
207,29,0.8,0.6000000000000001
207,30,0.8,0.6000000000000001
207,31,0.8,0.6000000000000001
208,0,1.4000000000000001,0.8
208,1,1.0,0.8
208,2,1.0,0.8
208,3,1.0,0.8
208,4,1.0,0.8
208,5,1.0,0.8
208,6,1.6,0.8
208,7,1.2000000000000002,0.8
208,8,1.2000000000000002,0.8
208,9,1.0,0.8
208,10,1.4000000000000001,0.8
208,11,1.0,0.8
208,12,1.0,0.8
208,13,1.0,0.8
208,14,2.6,0.8
208,15,1.0,0.8
208,16,1.4000000000000001,0.8
208,17,1.0,0.8
208,18,1.2000000000000002,0.8
208,19,1.2000000000000002,0.8
208,20,1.4000000000000001,0.8
208,21,1.6,0.8
208,22,1.6,0.8
208,23,1.6,0.8
208,24,1.6,0.8
208,25,1.0,0.8
208,26,1.6,0.8
208,27,2.2,0.8
208,28,1.0,0.8
208,29,1.2000000000000002,0.8
208,30,1.0,0.8
208,31,1.0,0.8
209,0,0.8,0.6000000000000001
209,1,1.0,0.6000000000000001
209,2,0.8,0.6000000000000001
209,3,0.8,0.6000000000000001
209,4,1.8,0.6000000000000001
209,5,1.2000000000000002,0.6000000000000001
209,6,0.8,0.6000000000000001
209,7,1.4000000000000001,0.6000000000000001
209,8,1.4000000000000001,0.6000000000000001
209,9,1.4000000000000001,0.6000000000000001
209,10,1.0,0.6000000000000001
209,11,0.8,0.6000000000000001
209,12,0.8,0.6000000000000001
209,13,1.6,0.6000000000000001
209,14,1.2000000000000002,0.6000000000000001
209,15,1.0,0.6000000000000001
209,16,0.8,0.6000000000000001
209,17,0.8,0.6000000000000001
209,18,0.8,0.6000000000000001
209,19,1.2000000000000002,0.6000000000000001
209,20,1.2000000000000002,0.6000000000000001
209,21,1.2000000000000002,0.6000000000000001
209,22,0.8,0.6000000000000001
209,23,1.0,0.6000000000000001
209,24,1.0,0.6000000000000001
209,25,1.0,0.6000000000000001
209,26,0.8,0.6000000000000001
209,27,0.8,0.6000000000000001
209,28,1.6,0.6000000000000001
209,29,0.8,0.6000000000000001
209,30,0.8,0.6000000000000001
209,31,1.0,0.6000000000000001
210,0,0.8,0.6000000000000001
210,1,0.8,0.6000000000000001
210,2,0.8,0.6000000000000001
210,3,0.8,0.6000000000000001
210,4,0.8,0.6000000000000001
210,5,0.8,0.6000000000000001
210,6,0.8,0.6000000000000001
210,7,0.8,0.6000000000000001
210,8,0.8,0.6000000000000001
210,9,0.8,0.6000000000000001
210,10,0.8,0.6000000000000001
210,11,1.0,0.6000000000000001
210,12,0.8,0.6000000000000001
210,13,0.8,0.6000000000000001
210,14,0.8,0.6000000000000001
210,15,0.8,0.6000000000000001
210,16,0.8,0.6000000000000001
210,17,0.8,0.6000000000000001
210,18,1.0,0.6000000000000001
210,19,0.8,0.6000000000000001
210,20,0.8,0.6000000000000001
210,21,0.8,0.6000000000000001
210,22,0.8,0.6000000000000001
210,23,0.8,0.6000000000000001
210,24,0.8,0.6000000000000001
210,25,1.2000000000000002,0.6000000000000001
210,26,0.8,0.6000000000000001
210,27,0.8,0.6000000000000001
210,28,0.8,0.6000000000000001
210,29,0.8,0.6000000000000001
210,30,0.8,0.6000000000000001
210,31,0.8,0.6000000000000001
211,0,1.0,0.8
211,1,1.0,0.8
211,2,1.0,0.8
211,3,1.0,0.8
211,4,1.0,0.8
211,5,1.0,0.8
211,6,1.0,0.8
211,7,1.0,0.8
211,8,1.0,0.8
211,9,1.0,0.8
211,10,1.0,0.8
211,11,1.0,0.8
211,12,1.0,0.8
211,13,1.0,0.8
211,14,1.0,0.8
211,15,1.0,0.8
211,16,1.0,0.8
211,17,1.0,0.8
211,18,1.0,0.8
211,19,1.0,0.8
211,20,1.0,0.8
211,21,1.0,0.8
211,22,1.0,0.8
211,23,1.0,0.8
211,24,1.0,0.8
211,25,1.0,0.8
211,26,1.0,0.8
211,27,1.0,0.8
211,28,1.0,0.8
211,29,1.0,0.8
211,30,1.0,0.8
211,31,1.0,0.8
212,0,1.2000000000000002,1.0
212,1,1.2000000000000002,1.0
212,2,1.4000000000000001,1.0
212,3,2.4000000000000004,1.0
212,4,1.8,1.0
212,5,2.0,1.0
212,6,1.2000000000000002,1.0
212,7,2.8000000000000003,1.0
212,8,1.2000000000000002,1.0
212,9,1.4000000000000001,1.0
212,10,1.6,1.0
212,11,1.8,1.0
212,12,2.2,1.0
212,13,1.4000000000000001,1.0
212,14,1.8,1.0
212,15,1.4000000000000001,1.0
212,16,1.8,1.0
212,17,1.2000000000000002,1.0
212,18,1.8,1.0
212,19,1.4000000000000001,1.0
212,20,1.6,1.0
212,21,1.2000000000000002,1.0
212,22,1.2000000000000002,1.0
212,23,2.2,1.0
212,24,1.6,1.0
212,25,1.4000000000000001,1.0
212,26,2.6,1.0
212,27,2.0,1.0
212,28,2.2,1.0
212,29,1.8,1.0
212,30,1.2000000000000002,1.0
212,31,1.8,1.0
213,0,1.4000000000000001,0.8
213,1,1.0,0.8
213,2,1.4000000000000001,0.8
213,3,1.0,0.8
213,4,1.8,0.8
213,5,1.0,0.8
213,6,1.0,0.8
213,7,1.4000000000000001,0.8
213,8,1.0,0.8
213,9,1.0,0.8
213,10,1.0,0.8
213,11,1.0,0.8
213,12,1.0,0.8
213,13,1.0,0.8
213,14,1.0,0.8
213,15,1.4000000000000001,0.8
213,16,1.0,0.8
213,17,1.0,0.8
213,18,1.4000000000000001,0.8
213,19,1.0,0.8
213,20,1.0,0.8
213,21,1.2000000000000002,0.8
213,22,1.4000000000000001,0.8
213,23,1.0,0.8
213,24,1.4000000000000001,0.8
213,25,1.6,0.8
213,26,1.4000000000000001,0.8
213,27,1.0,0.8
213,28,1.0,0.8
213,29,1.0,0.8
213,30,2.2,0.8
213,31,1.0,0.8
214,0,1.0,0.8
214,1,1.0,0.8
214,2,1.0,0.8
214,3,1.0,0.8
214,4,1.0,0.8
214,5,1.0,0.8
214,6,1.0,0.8
214,7,1.0,0.8
214,8,1.0,0.8
214,9,1.0,0.8
214,10,1.0,0.8
214,11,1.0,0.8
214,12,1.0,0.8
214,13,1.0,0.8
214,14,1.0,0.8
214,15,1.0,0.8
214,16,1.0,0.8
214,17,1.0,0.8
214,18,1.0,0.8
214,19,1.0,0.8
214,20,1.0,0.8
214,21,1.0,0.8
214,22,1.0,0.8
214,23,1.0,0.8
214,24,1.0,0.8
214,25,1.0,0.8
214,26,1.0,0.8
214,27,1.0,0.8
214,28,1.0,0.8
214,29,1.0,0.8
214,30,1.0,0.8
214,31,1.0,0.8
215,0,1.2000000000000002,1.0
215,1,1.2000000000000002,1.0
215,2,1.2000000000000002,1.0
215,3,1.2000000000000002,1.0
215,4,1.2000000000000002,1.0
215,5,1.4000000000000001,1.0
215,6,1.2000000000000002,1.0
215,7,1.2000000000000002,1.0
215,8,1.2000000000000002,1.0
215,9,1.2000000000000002,1.0
215,10,1.2000000000000002,1.0
215,11,1.2000000000000002,1.0
215,12,1.2000000000000002,1.0
215,13,1.2000000000000002,1.0
215,14,1.2000000000000002,1.0
215,15,1.2000000000000002,1.0
215,16,1.2000000000000002,1.0
215,17,1.2000000000000002,1.0
215,18,1.2000000000000002,1.0
215,19,1.2000000000000002,1.0
215,20,1.2000000000000002,1.0
215,21,1.2000000000000002,1.0
215,22,1.2000000000000002,1.0
215,23,1.2000000000000002,1.0
215,24,1.2000000000000002,1.0
215,25,1.2000000000000002,1.0
215,26,1.2000000000000002,1.0
215,27,1.2000000000000002,1.0
215,28,1.2000000000000002,1.0
215,29,1.2000000000000002,1.0
215,30,1.2000000000000002,1.0
215,31,1.2000000000000002,1.0
216,0,2.4000000000000004,1.2000000000000002
216,1,1.8,1.2000000000000002
216,2,1.8,1.2000000000000002
216,3,2.4000000000000004,1.2000000000000002
216,4,1.6,1.2000000000000002
216,5,2.0,1.2000000000000002
216,6,1.4000000000000001,1.2000000000000002
216,7,2.8000000000000003,1.2000000000000002
216,8,1.4000000000000001,1.2000000000000002
216,9,3.6,1.2000000000000002
216,10,1.4000000000000001,1.2000000000000002
216,11,2.2,1.2000000000000002
216,12,1.4000000000000001,1.2000000000000002
216,13,3.4000000000000004,1.2000000000000002
216,14,1.4000000000000001,1.2000000000000002
216,15,1.8,1.2000000000000002
216,16,2.0,1.2000000000000002
216,17,1.6,1.2000000000000002
216,18,2.0,1.2000000000000002
216,19,1.8,1.2000000000000002
216,20,1.6,1.2000000000000002
216,21,2.4000000000000004,1.2000000000000002
216,22,2.2,1.2000000000000002
216,23,2.6,1.2000000000000002
216,24,1.4000000000000001,1.2000000000000002
216,25,1.6,1.2000000000000002
216,26,3.0,1.2000000000000002
216,27,1.4000000000000001,1.2000000000000002
216,28,1.6,1.2000000000000002
216,29,2.2,1.2000000000000002
216,30,2.0,1.2000000000000002
216,31,1.6,1.2000000000000002
217,0,1.2000000000000002,1.0
217,1,1.2000000000000002,1.0
217,2,1.2000000000000002,1.0
217,3,1.2000000000000002,1.0
217,4,1.4000000000000001,1.0
217,5,1.6,1.0
217,6,2.2,1.0
217,7,1.4000000000000001,1.0
217,8,1.2000000000000002,1.0
217,9,1.4000000000000001,1.0
217,10,1.6,1.0
217,11,1.2000000000000002,1.0
217,12,1.4000000000000001,1.0
217,13,1.4000000000000001,1.0
217,14,1.8,1.0
217,15,1.4000000000000001,1.0
217,16,1.8,1.0
217,17,1.4000000000000001,1.0
217,18,1.6,1.0
217,19,1.6,1.0
217,20,1.4000000000000001,1.0
217,21,1.2000000000000002,1.0
217,22,1.2000000000000002,1.0
217,23,1.2000000000000002,1.0
217,24,1.2000000000000002,1.0
217,25,1.4000000000000001,1.0
217,26,1.4000000000000001,1.0
217,27,2.4000000000000004,1.0
217,28,1.2000000000000002,1.0
217,29,1.8,1.0
217,30,1.4000000000000001,1.0
217,31,1.2000000000000002,1.0
218,0,1.2000000000000002,1.0
218,1,1.2000000000000002,1.0
218,2,1.2000000000000002,1.0
218,3,1.2000000000000002,1.0
218,4,1.4000000000000001,1.0
218,5,1.2000000000000002,1.0
218,6,1.2000000000000002,1.0
218,7,1.2000000000000002,1.0
218,8,1.2000000000000002,1.0
218,9,1.2000000000000002,1.0
218,10,1.2000000000000002,1.0
218,11,1.2000000000000002,1.0
218,12,1.2000000000000002,1.0
218,13,1.4000000000000001,1.0
218,14,1.2000000000000002,1.0
218,15,1.4000000000000001,1.0
218,16,1.6,1.0
218,17,1.2000000000000002,1.0
218,18,1.2000000000000002,1.0
218,19,1.2000000000000002,1.0
218,20,1.2000000000000002,1.0
218,21,1.2000000000000002,1.0
218,22,1.2000000000000002,1.0
218,23,1.2000000000000002,1.0
218,24,1.2000000000000002,1.0
218,25,1.2000000000000002,1.0
218,26,1.2000000000000002,1.0
218,27,1.2000000000000002,1.0
218,28,1.2000000000000002,1.0
218,29,1.2000000000000002,1.0
218,30,1.2000000000000002,1.0
218,31,1.2000000000000002,1.0
219,0,1.4000000000000001,1.2000000000000002
219,1,1.4000000000000001,1.2000000000000002
219,2,1.4000000000000001,1.2000000000000002
219,3,1.4000000000000001,1.2000000000000002
219,4,1.4000000000000001,1.2000000000000002
219,5,1.4000000000000001,1.2000000000000002
219,6,1.4000000000000001,1.2000000000000002
219,7,1.4000000000000001,1.2000000000000002
219,8,1.4000000000000001,1.2000000000000002
219,9,1.4000000000000001,1.2000000000000002
219,10,1.4000000000000001,1.2000000000000002
219,11,1.4000000000000001,1.2000000000000002
219,12,1.4000000000000001,1.2000000000000002
219,13,1.4000000000000001,1.2000000000000002
219,14,1.4000000000000001,1.2000000000000002
219,15,1.4000000000000001,1.2000000000000002
219,16,1.4000000000000001,1.2000000000000002
219,17,1.4000000000000001,1.2000000000000002
219,18,1.4000000000000001,1.2000000000000002
219,19,1.4000000000000001,1.2000000000000002
219,20,1.4000000000000001,1.2000000000000002
219,21,1.6,1.2000000000000002
219,22,1.4000000000000001,1.2000000000000002
219,23,1.4000000000000001,1.2000000000000002
219,24,1.4000000000000001,1.2000000000000002
219,25,1.4000000000000001,1.2000000000000002
219,26,1.4000000000000001,1.2000000000000002
219,27,1.4000000000000001,1.2000000000000002
219,28,1.4000000000000001,1.2000000000000002
219,29,1.4000000000000001,1.2000000000000002
219,30,1.4000000000000001,1.2000000000000002
219,31,1.4000000000000001,1.2000000000000002
220,0,1.8,1.4000000000000001
220,1,2.8000000000000003,1.4000000000000001
220,2,2.2,1.4000000000000001
220,3,1.8,1.4000000000000001
220,4,2.0,1.4000000000000001
220,5,2.0,1.4000000000000001
220,6,2.6,1.4000000000000001
220,7,1.6,1.4000000000000001
220,8,1.8,1.4000000000000001
220,9,1.8,1.4000000000000001
220,10,1.6,1.4000000000000001
220,11,1.6,1.4000000000000001
220,12,1.8,1.4000000000000001
220,13,1.8,1.4000000000000001
220,14,1.8,1.4000000000000001
220,15,2.4000000000000004,1.4000000000000001
220,16,3.0,1.4000000000000001
220,17,1.6,1.4000000000000001
220,18,2.2,1.4000000000000001
220,19,3.0,1.4000000000000001
220,20,1.8,1.4000000000000001
220,21,3.4000000000000004,1.4000000000000001
220,22,2.0,1.4000000000000001
220,23,2.2,1.4000000000000001
220,24,3.8000000000000003,1.4000000000000001
220,25,2.6,1.4000000000000001
220,26,2.8000000000000003,1.4000000000000001
220,27,2.4000000000000004,1.4000000000000001
220,28,1.8,1.4000000000000001
220,29,2.8000000000000003,1.4000000000000001
220,30,2.4000000000000004,1.4000000000000001
220,31,1.8,1.4000000000000001
221,0,1.6,1.4000000000000001
221,1,1.6,1.4000000000000001
221,2,1.6,1.4000000000000001
221,3,1.6,1.4000000000000001
221,4,3.0,1.4000000000000001
221,5,2.0,1.4000000000000001
221,6,1.8,1.4000000000000001
221,7,2.4000000000000004,1.4000000000000001
221,8,1.8,1.4000000000000001
221,9,1.6,1.4000000000000001
221,10,1.6,1.4000000000000001
221,11,2.0,1.4000000000000001
221,12,1.8,1.4000000000000001
221,13,1.8,1.4000000000000001
221,14,1.6,1.4000000000000001
221,15,1.8,1.4000000000000001
221,16,1.6,1.4000000000000001
221,17,1.8,1.4000000000000001
221,18,1.8,1.4000000000000001
221,19,1.6,1.4000000000000001
221,20,1.8,1.4000000000000001
221,21,2.2,1.4000000000000001
221,22,1.8,1.4000000000000001
221,23,1.6,1.4000000000000001
221,24,1.8,1.4000000000000001
221,25,1.6,1.4000000000000001
221,26,1.8,1.4000000000000001
221,27,2.2,1.4000000000000001
221,28,1.6,1.4000000000000001
221,29,1.6,1.4000000000000001
221,30,1.8,1.4000000000000001
221,31,2.2,1.4000000000000001
222,0,1.4000000000000001,1.2000000000000002
222,1,1.6,1.4000000000000001
222,2,1.6,1.4000000000000001
222,3,1.8,1.4000000000000001
222,4,1.8,1.4000000000000001
222,5,1.6,1.4000000000000001
222,6,1.6,1.4000000000000001
222,7,1.6,1.4000000000000001
222,8,1.6,1.4000000000000001
222,9,1.6,1.4000000000000001
222,10,1.6,1.4000000000000001
222,11,2.0,1.4000000000000001
222,12,1.6,1.4000000000000001
222,13,1.6,1.4000000000000001
222,14,1.6,1.4000000000000001
222,15,1.6,1.4000000000000001
222,16,1.8,1.4000000000000001
222,17,1.8,1.4000000000000001
222,18,1.8,1.4000000000000001
222,19,1.6,1.4000000000000001
222,20,1.6,1.4000000000000001
222,21,1.6,1.4000000000000001
222,22,1.6,1.4000000000000001
222,23,1.6,1.4000000000000001
222,24,1.6,1.4000000000000001
222,25,1.6,1.4000000000000001
222,26,1.6,1.4000000000000001
222,27,1.6,1.4000000000000001
222,28,1.6,1.4000000000000001
222,29,1.6,1.4000000000000001
222,30,1.6,1.4000000000000001
222,31,2.2,1.4000000000000001
223,0,1.6,1.4000000000000001
223,1,1.6,1.4000000000000001
223,2,1.6,1.4000000000000001
223,3,1.6,1.4000000000000001
223,4,1.6,1.4000000000000001
223,5,1.6,1.4000000000000001
223,6,1.6,1.4000000000000001
223,7,1.6,1.4000000000000001
223,8,1.6,1.4000000000000001
223,9,1.6,1.4000000000000001
223,10,1.6,1.4000000000000001
223,11,1.6,1.4000000000000001
223,12,2.0,1.4000000000000001
223,13,1.6,1.4000000000000001
223,14,1.8,1.4000000000000001
223,15,1.6,1.4000000000000001
223,16,1.8,1.4000000000000001
223,17,1.6,1.4000000000000001
223,18,1.6,1.4000000000000001
223,19,1.6,1.4000000000000001
223,20,1.6,1.4000000000000001
223,21,1.6,1.4000000000000001
223,22,1.6,1.4000000000000001
223,23,1.6,1.4000000000000001
223,24,1.6,1.4000000000000001
223,25,1.6,1.4000000000000001
223,26,1.6,1.4000000000000001
223,27,1.6,1.4000000000000001
223,28,1.6,1.4000000000000001
223,29,1.6,1.4000000000000001
223,30,1.6,1.4000000000000001
223,31,1.6,1.4000000000000001
